# Original procedural X5 mesh; meters; +X front, +Y left, +Z up
o display_active_area
v 0.0131600006 0.0169350002 0.0780300051
v 0.0131600006 0.0169332474 0.0780567676
v 0.0131600006 0.0169280153 0.0780830681
v 0.0131600006 0.0169193968 0.0781084523
v 0.0131600006 0.0169075355 0.0781325027
v 0.0131600006 0.0168926381 0.0781548023
v 0.0131600006 0.0168749578 0.0781749636
v 0.0131600006 0.0168547966 0.0781926438
v 0.0131600006 0.0168325007 0.0782075375
v 0.0131600006 0.0168084521 0.0782193989
v 0.0131600006 0.0167830586 0.0782280192
v 0.0131600006 0.0167567581 0.0782332495
v 0.0131600006 -0.0167300012 0.0782350078
v 0.0131600006 -0.0167567581 0.0782332495
v 0.0131600006 -0.0167830586 0.0782280192
v 0.0131600006 -0.0168084521 0.0782193989
v 0.0131600006 -0.0168325007 0.0782075375
v 0.0131600006 -0.0168547966 0.0781926438
v 0.0131600006 -0.0168749578 0.0781749636
v 0.0131600006 -0.0168926381 0.0781548023
v 0.0131600006 -0.0169075355 0.0781325027
v 0.0131600006 -0.0169193968 0.0781084523
v 0.0131600006 -0.0169280153 0.0780830681
v 0.0131600006 -0.0169332474 0.0780567676
v 0.0131600006 -0.0169350002 0.0247700028
v 0.0131600006 -0.0169332474 0.0247432459
v 0.0131600006 -0.0169280153 0.0247169454
v 0.0131600006 -0.0169193968 0.0246915519
v 0.0131600006 -0.0169075355 0.0246675033
v 0.0131600006 -0.0168926381 0.0246452056
v 0.0131600006 -0.0168749578 0.0246250443
v 0.0131600006 -0.0168547966 0.0246073660
v 0.0131600006 -0.0168325007 0.0245924667
v 0.0131600006 -0.0168084521 0.0245806072
v 0.0131600006 -0.0167830586 0.0245719887
v 0.0131600006 -0.0167567581 0.0245667566
v 0.0131600006 0.0167300012 0.0245650038
v 0.0131600006 0.0167567581 0.0245667566
v 0.0131600006 0.0167830586 0.0245719887
v 0.0131600006 0.0168084521 0.0245806072
v 0.0131600006 0.0168325007 0.0245924667
v 0.0131600006 0.0168547966 0.0246073660
v 0.0131600006 0.0168749578 0.0246250443
v 0.0131600006 0.0168926381 0.0246452056
v 0.0131600006 0.0169075355 0.0246675033
v 0.0131600006 0.0169193968 0.0246915519
v 0.0131600006 0.0169280153 0.0247169454
v 0.0131600006 0.0169332474 0.0247432459
v 0.0131620094 0.0169424992 0.0780300051
v 0.0131620094 0.0169406831 0.0780577436
v 0.0131620094 0.0169352591 0.0780850053
v 0.0131620094 0.0169263259 0.0781113207
v 0.0131620094 0.0169140305 0.0781362578
v 0.0131620094 0.0168985892 0.0781593695
v 0.0131620094 0.0168802608 0.0781802610
v 0.0131620094 0.0168593619 0.0781985968
v 0.0131620094 0.0168362502 0.0782140419
v 0.0131620094 0.0168113206 0.0782263279
v 0.0131620094 0.0167850014 0.0782352611
v 0.0131620094 0.0167577378 0.0782406852
v 0.0131620094 -0.0167300012 0.0782425031
v 0.0131620094 -0.0167577378 0.0782406852
v 0.0131620094 -0.0167850014 0.0782352611
v 0.0131620094 -0.0168113206 0.0782263279
v 0.0131620094 -0.0168362502 0.0782140419
v 0.0131620094 -0.0168593619 0.0781985968
v 0.0131620094 -0.0168802608 0.0781802610
v 0.0131620094 -0.0168985892 0.0781593695
v 0.0131620094 -0.0169140305 0.0781362578
v 0.0131620094 -0.0169263259 0.0781113207
v 0.0131620094 -0.0169352591 0.0780850053
v 0.0131620094 -0.0169406831 0.0780577436
v 0.0131620094 -0.0169424992 0.0247700028
v 0.0131620094 -0.0169406831 0.0247422643
v 0.0131620094 -0.0169352591 0.0247150026
v 0.0131620094 -0.0169263259 0.0246886816
v 0.0131620094 -0.0169140305 0.0246637519
v 0.0131620094 -0.0168985892 0.0246406421
v 0.0131620094 -0.0168802608 0.0246197432
v 0.0131620094 -0.0168593619 0.0246014148
v 0.0131620094 -0.0168362502 0.0245859735
v 0.0131620094 -0.0168113206 0.0245736782
v 0.0131620094 -0.0167850014 0.0245647449
v 0.0131620094 -0.0167577378 0.0245593190
v 0.0131620094 0.0167300012 0.0245575011
v 0.0131620094 0.0167577378 0.0245593190
v 0.0131620094 0.0167850014 0.0245647449
v 0.0131620094 0.0168113206 0.0245736782
v 0.0131620094 0.0168362502 0.0245859735
v 0.0131620094 0.0168593619 0.0246014148
v 0.0131620094 0.0168802608 0.0246197432
v 0.0131620094 0.0168985892 0.0246406421
v 0.0131620094 0.0169140305 0.0246637519
v 0.0131620094 0.0169263259 0.0246886816
v 0.0131620094 0.0169352591 0.0247150026
v 0.0131620094 0.0169406831 0.0247422643
v 0.0131675005 0.0169479921 0.0780300051
v 0.0131675005 0.0169461258 0.0780584589
v 0.0131675005 0.0169405639 0.0780864283
v 0.0131675005 0.0169313978 0.0781134218
v 0.0131675005 0.0169187859 0.0781389996
v 0.0131675005 0.0169029441 0.0781627074
v 0.0131675005 0.0168841425 0.0781841502
v 0.0131675005 0.0168627035 0.0782029480
v 0.0131675005 0.0168389957 0.0782187954
v 0.0131675005 0.0168134216 0.0782314017
v 0.0131675005 0.0167864207 0.0782405660
v 0.0131675005 0.0167584550 0.0782461315
v 0.0131675005 -0.0167300012 0.0782479942
v 0.0131675005 -0.0167584550 0.0782461315
v 0.0131675005 -0.0167864207 0.0782405660
v 0.0131675005 -0.0168134216 0.0782314017
v 0.0131675005 -0.0168389957 0.0782187954
v 0.0131675005 -0.0168627035 0.0782029480
v 0.0131675005 -0.0168841425 0.0781841502
v 0.0131675005 -0.0169029441 0.0781627074
v 0.0131675005 -0.0169187859 0.0781389996
v 0.0131675005 -0.0169313978 0.0781134218
v 0.0131675005 -0.0169405639 0.0780864283
v 0.0131675005 -0.0169461258 0.0780584589
v 0.0131675005 -0.0169479921 0.0247700028
v 0.0131675005 -0.0169461258 0.0247415490
v 0.0131675005 -0.0169405639 0.0247135814
v 0.0131675005 -0.0169313978 0.0246865824
v 0.0131675005 -0.0169187859 0.0246610083
v 0.0131675005 -0.0169029441 0.0246372987
v 0.0131675005 -0.0168841425 0.0246158615
v 0.0131675005 -0.0168627035 0.0245970581
v 0.0131675005 -0.0168389957 0.0245812181
v 0.0131675005 -0.0168134216 0.0245686062
v 0.0131675005 -0.0167864207 0.0245594401
v 0.0131675005 -0.0167584550 0.0245538782
v 0.0131675005 0.0167300012 0.0245520119
v 0.0131675005 0.0167584550 0.0245538782
v 0.0131675005 0.0167864207 0.0245594401
v 0.0131675005 0.0168134216 0.0245686062
v 0.0131675005 0.0168389957 0.0245812181
v 0.0131675005 0.0168627035 0.0245970581
v 0.0131675005 0.0168841425 0.0246158615
v 0.0131675005 0.0169029441 0.0246372987
v 0.0131675005 0.0169187859 0.0246610083
v 0.0131675005 0.0169313978 0.0246865824
v 0.0131675005 0.0169405639 0.0247135814
v 0.0131675005 0.0169461258 0.0247415490
v 0.0131750004 0.0169500019 0.0780300051
v 0.0131750004 0.0169481188 0.0780587196
v 0.0131750004 0.0169425029 0.0780869499
v 0.0131750004 0.0169332549 0.0781141892
v 0.0131750004 0.0169205274 0.0781400055
v 0.0131750004 0.0169045385 0.0781639293
v 0.0131750004 0.0168855637 0.0781855658
v 0.0131750004 0.0168639291 0.0782045424
v 0.0131750004 0.0168400016 0.0782205313
v 0.0131750004 0.0168141909 0.0782332569
v 0.0131750004 0.0167869404 0.0782425106
v 0.0131750004 0.0167587176 0.0782481283
v 0.0131750004 -0.0167300012 0.0782500058
v 0.0131750004 -0.0167587176 0.0782481283
v 0.0131750004 -0.0167869404 0.0782425106
v 0.0131750004 -0.0168141909 0.0782332569
v 0.0131750004 -0.0168400016 0.0782205313
v 0.0131750004 -0.0168639291 0.0782045424
v 0.0131750004 -0.0168855637 0.0781855658
v 0.0131750004 -0.0169045385 0.0781639293
v 0.0131750004 -0.0169205274 0.0781400055
v 0.0131750004 -0.0169332549 0.0781141892
v 0.0131750004 -0.0169425029 0.0780869499
v 0.0131750004 -0.0169481188 0.0780587196
v 0.0131750004 -0.0169500019 0.0247700028
v 0.0131750004 -0.0169481188 0.0247412864
v 0.0131750004 -0.0169425029 0.0247130636
v 0.0131750004 -0.0169332549 0.0246858131
v 0.0131750004 -0.0169205274 0.0246600024
v 0.0131750004 -0.0169045385 0.0246360749
v 0.0131750004 -0.0168855637 0.0246144384
v 0.0131750004 -0.0168639291 0.0245954655
v 0.0131750004 -0.0168400016 0.0245794766
v 0.0131750004 -0.0168141909 0.0245667491
v 0.0131750004 -0.0167869404 0.0245574974
v 0.0131750004 -0.0167587176 0.0245518852
v 0.0131750004 0.0167300012 0.0245500021
v 0.0131750004 0.0167587176 0.0245518852
v 0.0131750004 0.0167869404 0.0245574974
v 0.0131750004 0.0168141909 0.0245667491
v 0.0131750004 0.0168400016 0.0245794766
v 0.0131750004 0.0168639291 0.0245954655
v 0.0131750004 0.0168855637 0.0246144384
v 0.0131750004 0.0169045385 0.0246360749
v 0.0131750004 0.0169205274 0.0246600024
v 0.0131750004 0.0169332549 0.0246858131
v 0.0131750004 0.0169425029 0.0247130636
v 0.0131750004 0.0169481188 0.0247412864
v 0.0132250004 0.0169500019 0.0780300051
v 0.0132250004 0.0169481188 0.0780587196
v 0.0132250004 0.0169425029 0.0780869499
v 0.0132250004 0.0169332549 0.0781141892
v 0.0132250004 0.0169205274 0.0781400055
v 0.0132250004 0.0169045385 0.0781639293
v 0.0132250004 0.0168855637 0.0781855658
v 0.0132250004 0.0168639291 0.0782045424
v 0.0132250004 0.0168400016 0.0782205313
v 0.0132250004 0.0168141909 0.0782332569
v 0.0132250004 0.0167869404 0.0782425106
v 0.0132250004 0.0167587176 0.0782481283
v 0.0132250004 -0.0167300012 0.0782500058
v 0.0132250004 -0.0167587176 0.0782481283
v 0.0132250004 -0.0167869404 0.0782425106
v 0.0132250004 -0.0168141909 0.0782332569
v 0.0132250004 -0.0168400016 0.0782205313
v 0.0132250004 -0.0168639291 0.0782045424
v 0.0132250004 -0.0168855637 0.0781855658
v 0.0132250004 -0.0169045385 0.0781639293
v 0.0132250004 -0.0169205274 0.0781400055
v 0.0132250004 -0.0169332549 0.0781141892
v 0.0132250004 -0.0169425029 0.0780869499
v 0.0132250004 -0.0169481188 0.0780587196
v 0.0132250004 -0.0169500019 0.0247700028
v 0.0132250004 -0.0169481188 0.0247412864
v 0.0132250004 -0.0169425029 0.0247130636
v 0.0132250004 -0.0169332549 0.0246858131
v 0.0132250004 -0.0169205274 0.0246600024
v 0.0132250004 -0.0169045385 0.0246360749
v 0.0132250004 -0.0168855637 0.0246144384
v 0.0132250004 -0.0168639291 0.0245954655
v 0.0132250004 -0.0168400016 0.0245794766
v 0.0132250004 -0.0168141909 0.0245667491
v 0.0132250004 -0.0167869404 0.0245574974
v 0.0132250004 -0.0167587176 0.0245518852
v 0.0132250004 0.0167300012 0.0245500021
v 0.0132250004 0.0167587176 0.0245518852
v 0.0132250004 0.0167869404 0.0245574974
v 0.0132250004 0.0168141909 0.0245667491
v 0.0132250004 0.0168400016 0.0245794766
v 0.0132250004 0.0168639291 0.0245954655
v 0.0132250004 0.0168855637 0.0246144384
v 0.0132250004 0.0169045385 0.0246360749
v 0.0132250004 0.0169205274 0.0246600024
v 0.0132250004 0.0169332549 0.0246858131
v 0.0132250004 0.0169425029 0.0247130636
v 0.0132250004 0.0169481188 0.0247412864
v 0.0132325003 0.0169479921 0.0780300051
v 0.0132325003 0.0169461258 0.0780584589
v 0.0132325003 0.0169405639 0.0780864283
v 0.0132325003 0.0169313978 0.0781134218
v 0.0132325003 0.0169187859 0.0781389996
v 0.0132325003 0.0169029441 0.0781627074
v 0.0132325003 0.0168841425 0.0781841502
v 0.0132325003 0.0168627035 0.0782029480
v 0.0132325003 0.0168389957 0.0782187954
v 0.0132325003 0.0168134216 0.0782314017
v 0.0132325003 0.0167864207 0.0782405660
v 0.0132325003 0.0167584550 0.0782461315
v 0.0132325003 -0.0167300012 0.0782479942
v 0.0132325003 -0.0167584550 0.0782461315
v 0.0132325003 -0.0167864207 0.0782405660
v 0.0132325003 -0.0168134216 0.0782314017
v 0.0132325003 -0.0168389957 0.0782187954
v 0.0132325003 -0.0168627035 0.0782029480
v 0.0132325003 -0.0168841425 0.0781841502
v 0.0132325003 -0.0169029441 0.0781627074
v 0.0132325003 -0.0169187859 0.0781389996
v 0.0132325003 -0.0169313978 0.0781134218
v 0.0132325003 -0.0169405639 0.0780864283
v 0.0132325003 -0.0169461258 0.0780584589
v 0.0132325003 -0.0169479921 0.0247700028
v 0.0132325003 -0.0169461258 0.0247415490
v 0.0132325003 -0.0169405639 0.0247135814
v 0.0132325003 -0.0169313978 0.0246865824
v 0.0132325003 -0.0169187859 0.0246610083
v 0.0132325003 -0.0169029441 0.0246372987
v 0.0132325003 -0.0168841425 0.0246158615
v 0.0132325003 -0.0168627035 0.0245970581
v 0.0132325003 -0.0168389957 0.0245812181
v 0.0132325003 -0.0168134216 0.0245686062
v 0.0132325003 -0.0167864207 0.0245594401
v 0.0132325003 -0.0167584550 0.0245538782
v 0.0132325003 0.0167300012 0.0245520119
v 0.0132325003 0.0167584550 0.0245538782
v 0.0132325003 0.0167864207 0.0245594401
v 0.0132325003 0.0168134216 0.0245686062
v 0.0132325003 0.0168389957 0.0245812181
v 0.0132325003 0.0168627035 0.0245970581
v 0.0132325003 0.0168841425 0.0246158615
v 0.0132325003 0.0169029441 0.0246372987
v 0.0132325003 0.0169187859 0.0246610083
v 0.0132325003 0.0169313978 0.0246865824
v 0.0132325003 0.0169405639 0.0247135814
v 0.0132325003 0.0169461258 0.0247415490
v 0.0132379914 0.0169424992 0.0780300051
v 0.0132379914 0.0169406831 0.0780577436
v 0.0132379914 0.0169352591 0.0780850053
v 0.0132379914 0.0169263259 0.0781113207
v 0.0132379914 0.0169140305 0.0781362578
v 0.0132379914 0.0168985892 0.0781593695
v 0.0132379914 0.0168802608 0.0781802610
v 0.0132379914 0.0168593619 0.0781985968
v 0.0132379914 0.0168362502 0.0782140419
v 0.0132379914 0.0168113206 0.0782263279
v 0.0132379914 0.0167850014 0.0782352611
v 0.0132379914 0.0167577378 0.0782406852
v 0.0132379914 -0.0167300012 0.0782425031
v 0.0132379914 -0.0167577378 0.0782406852
v 0.0132379914 -0.0167850014 0.0782352611
v 0.0132379914 -0.0168113206 0.0782263279
v 0.0132379914 -0.0168362502 0.0782140419
v 0.0132379914 -0.0168593619 0.0781985968
v 0.0132379914 -0.0168802608 0.0781802610
v 0.0132379914 -0.0168985892 0.0781593695
v 0.0132379914 -0.0169140305 0.0781362578
v 0.0132379914 -0.0169263259 0.0781113207
v 0.0132379914 -0.0169352591 0.0780850053
v 0.0132379914 -0.0169406831 0.0780577436
v 0.0132379914 -0.0169424992 0.0247700028
v 0.0132379914 -0.0169406831 0.0247422643
v 0.0132379914 -0.0169352591 0.0247150026
v 0.0132379914 -0.0169263259 0.0246886816
v 0.0132379914 -0.0169140305 0.0246637519
v 0.0132379914 -0.0168985892 0.0246406421
v 0.0132379914 -0.0168802608 0.0246197432
v 0.0132379914 -0.0168593619 0.0246014148
v 0.0132379914 -0.0168362502 0.0245859735
v 0.0132379914 -0.0168113206 0.0245736782
v 0.0132379914 -0.0167850014 0.0245647449
v 0.0132379914 -0.0167577378 0.0245593190
v 0.0132379914 0.0167300012 0.0245575011
v 0.0132379914 0.0167577378 0.0245593190
v 0.0132379914 0.0167850014 0.0245647449
v 0.0132379914 0.0168113206 0.0245736782
v 0.0132379914 0.0168362502 0.0245859735
v 0.0132379914 0.0168593619 0.0246014148
v 0.0132379914 0.0168802608 0.0246197432
v 0.0132379914 0.0168985892 0.0246406421
v 0.0132379914 0.0169140305 0.0246637519
v 0.0132379914 0.0169263259 0.0246886816
v 0.0132379914 0.0169352591 0.0247150026
v 0.0132379914 0.0169406831 0.0247422643
v 0.0132400002 0.0169350002 0.0780300051
v 0.0132400002 0.0169332474 0.0780567676
v 0.0132400002 0.0169280153 0.0780830681
v 0.0132400002 0.0169193968 0.0781084523
v 0.0132400002 0.0169075355 0.0781325027
v 0.0132400002 0.0168926381 0.0781548023
v 0.0132400002 0.0168749578 0.0781749636
v 0.0132400002 0.0168547966 0.0781926438
v 0.0132400002 0.0168325007 0.0782075375
v 0.0132400002 0.0168084521 0.0782193989
v 0.0132400002 0.0167830586 0.0782280192
v 0.0132400002 0.0167567581 0.0782332495
v 0.0132400002 -0.0167300012 0.0782350078
v 0.0132400002 -0.0167567581 0.0782332495
v 0.0132400002 -0.0167830586 0.0782280192
v 0.0132400002 -0.0168084521 0.0782193989
v 0.0132400002 -0.0168325007 0.0782075375
v 0.0132400002 -0.0168547966 0.0781926438
v 0.0132400002 -0.0168749578 0.0781749636
v 0.0132400002 -0.0168926381 0.0781548023
v 0.0132400002 -0.0169075355 0.0781325027
v 0.0132400002 -0.0169193968 0.0781084523
v 0.0132400002 -0.0169280153 0.0780830681
v 0.0132400002 -0.0169332474 0.0780567676
v 0.0132400002 -0.0169350002 0.0247700028
v 0.0132400002 -0.0169332474 0.0247432459
v 0.0132400002 -0.0169280153 0.0247169454
v 0.0132400002 -0.0169193968 0.0246915519
v 0.0132400002 -0.0169075355 0.0246675033
v 0.0132400002 -0.0168926381 0.0246452056
v 0.0132400002 -0.0168749578 0.0246250443
v 0.0132400002 -0.0168547966 0.0246073660
v 0.0132400002 -0.0168325007 0.0245924667
v 0.0132400002 -0.0168084521 0.0245806072
v 0.0132400002 -0.0167830586 0.0245719887
v 0.0132400002 -0.0167567581 0.0245667566
v 0.0132400002 0.0167300012 0.0245650038
v 0.0132400002 0.0167567581 0.0245667566
v 0.0132400002 0.0167830586 0.0245719887
v 0.0132400002 0.0168084521 0.0245806072
v 0.0132400002 0.0168325007 0.0245924667
v 0.0132400002 0.0168547966 0.0246073660
v 0.0132400002 0.0168749578 0.0246250443
v 0.0132400002 0.0168926381 0.0246452056
v 0.0132400002 0.0169075355 0.0246675033
v 0.0132400002 0.0169193968 0.0246915519
v 0.0132400002 0.0169280153 0.0247169454
v 0.0132400002 0.0169332474 0.0247432459
vt 0.36815217 0.62674701
vt 0.36827573 0.62696981
vt 0.36831519 0.62674701
vt 0.36811408 0.62696201
vt 0.36815780 0.62718880
vt 0.36827573 0.62696981
vt 0.36800033 0.62717324
vt 0.36796361 0.62740016
vt 0.36815780 0.62718880
vt 0.36755511 0.62757033
vt 0.36796361 0.62740016
vt 0.36781296 0.62737715
vt 0.36723125 0.62774944
vt 0.36769632 0.62760049
vt 0.36755511 0.62757033
vt 0.36723125 0.62774944
vt 0.36696219 0.62795389
vt 0.36736062 0.62778610
vt 0.36640862 0.62805337
vt 0.36696219 0.62795389
vt 0.36684692 0.62791133
vt 0.36592394 0.62817299
vt 0.36650786 0.62810117
vt 0.36640862 0.62805337
vt 0.36540112 0.62826824
vt 0.36600545 0.62822521
vt 0.36592394 0.62817299
vt 0.36540112 0.62826824
vt 0.36489132 0.62839568
vt 0.36546350 0.62832391
vt 0.36484909 0.62833750
vt 0.36429864 0.62843925
vt 0.36489132 0.62839568
vt 0.36427736 0.62837952
vt -0.36369568 0.62845385
vt 0.36429864 0.62843925
vt -0.36369568 0.62839365
vt -0.36429864 0.62843925
vt -0.36369568 0.62845385
vt -0.36484909 0.62833750
vt -0.36429864 0.62843925
vt -0.36427736 0.62837952
vt -0.36540112 0.62826824
vt -0.36489132 0.62839568
vt -0.36484909 0.62833750
vt -0.36540112 0.62826824
vt -0.36600545 0.62822521
vt -0.36546350 0.62832391
vt -0.36592394 0.62817299
vt -0.36650786 0.62810117
vt -0.36600545 0.62822521
vt -0.36640862 0.62805337
vt -0.36696219 0.62795389
vt -0.36650786 0.62810117
vt -0.36723125 0.62774944
vt -0.36696219 0.62795389
vt -0.36684692 0.62791133
vt -0.36723125 0.62774944
vt -0.36769632 0.62760049
vt -0.36736062 0.62778610
vt -0.36755511 0.62757033
vt -0.36796361 0.62740016
vt -0.36769632 0.62760049
vt -0.36800033 0.62717324
vt -0.36796361 0.62740016
vt -0.36781296 0.62737715
vt -0.36811408 0.62696201
vt -0.36815780 0.62718880
vt -0.36800033 0.62717324
vt -0.36811408 0.62696201
vt -0.36831519 0.19895585
vt -0.36827573 0.62696981
vt -0.36811408 0.19874093
vt -0.36831519 0.19895585
vt -0.36815217 0.19895585
vt -0.36800033 0.19852968
vt -0.36827573 0.19873305
vt -0.36811408 0.19874093
vt -0.36781296 0.19832572
vt -0.36815780 0.19851407
vt -0.36800033 0.19852968
vt -0.36755511 0.19813256
vt -0.36796361 0.19830266
vt -0.36781296 0.19832572
vt -0.36755511 0.19813256
vt -0.36736062 0.19791681
vt -0.36769632 0.19810243
vt -0.36723125 0.19795346
vt -0.36696219 0.19774894
vt -0.36736062 0.19791681
vt -0.36684692 0.19779152
vt -0.36650786 0.19760172
vt -0.36696219 0.19774894
vt -0.36592394 0.19752985
vt -0.36650786 0.19760172
vt -0.36640862 0.19764952
vt -0.36540112 0.19743459
vt -0.36600545 0.19747770
vt -0.36592394 0.19752985
vt -0.36540112 0.19743459
vt -0.36489132 0.19730718
vt -0.36546350 0.19737895
vt -0.36484909 0.19736537
vt -0.36429864 0.19726361
vt -0.36489132 0.19730718
vt -0.36427736 0.19732335
vt 0.36369568 0.19724901
vt -0.36429864 0.19726361
vt 0.36427736 0.19732335
vt 0.36369568 0.19724901
vt 0.36369568 0.19730927
vt 0.36484909 0.19736537
vt 0.36429864 0.19726361
vt 0.36427736 0.19732335
vt 0.36540112 0.19743459
vt 0.36489132 0.19730718
vt 0.36484909 0.19736537
vt 0.36540112 0.19743459
vt 0.36600545 0.19747770
vt 0.36546350 0.19737895
vt 0.36592394 0.19752985
vt 0.36650786 0.19760172
vt 0.36600545 0.19747770
vt 0.36684692 0.19779152
vt 0.36650786 0.19760172
vt 0.36640862 0.19764952
vt 0.36723125 0.19795346
vt 0.36696219 0.19774894
vt 0.36684692 0.19779152
vt 0.36755511 0.19813256
vt 0.36736062 0.19791681
vt 0.36723125 0.19795346
vt 0.36755511 0.19813256
vt 0.36796361 0.19830266
vt 0.36769632 0.19810243
vt 0.36781296 0.19832572
vt 0.36815780 0.19851407
vt 0.36796361 0.19830266
vt 0.36800033 0.19852968
vt 0.36827573 0.19873305
vt 0.36815780 0.19851407
vt 0.36811408 0.19874093
vt 0.36831519 0.62674701
vt 0.36827573 0.19873305
vt 0.36831519 0.62674701
vt 0.36839405 0.62697560
vt 0.36843461 0.62674701
vt 0.36815780 0.62718880
vt 0.36839405 0.62697560
vt 0.36827573 0.62696981
vt 0.36796361 0.62740016
vt 0.36827314 0.62720025
vt 0.36815780 0.62718880
vt 0.36796361 0.62740016
vt 0.36779970 0.62762249
vt 0.36807388 0.62741703
vt 0.36769632 0.62760049
vt 0.36745530 0.62781292
vt 0.36779970 0.62762249
vt 0.36696219 0.62795389
vt 0.36745530 0.62781292
vt 0.36736062 0.62778610
vt 0.36650786 0.62810117
vt 0.36704656 0.62798512
vt 0.36696219 0.62795389
vt 0.36650786 0.62810117
vt 0.36606511 0.62826341
vt 0.36658052 0.62813616
vt 0.36600545 0.62822521
vt 0.36550915 0.62836468
vt 0.36606511 0.62826341
vt 0.36489132 0.62839568
vt 0.36550915 0.62836468
vt 0.36546350 0.62832391
vt 0.36429864 0.62843925
vt 0.36492220 0.62843829
vt 0.36489132 0.62839568
vt 0.36429864 0.62843925
vt -0.36369568 0.62849796
vt 0.36431423 0.62848300
vt -0.36429864 0.62843925
vt -0.36369568 0.62849796
vt -0.36369568 0.62845385
vt -0.36429864 0.62843925
vt -0.36492220 0.62843829
vt -0.36431423 0.62848300
vt -0.36489132 0.62839568
vt -0.36550915 0.62836468
vt -0.36492220 0.62843829
vt -0.36600545 0.62822521
vt -0.36550915 0.62836468
vt -0.36546350 0.62832391
vt -0.36650786 0.62810117
vt -0.36606511 0.62826341
vt -0.36600545 0.62822521
vt -0.36650786 0.62810117
vt -0.36704656 0.62798512
vt -0.36658052 0.62813616
vt -0.36696219 0.62795389
vt -0.36745530 0.62781292
vt -0.36704656 0.62798512
vt -0.36769632 0.62760049
vt -0.36745530 0.62781292
vt -0.36736062 0.62778610
vt -0.36796361 0.62740016
vt -0.36779970 0.62762249
vt -0.36769632 0.62760049
vt -0.36796361 0.62740016
vt -0.36827314 0.62720025
vt -0.36807388 0.62741703
vt -0.36815780 0.62718880
vt -0.36839405 0.62697560
vt -0.36827314 0.62720025
vt -0.36827573 0.62696981
vt -0.36843461 0.19895585
vt -0.36839405 0.62697560
vt -0.36831519 0.19895585
vt -0.36839405 0.19872729
vt -0.36843461 0.19895585
vt -0.36827573 0.19873305
vt -0.36827314 0.19850266
vt -0.36839405 0.19872729
vt -0.36815780 0.19851407
vt -0.36807388 0.19828580
vt -0.36827314 0.19850266
vt -0.36796361 0.19830266
vt -0.36779970 0.19808039
vt -0.36807388 0.19828580
vt -0.36736062 0.19791681
vt -0.36779970 0.19808039
vt -0.36769632 0.19810243
vt -0.36696219 0.19774894
vt -0.36745530 0.19788995
vt -0.36736062 0.19791681
vt -0.36650786 0.19760172
vt -0.36704656 0.19771776
vt -0.36696219 0.19774894
vt -0.36600545 0.19747770
vt -0.36658052 0.19756673
vt -0.36650786 0.19760172
vt -0.36546350 0.19737895
vt -0.36606511 0.19743951
vt -0.36600545 0.19747770
vt -0.36489132 0.19730718
vt -0.36550915 0.19733821
vt -0.36546350 0.19737895
vt -0.36429864 0.19726361
vt -0.36492220 0.19726458
vt -0.36489132 0.19730718
vt -0.36429864 0.19726361
vt 0.36369568 0.19720492
vt -0.36431423 0.19721991
vt 0.36429864 0.19726361
vt 0.36369568 0.19720492
vt 0.36369568 0.19724901
vt 0.36429864 0.19726361
vt 0.36492220 0.19726458
vt 0.36431423 0.19721991
vt 0.36489132 0.19730718
vt 0.36550915 0.19733821
vt 0.36492220 0.19726458
vt 0.36546350 0.19737895
vt 0.36606511 0.19743951
vt 0.36550915 0.19733821
vt 0.36600545 0.19747770
vt 0.36658052 0.19756673
vt 0.36606511 0.19743951
vt 0.36650786 0.19760172
vt 0.36704656 0.19771776
vt 0.36658052 0.19756673
vt 0.36696219 0.19774894
vt 0.36745530 0.19788995
vt 0.36704656 0.19771776
vt 0.36736062 0.19791681
vt 0.36779970 0.19808039
vt 0.36745530 0.19788995
vt 0.36796361 0.19830266
vt 0.36779970 0.19808039
vt 0.36769632 0.19810243
vt 0.36815780 0.19851407
vt 0.36807388 0.19828580
vt 0.36796361 0.19830266
vt 0.36827573 0.19873305
vt 0.36827314 0.19850266
vt 0.36815780 0.19851407
vt 0.36827573 0.19873305
vt 0.36843461 0.62674701
vt 0.36839405 0.19872729
vt 0.50257635 0.62674701
vt 0.50286263 0.62697768
vt 0.50286263 0.62674701
vt 0.50257635 0.62720025
vt 0.50286263 0.62697768
vt 0.50257635 0.62697560
vt 0.50257635 0.62741703
vt 0.50286263 0.62720442
vt 0.50257635 0.62720025
vt 0.50257635 0.62741703
vt 0.50286263 0.62763059
vt 0.50286263 0.62742323
vt 0.50257635 0.62762249
vt 0.50286263 0.62782270
vt 0.50286263 0.62763059
vt 0.50257635 0.62781292
vt 0.50286263 0.62799650
vt 0.50286263 0.62782270
vt 0.50257635 0.62798512
vt 0.50286263 0.62814891
vt 0.50286263 0.62799650
vt 0.50257635 0.36658052
vt 0.50286263 0.36608699
vt 0.50286263 0.36660716
vt 0.50257635 0.36606511
vt 0.50286263 0.36552590
vt 0.50286263 0.36608699
vt 0.50257635 0.36492220
vt 0.50286263 0.36552590
vt 0.50257635 0.36550915
vt 0.50257635 0.36431423
vt 0.50286263 0.36493349
vt 0.50257635 0.36492220
vt 0.50257635 0.36431423
vt 0.50286263 -0.36369568
vt 0.50286263 0.36431995
vt 0.50257635 -0.36431423
vt 0.50286263 -0.36369568
vt 0.50257635 -0.36369568
vt 0.50257635 -0.36431423
vt 0.50286263 -0.36493349
vt 0.50286263 -0.36431995
vt 0.50257635 -0.36492220
vt 0.50286263 -0.36552590
vt 0.50286263 -0.36493349
vt 0.50257635 -0.36606511
vt 0.50286263 -0.36552590
vt 0.50257635 -0.36550915
vt 0.50257635 -0.36658052
vt 0.50286263 -0.36608699
vt 0.50257635 -0.36606511
vt 0.50257635 0.62798512
vt 0.50286263 0.62814891
vt 0.50257635 0.62813616
vt 0.50257635 0.62781292
vt 0.50286263 0.62799650
vt 0.50257635 0.62798512
vt 0.50257635 0.62762249
vt 0.50286263 0.62782270
vt 0.50257635 0.62781292
vt 0.50257635 0.62741703
vt 0.50286263 0.62763059
vt 0.50257635 0.62762249
vt 0.50257635 0.62741703
vt 0.50286263 0.62720442
vt 0.50286263 0.62742323
vt 0.50257635 0.62720025
vt 0.50286263 0.62697768
vt 0.50286263 0.62720442
vt 0.50257635 0.62697560
vt 0.50286263 0.19895585
vt 0.50286263 0.62697768
vt 0.50257635 0.19872729
vt 0.50286263 0.19895585
vt 0.50257635 0.19895585
vt 0.50257635 0.19872729
vt 0.50286263 0.19849850
vt 0.50286263 0.19872519
vt 0.50257635 0.19850266
vt 0.50286263 0.19827962
vt 0.50286263 0.19849850
vt 0.50257635 0.19808039
vt 0.50286263 0.19827962
vt 0.50257635 0.19828580
vt 0.50257635 0.19788995
vt 0.50286263 0.19807231
vt 0.50257635 0.19808039
vt 0.50257635 0.19771776
vt 0.50286263 0.19788012
vt 0.50257635 0.19788995
vt 0.50257635 0.19771776
vt 0.50286263 0.19755393
vt 0.50286263 0.19770633
vt 0.50257635 -0.36658052
vt 0.50286263 -0.36608699
vt 0.50286263 -0.36660716
vt 0.50257635 -0.36606511
vt 0.50286263 -0.36552590
vt 0.50286263 -0.36608699
vt 0.50257635 -0.36492220
vt 0.50286263 -0.36552590
vt 0.50257635 -0.36550915
vt 0.50257635 -0.36431423
vt 0.50286263 -0.36493349
vt 0.50257635 -0.36492220
vt 0.50257635 -0.36431423
vt 0.50286263 0.36369568
vt 0.50286263 -0.36431995
vt 0.50257635 0.36431423
vt 0.50286263 0.36369568
vt 0.50257635 0.36369568
vt 0.50257635 0.36431423
vt 0.50286263 0.36493349
vt 0.50286263 0.36431995
vt 0.50257635 0.36492220
vt 0.50286263 0.36552590
vt 0.50286263 0.36493349
vt 0.50257635 0.36606511
vt 0.50286263 0.36552590
vt 0.50257635 0.36550915
vt 0.50257635 0.36658052
vt 0.50286263 0.36608699
vt 0.50257635 0.36606511
vt 0.50257635 0.19771776
vt 0.50286263 0.19755393
vt 0.50257635 0.19756673
vt 0.50257635 0.19771776
vt 0.50286263 0.19788012
vt 0.50286263 0.19770633
vt 0.50257635 0.19788995
vt 0.50286263 0.19807231
vt 0.50286263 0.19788012
vt 0.50257635 0.19808039
vt 0.50286263 0.19827962
vt 0.50286263 0.19807231
vt 0.50257635 0.19850266
vt 0.50286263 0.19827962
vt 0.50257635 0.19828580
vt 0.50257635 0.19872729
vt 0.50286263 0.19849850
vt 0.50257635 0.19850266
vt 0.50257635 0.19872729
vt 0.50286263 0.62674701
vt 0.50286263 0.19872519
vt 0.50286263 0.62697768
vt 0.50477099 0.62674701
vt 0.50286263 0.62674701
vt 0.50286263 0.62720442
vt 0.50477099 0.62697768
vt 0.50286263 0.62697768
vt 0.50286263 0.62742323
vt 0.50477099 0.62720442
vt 0.50286263 0.62720442
vt 0.50286263 0.62763059
vt 0.50477099 0.62742323
vt 0.50286263 0.62742323
vt 0.50286263 0.62782270
vt 0.50477099 0.62763059
vt 0.50286263 0.62763059
vt 0.50286263 0.62799650
vt 0.50477099 0.62782270
vt 0.50286263 0.62782270
vt 0.50286263 0.62814891
vt 0.50477099 0.62799650
vt 0.50286263 0.62799650
vt 0.50286263 0.36608699
vt 0.50477099 0.36660716
vt 0.50286263 0.36660716
vt 0.50286263 0.36552590
vt 0.50477099 0.36608699
vt 0.50286263 0.36608699
vt 0.50286263 0.36493349
vt 0.50477099 0.36552590
vt 0.50286263 0.36552590
vt 0.50286263 0.36431995
vt 0.50477099 0.36493349
vt 0.50286263 0.36493349
vt 0.50286263 -0.36369568
vt 0.50477099 0.36431995
vt 0.50286263 0.36431995
vt 0.50286263 -0.36431995
vt 0.50477099 -0.36369568
vt 0.50286263 -0.36369568
vt 0.50286263 -0.36493349
vt 0.50477099 -0.36431995
vt 0.50286263 -0.36431995
vt 0.50286263 -0.36552590
vt 0.50477099 -0.36493349
vt 0.50286263 -0.36493349
vt 0.50286263 -0.36608699
vt 0.50477099 -0.36552590
vt 0.50286263 -0.36552590
vt 0.50286263 -0.36660716
vt 0.50477099 -0.36608699
vt 0.50286263 -0.36608699
vt 0.50286263 0.62799650
vt 0.50477099 0.62814891
vt 0.50286263 0.62814891
vt 0.50286263 0.62782270
vt 0.50477099 0.62799650
vt 0.50286263 0.62799650
vt 0.50286263 0.62763059
vt 0.50477099 0.62782270
vt 0.50286263 0.62782270
vt 0.50286263 0.62742323
vt 0.50477099 0.62763059
vt 0.50286263 0.62763059
vt 0.50286263 0.62720442
vt 0.50477099 0.62742323
vt 0.50286263 0.62742323
vt 0.50286263 0.62697768
vt 0.50477099 0.62720442
vt 0.50286263 0.62720442
vt 0.50286263 0.19895585
vt 0.50477099 0.62697768
vt 0.50286263 0.62697768
vt 0.50286263 0.19872519
vt 0.50477099 0.19895585
vt 0.50286263 0.19895585
vt 0.50286263 0.19849850
vt 0.50477099 0.19872519
vt 0.50286263 0.19872519
vt 0.50286263 0.19827962
vt 0.50477099 0.19849850
vt 0.50286263 0.19849850
vt 0.50286263 0.19807231
vt 0.50477099 0.19827962
vt 0.50286263 0.19827962
vt 0.50286263 0.19788012
vt 0.50477099 0.19807231
vt 0.50286263 0.19807231
vt 0.50286263 0.19770633
vt 0.50477099 0.19788012
vt 0.50286263 0.19788012
vt 0.50286263 0.19755393
vt 0.50477099 0.19770633
vt 0.50286263 0.19770633
vt 0.50286263 -0.36608699
vt 0.50477099 -0.36660716
vt 0.50286263 -0.36660716
vt 0.50286263 -0.36552590
vt 0.50477099 -0.36608699
vt 0.50286263 -0.36608699
vt 0.50286263 -0.36493349
vt 0.50477099 -0.36552590
vt 0.50286263 -0.36552590
vt 0.50286263 -0.36431995
vt 0.50477099 -0.36493349
vt 0.50286263 -0.36493349
vt 0.50286263 0.36369568
vt 0.50477099 -0.36431995
vt 0.50286263 -0.36431995
vt 0.50286263 0.36431995
vt 0.50477099 0.36369568
vt 0.50286263 0.36369568
vt 0.50286263 0.36493349
vt 0.50477099 0.36431995
vt 0.50286263 0.36431995
vt 0.50286263 0.36552590
vt 0.50477099 0.36493349
vt 0.50286263 0.36493349
vt 0.50286263 0.36608699
vt 0.50477099 0.36552590
vt 0.50286263 0.36552590
vt 0.50286263 0.36660716
vt 0.50477099 0.36608699
vt 0.50286263 0.36608699
vt 0.50286263 0.19770633
vt 0.50477099 0.19755393
vt 0.50286263 0.19755393
vt 0.50286263 0.19788012
vt 0.50477099 0.19770633
vt 0.50286263 0.19770633
vt 0.50286263 0.19807231
vt 0.50477099 0.19788012
vt 0.50286263 0.19788012
vt 0.50286263 0.19827962
vt 0.50477099 0.19807231
vt 0.50286263 0.19807231
vt 0.50286263 0.19849850
vt 0.50477099 0.19827962
vt 0.50286263 0.19827962
vt 0.50286263 0.19872519
vt 0.50477099 0.19849850
vt 0.50286263 0.19849850
vt 0.50286263 0.62674701
vt 0.50477099 0.19872519
vt 0.50286263 0.19872519
vt 0.50477099 0.62697768
vt 0.50505728 0.62674701
vt 0.50477099 0.62674701
vt 0.50477099 0.62697768
vt 0.50505728 0.62720025
vt 0.50505728 0.62697560
vt 0.50477099 0.62720442
vt 0.50505728 0.62741703
vt 0.50505728 0.62720025
vt 0.50477099 0.62763059
vt 0.50505728 0.62741703
vt 0.50477099 0.62742323
vt 0.50477099 0.62782270
vt 0.50505728 0.62762249
vt 0.50477099 0.62763059
vt 0.50477099 0.62799650
vt 0.50505728 0.62781292
vt 0.50477099 0.62782270
vt 0.50477099 0.62814891
vt 0.50505728 0.62798512
vt 0.50477099 0.62799650
vt 0.50477099 0.36608699
vt 0.50505728 0.36658052
vt 0.50477099 0.36660716
vt 0.50477099 0.36552590
vt 0.50505728 0.36606511
vt 0.50477099 0.36608699
vt 0.50477099 0.36552590
vt 0.50505728 0.36492220
vt 0.50505728 0.36550915
vt 0.50477099 0.36493349
vt 0.50505728 0.36431423
vt 0.50505728 0.36492220
vt 0.50477099 -0.36369568
vt 0.50505728 0.36431423
vt 0.50477099 0.36431995
vt 0.50477099 -0.36369568
vt 0.50505728 -0.36431423
vt 0.50505728 -0.36369568
vt 0.50477099 -0.36493349
vt 0.50505728 -0.36431423
vt 0.50477099 -0.36431995
vt 0.50477099 -0.36552590
vt 0.50505728 -0.36492220
vt 0.50477099 -0.36493349
vt 0.50477099 -0.36552590
vt 0.50505728 -0.36606511
vt 0.50505728 -0.36550915
vt 0.50477099 -0.36608699
vt 0.50505728 -0.36658052
vt 0.50505728 -0.36606511
vt 0.50477099 0.62814891
vt 0.50505728 0.62798512
vt 0.50505728 0.62813616
vt 0.50477099 0.62799650
vt 0.50505728 0.62781292
vt 0.50505728 0.62798512
vt 0.50477099 0.62782270
vt 0.50505728 0.62762249
vt 0.50505728 0.62781292
vt 0.50477099 0.62763059
vt 0.50505728 0.62741703
vt 0.50505728 0.62762249
vt 0.50477099 0.62720442
vt 0.50505728 0.62741703
vt 0.50477099 0.62742323
vt 0.50477099 0.62697768
vt 0.50505728 0.62720025
vt 0.50477099 0.62720442
vt 0.50477099 0.19895585
vt 0.50505728 0.62697560
vt 0.50477099 0.62697768
vt 0.50477099 0.19895585
vt 0.50505728 0.19872729
vt 0.50505728 0.19895585
vt 0.50477099 0.19849850
vt 0.50505728 0.19872729
vt 0.50477099 0.19872519
vt 0.50477099 0.19827962
vt 0.50505728 0.19850266
vt 0.50477099 0.19849850
vt 0.50477099 0.19827962
vt 0.50505728 0.19808039
vt 0.50505728 0.19828580
vt 0.50477099 0.19807231
vt 0.50505728 0.19788995
vt 0.50505728 0.19808039
vt 0.50477099 0.19788012
vt 0.50505728 0.19771776
vt 0.50505728 0.19788995
vt 0.50477099 0.19755393
vt 0.50505728 0.19771776
vt 0.50477099 0.19770633
vt 0.50477099 -0.36608699
vt 0.50505728 -0.36658052
vt 0.50477099 -0.36660716
vt 0.50477099 -0.36552590
vt 0.50505728 -0.36606511
vt 0.50477099 -0.36608699
vt 0.50477099 -0.36552590
vt 0.50505728 -0.36492220
vt 0.50505728 -0.36550915
vt 0.50477099 -0.36493349
vt 0.50505728 -0.36431423
vt 0.50505728 -0.36492220
vt 0.50477099 0.36369568
vt 0.50505728 -0.36431423
vt 0.50477099 -0.36431995
vt 0.50477099 0.36369568
vt 0.50505728 0.36431423
vt 0.50505728 0.36369568
vt 0.50477099 0.36493349
vt 0.50505728 0.36431423
vt 0.50477099 0.36431995
vt 0.50477099 0.36552590
vt 0.50505728 0.36492220
vt 0.50477099 0.36493349
vt 0.50477099 0.36552590
vt 0.50505728 0.36606511
vt 0.50505728 0.36550915
vt 0.50477099 0.36608699
vt 0.50505728 0.36658052
vt 0.50505728 0.36606511
vt 0.50477099 0.19755393
vt 0.50505728 0.19771776
vt 0.50505728 0.19756673
vt 0.50477099 0.19788012
vt 0.50505728 0.19771776
vt 0.50477099 0.19770633
vt 0.50477099 0.19807231
vt 0.50505728 0.19788995
vt 0.50477099 0.19788012
vt 0.50477099 0.19827962
vt 0.50505728 0.19808039
vt 0.50477099 0.19807231
vt 0.50477099 0.19827962
vt 0.50505728 0.19850266
vt 0.50505728 0.19828580
vt 0.50477099 0.19849850
vt 0.50505728 0.19872729
vt 0.50505728 0.19850266
vt 0.50477099 0.62674701
vt 0.50505728 0.19872729
vt 0.50477099 0.19872519
vt 0.36839405 0.62697560
vt 0.36831519 0.62674701
vt 0.36843461 0.62674701
vt 0.36839405 0.62697560
vt 0.36815780 0.62718880
vt 0.36827573 0.62696981
vt 0.36827314 0.62720025
vt 0.36796361 0.62740016
vt 0.36815780 0.62718880
vt 0.36779970 0.62762249
vt 0.36796361 0.62740016
vt 0.36807388 0.62741703
vt 0.36745530 0.62781292
vt 0.36769632 0.62760049
vt 0.36779970 0.62762249
vt 0.36745530 0.62781292
vt 0.36696219 0.62795389
vt 0.36736062 0.62778610
vt 0.36704656 0.62798512
vt 0.36650786 0.62810117
vt 0.36696219 0.62795389
vt 0.36606511 0.62826341
vt 0.36650786 0.62810117
vt 0.36658052 0.62813616
vt 0.36550915 0.62836468
vt 0.36600545 0.62822521
vt 0.36606511 0.62826341
vt 0.36550915 0.62836468
vt 0.36489132 0.62839568
vt 0.36546350 0.62832391
vt 0.36492220 0.62843829
vt 0.36429864 0.62843925
vt 0.36489132 0.62839568
vt -0.36369568 0.62849796
vt 0.36429864 0.62843925
vt 0.36431423 0.62848300
vt -0.36369568 0.62849796
vt -0.36429864 0.62843925
vt -0.36369568 0.62845385
vt -0.36492220 0.62843829
vt -0.36429864 0.62843925
vt -0.36431423 0.62848300
vt -0.36550915 0.62836468
vt -0.36489132 0.62839568
vt -0.36492220 0.62843829
vt -0.36550915 0.62836468
vt -0.36600545 0.62822521
vt -0.36546350 0.62832391
vt -0.36606511 0.62826341
vt -0.36650786 0.62810117
vt -0.36600545 0.62822521
vt -0.36704656 0.62798512
vt -0.36650786 0.62810117
vt -0.36658052 0.62813616
vt -0.36745530 0.62781292
vt -0.36696219 0.62795389
vt -0.36704656 0.62798512
vt -0.36745530 0.62781292
vt -0.36769632 0.62760049
vt -0.36736062 0.62778610
vt -0.36779970 0.62762249
vt -0.36796361 0.62740016
vt -0.36769632 0.62760049
vt -0.36827314 0.62720025
vt -0.36796361 0.62740016
vt -0.36807388 0.62741703
vt -0.36839405 0.62697560
vt -0.36815780 0.62718880
vt -0.36827314 0.62720025
vt -0.36843461 0.19895585
vt -0.36827573 0.62696981
vt -0.36839405 0.62697560
vt -0.36839405 0.19872729
vt -0.36831519 0.19895585
vt -0.36843461 0.19895585
vt -0.36827314 0.19850266
vt -0.36827573 0.19873305
vt -0.36839405 0.19872729
vt -0.36807388 0.19828580
vt -0.36815780 0.19851407
vt -0.36827314 0.19850266
vt -0.36779970 0.19808039
vt -0.36796361 0.19830266
vt -0.36807388 0.19828580
vt -0.36779970 0.19808039
vt -0.36736062 0.19791681
vt -0.36769632 0.19810243
vt -0.36745530 0.19788995
vt -0.36696219 0.19774894
vt -0.36736062 0.19791681
vt -0.36704656 0.19771776
vt -0.36650786 0.19760172
vt -0.36696219 0.19774894
vt -0.36658052 0.19756673
vt -0.36600545 0.19747770
vt -0.36650786 0.19760172
vt -0.36606511 0.19743951
vt -0.36546350 0.19737895
vt -0.36600545 0.19747770
vt -0.36550915 0.19733821
vt -0.36489132 0.19730718
vt -0.36546350 0.19737895
vt -0.36492220 0.19726458
vt -0.36429864 0.19726361
vt -0.36489132 0.19730718
vt 0.36369568 0.19720492
vt -0.36429864 0.19726361
vt -0.36431423 0.19721991
vt 0.36369568 0.19720492
vt 0.36429864 0.19726361
vt 0.36369568 0.19724901
vt 0.36492220 0.19726458
vt 0.36429864 0.19726361
vt 0.36431423 0.19721991
vt 0.36550915 0.19733821
vt 0.36489132 0.19730718
vt 0.36492220 0.19726458
vt 0.36606511 0.19743951
vt 0.36546350 0.19737895
vt 0.36550915 0.19733821
vt 0.36658052 0.19756673
vt 0.36600545 0.19747770
vt 0.36606511 0.19743951
vt 0.36704656 0.19771776
vt 0.36650786 0.19760172
vt 0.36658052 0.19756673
vt 0.36745530 0.19788995
vt 0.36696219 0.19774894
vt 0.36704656 0.19771776
vt 0.36779970 0.19808039
vt 0.36736062 0.19791681
vt 0.36745530 0.19788995
vt 0.36779970 0.19808039
vt 0.36796361 0.19830266
vt 0.36769632 0.19810243
vt 0.36807388 0.19828580
vt 0.36815780 0.19851407
vt 0.36796361 0.19830266
vt 0.36827314 0.19850266
vt 0.36827573 0.19873305
vt 0.36815780 0.19851407
vt 0.36843461 0.62674701
vt 0.36827573 0.19873305
vt 0.36839405 0.19872729
vt 0.36827573 0.62696981
vt 0.36815217 0.62674701
vt 0.36831519 0.62674701
vt 0.36815780 0.62718880
vt 0.36811408 0.62696201
vt 0.36827573 0.62696981
vt 0.36796361 0.62740016
vt 0.36800033 0.62717324
vt 0.36815780 0.62718880
vt 0.36796361 0.62740016
vt 0.36755511 0.62757033
vt 0.36781296 0.62737715
vt 0.36769632 0.62760049
vt 0.36723125 0.62774944
vt 0.36755511 0.62757033
vt 0.36696219 0.62795389
vt 0.36723125 0.62774944
vt 0.36736062 0.62778610
vt 0.36696219 0.62795389
vt 0.36640862 0.62805337
vt 0.36684692 0.62791133
vt 0.36650786 0.62810117
vt 0.36592394 0.62817299
vt 0.36640862 0.62805337
vt 0.36600545 0.62822521
vt 0.36540112 0.62826824
vt 0.36592394 0.62817299
vt 0.36489132 0.62839568
vt 0.36540112 0.62826824
vt 0.36546350 0.62832391
vt 0.36429864 0.62843925
vt 0.36484909 0.62833750
vt 0.36489132 0.62839568
vt -0.36369568 0.62845385
vt 0.36427736 0.62837952
vt 0.36429864 0.62843925
vt -0.36429864 0.62843925
vt -0.36369568 0.62839365
vt -0.36369568 0.62845385
vt -0.36429864 0.62843925
vt -0.36484909 0.62833750
vt -0.36427736 0.62837952
vt -0.36489132 0.62839568
vt -0.36540112 0.62826824
vt -0.36484909 0.62833750
vt -0.36600545 0.62822521
vt -0.36540112 0.62826824
vt -0.36546350 0.62832391
vt -0.36650786 0.62810117
vt -0.36592394 0.62817299
vt -0.36600545 0.62822521
vt -0.36696219 0.62795389
vt -0.36640862 0.62805337
vt -0.36650786 0.62810117
vt -0.36696219 0.62795389
vt -0.36723125 0.62774944
vt -0.36684692 0.62791133
vt -0.36769632 0.62760049
vt -0.36723125 0.62774944
vt -0.36736062 0.62778610
vt -0.36796361 0.62740016
vt -0.36755511 0.62757033
vt -0.36769632 0.62760049
vt -0.36796361 0.62740016
vt -0.36800033 0.62717324
vt -0.36781296 0.62737715
vt -0.36815780 0.62718880
vt -0.36811408 0.62696201
vt -0.36800033 0.62717324
vt -0.36831519 0.19895585
vt -0.36811408 0.62696201
vt -0.36827573 0.62696981
vt -0.36831519 0.19895585
vt -0.36811408 0.19874093
vt -0.36815217 0.19895585
vt -0.36827573 0.19873305
vt -0.36800033 0.19852968
vt -0.36811408 0.19874093
vt -0.36815780 0.19851407
vt -0.36781296 0.19832572
vt -0.36800033 0.19852968
vt -0.36796361 0.19830266
vt -0.36755511 0.19813256
vt -0.36781296 0.19832572
vt -0.36736062 0.19791681
vt -0.36755511 0.19813256
vt -0.36769632 0.19810243
vt -0.36696219 0.19774894
vt -0.36723125 0.19795346
vt -0.36736062 0.19791681
vt -0.36650786 0.19760172
vt -0.36684692 0.19779152
vt -0.36696219 0.19774894
vt -0.36650786 0.19760172
vt -0.36592394 0.19752985
vt -0.36640862 0.19764952
vt -0.36600545 0.19747770
vt -0.36540112 0.19743459
vt -0.36592394 0.19752985
vt -0.36489132 0.19730718
vt -0.36540112 0.19743459
vt -0.36546350 0.19737895
vt -0.36429864 0.19726361
vt -0.36484909 0.19736537
vt -0.36489132 0.19730718
vt 0.36369568 0.19724901
vt -0.36427736 0.19732335
vt -0.36429864 0.19726361
vt 0.36369568 0.19724901
vt 0.36427736 0.19732335
vt 0.36369568 0.19730927
vt 0.36429864 0.19726361
vt 0.36484909 0.19736537
vt 0.36427736 0.19732335
vt 0.36489132 0.19730718
vt 0.36540112 0.19743459
vt 0.36484909 0.19736537
vt 0.36600545 0.19747770
vt 0.36540112 0.19743459
vt 0.36546350 0.19737895
vt 0.36650786 0.19760172
vt 0.36592394 0.19752985
vt 0.36600545 0.19747770
vt 0.36650786 0.19760172
vt 0.36684692 0.19779152
vt 0.36640862 0.19764952
vt 0.36696219 0.19774894
vt 0.36723125 0.19795346
vt 0.36684692 0.19779152
vt 0.36736062 0.19791681
vt 0.36755511 0.19813256
vt 0.36723125 0.19795346
vt 0.36796361 0.19830266
vt 0.36755511 0.19813256
vt 0.36769632 0.19810243
vt 0.36815780 0.19851407
vt 0.36781296 0.19832572
vt 0.36796361 0.19830266
vt 0.36827573 0.19873305
vt 0.36800033 0.19852968
vt 0.36815780 0.19851407
vt 0.36831519 0.62674701
vt 0.36811408 0.19874093
vt 0.36827573 0.19873305
vt 0.36592394 0.19752985
vt -0.36592394 0.19752985
vt -0.36815217 0.19895585
vt 0.36640862 0.62805337
vt -0.36540112 0.62826824
vt -0.36811408 0.62696201
vt 0.36815217 0.62674701
vt 0.36811408 0.62696201
vt 0.36827573 0.62696981
vt 0.36811408 0.62696201
vt 0.36800033 0.62717324
vt 0.36815780 0.62718880
vt 0.36800033 0.62717324
vt 0.36781296 0.62737715
vt 0.36796361 0.62740016
vt 0.36755511 0.62757033
vt 0.36769632 0.62760049
vt 0.36796361 0.62740016
vt 0.36723125 0.62774944
vt 0.36736062 0.62778610
vt 0.36769632 0.62760049
vt 0.36723125 0.62774944
vt 0.36684692 0.62791133
vt 0.36696219 0.62795389
vt 0.36640862 0.62805337
vt 0.36650786 0.62810117
vt 0.36696219 0.62795389
vt 0.36592394 0.62817299
vt 0.36600545 0.62822521
vt 0.36650786 0.62810117
vt 0.36540112 0.62826824
vt 0.36546350 0.62832391
vt 0.36600545 0.62822521
vt 0.36540112 0.62826824
vt 0.36484909 0.62833750
vt 0.36489132 0.62839568
vt 0.36484909 0.62833750
vt 0.36427736 0.62837952
vt 0.36429864 0.62843925
vt 0.36427736 0.62837952
vt -0.36369568 0.62839365
vt -0.36369568 0.62845385
vt -0.36369568 0.62839365
vt -0.36427736 0.62837952
vt -0.36429864 0.62843925
vt -0.36484909 0.62833750
vt -0.36489132 0.62839568
vt -0.36429864 0.62843925
vt -0.36540112 0.62826824
vt -0.36546350 0.62832391
vt -0.36489132 0.62839568
vt -0.36540112 0.62826824
vt -0.36592394 0.62817299
vt -0.36600545 0.62822521
vt -0.36592394 0.62817299
vt -0.36640862 0.62805337
vt -0.36650786 0.62810117
vt -0.36640862 0.62805337
vt -0.36684692 0.62791133
vt -0.36696219 0.62795389
vt -0.36723125 0.62774944
vt -0.36736062 0.62778610
vt -0.36696219 0.62795389
vt -0.36723125 0.62774944
vt -0.36755511 0.62757033
vt -0.36769632 0.62760049
vt -0.36755511 0.62757033
vt -0.36781296 0.62737715
vt -0.36796361 0.62740016
vt -0.36800033 0.62717324
vt -0.36815780 0.62718880
vt -0.36796361 0.62740016
vt -0.36811408 0.62696201
vt -0.36827573 0.62696981
vt -0.36815780 0.62718880
vt -0.36811408 0.62696201
vt -0.36815217 0.19895585
vt -0.36831519 0.19895585
vt -0.36811408 0.19874093
vt -0.36827573 0.19873305
vt -0.36831519 0.19895585
vt -0.36800033 0.19852968
vt -0.36815780 0.19851407
vt -0.36827573 0.19873305
vt -0.36781296 0.19832572
vt -0.36796361 0.19830266
vt -0.36815780 0.19851407
vt -0.36755511 0.19813256
vt -0.36769632 0.19810243
vt -0.36796361 0.19830266
vt -0.36755511 0.19813256
vt -0.36723125 0.19795346
vt -0.36736062 0.19791681
vt -0.36723125 0.19795346
vt -0.36684692 0.19779152
vt -0.36696219 0.19774894
vt -0.36684692 0.19779152
vt -0.36640862 0.19764952
vt -0.36650786 0.19760172
vt -0.36592394 0.19752985
vt -0.36600545 0.19747770
vt -0.36650786 0.19760172
vt -0.36540112 0.19743459
vt -0.36546350 0.19737895
vt -0.36600545 0.19747770
vt -0.36540112 0.19743459
vt -0.36484909 0.19736537
vt -0.36489132 0.19730718
vt -0.36484909 0.19736537
vt -0.36427736 0.19732335
vt -0.36429864 0.19726361
vt -0.36427736 0.19732335
vt 0.36369568 0.19730927
vt 0.36369568 0.19724901
vt 0.36427736 0.19732335
vt 0.36429864 0.19726361
vt 0.36369568 0.19724901
vt 0.36484909 0.19736537
vt 0.36489132 0.19730718
vt 0.36429864 0.19726361
vt 0.36540112 0.19743459
vt 0.36546350 0.19737895
vt 0.36489132 0.19730718
vt 0.36540112 0.19743459
vt 0.36592394 0.19752985
vt 0.36600545 0.19747770
vt 0.36592394 0.19752985
vt 0.36640862 0.19764952
vt 0.36650786 0.19760172
vt 0.36684692 0.19779152
vt 0.36696219 0.19774894
vt 0.36650786 0.19760172
vt 0.36723125 0.19795346
vt 0.36736062 0.19791681
vt 0.36696219 0.19774894
vt 0.36755511 0.19813256
vt 0.36769632 0.19810243
vt 0.36736062 0.19791681
vt 0.36755511 0.19813256
vt 0.36781296 0.19832572
vt 0.36796361 0.19830266
vt 0.36781296 0.19832572
vt 0.36800033 0.19852968
vt 0.36815780 0.19851407
vt 0.36800033 0.19852968
vt 0.36811408 0.19874093
vt 0.36827573 0.19873305
vt 0.36811408 0.19874093
vt 0.36815217 0.62674701
vt 0.36831519 0.62674701
vt 0.36831519 0.62674701
vt 0.36827573 0.62696981
vt 0.36839405 0.62697560
vt 0.36815780 0.62718880
vt 0.36827314 0.62720025
vt 0.36839405 0.62697560
vt 0.36796361 0.62740016
vt 0.36807388 0.62741703
vt 0.36827314 0.62720025
vt 0.36796361 0.62740016
vt 0.36769632 0.62760049
vt 0.36779970 0.62762249
vt 0.36769632 0.62760049
vt 0.36736062 0.62778610
vt 0.36745530 0.62781292
vt 0.36696219 0.62795389
vt 0.36704656 0.62798512
vt 0.36745530 0.62781292
vt 0.36650786 0.62810117
vt 0.36658052 0.62813616
vt 0.36704656 0.62798512
vt 0.36650786 0.62810117
vt 0.36600545 0.62822521
vt 0.36606511 0.62826341
vt 0.36600545 0.62822521
vt 0.36546350 0.62832391
vt 0.36550915 0.62836468
vt 0.36489132 0.62839568
vt 0.36492220 0.62843829
vt 0.36550915 0.62836468
vt 0.36429864 0.62843925
vt 0.36431423 0.62848300
vt 0.36492220 0.62843829
vt 0.36429864 0.62843925
vt -0.36369568 0.62845385
vt -0.36369568 0.62849796
vt -0.36429864 0.62843925
vt -0.36431423 0.62848300
vt -0.36369568 0.62849796
vt -0.36429864 0.62843925
vt -0.36489132 0.62839568
vt -0.36492220 0.62843829
vt -0.36489132 0.62839568
vt -0.36546350 0.62832391
vt -0.36550915 0.62836468
vt -0.36600545 0.62822521
vt -0.36606511 0.62826341
vt -0.36550915 0.62836468
vt -0.36650786 0.62810117
vt -0.36658052 0.62813616
vt -0.36606511 0.62826341
vt -0.36650786 0.62810117
vt -0.36696219 0.62795389
vt -0.36704656 0.62798512
vt -0.36696219 0.62795389
vt -0.36736062 0.62778610
vt -0.36745530 0.62781292
vt -0.36769632 0.62760049
vt -0.36779970 0.62762249
vt -0.36745530 0.62781292
vt -0.36796361 0.62740016
vt -0.36807388 0.62741703
vt -0.36779970 0.62762249
vt -0.36796361 0.62740016
vt -0.36815780 0.62718880
vt -0.36827314 0.62720025
vt -0.36815780 0.62718880
vt -0.36827573 0.62696981
vt -0.36839405 0.62697560
vt -0.36827573 0.62696981
vt -0.36831519 0.19895585
vt -0.36843461 0.19895585
vt -0.36831519 0.19895585
vt -0.36827573 0.19873305
vt -0.36839405 0.19872729
vt -0.36827573 0.19873305
vt -0.36815780 0.19851407
vt -0.36827314 0.19850266
vt -0.36815780 0.19851407
vt -0.36796361 0.19830266
vt -0.36807388 0.19828580
vt -0.36796361 0.19830266
vt -0.36769632 0.19810243
vt -0.36779970 0.19808039
vt -0.36736062 0.19791681
vt -0.36745530 0.19788995
vt -0.36779970 0.19808039
vt -0.36696219 0.19774894
vt -0.36704656 0.19771776
vt -0.36745530 0.19788995
vt -0.36650786 0.19760172
vt -0.36658052 0.19756673
vt -0.36704656 0.19771776
vt -0.36600545 0.19747770
vt -0.36606511 0.19743951
vt -0.36658052 0.19756673
vt -0.36546350 0.19737895
vt -0.36550915 0.19733821
vt -0.36606511 0.19743951
vt -0.36489132 0.19730718
vt -0.36492220 0.19726458
vt -0.36550915 0.19733821
vt -0.36429864 0.19726361
vt -0.36431423 0.19721991
vt -0.36492220 0.19726458
vt -0.36429864 0.19726361
vt 0.36369568 0.19724901
vt 0.36369568 0.19720492
vt 0.36429864 0.19726361
vt 0.36431423 0.19721991
vt 0.36369568 0.19720492
vt 0.36429864 0.19726361
vt 0.36489132 0.19730718
vt 0.36492220 0.19726458
vt 0.36489132 0.19730718
vt 0.36546350 0.19737895
vt 0.36550915 0.19733821
vt 0.36546350 0.19737895
vt 0.36600545 0.19747770
vt 0.36606511 0.19743951
vt 0.36600545 0.19747770
vt 0.36650786 0.19760172
vt 0.36658052 0.19756673
vt 0.36650786 0.19760172
vt 0.36696219 0.19774894
vt 0.36704656 0.19771776
vt 0.36696219 0.19774894
vt 0.36736062 0.19791681
vt 0.36745530 0.19788995
vt 0.36736062 0.19791681
vt 0.36769632 0.19810243
vt 0.36779970 0.19808039
vt 0.36796361 0.19830266
vt 0.36807388 0.19828580
vt 0.36779970 0.19808039
vt 0.36815780 0.19851407
vt 0.36827314 0.19850266
vt 0.36807388 0.19828580
vt 0.36827573 0.19873305
vt 0.36839405 0.19872729
vt 0.36827314 0.19850266
vt 0.36827573 0.19873305
vt 0.36831519 0.62674701
vt 0.36843461 0.62674701
vt 0.50257635 0.62674701
vt 0.50257635 0.62697560
vt 0.50286263 0.62697768
vt 0.50257635 0.62720025
vt 0.50286263 0.62720442
vt 0.50286263 0.62697768
vt 0.50257635 0.62741703
vt 0.50286263 0.62742323
vt 0.50286263 0.62720442
vt 0.50257635 0.62741703
vt 0.50257635 0.62762249
vt 0.50286263 0.62763059
vt 0.50257635 0.62762249
vt 0.50257635 0.62781292
vt 0.50286263 0.62782270
vt 0.50257635 0.62781292
vt 0.50257635 0.62798512
vt 0.50286263 0.62799650
vt 0.50257635 0.62798512
vt 0.50257635 0.62813616
vt 0.50286263 0.62814891
vt 0.50257635 0.36658052
vt 0.50257635 0.36606511
vt 0.50286263 0.36608699
vt 0.50257635 0.36606511
vt 0.50257635 0.36550915
vt 0.50286263 0.36552590
vt 0.50257635 0.36492220
vt 0.50286263 0.36493349
vt 0.50286263 0.36552590
vt 0.50257635 0.36431423
vt 0.50286263 0.36431995
vt 0.50286263 0.36493349
vt 0.50257635 0.36431423
vt 0.50257635 -0.36369568
vt 0.50286263 -0.36369568
vt 0.50257635 -0.36431423
vt 0.50286263 -0.36431995
vt 0.50286263 -0.36369568
vt 0.50257635 -0.36431423
vt 0.50257635 -0.36492220
vt 0.50286263 -0.36493349
vt 0.50257635 -0.36492220
vt 0.50257635 -0.36550915
vt 0.50286263 -0.36552590
vt 0.50257635 -0.36606511
vt 0.50286263 -0.36608699
vt 0.50286263 -0.36552590
vt 0.50257635 -0.36658052
vt 0.50286263 -0.36660716
vt 0.50286263 -0.36608699
vt 0.50257635 0.62798512
vt 0.50286263 0.62799650
vt 0.50286263 0.62814891
vt 0.50257635 0.62781292
vt 0.50286263 0.62782270
vt 0.50286263 0.62799650
vt 0.50257635 0.62762249
vt 0.50286263 0.62763059
vt 0.50286263 0.62782270
vt 0.50257635 0.62741703
vt 0.50286263 0.62742323
vt 0.50286263 0.62763059
vt 0.50257635 0.62741703
vt 0.50257635 0.62720025
vt 0.50286263 0.62720442
vt 0.50257635 0.62720025
vt 0.50257635 0.62697560
vt 0.50286263 0.62697768
vt 0.50257635 0.62697560
vt 0.50257635 0.19895585
vt 0.50286263 0.19895585
vt 0.50257635 0.19872729
vt 0.50286263 0.19872519
vt 0.50286263 0.19895585
vt 0.50257635 0.19872729
vt 0.50257635 0.19850266
vt 0.50286263 0.19849850
vt 0.50257635 0.19850266
vt 0.50257635 0.19828580
vt 0.50286263 0.19827962
vt 0.50257635 0.19808039
vt 0.50286263 0.19807231
vt 0.50286263 0.19827962
vt 0.50257635 0.19788995
vt 0.50286263 0.19788012
vt 0.50286263 0.19807231
vt 0.50257635 0.19771776
vt 0.50286263 0.19770633
vt 0.50286263 0.19788012
vt 0.50257635 0.19771776
vt 0.50257635 0.19756673
vt 0.50286263 0.19755393
vt 0.50257635 -0.36658052
vt 0.50257635 -0.36606511
vt 0.50286263 -0.36608699
vt 0.50257635 -0.36606511
vt 0.50257635 -0.36550915
vt 0.50286263 -0.36552590
vt 0.50257635 -0.36492220
vt 0.50286263 -0.36493349
vt 0.50286263 -0.36552590
vt 0.50257635 -0.36431423
vt 0.50286263 -0.36431995
vt 0.50286263 -0.36493349
vt 0.50257635 -0.36431423
vt 0.50257635 0.36369568
vt 0.50286263 0.36369568
vt 0.50257635 0.36431423
vt 0.50286263 0.36431995
vt 0.50286263 0.36369568
vt 0.50257635 0.36431423
vt 0.50257635 0.36492220
vt 0.50286263 0.36493349
vt 0.50257635 0.36492220
vt 0.50257635 0.36550915
vt 0.50286263 0.36552590
vt 0.50257635 0.36606511
vt 0.50286263 0.36608699
vt 0.50286263 0.36552590
vt 0.50257635 0.36658052
vt 0.50286263 0.36660716
vt 0.50286263 0.36608699
vt 0.50257635 0.19771776
vt 0.50286263 0.19770633
vt 0.50286263 0.19755393
vt 0.50257635 0.19771776
vt 0.50257635 0.19788995
vt 0.50286263 0.19788012
vt 0.50257635 0.19788995
vt 0.50257635 0.19808039
vt 0.50286263 0.19807231
vt 0.50257635 0.19808039
vt 0.50257635 0.19828580
vt 0.50286263 0.19827962
vt 0.50257635 0.19850266
vt 0.50286263 0.19849850
vt 0.50286263 0.19827962
vt 0.50257635 0.19872729
vt 0.50286263 0.19872519
vt 0.50286263 0.19849850
vt 0.50257635 0.19872729
vt 0.50257635 0.62674701
vt 0.50286263 0.62674701
vt 0.50286263 0.62697768
vt 0.50477099 0.62697768
vt 0.50477099 0.62674701
vt 0.50286263 0.62720442
vt 0.50477099 0.62720442
vt 0.50477099 0.62697768
vt 0.50286263 0.62742323
vt 0.50477099 0.62742323
vt 0.50477099 0.62720442
vt 0.50286263 0.62763059
vt 0.50477099 0.62763059
vt 0.50477099 0.62742323
vt 0.50286263 0.62782270
vt 0.50477099 0.62782270
vt 0.50477099 0.62763059
vt 0.50286263 0.62799650
vt 0.50477099 0.62799650
vt 0.50477099 0.62782270
vt 0.50286263 0.62814891
vt 0.50477099 0.62814891
vt 0.50477099 0.62799650
vt 0.50286263 0.36608699
vt 0.50477099 0.36608699
vt 0.50477099 0.36660716
vt 0.50286263 0.36552590
vt 0.50477099 0.36552590
vt 0.50477099 0.36608699
vt 0.50286263 0.36493349
vt 0.50477099 0.36493349
vt 0.50477099 0.36552590
vt 0.50286263 0.36431995
vt 0.50477099 0.36431995
vt 0.50477099 0.36493349
vt 0.50286263 -0.36369568
vt 0.50477099 -0.36369568
vt 0.50477099 0.36431995
vt 0.50286263 -0.36431995
vt 0.50477099 -0.36431995
vt 0.50477099 -0.36369568
vt 0.50286263 -0.36493349
vt 0.50477099 -0.36493349
vt 0.50477099 -0.36431995
vt 0.50286263 -0.36552590
vt 0.50477099 -0.36552590
vt 0.50477099 -0.36493349
vt 0.50286263 -0.36608699
vt 0.50477099 -0.36608699
vt 0.50477099 -0.36552590
vt 0.50286263 -0.36660716
vt 0.50477099 -0.36660716
vt 0.50477099 -0.36608699
vt 0.50286263 0.62799650
vt 0.50477099 0.62799650
vt 0.50477099 0.62814891
vt 0.50286263 0.62782270
vt 0.50477099 0.62782270
vt 0.50477099 0.62799650
vt 0.50286263 0.62763059
vt 0.50477099 0.62763059
vt 0.50477099 0.62782270
vt 0.50286263 0.62742323
vt 0.50477099 0.62742323
vt 0.50477099 0.62763059
vt 0.50286263 0.62720442
vt 0.50477099 0.62720442
vt 0.50477099 0.62742323
vt 0.50286263 0.62697768
vt 0.50477099 0.62697768
vt 0.50477099 0.62720442
vt 0.50286263 0.19895585
vt 0.50477099 0.19895585
vt 0.50477099 0.62697768
vt 0.50286263 0.19872519
vt 0.50477099 0.19872519
vt 0.50477099 0.19895585
vt 0.50286263 0.19849850
vt 0.50477099 0.19849850
vt 0.50477099 0.19872519
vt 0.50286263 0.19827962
vt 0.50477099 0.19827962
vt 0.50477099 0.19849850
vt 0.50286263 0.19807231
vt 0.50477099 0.19807231
vt 0.50477099 0.19827962
vt 0.50286263 0.19788012
vt 0.50477099 0.19788012
vt 0.50477099 0.19807231
vt 0.50286263 0.19770633
vt 0.50477099 0.19770633
vt 0.50477099 0.19788012
vt 0.50286263 0.19755393
vt 0.50477099 0.19755393
vt 0.50477099 0.19770633
vt 0.50286263 -0.36608699
vt 0.50477099 -0.36608699
vt 0.50477099 -0.36660716
vt 0.50286263 -0.36552590
vt 0.50477099 -0.36552590
vt 0.50477099 -0.36608699
vt 0.50286263 -0.36493349
vt 0.50477099 -0.36493349
vt 0.50477099 -0.36552590
vt 0.50286263 -0.36431995
vt 0.50477099 -0.36431995
vt 0.50477099 -0.36493349
vt 0.50286263 0.36369568
vt 0.50477099 0.36369568
vt 0.50477099 -0.36431995
vt 0.50286263 0.36431995
vt 0.50477099 0.36431995
vt 0.50477099 0.36369568
vt 0.50286263 0.36493349
vt 0.50477099 0.36493349
vt 0.50477099 0.36431995
vt 0.50286263 0.36552590
vt 0.50477099 0.36552590
vt 0.50477099 0.36493349
vt 0.50286263 0.36608699
vt 0.50477099 0.36608699
vt 0.50477099 0.36552590
vt 0.50286263 0.36660716
vt 0.50477099 0.36660716
vt 0.50477099 0.36608699
vt 0.50286263 0.19770633
vt 0.50477099 0.19770633
vt 0.50477099 0.19755393
vt 0.50286263 0.19788012
vt 0.50477099 0.19788012
vt 0.50477099 0.19770633
vt 0.50286263 0.19807231
vt 0.50477099 0.19807231
vt 0.50477099 0.19788012
vt 0.50286263 0.19827962
vt 0.50477099 0.19827962
vt 0.50477099 0.19807231
vt 0.50286263 0.19849850
vt 0.50477099 0.19849850
vt 0.50477099 0.19827962
vt 0.50286263 0.19872519
vt 0.50477099 0.19872519
vt 0.50477099 0.19849850
vt 0.50286263 0.62674701
vt 0.50477099 0.62674701
vt 0.50477099 0.19872519
vt 0.50477099 0.62697768
vt 0.50505728 0.62697560
vt 0.50505728 0.62674701
vt 0.50477099 0.62697768
vt 0.50477099 0.62720442
vt 0.50505728 0.62720025
vt 0.50477099 0.62720442
vt 0.50477099 0.62742323
vt 0.50505728 0.62741703
vt 0.50477099 0.62763059
vt 0.50505728 0.62762249
vt 0.50505728 0.62741703
vt 0.50477099 0.62782270
vt 0.50505728 0.62781292
vt 0.50505728 0.62762249
vt 0.50477099 0.62799650
vt 0.50505728 0.62798512
vt 0.50505728 0.62781292
vt 0.50477099 0.62814891
vt 0.50505728 0.62813616
vt 0.50505728 0.62798512
vt 0.50477099 0.36608699
vt 0.50505728 0.36606511
vt 0.50505728 0.36658052
vt 0.50477099 0.36552590
vt 0.50505728 0.36550915
vt 0.50505728 0.36606511
vt 0.50477099 0.36552590
vt 0.50477099 0.36493349
vt 0.50505728 0.36492220
vt 0.50477099 0.36493349
vt 0.50477099 0.36431995
vt 0.50505728 0.36431423
vt 0.50477099 -0.36369568
vt 0.50505728 -0.36369568
vt 0.50505728 0.36431423
vt 0.50477099 -0.36369568
vt 0.50477099 -0.36431995
vt 0.50505728 -0.36431423
vt 0.50477099 -0.36493349
vt 0.50505728 -0.36492220
vt 0.50505728 -0.36431423
vt 0.50477099 -0.36552590
vt 0.50505728 -0.36550915
vt 0.50505728 -0.36492220
vt 0.50477099 -0.36552590
vt 0.50477099 -0.36608699
vt 0.50505728 -0.36606511
vt 0.50477099 -0.36608699
vt 0.50477099 -0.36660716
vt 0.50505728 -0.36658052
vt 0.50477099 0.62814891
vt 0.50477099 0.62799650
vt 0.50505728 0.62798512
vt 0.50477099 0.62799650
vt 0.50477099 0.62782270
vt 0.50505728 0.62781292
vt 0.50477099 0.62782270
vt 0.50477099 0.62763059
vt 0.50505728 0.62762249
vt 0.50477099 0.62763059
vt 0.50477099 0.62742323
vt 0.50505728 0.62741703
vt 0.50477099 0.62720442
vt 0.50505728 0.62720025
vt 0.50505728 0.62741703
vt 0.50477099 0.62697768
vt 0.50505728 0.62697560
vt 0.50505728 0.62720025
vt 0.50477099 0.19895585
vt 0.50505728 0.19895585
vt 0.50505728 0.62697560
vt 0.50477099 0.19895585
vt 0.50477099 0.19872519
vt 0.50505728 0.19872729
vt 0.50477099 0.19849850
vt 0.50505728 0.19850266
vt 0.50505728 0.19872729
vt 0.50477099 0.19827962
vt 0.50505728 0.19828580
vt 0.50505728 0.19850266
vt 0.50477099 0.19827962
vt 0.50477099 0.19807231
vt 0.50505728 0.19808039
vt 0.50477099 0.19807231
vt 0.50477099 0.19788012
vt 0.50505728 0.19788995
vt 0.50477099 0.19788012
vt 0.50477099 0.19770633
vt 0.50505728 0.19771776
vt 0.50477099 0.19755393
vt 0.50505728 0.19756673
vt 0.50505728 0.19771776
vt 0.50477099 -0.36608699
vt 0.50505728 -0.36606511
vt 0.50505728 -0.36658052
vt 0.50477099 -0.36552590
vt 0.50505728 -0.36550915
vt 0.50505728 -0.36606511
vt 0.50477099 -0.36552590
vt 0.50477099 -0.36493349
vt 0.50505728 -0.36492220
vt 0.50477099 -0.36493349
vt 0.50477099 -0.36431995
vt 0.50505728 -0.36431423
vt 0.50477099 0.36369568
vt 0.50505728 0.36369568
vt 0.50505728 -0.36431423
vt 0.50477099 0.36369568
vt 0.50477099 0.36431995
vt 0.50505728 0.36431423
vt 0.50477099 0.36493349
vt 0.50505728 0.36492220
vt 0.50505728 0.36431423
vt 0.50477099 0.36552590
vt 0.50505728 0.36550915
vt 0.50505728 0.36492220
vt 0.50477099 0.36552590
vt 0.50477099 0.36608699
vt 0.50505728 0.36606511
vt 0.50477099 0.36608699
vt 0.50477099 0.36660716
vt 0.50505728 0.36658052
vt 0.50477099 0.19755393
vt 0.50477099 0.19770633
vt 0.50505728 0.19771776
vt 0.50477099 0.19788012
vt 0.50505728 0.19788995
vt 0.50505728 0.19771776
vt 0.50477099 0.19807231
vt 0.50505728 0.19808039
vt 0.50505728 0.19788995
vt 0.50477099 0.19827962
vt 0.50505728 0.19828580
vt 0.50505728 0.19808039
vt 0.50477099 0.19827962
vt 0.50477099 0.19849850
vt 0.50505728 0.19850266
vt 0.50477099 0.19849850
vt 0.50477099 0.19872519
vt 0.50505728 0.19872729
vt 0.50477099 0.62674701
vt 0.50505728 0.62674701
vt 0.50505728 0.19872729
vt 0.36839405 0.62697560
vt 0.36827573 0.62696981
vt 0.36831519 0.62674701
vt 0.36839405 0.62697560
vt 0.36827314 0.62720025
vt 0.36815780 0.62718880
vt 0.36827314 0.62720025
vt 0.36807388 0.62741703
vt 0.36796361 0.62740016
vt 0.36779970 0.62762249
vt 0.36769632 0.62760049
vt 0.36796361 0.62740016
vt 0.36745530 0.62781292
vt 0.36736062 0.62778610
vt 0.36769632 0.62760049
vt 0.36745530 0.62781292
vt 0.36704656 0.62798512
vt 0.36696219 0.62795389
vt 0.36704656 0.62798512
vt 0.36658052 0.62813616
vt 0.36650786 0.62810117
vt 0.36606511 0.62826341
vt 0.36600545 0.62822521
vt 0.36650786 0.62810117
vt 0.36550915 0.62836468
vt 0.36546350 0.62832391
vt 0.36600545 0.62822521
vt 0.36550915 0.62836468
vt 0.36492220 0.62843829
vt 0.36489132 0.62839568
vt 0.36492220 0.62843829
vt 0.36431423 0.62848300
vt 0.36429864 0.62843925
vt -0.36369568 0.62849796
vt -0.36369568 0.62845385
vt 0.36429864 0.62843925
vt -0.36369568 0.62849796
vt -0.36431423 0.62848300
vt -0.36429864 0.62843925
vt -0.36492220 0.62843829
vt -0.36489132 0.62839568
vt -0.36429864 0.62843925
vt -0.36550915 0.62836468
vt -0.36546350 0.62832391
vt -0.36489132 0.62839568
vt -0.36550915 0.62836468
vt -0.36606511 0.62826341
vt -0.36600545 0.62822521
vt -0.36606511 0.62826341
vt -0.36658052 0.62813616
vt -0.36650786 0.62810117
vt -0.36704656 0.62798512
vt -0.36696219 0.62795389
vt -0.36650786 0.62810117
vt -0.36745530 0.62781292
vt -0.36736062 0.62778610
vt -0.36696219 0.62795389
vt -0.36745530 0.62781292
vt -0.36779970 0.62762249
vt -0.36769632 0.62760049
vt -0.36779970 0.62762249
vt -0.36807388 0.62741703
vt -0.36796361 0.62740016
vt -0.36827314 0.62720025
vt -0.36815780 0.62718880
vt -0.36796361 0.62740016
vt -0.36839405 0.62697560
vt -0.36827573 0.62696981
vt -0.36815780 0.62718880
vt -0.36843461 0.19895585
vt -0.36831519 0.19895585
vt -0.36827573 0.62696981
vt -0.36839405 0.19872729
vt -0.36827573 0.19873305
vt -0.36831519 0.19895585
vt -0.36827314 0.19850266
vt -0.36815780 0.19851407
vt -0.36827573 0.19873305
vt -0.36807388 0.19828580
vt -0.36796361 0.19830266
vt -0.36815780 0.19851407
vt -0.36779970 0.19808039
vt -0.36769632 0.19810243
vt -0.36796361 0.19830266
vt -0.36779970 0.19808039
vt -0.36745530 0.19788995
vt -0.36736062 0.19791681
vt -0.36745530 0.19788995
vt -0.36704656 0.19771776
vt -0.36696219 0.19774894
vt -0.36704656 0.19771776
vt -0.36658052 0.19756673
vt -0.36650786 0.19760172
vt -0.36658052 0.19756673
vt -0.36606511 0.19743951
vt -0.36600545 0.19747770
vt -0.36606511 0.19743951
vt -0.36550915 0.19733821
vt -0.36546350 0.19737895
vt -0.36550915 0.19733821
vt -0.36492220 0.19726458
vt -0.36489132 0.19730718
vt -0.36492220 0.19726458
vt -0.36431423 0.19721991
vt -0.36429864 0.19726361
vt 0.36369568 0.19720492
vt 0.36369568 0.19724901
vt -0.36429864 0.19726361
vt 0.36369568 0.19720492
vt 0.36431423 0.19721991
vt 0.36429864 0.19726361
vt 0.36492220 0.19726458
vt 0.36489132 0.19730718
vt 0.36429864 0.19726361
vt 0.36550915 0.19733821
vt 0.36546350 0.19737895
vt 0.36489132 0.19730718
vt 0.36606511 0.19743951
vt 0.36600545 0.19747770
vt 0.36546350 0.19737895
vt 0.36658052 0.19756673
vt 0.36650786 0.19760172
vt 0.36600545 0.19747770
vt 0.36704656 0.19771776
vt 0.36696219 0.19774894
vt 0.36650786 0.19760172
vt 0.36745530 0.19788995
vt 0.36736062 0.19791681
vt 0.36696219 0.19774894
vt 0.36779970 0.19808039
vt 0.36769632 0.19810243
vt 0.36736062 0.19791681
vt 0.36779970 0.19808039
vt 0.36807388 0.19828580
vt 0.36796361 0.19830266
vt 0.36807388 0.19828580
vt 0.36827314 0.19850266
vt 0.36815780 0.19851407
vt 0.36827314 0.19850266
vt 0.36839405 0.19872729
vt 0.36827573 0.19873305
vt 0.36843461 0.62674701
vt 0.36831519 0.62674701
vt 0.36827573 0.19873305
vt 0.36827573 0.62696981
vt 0.36811408 0.62696201
vt 0.36815217 0.62674701
vt 0.36815780 0.62718880
vt 0.36800033 0.62717324
vt 0.36811408 0.62696201
vt 0.36796361 0.62740016
vt 0.36781296 0.62737715
vt 0.36800033 0.62717324
vt 0.36796361 0.62740016
vt 0.36769632 0.62760049
vt 0.36755511 0.62757033
vt 0.36769632 0.62760049
vt 0.36736062 0.62778610
vt 0.36723125 0.62774944
vt 0.36696219 0.62795389
vt 0.36684692 0.62791133
vt 0.36723125 0.62774944
vt 0.36696219 0.62795389
vt 0.36650786 0.62810117
vt 0.36640862 0.62805337
vt 0.36650786 0.62810117
vt 0.36600545 0.62822521
vt 0.36592394 0.62817299
vt 0.36600545 0.62822521
vt 0.36546350 0.62832391
vt 0.36540112 0.62826824
vt 0.36489132 0.62839568
vt 0.36484909 0.62833750
vt 0.36540112 0.62826824
vt 0.36429864 0.62843925
vt 0.36427736 0.62837952
vt 0.36484909 0.62833750
vt -0.36369568 0.62845385
vt -0.36369568 0.62839365
vt 0.36427736 0.62837952
vt -0.36429864 0.62843925
vt -0.36427736 0.62837952
vt -0.36369568 0.62839365
vt -0.36429864 0.62843925
vt -0.36489132 0.62839568
vt -0.36484909 0.62833750
vt -0.36489132 0.62839568
vt -0.36546350 0.62832391
vt -0.36540112 0.62826824
vt -0.36600545 0.62822521
vt -0.36592394 0.62817299
vt -0.36540112 0.62826824
vt -0.36650786 0.62810117
vt -0.36640862 0.62805337
vt -0.36592394 0.62817299
vt -0.36696219 0.62795389
vt -0.36684692 0.62791133
vt -0.36640862 0.62805337
vt -0.36696219 0.62795389
vt -0.36736062 0.62778610
vt -0.36723125 0.62774944
vt -0.36769632 0.62760049
vt -0.36755511 0.62757033
vt -0.36723125 0.62774944
vt -0.36796361 0.62740016
vt -0.36781296 0.62737715
vt -0.36755511 0.62757033
vt -0.36796361 0.62740016
vt -0.36815780 0.62718880
vt -0.36800033 0.62717324
vt -0.36815780 0.62718880
vt -0.36827573 0.62696981
vt -0.36811408 0.62696201
vt -0.36831519 0.19895585
vt -0.36815217 0.19895585
vt -0.36811408 0.62696201
vt -0.36831519 0.19895585
vt -0.36827573 0.19873305
vt -0.36811408 0.19874093
vt -0.36827573 0.19873305
vt -0.36815780 0.19851407
vt -0.36800033 0.19852968
vt -0.36815780 0.19851407
vt -0.36796361 0.19830266
vt -0.36781296 0.19832572
vt -0.36796361 0.19830266
vt -0.36769632 0.19810243
vt -0.36755511 0.19813256
vt -0.36736062 0.19791681
vt -0.36723125 0.19795346
vt -0.36755511 0.19813256
vt -0.36696219 0.19774894
vt -0.36684692 0.19779152
vt -0.36723125 0.19795346
vt -0.36650786 0.19760172
vt -0.36640862 0.19764952
vt -0.36684692 0.19779152
vt -0.36650786 0.19760172
vt -0.36600545 0.19747770
vt -0.36592394 0.19752985
vt -0.36600545 0.19747770
vt -0.36546350 0.19737895
vt -0.36540112 0.19743459
vt -0.36489132 0.19730718
vt -0.36484909 0.19736537
vt -0.36540112 0.19743459
vt -0.36429864 0.19726361
vt -0.36427736 0.19732335
vt -0.36484909 0.19736537
vt 0.36369568 0.19724901
vt 0.36369568 0.19730927
vt -0.36427736 0.19732335
vt 0.36369568 0.19724901
vt 0.36429864 0.19726361
vt 0.36427736 0.19732335
vt 0.36429864 0.19726361
vt 0.36489132 0.19730718
vt 0.36484909 0.19736537
vt 0.36489132 0.19730718
vt 0.36546350 0.19737895
vt 0.36540112 0.19743459
vt 0.36600545 0.19747770
vt 0.36592394 0.19752985
vt 0.36540112 0.19743459
vt 0.36650786 0.19760172
vt 0.36640862 0.19764952
vt 0.36592394 0.19752985
vt 0.36650786 0.19760172
vt 0.36696219 0.19774894
vt 0.36684692 0.19779152
vt 0.36696219 0.19774894
vt 0.36736062 0.19791681
vt 0.36723125 0.19795346
vt 0.36736062 0.19791681
vt 0.36769632 0.19810243
vt 0.36755511 0.19813256
vt 0.36796361 0.19830266
vt 0.36781296 0.19832572
vt 0.36755511 0.19813256
vt 0.36815780 0.19851407
vt 0.36800033 0.19852968
vt 0.36781296 0.19832572
vt 0.36827573 0.19873305
vt 0.36811408 0.19874093
vt 0.36800033 0.19852968
vt 0.36831519 0.62674701
vt 0.36815217 0.62674701
vt 0.36811408 0.19874093
vt 0.36815217 0.62674701
vt 0.36811408 0.19874093
vt -0.36815217 0.19895585
vt 0.36811408 0.19874093
vt 0.36800033 0.19852968
vt 0.36592394 0.19752985
vt -0.36815217 0.19895585
vt 0.36811408 0.19874093
vt 0.36592394 0.19752985
vt 0.36800033 0.19852968
vt 0.36781296 0.19832572
vt 0.36755511 0.19813256
vt 0.36755511 0.19813256
vt 0.36723125 0.19795346
vt 0.36684692 0.19779152
vt 0.36684692 0.19779152
vt 0.36640862 0.19764952
vt 0.36755511 0.19813256
vt 0.36640862 0.19764952
vt 0.36592394 0.19752985
vt 0.36755511 0.19813256
vt 0.36592394 0.19752985
vt 0.36540112 0.19743459
vt 0.36484909 0.19736537
vt 0.36484909 0.19736537
vt 0.36427736 0.19732335
vt 0.36369568 0.19730927
vt 0.36369568 0.19730927
vt -0.36427736 0.19732335
vt -0.36592394 0.19752985
vt -0.36427736 0.19732335
vt -0.36484909 0.19736537
vt -0.36592394 0.19752985
vt -0.36484909 0.19736537
vt -0.36540112 0.19743459
vt -0.36592394 0.19752985
vt -0.36592394 0.19752985
vt -0.36640862 0.19764952
vt -0.36755511 0.19813256
vt -0.36640862 0.19764952
vt -0.36684692 0.19779152
vt -0.36755511 0.19813256
vt -0.36684692 0.19779152
vt -0.36723125 0.19795346
vt -0.36755511 0.19813256
vt -0.36755511 0.19813256
vt -0.36781296 0.19832572
vt -0.36800033 0.19852968
vt -0.36800033 0.19852968
vt -0.36811408 0.19874093
vt -0.36815217 0.19895585
vt -0.36815217 0.19895585
vt -0.36811408 0.62696201
vt 0.36815217 0.62674701
vt -0.36811408 0.62696201
vt -0.36800033 0.62717324
vt -0.36592394 0.62817299
vt 0.36815217 0.62674701
vt -0.36811408 0.62696201
vt -0.36369568 0.62839365
vt -0.36800033 0.62717324
vt -0.36781296 0.62737715
vt -0.36755511 0.62757033
vt -0.36755511 0.62757033
vt -0.36723125 0.62774944
vt -0.36592394 0.62817299
vt -0.36723125 0.62774944
vt -0.36684692 0.62791133
vt -0.36592394 0.62817299
vt -0.36684692 0.62791133
vt -0.36640862 0.62805337
vt -0.36592394 0.62817299
vt -0.36592394 0.62817299
vt -0.36540112 0.62826824
vt -0.36484909 0.62833750
vt -0.36484909 0.62833750
vt -0.36427736 0.62837952
vt -0.36592394 0.62817299
vt -0.36427736 0.62837952
vt -0.36369568 0.62839365
vt -0.36592394 0.62817299
vt -0.36369568 0.62839365
vt 0.36427736 0.62837952
vt 0.36815217 0.62674701
vt 0.36427736 0.62837952
vt 0.36484909 0.62833750
vt 0.36592394 0.62817299
vt 0.36484909 0.62833750
vt 0.36540112 0.62826824
vt 0.36592394 0.62817299
vt 0.36592394 0.62817299
vt 0.36640862 0.62805337
vt 0.36684692 0.62791133
vt 0.36684692 0.62791133
vt 0.36723125 0.62774944
vt 0.36592394 0.62817299
vt 0.36723125 0.62774944
vt 0.36755511 0.62757033
vt 0.36592394 0.62817299
vt 0.36755511 0.62757033
vt 0.36781296 0.62737715
vt 0.36815217 0.62674701
vt 0.36781296 0.62737715
vt 0.36800033 0.62717324
vt 0.36815217 0.62674701
vt 0.36800033 0.62717324
vt 0.36811408 0.62696201
vt 0.36815217 0.62674701
vt 0.36800033 0.19852968
vt 0.36755511 0.19813256
vt 0.36592394 0.19752985
vt 0.36592394 0.19752985
vt 0.36484909 0.19736537
vt 0.36369568 0.19730927
vt -0.36755511 0.19813256
vt -0.36800033 0.19852968
vt -0.36815217 0.19895585
vt -0.36800033 0.62717324
vt -0.36755511 0.62757033
vt -0.36592394 0.62817299
vt -0.36811408 0.62696201
vt -0.36592394 0.62817299
vt -0.36369568 0.62839365
vt 0.36427736 0.62837952
vt 0.36592394 0.62817299
vt 0.36815217 0.62674701
vt 0.36592394 0.19752985
vt 0.36369568 0.19730927
vt -0.36592394 0.19752985
vt -0.36592394 0.19752985
vt -0.36755511 0.19813256
vt -0.36815217 0.19895585
vt 0.36592394 0.62817299
vt 0.36755511 0.62757033
vt 0.36815217 0.62674701
vt 0.36811408 0.19874093
vt 0.36815217 0.62674701
vt -0.36815217 0.19895585
vt 0.36815217 0.62674701
vt 0.36811408 0.62696201
vt 0.36640862 0.62805337
vt -0.36811408 0.62696201
vt 0.36815217 0.62674701
vt 0.36640862 0.62805337
vt 0.36811408 0.62696201
vt 0.36800033 0.62717324
vt 0.36781296 0.62737715
vt 0.36781296 0.62737715
vt 0.36755511 0.62757033
vt 0.36640862 0.62805337
vt 0.36755511 0.62757033
vt 0.36723125 0.62774944
vt 0.36640862 0.62805337
vt 0.36723125 0.62774944
vt 0.36684692 0.62791133
vt 0.36640862 0.62805337
vt 0.36640862 0.62805337
vt 0.36592394 0.62817299
vt 0.36427736 0.62837952
vt 0.36592394 0.62817299
vt 0.36540112 0.62826824
vt 0.36427736 0.62837952
vt 0.36540112 0.62826824
vt 0.36484909 0.62833750
vt 0.36427736 0.62837952
vt 0.36427736 0.62837952
vt -0.36369568 0.62839365
vt -0.36540112 0.62826824
vt -0.36369568 0.62839365
vt -0.36427736 0.62837952
vt -0.36540112 0.62826824
vt -0.36427736 0.62837952
vt -0.36484909 0.62833750
vt -0.36540112 0.62826824
vt -0.36540112 0.62826824
vt -0.36592394 0.62817299
vt -0.36723125 0.62774944
vt -0.36592394 0.62817299
vt -0.36640862 0.62805337
vt -0.36723125 0.62774944
vt -0.36640862 0.62805337
vt -0.36684692 0.62791133
vt -0.36723125 0.62774944
vt -0.36723125 0.62774944
vt -0.36755511 0.62757033
vt -0.36781296 0.62737715
vt -0.36781296 0.62737715
vt -0.36800033 0.62717324
vt -0.36811408 0.62696201
vt -0.36811408 0.62696201
vt -0.36815217 0.19895585
vt 0.36815217 0.62674701
vt -0.36815217 0.19895585
vt -0.36811408 0.19874093
vt -0.36640862 0.19764952
vt 0.36811408 0.19874093
vt -0.36815217 0.19895585
vt -0.36427736 0.19732335
vt -0.36811408 0.19874093
vt -0.36800033 0.19852968
vt -0.36781296 0.19832572
vt -0.36781296 0.19832572
vt -0.36755511 0.19813256
vt -0.36640862 0.19764952
vt -0.36755511 0.19813256
vt -0.36723125 0.19795346
vt -0.36640862 0.19764952
vt -0.36723125 0.19795346
vt -0.36684692 0.19779152
vt -0.36640862 0.19764952
vt -0.36640862 0.19764952
vt -0.36592394 0.19752985
vt -0.36540112 0.19743459
vt -0.36540112 0.19743459
vt -0.36484909 0.19736537
vt -0.36640862 0.19764952
vt -0.36484909 0.19736537
vt -0.36427736 0.19732335
vt -0.36640862 0.19764952
vt -0.36427736 0.19732335
vt 0.36369568 0.19730927
vt 0.36811408 0.19874093
vt 0.36369568 0.19730927
vt 0.36427736 0.19732335
vt 0.36540112 0.19743459
vt 0.36427736 0.19732335
vt 0.36484909 0.19736537
vt 0.36540112 0.19743459
vt 0.36540112 0.19743459
vt 0.36592394 0.19752985
vt 0.36640862 0.19764952
vt 0.36640862 0.19764952
vt 0.36684692 0.19779152
vt 0.36723125 0.19795346
vt 0.36723125 0.19795346
vt 0.36755511 0.19813256
vt 0.36811408 0.19874093
vt 0.36755511 0.19813256
vt 0.36781296 0.19832572
vt 0.36811408 0.19874093
vt 0.36781296 0.19832572
vt 0.36800033 0.19852968
vt 0.36811408 0.19874093
vt 0.36811408 0.62696201
vt 0.36781296 0.62737715
vt 0.36640862 0.62805337
vt -0.36723125 0.62774944
vt -0.36781296 0.62737715
vt -0.36540112 0.62826824
vt -0.36781296 0.62737715
vt -0.36811408 0.62696201
vt -0.36540112 0.62826824
vt -0.36811408 0.19874093
vt -0.36781296 0.19832572
vt -0.36640862 0.19764952
vt -0.36815217 0.19895585
vt -0.36640862 0.19764952
vt -0.36427736 0.19732335
vt 0.36369568 0.19730927
vt 0.36540112 0.19743459
vt 0.36811408 0.19874093
vt 0.36540112 0.19743459
vt 0.36640862 0.19764952
vt 0.36811408 0.19874093
vt 0.36640862 0.19764952
vt 0.36723125 0.19795346
vt 0.36811408 0.19874093
vt 0.36640862 0.62805337
vt 0.36427736 0.62837952
vt -0.36540112 0.62826824
vn -0.96589917 0.25877464 0.00863720
vn -0.86127025 0.50380063 0.06632019
vn -0.86363441 0.50384527 0.01659756
vn -0.96590173 0.25669473 0.03378743
vn -0.86152387 0.49041972 0.13139679
vn -0.86127025 0.50380063 0.06632019
vn -0.96594220 0.24993426 0.06699611
vn -0.86118269 0.46959734 0.19453177
vn -0.86152387 0.49041972 0.13139679
vn -0.96594697 0.22409965 0.12932792
vn -0.86118269 0.46959734 0.19453177
vn -0.96591777 0.23915611 0.09903140
vn -0.96600193 0.20502819 0.15749195
vn -0.86136007 0.43996513 0.25394773
vn -0.96594697 0.22409965 0.12932792
vn -0.96600193 0.20502819 0.15749195
vn -0.86111778 0.35954818 0.35944560
vn -0.86133021 0.40299186 0.30936688
vn -0.96605355 0.15727960 0.20494793
vn -0.86111778 0.35954818 0.35944560
vn -0.96589029 0.18315078 0.18306215
vn -0.96594507 0.12938452 0.22407524
vn -0.86142790 0.30919167 0.40291736
vn -0.96605355 0.15727960 0.20494793
vn -0.96607882 0.09873237 0.23862877
vn -0.86150384 0.25387457 0.43972591
vn -0.96594507 0.12938452 0.22407524
vn -0.96607882 0.09873237 0.23862877
vn -0.86128366 0.13155015 0.49080032
vn -0.86148578 0.19423494 0.46916416
vn -0.96587378 0.06706051 0.25018153
vn -0.85890394 0.04986962 0.50970292
vn -0.86128366 0.13155015 0.49080032
vn -0.96587902 0.02479829 0.25780392
vn -0.86359555 -0.01660169 0.50391179
vn -0.85890394 0.04986962 0.50970292
vn -0.96587157 -0.00865956 0.25887665
vn -0.86136514 -0.06632024 0.50363839
vn -0.86359555 -0.01660169 0.50391179
vn -0.96587378 -0.06706051 0.25018153
vn -0.86136514 -0.06632024 0.50363839
vn -0.96597713 -0.03374298 0.25641662
vn -0.96607882 -0.09873237 0.23862879
vn -0.86128372 -0.13155013 0.49080029
vn -0.96587378 -0.06706051 0.25018153
vn -0.96607882 -0.09873237 0.23862879
vn -0.86150378 -0.25387460 0.43972594
vn -0.86148578 -0.19423494 0.46916422
vn -0.96594507 -0.12938452 0.22407524
vn -0.86142790 -0.30919170 0.40291739
vn -0.86150378 -0.25387460 0.43972594
vn -0.96605355 -0.15727960 0.20494793
vn -0.86111778 -0.35954821 0.35944569
vn -0.86142790 -0.30919170 0.40291739
vn -0.96600193 -0.20502818 0.15749195
vn -0.86111778 -0.35954821 0.35944569
vn -0.96589029 -0.18315078 0.18306215
vn -0.96600193 -0.20502818 0.15749195
vn -0.86136007 -0.43996522 0.25394773
vn -0.86133021 -0.40299186 0.30936688
vn -0.96594697 -0.22409967 0.12932794
vn -0.86118275 -0.46959731 0.19453175
vn -0.86136007 -0.43996522 0.25394773
vn -0.96594220 -0.24993427 0.06699611
vn -0.86118275 -0.46959731 0.19453175
vn -0.96591777 -0.23915611 0.09903140
vn -0.96592104 -0.25764102 0.02485443
vn -0.86152387 -0.49041972 0.13139679
vn -0.96594220 -0.24993427 0.06699611
vn -0.96592104 -0.25764102 0.02485443
vn -0.86358875 -0.50392377 -0.01659438
vn -0.85893160 -0.50965494 0.04988222
vn -0.96593785 -0.25656158 -0.03376673
vn -0.86358875 -0.50392377 -0.01659438
vn -0.96587145 -0.25887832 -0.00862819
vn -0.96597439 -0.24981634 -0.06697135
vn -0.86135828 -0.50365531 -0.06628090
vn -0.96593785 -0.25656158 -0.03376673
vn -0.96596289 -0.23898169 -0.09901237
vn -0.86142659 -0.49056637 -0.13148697
vn -0.96597439 -0.24981634 -0.06697135
vn -0.96593362 -0.22412755 -0.12937942
vn -0.86131734 -0.46939099 -0.19443367
vn -0.96596289 -0.23898169 -0.09901237
vn -0.96593362 -0.22412755 -0.12937942
vn -0.86140233 -0.40294999 -0.30922028
vn -0.86135370 -0.43992642 -0.25403631
vn -0.96594024 -0.20531687 -0.15749411
vn -0.86134946 -0.35926926 -0.35916939
vn -0.86140233 -0.40294999 -0.30922028
vn -0.96592009 -0.18307672 -0.18297914
vn -0.86133736 -0.30926096 -0.40305781
vn -0.86134946 -0.35926926 -0.35916939
vn -0.96592081 -0.12939475 -0.22417392
vn -0.86133736 -0.30926096 -0.40305781
vn -0.96593291 -0.15754749 -0.20531058
vn -0.96594495 -0.09898429 -0.23906571
vn -0.86142826 -0.25392732 -0.43984345
vn -0.96592081 -0.12939475 -0.22417392
vn -0.96594495 -0.09898429 -0.23906571
vn -0.86139762 -0.13150468 -0.49061254
vn -0.86134434 -0.19438277 -0.46936247
vn -0.96596438 -0.06699881 -0.24984810
vn -0.85887122 -0.04984756 -0.50976008
vn -0.86139762 -0.13150468 -0.49061254
vn -0.96594810 -0.02479391 -0.25754496
vn -0.86363536 0.01656011 -0.50384504
vn -0.85887122 -0.04984756 -0.50976008
vn -0.96597666 0.03374593 -0.25641829
vn -0.86363536 0.01656011 -0.50384504
vn -0.96595287 0.00860281 -0.25857511
vn -0.96596438 0.06699881 -0.24984811
vn -0.86124700 0.06633807 -0.50383818
vn -0.96597666 0.03374593 -0.25641829
vn -0.96594495 0.09898429 -0.23906571
vn -0.86139762 0.13150470 -0.49061251
vn -0.96596438 0.06699881 -0.24984811
vn -0.96594495 0.09898429 -0.23906571
vn -0.86142826 0.25392735 -0.43984342
vn -0.86134440 0.19438279 -0.46936247
vn -0.96592081 0.12939475 -0.22417392
vn -0.86133736 0.30926096 -0.40305784
vn -0.86142826 0.25392735 -0.43984342
vn -0.96592009 0.18307674 -0.18297915
vn -0.86133736 0.30926096 -0.40305784
vn -0.96593291 0.15754749 -0.20531058
vn -0.96594024 0.20531689 -0.15749411
vn -0.86134946 0.35926926 -0.35916942
vn -0.96592009 0.18307674 -0.18297915
vn -0.96593368 0.22412752 -0.12937942
vn -0.86140245 0.40294999 -0.30922025
vn -0.96594024 0.20531689 -0.15749411
vn -0.96593368 0.22412752 -0.12937942
vn -0.86131746 0.46939093 -0.19443367
vn -0.86135370 0.43992639 -0.25403631
vn -0.96596289 0.23898169 -0.09901237
vn -0.86142665 0.49056637 -0.13148697
vn -0.86131746 0.46939093 -0.19443367
vn -0.96597439 0.24981634 -0.06697135
vn -0.85896111 0.50960892 -0.04984564
vn -0.86142665 0.49056637 -0.13148697
vn -0.96594787 0.25754344 -0.02481907
vn -0.86363441 0.50384527 0.01659756
vn -0.85896111 0.50960892 -0.04984564
vn -0.86363441 0.50384527 0.01659756
vn -0.49545887 0.86119592 0.11341131
vn -0.49757314 0.86695963 0.02831934
vn -0.86152387 0.49041972 0.13139679
vn -0.49545887 0.86119592 0.11341131
vn -0.86127025 0.50380063 0.06632019
vn -0.86118269 0.46959734 0.19453177
vn -0.49553326 0.83899987 0.22477975
vn -0.86152387 0.49041972 0.13139679
vn -0.86118269 0.46959734 0.19453177
vn -0.49549580 0.75226641 0.43425691
vn -0.49506116 0.80270708 0.33252931
vn -0.86136007 0.43996513 0.25394773
vn -0.49523827 0.68922234 0.52887762
vn -0.49549580 0.75226641 0.43425691
vn -0.86111778 0.35954818 0.35944560
vn -0.49523827 0.68922234 0.52887762
vn -0.86133021 0.40299186 0.30936688
vn -0.86142790 0.30919167 0.40291736
vn -0.49492130 0.61441827 0.61444551
vn -0.86111778 0.35954818 0.35944560
vn -0.86142790 0.30919167 0.40291736
vn -0.49511334 0.43444324 0.75241071
vn -0.49568260 0.52871412 0.68902844
vn -0.86150384 0.25387457 0.43972591
vn -0.49555075 0.33229616 0.80250150
vn -0.49511334 0.43444324 0.75241071
vn -0.86128366 0.13155015 0.49080032
vn -0.49555075 0.33229616 0.80250150
vn -0.86148578 0.19423494 0.46916416
vn -0.85890394 0.04986962 0.50970292
vn -0.49568409 0.22486030 0.83888924
vn -0.86128366 0.13155015 0.49080032
vn -0.85890394 0.04986962 0.50970292
vn -0.49749500 -0.02826122 0.86700642
vn -0.49369550 0.08555467 0.86541611
vn -0.86136514 -0.06632024 0.50363839
vn -0.49749500 -0.02826122 0.86700642
vn -0.86359555 -0.01660169 0.50391179
vn -0.86136514 -0.06632024 0.50363839
vn -0.49568409 -0.22486030 0.83888924
vn -0.49548432 -0.11339231 0.86118376
vn -0.86128372 -0.13155013 0.49080029
vn -0.49555075 -0.33229613 0.80250150
vn -0.49568409 -0.22486030 0.83888924
vn -0.86150378 -0.25387460 0.43972594
vn -0.49555075 -0.33229613 0.80250150
vn -0.86148578 -0.19423494 0.46916422
vn -0.86142790 -0.30919170 0.40291739
vn -0.49511331 -0.43444324 0.75241065
vn -0.86150378 -0.25387460 0.43972594
vn -0.86142790 -0.30919170 0.40291739
vn -0.49492130 -0.61441827 0.61444551
vn -0.49568260 -0.52871412 0.68902844
vn -0.86111778 -0.35954821 0.35944569
vn -0.49523833 -0.68922234 0.52887768
vn -0.49492130 -0.61441827 0.61444551
vn -0.86136007 -0.43996522 0.25394773
vn -0.49523833 -0.68922234 0.52887768
vn -0.86133021 -0.40299186 0.30936688
vn -0.86118275 -0.46959731 0.19453175
vn -0.49549586 -0.75226647 0.43425685
vn -0.86136007 -0.43996522 0.25394773
vn -0.86118275 -0.46959731 0.19453175
vn -0.49553326 -0.83899987 0.22477975
vn -0.49506116 -0.80270708 0.33252931
vn -0.86152387 -0.49041972 0.13139679
vn -0.49310058 -0.86575997 0.08550746
vn -0.49553326 -0.83899987 0.22477975
vn -0.85893160 -0.50965494 0.04988222
vn -0.49756515 -0.86696357 -0.02834100
vn -0.49310058 -0.86575997 0.08550746
vn -0.86358875 -0.50392377 -0.01659438
vn -0.49537829 -0.86124915 -0.11335891
vn -0.49756515 -0.86696357 -0.02834100
vn -0.86135828 -0.50365531 -0.06628090
vn -0.49527803 -0.83912969 -0.22485787
vn -0.49537829 -0.86124915 -0.11335891
vn -0.86142659 -0.49056637 -0.13148697
vn -0.49536636 -0.80255073 -0.33245230
vn -0.49527803 -0.83912969 -0.22485787
vn -0.86131734 -0.46939099 -0.19443367
vn -0.49540848 -0.75227147 -0.43434796
vn -0.49536636 -0.80255073 -0.33245230
vn -0.86140233 -0.40294999 -0.30922028
vn -0.49540848 -0.75227147 -0.43434796
vn -0.86135370 -0.43992642 -0.25403631
vn -0.86134946 -0.35926926 -0.35916939
vn -0.49541777 -0.68912667 -0.52883434
vn -0.86140233 -0.40294999 -0.30922028
vn -0.86133736 -0.30926096 -0.40305781
vn -0.49545896 -0.61427379 -0.61415637
vn -0.86134946 -0.35926926 -0.35916939
vn -0.86142826 -0.25392732 -0.43984345
vn -0.49533990 -0.52883375 -0.68918306
vn -0.86133736 -0.30926096 -0.40305781
vn -0.86134434 -0.19438277 -0.46936247
vn -0.49541831 -0.43428668 -0.75230032
vn -0.86142826 -0.25392732 -0.43984345
vn -0.86139762 -0.13150468 -0.49061254
vn -0.49535862 -0.33244345 -0.80255914
vn -0.86134434 -0.19438277 -0.46936247
vn -0.85887122 -0.04984756 -0.50976008
vn -0.49556360 -0.22479303 -0.83897847
vn -0.86139762 -0.13150468 -0.49061254
vn -0.85887122 -0.04984756 -0.50976008
vn -0.49755690 0.02828138 -0.86697018
vn -0.49266779 -0.08550724 -0.86600637
vn -0.86124700 0.06633807 -0.50383818
vn -0.49755690 0.02828138 -0.86697018
vn -0.86363536 0.01656011 -0.50384504
vn -0.86124700 0.06633807 -0.50383818
vn -0.49556357 0.22479303 -0.83897847
vn -0.49494752 0.11342124 -0.86148858
vn -0.86139762 0.13150470 -0.49061251
vn -0.49535868 0.33244345 -0.80255920
vn -0.49556357 0.22479303 -0.83897847
vn -0.86134440 0.19438279 -0.46936247
vn -0.49541831 0.43428662 -0.75230032
vn -0.49535868 0.33244345 -0.80255920
vn -0.86142826 0.25392735 -0.43984342
vn -0.49533990 0.52883369 -0.68918312
vn -0.49541831 0.43428662 -0.75230032
vn -0.86133736 0.30926096 -0.40305784
vn -0.49545905 0.61427373 -0.61415642
vn -0.49533990 0.52883369 -0.68918312
vn -0.86134946 0.35926926 -0.35916942
vn -0.49541777 0.68912667 -0.52883434
vn -0.49545905 0.61427373 -0.61415642
vn -0.86140245 0.40294999 -0.30922025
vn -0.49540845 0.75227147 -0.43434790
vn -0.49541777 0.68912667 -0.52883434
vn -0.86131746 0.46939093 -0.19443367
vn -0.49540845 0.75227147 -0.43434790
vn -0.86135370 0.43992639 -0.25403631
vn -0.86142665 0.49056637 -0.13148697
vn -0.49536636 0.80255067 -0.33245230
vn -0.86131746 0.46939093 -0.19443367
vn -0.85896111 0.50960892 -0.04984564
vn -0.49527803 0.83912969 -0.22485787
vn -0.86142665 0.49056637 -0.13148697
vn -0.85896111 0.50960892 -0.04984564
vn -0.49757314 0.86695963 0.02831934
vn -0.49296153 0.86584234 -0.08547501
vn -0.49757314 0.86695963 0.02831934
vn -0.12990770 0.98303676 0.12947097
vn -0.13009895 0.99097359 0.03233532
vn -0.49553326 0.83899987 0.22477975
vn -0.12990770 0.98303676 0.12947097
vn -0.49545887 0.86119592 0.11341131
vn -0.49506116 0.80270708 0.33252931
vn -0.12968750 0.95776057 0.25666296
vn -0.49553326 0.83899987 0.22477975
vn -0.49506116 0.80270708 0.33252931
vn -0.13000458 0.85868281 0.49574453
vn -0.12981892 0.91607451 0.37941352
vn -0.49549580 0.75226641 0.43425691
vn -0.12986667 0.78663278 0.60360873
vn -0.13000458 0.85868281 0.49574453
vn -0.49523827 0.68922234 0.52887762
vn -0.12961164 0.70114619 0.70113826
vn -0.12986667 0.78663278 0.60360873
vn -0.49492130 0.61441827 0.61444551
vn -0.13014217 0.60360229 0.78659219
vn -0.12961164 0.70114619 0.70113826
vn -0.49568260 0.52871412 0.68902844
vn -0.12919819 0.49580878 0.85876745
vn -0.13014217 0.60360229 0.78659219
vn -0.49511334 0.43444324 0.75241071
vn -0.12998582 0.37938547 0.91606241
vn -0.12919819 0.49580878 0.85876745
vn -0.49568409 0.22486030 0.83888924
vn -0.12998582 0.37938547 0.91606241
vn -0.49555075 0.33229616 0.80250150
vn -0.49369550 0.08555467 0.86541611
vn -0.13024318 0.25671941 0.95767003
vn -0.49568409 0.22486030 0.83888924
vn -0.49369550 0.08555467 0.86541611
vn -0.12999298 -0.03226291 0.99098986
vn -0.13020302 0.09754372 0.98667747
vn -0.49548432 -0.11339231 0.86118376
vn -0.12999298 -0.03226291 0.99098986
vn -0.49749500 -0.02826122 0.86700642
vn -0.49548432 -0.11339231 0.86118376
vn -0.13024312 -0.25672153 0.95766944
vn -0.12991939 -0.12941004 0.98304319
vn -0.49568409 -0.22486030 0.83888924
vn -0.12998593 -0.37940091 0.91605604
vn -0.13024312 -0.25672153 0.95766944
vn -0.49511331 -0.43444324 0.75241065
vn -0.12998593 -0.37940091 0.91605604
vn -0.49555075 -0.33229613 0.80250150
vn -0.49568260 -0.52871412 0.68902844
vn -0.12919807 -0.49583340 0.85875326
vn -0.49511331 -0.43444324 0.75241065
vn -0.49492130 -0.61441827 0.61444551
vn -0.13014226 -0.60362250 0.78657663
vn -0.49568260 -0.52871412 0.68902844
vn -0.49523833 -0.68922234 0.52887768
vn -0.12961131 -0.70114309 0.70114124
vn -0.49492130 -0.61441827 0.61444551
vn -0.49549586 -0.75226647 0.43425685
vn -0.12986682 -0.78662097 0.60362411
vn -0.49523833 -0.68922234 0.52887768
vn -0.49506116 -0.80270708 0.33252931
vn -0.13000445 -0.85867715 0.49575427
vn -0.49549586 -0.75226647 0.43425685
vn -0.49506116 -0.80270708 0.33252931
vn -0.12968761 -0.95777053 0.25662562
vn -0.12981910 -0.91607541 0.37941116
vn -0.49553326 -0.83899987 0.22477975
vn -0.12951021 -0.98677784 0.09745017
vn -0.12968761 -0.95777053 0.25662562
vn -0.49310058 -0.86575997 0.08550746
vn -0.13013685 -0.99096811 -0.03235218
vn -0.12951021 -0.98677784 0.09745017
vn -0.49537829 -0.86124915 -0.11335891
vn -0.13013685 -0.99096811 -0.03235218
vn -0.49756515 -0.86696357 -0.02834100
vn -0.49537829 -0.86124915 -0.11335891
vn -0.12969014 -0.95776689 -0.25663787
vn -0.12986851 -0.98304480 -0.12944938
vn -0.49527803 -0.83912969 -0.22485787
vn -0.12991114 -0.91605705 -0.37942383
vn -0.12969014 -0.95776689 -0.25663787
vn -0.49540848 -0.75227147 -0.43434796
vn -0.12991114 -0.91605705 -0.37942383
vn -0.49536636 -0.80255073 -0.33245230
vn -0.49541777 -0.68912667 -0.52883434
vn -0.12988247 -0.85870337 -0.49574092
vn -0.49540848 -0.75227147 -0.43434796
vn -0.49545896 -0.61427379 -0.61415637
vn -0.12983835 -0.78663641 -0.60361010
vn -0.49541777 -0.68912667 -0.52883434
vn -0.49545896 -0.61427379 -0.61415637
vn -0.12983309 -0.60364521 -0.78661036
vn -0.12997931 -0.70112461 -0.70109177
vn -0.49533990 -0.52883375 -0.68918306
vn -0.12972425 -0.49573019 -0.85873353
vn -0.12983309 -0.60364521 -0.78661036
vn -0.49541831 -0.43428668 -0.75230032
vn -0.12983577 -0.37945455 -0.91605514
vn -0.12972425 -0.49573019 -0.85873353
vn -0.49556360 -0.22479303 -0.83897847
vn -0.12983577 -0.37945455 -0.91605514
vn -0.49535862 -0.33244345 -0.80255914
vn -0.49266779 -0.08550724 -0.86600637
vn -0.12998748 -0.25659755 -0.95773739
vn -0.49556360 -0.22479303 -0.83897847
vn -0.49266779 -0.08550724 -0.86600637
vn -0.13016595 0.03234471 -0.99096447
vn -0.12923475 -0.09744468 -0.98681450
vn -0.49494752 0.11342124 -0.86148858
vn -0.13016595 0.03234471 -0.99096447
vn -0.49755690 0.02828138 -0.86697018
vn -0.49494752 0.11342124 -0.86148858
vn -0.12998743 0.25660199 -0.95773619
vn -0.12955822 0.12942010 -0.98308951
vn -0.49556357 0.22479303 -0.83897847
vn -0.12983590 0.37947127 -0.91604811
vn -0.12998743 0.25660199 -0.95773619
vn -0.49541831 0.43428662 -0.75230032
vn -0.12983590 0.37947127 -0.91604811
vn -0.49535868 0.33244345 -0.80255920
vn -0.49533990 0.52883369 -0.68918312
vn -0.12972414 0.49575230 -0.85872072
vn -0.49541831 0.43428662 -0.75230032
vn -0.49545905 0.61427373 -0.61415642
vn -0.12983315 0.60366350 -0.78659630
vn -0.49533990 0.52883369 -0.68918312
vn -0.49545905 0.61427373 -0.61415642
vn -0.12983848 0.78662455 -0.60362548
vn -0.12997894 0.70112336 -0.70109314
vn -0.49541777 0.68912667 -0.52883434
vn -0.12988235 0.85869777 -0.49575067
vn -0.12983848 0.78662455 -0.60362548
vn -0.49540845 0.75227147 -0.43434790
vn -0.12991132 0.91605765 -0.37942249
vn -0.12988235 0.85869777 -0.49575067
vn -0.49527803 0.83912969 -0.22485787
vn -0.12991132 0.91605765 -0.37942249
vn -0.49536636 0.80255067 -0.33245230
vn -0.49296153 0.86584234 -0.08547501
vn -0.12969023 0.95777696 -0.25660017
vn -0.49527803 0.83912969 -0.22485787
vn -0.49296153 0.86584234 -0.08547501
vn -0.13009895 0.99097359 0.03233532
vn -0.12947342 0.98678225 -0.09745485
vn -0.12990770 0.98303676 0.12947097
vn 0.13009699 0.99097288 0.03236515
vn -0.13009895 0.99097359 0.03233532
vn -0.12968750 0.95776057 0.25666296
vn 0.12988113 0.98304224 0.12945619
vn -0.12990770 0.98303676 0.12947097
vn -0.12981892 0.91607451 0.37941352
vn 0.12976576 0.95775485 0.25664458
vn -0.12968750 0.95776057 0.25666296
vn -0.13000458 0.85868281 0.49574453
vn 0.12971272 0.91608018 0.37943599
vn -0.12981892 0.91607451 0.37941352
vn -0.12986667 0.78663278 0.60360873
vn 0.12995176 0.85866886 0.49578243
vn -0.13000458 0.85868281 0.49574453
vn -0.12961164 0.70114619 0.70113826
vn 0.12969717 0.78663701 0.60363972
vn -0.12986667 0.78663278 0.60360873
vn -0.13014217 0.60360229 0.78659219
vn 0.12943552 0.70122188 0.70109510
vn -0.12961164 0.70114619 0.70113826
vn -0.12919819 0.49580878 0.85876745
vn 0.13015704 0.60362428 0.78657287
vn -0.13014217 0.60360229 0.78659219
vn -0.12998582 0.37938547 0.91606241
vn 0.12939985 0.49579704 0.85874385
vn -0.12919819 0.49580878 0.85876745
vn -0.13024318 0.25671941 0.95767003
vn 0.13002834 0.37945718 0.91602671
vn -0.12998582 0.37938547 0.91606241
vn -0.13020302 0.09754372 0.98667747
vn 0.13057101 0.25669867 0.95763093
vn -0.13024318 0.25671941 0.95767003
vn -0.12999298 -0.03226291 0.99098986
vn 0.13012530 0.09754135 0.98668796
vn -0.13020302 0.09754372 0.98667747
vn -0.12991939 -0.12941004 0.98304319
vn 0.12998781 -0.03226383 0.99099052
vn -0.12999298 -0.03226291 0.99098986
vn -0.13024312 -0.25672153 0.95766944
vn 0.12991956 -0.12940452 0.98304397
vn -0.12991939 -0.12941004 0.98304319
vn -0.12998593 -0.37940091 0.91605604
vn 0.13057099 -0.25669506 0.95763189
vn -0.13024312 -0.25672153 0.95766944
vn -0.12919807 -0.49583340 0.85875326
vn 0.13002814 -0.37943918 0.91603416
vn -0.12998593 -0.37940091 0.91605604
vn -0.13014226 -0.60362250 0.78657663
vn 0.12939991 -0.49577749 0.85875517
vn -0.12919807 -0.49583340 0.85875326
vn -0.12961131 -0.70114309 0.70114124
vn 0.13015696 -0.60360420 0.78658843
vn -0.13014226 -0.60362250 0.78657663
vn -0.12986682 -0.78662097 0.60362411
vn 0.12943584 -0.70122182 0.70109510
vn -0.12961131 -0.70114309 0.70114124
vn -0.13000445 -0.85867715 0.49575427
vn 0.12969697 -0.78664917 0.60362381
vn -0.12986682 -0.78662097 0.60362411
vn -0.12981910 -0.91607541 0.37941116
vn 0.12995185 -0.85867488 0.49577203
vn -0.13000445 -0.85867715 0.49575427
vn -0.12968761 -0.95777053 0.25662562
vn 0.12971249 -0.91608042 0.37943557
vn -0.12981910 -0.91607541 0.37941116
vn -0.12951021 -0.98677784 0.09745017
vn 0.12976563 -0.95774454 0.25668311
vn -0.12968761 -0.95777053 0.25662562
vn -0.13013685 -0.99096811 -0.03235218
vn 0.12951839 -0.98677498 0.09746802
vn -0.12951021 -0.98677784 0.09745017
vn -0.12986851 -0.98304480 -0.12944938
vn 0.13009642 -0.99097276 -0.03237215
vn -0.13013685 -0.99096811 -0.03235218
vn -0.12969014 -0.95776689 -0.25663787
vn 0.12990880 -0.98303694 -0.12946838
vn -0.12986851 -0.98304480 -0.12944938
vn -0.12991114 -0.91605705 -0.37942383
vn 0.12967472 -0.95777893 -0.25660089
vn -0.12969014 -0.95776689 -0.25663787
vn -0.12988247 -0.85870337 -0.49574092
vn 0.12990059 -0.91606706 -0.37940338
vn -0.12991114 -0.91605705 -0.37942383
vn -0.12983835 -0.78663641 -0.60361010
vn 0.12988660 -0.85868269 -0.49577561
vn -0.12988247 -0.85870337 -0.49574092
vn -0.12997931 -0.70112461 -0.70109177
vn 0.12984462 -0.78664547 -0.60359699
vn -0.12983835 -0.78663641 -0.60361010
vn -0.12983309 -0.60364521 -0.78661036
vn 0.12992941 -0.70110029 -0.70112526
vn -0.12997931 -0.70112461 -0.70109177
vn -0.12972425 -0.49573019 -0.85873353
vn 0.12983532 -0.60366428 -0.78659534
vn -0.12983309 -0.60364521 -0.78661036
vn -0.12983577 -0.37945455 -0.91605514
vn 0.12981789 -0.49574360 -0.85871160
vn -0.12972425 -0.49573019 -0.85873353
vn -0.12998748 -0.25659755 -0.95773739
vn 0.12983598 -0.37950209 -0.91603529
vn -0.12983577 -0.37945455 -0.91605514
vn -0.12923475 -0.09744468 -0.98681450
vn 0.12993298 -0.25662273 -0.95773810
vn -0.12998748 -0.25659755 -0.95773739
vn -0.13016595 0.03234471 -0.99096447
vn 0.12916489 -0.09743647 -0.98682445
vn -0.12923475 -0.09744468 -0.98681450
vn -0.12955822 0.12942010 -0.98308951
vn 0.13017443 0.03235091 -0.99096316
vn -0.13016595 0.03234471 -0.99096447
vn -0.12998743 0.25660199 -0.95773619
vn 0.12955916 0.12939630 -0.98309261
vn -0.12955822 0.12942010 -0.98308951
vn -0.12983590 0.37947127 -0.91604811
vn 0.12993298 0.25662139 -0.95773846
vn -0.12998743 0.25660199 -0.95773619
vn -0.12972414 0.49575230 -0.85872072
vn 0.12983581 0.37948537 -0.91604233
vn -0.12983590 0.37947127 -0.91604811
vn -0.12983315 0.60366350 -0.78659630
vn 0.12981798 0.49572149 -0.85872436
vn -0.12972414 0.49575230 -0.85872072
vn -0.12997894 0.70112336 -0.70109314
vn 0.12983520 0.60364205 -0.78661233
vn -0.12983315 0.60366350 -0.78659630
vn -0.12983848 0.78662455 -0.60362548
vn 0.12992969 0.70110196 -0.70112354
vn -0.12997894 0.70112336 -0.70109314
vn -0.12988235 0.85869777 -0.49575067
vn 0.12984440 0.78665769 -0.60358101
vn -0.12983848 0.78662455 -0.60362548
vn -0.12991132 0.91605765 -0.37942249
vn 0.12988667 0.85868877 -0.49576521
vn -0.12988235 0.85869777 -0.49575067
vn -0.12969023 0.95777696 -0.25660017
vn 0.12990035 0.91606683 -0.37940395
vn -0.12991132 0.91605765 -0.37942249
vn -0.12947342 0.98678225 -0.09745485
vn 0.12967454 0.95776874 -0.25663900
vn -0.12969023 0.95777696 -0.25660017
vn -0.13009895 0.99097359 0.03233532
vn 0.12952776 0.98677111 -0.09749480
vn -0.12947342 0.98678225 -0.09745485
vn 0.12988113 0.98304224 0.12945619
vn 0.49762273 0.86693102 0.02832318
vn 0.13009699 0.99097288 0.03236515
vn 0.12988113 0.98304224 0.12945619
vn 0.49564728 0.83893222 0.22478092
vn 0.49540758 0.86122859 0.11338697
vn 0.12976576 0.95775485 0.25664458
vn 0.49502161 0.80273271 0.33252645
vn 0.49564728 0.83893222 0.22478092
vn 0.12995176 0.85866886 0.49578243
vn 0.49502161 0.80273271 0.33252645
vn 0.12971272 0.91608018 0.37943599
vn 0.12969717 0.78663701 0.60363972
vn 0.49549648 0.75223637 0.43430835
vn 0.12995176 0.85866886 0.49578243
vn 0.12943552 0.70122188 0.70109510
vn 0.49502578 0.68931741 0.52895272
vn 0.12969717 0.78663701 0.60363972
vn 0.13015704 0.60362428 0.78657287
vn 0.49484888 0.61451894 0.61440307
vn 0.12943552 0.70122188 0.70109510
vn 0.12939985 0.49579704 0.85874385
vn 0.49571383 0.52871275 0.68900692
vn 0.13015704 0.60362428 0.78657287
vn 0.13002834 0.37945718 0.91602671
vn 0.49520004 0.43437544 0.75239277
vn 0.12939985 0.49579704 0.85874385
vn 0.13002834 0.37945718 0.91602671
vn 0.49592102 0.22479679 0.83876628
vn 0.49538830 0.33238930 0.80256331
vn 0.13057101 0.25669867 0.95763093
vn 0.49378303 0.08554891 0.86536682
vn 0.49592102 0.22479679 0.83876628
vn 0.12998781 -0.03226383 0.99099052
vn 0.49378303 0.08554891 0.86536682
vn 0.13012530 0.09754135 0.98668796
vn 0.12998781 -0.03226383 0.99099052
vn 0.49550980 -0.11338460 0.86117011
vn 0.49747133 -0.02825819 0.86702001
vn 0.13057099 -0.25669506 0.95763189
vn 0.49550980 -0.11338460 0.86117011
vn 0.12991956 -0.12940452 0.98304397
vn 0.13002814 -0.37943918 0.91603416
vn 0.49592102 -0.22479680 0.83876628
vn 0.13057099 -0.25669506 0.95763189
vn 0.13002814 -0.37943918 0.91603416
vn 0.49520013 -0.43437544 0.75239277
vn 0.49538833 -0.33238927 0.80256331
vn 0.12939991 -0.49577749 0.85875517
vn 0.49571383 -0.52871275 0.68900692
vn 0.49520013 -0.43437544 0.75239277
vn 0.13015696 -0.60360420 0.78658843
vn 0.49484888 -0.61451894 0.61440313
vn 0.49571383 -0.52871275 0.68900692
vn 0.12943584 -0.70122182 0.70109510
vn 0.49502578 -0.68931741 0.52895266
vn 0.49484888 -0.61451894 0.61440313
vn 0.12969697 -0.78664917 0.60362381
vn 0.49549648 -0.75223637 0.43430835
vn 0.49502578 -0.68931741 0.52895266
vn 0.12995185 -0.85867488 0.49577203
vn 0.49502161 -0.80273259 0.33252648
vn 0.49549648 -0.75223637 0.43430835
vn 0.12976563 -0.95774454 0.25668311
vn 0.49502161 -0.80273259 0.33252648
vn 0.12971249 -0.91608042 0.37943557
vn 0.12951839 -0.98677498 0.09746802
vn 0.49564728 -0.83893222 0.22478092
vn 0.12976563 -0.95774454 0.25668311
vn 0.13009642 -0.99097276 -0.03237215
vn 0.49310434 -0.86575943 0.08549172
vn 0.12951839 -0.98677498 0.09746802
vn 0.13009642 -0.99097276 -0.03237215
vn 0.49536550 -0.86125493 -0.11337073
vn 0.49756306 -0.86696488 -0.02833538
vn 0.12967472 -0.95777893 -0.25660089
vn 0.49536550 -0.86125493 -0.11337073
vn 0.12990880 -0.98303694 -0.12946838
vn 0.12990059 -0.91606706 -0.37940338
vn 0.49525300 -0.83914506 -0.22485563
vn 0.12967472 -0.95777893 -0.25660089
vn 0.12990059 -0.91606706 -0.37940338
vn 0.49539903 -0.75227612 -0.43435052
vn 0.49538872 -0.80254495 -0.33243287
vn 0.12988660 -0.85868269 -0.49577561
vn 0.49542278 -0.68914461 -0.52880621
vn 0.49539903 -0.75227612 -0.43435052
vn 0.12984462 -0.78664547 -0.60359699
vn 0.49541643 -0.61425447 -0.61421007
vn 0.49542278 -0.68914461 -0.52880621
vn 0.12983532 -0.60366428 -0.78659534
vn 0.49541643 -0.61425447 -0.61421007
vn 0.12992941 -0.70110029 -0.70112526
vn 0.12981789 -0.49574360 -0.85871160
vn 0.49539232 -0.52883869 -0.68914157
vn 0.12983532 -0.60366428 -0.78659534
vn 0.12983598 -0.37950209 -0.91603529
vn 0.49548700 -0.43427470 -0.75226206
vn 0.12981789 -0.49574360 -0.85871160
vn 0.12983598 -0.37950209 -0.91603529
vn 0.49549353 -0.22482896 -0.83901024
vn 0.49534220 -0.33249229 -0.80254912
vn 0.12993298 -0.25662273 -0.95773810
vn 0.49256226 -0.08550136 -0.86606693
vn 0.49549353 -0.22482896 -0.83901024
vn 0.13017443 0.03235091 -0.99096316
vn 0.49256226 -0.08550136 -0.86606693
vn 0.12916489 -0.09743647 -0.98682445
vn 0.13017443 0.03235091 -0.99096316
vn 0.49494407 0.11340871 -0.86149216
vn 0.49755946 0.02828697 -0.86696857
vn 0.12993298 0.25662139 -0.95773846
vn 0.49494407 0.11340871 -0.86149216
vn 0.12955916 0.12939630 -0.98309261
vn 0.12983581 0.37948537 -0.91604233
vn 0.49549353 0.22482893 -0.83901024
vn 0.12993298 0.25662139 -0.95773846
vn 0.12983581 0.37948537 -0.91604233
vn 0.49548700 0.43427470 -0.75226206
vn 0.49534214 0.33249229 -0.80254912
vn 0.12981798 0.49572149 -0.85872436
vn 0.49539232 0.52883863 -0.68914157
vn 0.49548700 0.43427470 -0.75226206
vn 0.12983520 0.60364205 -0.78661233
vn 0.49541649 0.61425447 -0.61421007
vn 0.49539232 0.52883863 -0.68914157
vn 0.12984440 0.78665769 -0.60358101
vn 0.49541649 0.61425447 -0.61421007
vn 0.12992969 0.70110196 -0.70112354
vn 0.12988667 0.85868877 -0.49576521
vn 0.49542278 0.68914461 -0.52880621
vn 0.12984440 0.78665769 -0.60358101
vn 0.12990035 0.91606683 -0.37940395
vn 0.49539900 0.75227618 -0.43435052
vn 0.12988667 0.85868877 -0.49576521
vn 0.12990035 0.91606683 -0.37940395
vn 0.49525303 0.83914500 -0.22485566
vn 0.49538872 0.80254495 -0.33243290
vn 0.12967454 0.95776874 -0.25663900
vn 0.49301580 0.86581045 -0.08548436
vn 0.49525303 0.83914500 -0.22485566
vn 0.13009699 0.99097288 0.03236515
vn 0.49301580 0.86581045 -0.08548436
vn 0.12952776 0.98677111 -0.09749480
vn 0.49540758 0.86122859 0.11338697
vn 0.86366171 0.50379866 0.01659796
vn 0.49762273 0.86693102 0.02832318
vn 0.49540758 0.86122859 0.11338697
vn 0.86151379 0.49044096 0.13138339
vn 0.86124086 0.50385225 0.06631093
vn 0.49564728 0.83893222 0.22478092
vn 0.86128187 0.46942928 0.19449812
vn 0.86151379 0.49044096 0.13138339
vn 0.49549648 0.75223637 0.43430835
vn 0.86128187 0.46942928 0.19449812
vn 0.49502161 0.80273271 0.33252645
vn 0.49502578 0.68931741 0.52895272
vn 0.86138690 0.43990147 0.25396720
vn 0.49549648 0.75223637 0.43430835
vn 0.49502578 0.68931741 0.52895272
vn 0.86116850 0.35947326 0.35939920
vn 0.86120719 0.40322950 0.30939975
vn 0.49484888 0.61451894 0.61440307
vn 0.86140925 0.30924171 0.40291885
vn 0.86116850 0.35947326 0.35939920
vn 0.49520004 0.43437544 0.75239277
vn 0.86140925 0.30924171 0.40291885
vn 0.49571383 0.52871275 0.68900692
vn 0.49538830 0.33238930 0.80256331
vn 0.86146563 0.25391001 0.43978029
vn 0.49520004 0.43437544 0.75239277
vn 0.49538830 0.33238930 0.80256331
vn 0.86122698 0.13153690 0.49090335
vn 0.86134785 0.19435342 0.46936834
vn 0.49592102 0.22479679 0.83876628
vn 0.85892946 0.04987401 0.50965947
vn 0.86122698 0.13153690 0.49090335
vn 0.49747133 -0.02825819 0.86702001
vn 0.85892946 0.04987401 0.50965947
vn 0.49378303 0.08554891 0.86536682
vn 0.49747133 -0.02825819 0.86702001
vn 0.86135793 -0.06631791 0.50365114
vn 0.86359572 -0.01658906 0.50391191
vn 0.49592102 -0.22479680 0.83876628
vn 0.86135793 -0.06631791 0.50365114
vn 0.49550980 -0.11338460 0.86117011
vn 0.49538833 -0.33238927 0.80256331
vn 0.86122698 -0.13153692 0.49090338
vn 0.49592102 -0.22479680 0.83876628
vn 0.49538833 -0.33238927 0.80256331
vn 0.86146563 -0.25391003 0.43978032
vn 0.86134785 -0.19435342 0.46936834
vn 0.49520013 -0.43437544 0.75239277
vn 0.86140925 -0.30924174 0.40291885
vn 0.86146563 -0.25391003 0.43978032
vn 0.49484888 -0.61451894 0.61440313
vn 0.86140925 -0.30924174 0.40291885
vn 0.49571383 -0.52871275 0.68900692
vn 0.49502578 -0.68931741 0.52895266
vn 0.86116850 -0.35947323 0.35939917
vn 0.49484888 -0.61451894 0.61440313
vn 0.49502578 -0.68931741 0.52895266
vn 0.86138690 -0.43990141 0.25396717
vn 0.86120713 -0.40322945 0.30939975
vn 0.49549648 -0.75223637 0.43430835
vn 0.86128199 -0.46942928 0.19449814
vn 0.86138690 -0.43990141 0.25396717
vn 0.49564728 -0.83893222 0.22478092
vn 0.86128199 -0.46942928 0.19449814
vn 0.49502161 -0.80273259 0.33252648
vn 0.49310434 -0.86575943 0.08549172
vn 0.86151373 -0.49044096 0.13138337
vn 0.49564728 -0.83893222 0.22478092
vn 0.49756306 -0.86696488 -0.02833538
vn 0.85887057 -0.50975859 0.04987502
vn 0.49310434 -0.86575943 0.08549172
vn 0.49536550 -0.86125493 -0.11337073
vn 0.86366493 -0.50379318 -0.01659625
vn 0.49756306 -0.86696488 -0.02833538
vn 0.49525300 -0.83914506 -0.22485563
vn 0.86130339 -0.50374955 -0.06627847
vn 0.49536550 -0.86125493 -0.11337073
vn 0.49538872 -0.80254495 -0.33243287
vn 0.86138439 -0.49064210 -0.13148095
vn 0.49525300 -0.83914506 -0.22485563
vn 0.49539903 -0.75227612 -0.43435052
vn 0.86129606 -0.46943581 -0.19442029
vn 0.49538872 -0.80254495 -0.33243287
vn 0.49539903 -0.75227612 -0.43435052
vn 0.86139828 -0.40295577 -0.30922428
vn 0.86132187 -0.44000739 -0.25400430
vn 0.49542278 -0.68914461 -0.52880621
vn 0.86134923 -0.35925114 -0.35918829
vn 0.86139828 -0.40295577 -0.30922428
vn 0.49541643 -0.61425447 -0.61421007
vn 0.86138391 -0.30921483 -0.40299380
vn 0.86134923 -0.35925114 -0.35918829
vn 0.49539232 -0.52883869 -0.68914157
vn 0.86144686 -0.25390965 -0.43981734
vn 0.86138391 -0.30921483 -0.40299380
vn 0.49548700 -0.43427470 -0.75226206
vn 0.86133206 -0.19443907 -0.46936181
vn 0.86144686 -0.25390965 -0.43981734
vn 0.49534220 -0.33249229 -0.80254912
vn 0.86137217 -0.13149324 -0.49066046
vn 0.86133206 -0.19443907 -0.46936181
vn 0.49549353 -0.22482896 -0.83901024
vn 0.85884255 -0.04986371 -0.50980693
vn 0.86137217 -0.13149324 -0.49066046
vn 0.49755946 0.02828697 -0.86696857
vn 0.85884255 -0.04986371 -0.50980693
vn 0.49256226 -0.08550136 -0.86606693
vn 0.49755946 0.02828697 -0.86696857
vn 0.86123639 0.06633119 -0.50385714
vn 0.86363423 0.01656866 -0.50384659
vn 0.49549353 0.22482893 -0.83901024
vn 0.86123639 0.06633119 -0.50385714
vn 0.49494407 0.11340871 -0.86149216
vn 0.49534214 0.33249229 -0.80254912
vn 0.86137211 0.13149323 -0.49066046
vn 0.49549353 0.22482893 -0.83901024
vn 0.49548700 0.43427470 -0.75226206
vn 0.86133206 0.19443907 -0.46936178
vn 0.49534214 0.33249229 -0.80254912
vn 0.49539232 0.52883863 -0.68914157
vn 0.86144680 0.25390965 -0.43981734
vn 0.49548700 0.43427470 -0.75226206
vn 0.49541649 0.61425447 -0.61421007
vn 0.86138391 0.30921483 -0.40299377
vn 0.49539232 0.52883863 -0.68914157
vn 0.49542278 0.68914461 -0.52880621
vn 0.86134923 0.35925111 -0.35918823
vn 0.49541649 0.61425447 -0.61421007
vn 0.49539900 0.75227618 -0.43435052
vn 0.86139828 0.40295574 -0.30922428
vn 0.49542278 0.68914461 -0.52880621
vn 0.49539900 0.75227618 -0.43435052
vn 0.86129606 0.46943581 -0.19442031
vn 0.86132187 0.44000736 -0.25400427
vn 0.49538872 0.80254495 -0.33243290
vn 0.86138433 0.49064210 -0.13148095
vn 0.86129606 0.46943581 -0.19442031
vn 0.49525303 0.83914500 -0.22485566
vn 0.85888559 0.50973666 -0.04984223
vn 0.86138433 0.49064210 -0.13148095
vn 0.49762273 0.86693102 0.02832318
vn 0.85888559 0.50973666 -0.04984223
vn 0.49301580 0.86581045 -0.08548436
vn 0.86124086 0.50385225 0.06631093
vn 0.96590757 0.25874311 0.00863731
vn 0.86366171 0.50379866 0.01659796
vn 0.86151379 0.49044096 0.13138339
vn 0.96590573 0.25668100 0.03377836
vn 0.86124086 0.50385225 0.06631093
vn 0.86128187 0.46942928 0.19449812
vn 0.96592402 0.25000641 0.06698991
vn 0.86151379 0.49044096 0.13138339
vn 0.86128187 0.46942928 0.19449812
vn 0.96598345 0.22393882 0.12933370
vn 0.96603084 0.23870434 0.09901876
vn 0.86138690 0.43990147 0.25396720
vn 0.96594727 0.20529415 0.15748100
vn 0.96598345 0.22393882 0.12933370
vn 0.86116850 0.35947326 0.35939920
vn 0.96594727 0.20529415 0.15748100
vn 0.86120719 0.40322950 0.30939975
vn 0.86116850 0.35947326 0.35939920
vn 0.96603632 0.15732819 0.20499206
vn 0.96592659 0.18295568 0.18306565
vn 0.86140925 0.30924171 0.40291885
vn 0.96594894 0.12944481 0.22402395
vn 0.96603632 0.15732819 0.20499206
vn 0.86146563 0.25391001 0.43978029
vn 0.96604776 0.09884584 0.23870742
vn 0.96594894 0.12944481 0.22402395
vn 0.86122698 0.13153690 0.49090335
vn 0.96604776 0.09884584 0.23870742
vn 0.86134785 0.19435342 0.46936834
vn 0.85892946 0.04987401 0.50965947
vn 0.96588254 0.06700453 0.25016272
vn 0.86122698 0.13153690 0.49090335
vn 0.86359572 -0.01658906 0.50391191
vn 0.96583158 0.02482284 0.25797907
vn 0.85892946 0.04987401 0.50965947
vn 0.86135793 -0.06631791 0.50365114
vn 0.96587765 -0.00864117 0.25885463
vn 0.86359572 -0.01658906 0.50391191
vn 0.86135793 -0.06631791 0.50365114
vn 0.96588254 -0.06700453 0.25016272
vn 0.96597767 -0.03374258 0.25641483
vn 0.86122698 -0.13153692 0.49090338
vn 0.96604776 -0.09884582 0.23870744
vn 0.96588254 -0.06700453 0.25016272
vn 0.86146563 -0.25391003 0.43978032
vn 0.96604776 -0.09884582 0.23870744
vn 0.86134785 -0.19435342 0.46936834
vn 0.86140925 -0.30924174 0.40291885
vn 0.96594894 -0.12944481 0.22402395
vn 0.86146563 -0.25391003 0.43978032
vn 0.86116850 -0.35947323 0.35939917
vn 0.96603632 -0.15732817 0.20499207
vn 0.86140925 -0.30924174 0.40291885
vn 0.86116850 -0.35947323 0.35939917
vn 0.96594727 -0.20529413 0.15748098
vn 0.96592659 -0.18295568 0.18306565
vn 0.86138690 -0.43990141 0.25396717
vn 0.96594727 -0.20529413 0.15748098
vn 0.86120713 -0.40322945 0.30939975
vn 0.86128199 -0.46942928 0.19449814
vn 0.96598357 -0.22393885 0.12933370
vn 0.86138690 -0.43990141 0.25396717
vn 0.86128199 -0.46942928 0.19449814
vn 0.96592402 -0.25000638 0.06698991
vn 0.96603084 -0.23870434 0.09901876
vn 0.86151373 -0.49044096 0.13138337
vn 0.96585721 -0.25788090 0.02484734
vn 0.96592402 -0.25000638 0.06698991
vn 0.86366493 -0.50379318 -0.01659625
vn 0.96585721 -0.25788090 0.02484734
vn 0.85887057 -0.50975859 0.04987502
vn 0.86366493 -0.50379318 -0.01659625
vn 0.96592575 -0.25660723 -0.03376628
vn 0.96594191 -0.25861505 -0.00862852
vn 0.86130339 -0.50374955 -0.06627847
vn 0.96594709 -0.24992241 -0.06696992
vn 0.96592575 -0.25660723 -0.03376628
vn 0.86138439 -0.49064210 -0.13148095
vn 0.96593112 -0.23911473 -0.09900142
vn 0.96594709 -0.24992241 -0.06696992
vn 0.86129606 -0.46943581 -0.19442029
vn 0.96592182 -0.22418369 -0.12937003
vn 0.96593112 -0.23911473 -0.09900142
vn 0.86139828 -0.40295577 -0.30922428
vn 0.96592182 -0.22418369 -0.12937003
vn 0.86132187 -0.44000739 -0.25400430
vn 0.86134923 -0.35925114 -0.35918829
vn 0.96595061 -0.20525859 -0.15750636
vn 0.86139828 -0.40295577 -0.30922428
vn 0.86138391 -0.30921483 -0.40299380
vn 0.96593022 -0.18302086 -0.18298115
vn 0.86134923 -0.35925114 -0.35918829
vn 0.86138391 -0.30921483 -0.40299380
vn 0.96593112 -0.12936106 -0.22414900
vn 0.96594334 -0.15747991 -0.20531347
vn 0.86144686 -0.25390965 -0.43981734
vn 0.96593595 -0.09907228 -0.23906565
vn 0.96593112 -0.12936106 -0.22414900
vn 0.86137217 -0.13149324 -0.49066046
vn 0.96593595 -0.09907228 -0.23906565
vn 0.86133206 -0.19443907 -0.46936181
vn 0.85884255 -0.04986371 -0.50980693
vn 0.96595675 -0.06695415 -0.24988930
vn 0.86137217 -0.13149324 -0.49066046
vn 0.86363423 0.01656866 -0.50384659
vn 0.96594918 -0.02483103 -0.25753751
vn 0.85884255 -0.04986371 -0.50980693
vn 0.86363423 0.01656866 -0.50384659
vn 0.96596742 0.03375096 -0.25645262
vn 0.96595246 0.00864633 -0.25857499
vn 0.86123639 0.06633119 -0.50385714
vn 0.96595675 0.06695415 -0.24988930
vn 0.96596742 0.03375096 -0.25645262
vn 0.86137211 0.13149323 -0.49066046
vn 0.96593595 0.09907227 -0.23906566
vn 0.96595675 0.06695415 -0.24988930
vn 0.86144680 0.25390965 -0.43981734
vn 0.96593595 0.09907227 -0.23906566
vn 0.86133206 0.19443907 -0.46936178
vn 0.86138391 0.30921483 -0.40299377
vn 0.96593112 0.12936105 -0.22414900
vn 0.86144680 0.25390965 -0.43981734
vn 0.86138391 0.30921483 -0.40299377
vn 0.96593022 0.18302085 -0.18298115
vn 0.96594334 0.15747991 -0.20531347
vn 0.86134923 0.35925111 -0.35918823
vn 0.96595061 0.20525859 -0.15750636
vn 0.96593022 0.18302085 -0.18298115
vn 0.86139828 0.40295574 -0.30922428
vn 0.96592188 0.22418372 -0.12937006
vn 0.96595061 0.20525859 -0.15750636
vn 0.86129606 0.46943581 -0.19442031
vn 0.96592188 0.22418372 -0.12937006
vn 0.86132187 0.44000736 -0.25400427
vn 0.86138433 0.49064210 -0.13148095
vn 0.96593112 0.23911472 -0.09900141
vn 0.86129606 0.46943581 -0.19442031
vn 0.85888559 0.50973666 -0.04984223
vn 0.96594709 0.24992244 -0.06696992
vn 0.86138433 0.49064210 -0.13148095
vn 0.86366171 0.50379866 0.01659796
vn 0.96586132 0.25786820 -0.02481882
vn 0.85888559 0.50973666 -0.04984223
vn -0.99999994 0.00000000 0.00000000
vn -0.99999994 0.00000000 0.00000000
vn -0.99999994 0.00000000 0.00000000
vn 1.00000000 0.00000000 0.00000000
vn 1.00000000 0.00000000 0.00000000
vn 1.00000000 0.00000000 0.00000000
vn -0.96589917 0.25877464 0.00863720
vn -0.96590173 0.25669473 0.03378743
vn -0.86127025 0.50380063 0.06632019
vn -0.96590173 0.25669473 0.03378743
vn -0.96594220 0.24993426 0.06699611
vn -0.86152387 0.49041972 0.13139679
vn -0.96594220 0.24993426 0.06699611
vn -0.96591777 0.23915611 0.09903140
vn -0.86118269 0.46959734 0.19453177
vn -0.96594697 0.22409965 0.12932792
vn -0.86136007 0.43996513 0.25394773
vn -0.86118269 0.46959734 0.19453177
vn -0.96600193 0.20502819 0.15749195
vn -0.86133021 0.40299186 0.30936688
vn -0.86136007 0.43996513 0.25394773
vn -0.96600193 0.20502819 0.15749195
vn -0.96589029 0.18315078 0.18306215
vn -0.86111778 0.35954818 0.35944560
vn -0.96605355 0.15727960 0.20494793
vn -0.86142790 0.30919167 0.40291736
vn -0.86111778 0.35954818 0.35944560
vn -0.96594507 0.12938452 0.22407524
vn -0.86150384 0.25387457 0.43972591
vn -0.86142790 0.30919167 0.40291736
vn -0.96607882 0.09873237 0.23862877
vn -0.86148578 0.19423494 0.46916416
vn -0.86150384 0.25387457 0.43972591
vn -0.96607882 0.09873237 0.23862877
vn -0.96587378 0.06706051 0.25018153
vn -0.86128366 0.13155015 0.49080032
vn -0.96587378 0.06706051 0.25018153
vn -0.96587902 0.02479829 0.25780392
vn -0.85890394 0.04986962 0.50970292
vn -0.96587902 0.02479829 0.25780392
vn -0.96587157 -0.00865956 0.25887665
vn -0.86359555 -0.01660169 0.50391179
vn -0.96587157 -0.00865956 0.25887665
vn -0.96597713 -0.03374298 0.25641662
vn -0.86136514 -0.06632024 0.50363839
vn -0.96587378 -0.06706051 0.25018153
vn -0.86128372 -0.13155013 0.49080029
vn -0.86136514 -0.06632024 0.50363839
vn -0.96607882 -0.09873237 0.23862879
vn -0.86148578 -0.19423494 0.46916422
vn -0.86128372 -0.13155013 0.49080029
vn -0.96607882 -0.09873237 0.23862879
vn -0.96594507 -0.12938452 0.22407524
vn -0.86150378 -0.25387460 0.43972594
vn -0.96594507 -0.12938452 0.22407524
vn -0.96605355 -0.15727960 0.20494793
vn -0.86142790 -0.30919170 0.40291739
vn -0.96605355 -0.15727960 0.20494793
vn -0.96589029 -0.18315078 0.18306215
vn -0.86111778 -0.35954821 0.35944569
vn -0.96600193 -0.20502818 0.15749195
vn -0.86133021 -0.40299186 0.30936688
vn -0.86111778 -0.35954821 0.35944569
vn -0.96600193 -0.20502818 0.15749195
vn -0.96594697 -0.22409967 0.12932794
vn -0.86136007 -0.43996522 0.25394773
vn -0.96594697 -0.22409967 0.12932794
vn -0.96591777 -0.23915611 0.09903140
vn -0.86118275 -0.46959731 0.19453175
vn -0.96594220 -0.24993427 0.06699611
vn -0.86152387 -0.49041972 0.13139679
vn -0.86118275 -0.46959731 0.19453175
vn -0.96592104 -0.25764102 0.02485443
vn -0.85893160 -0.50965494 0.04988222
vn -0.86152387 -0.49041972 0.13139679
vn -0.96592104 -0.25764102 0.02485443
vn -0.96587145 -0.25887832 -0.00862819
vn -0.86358875 -0.50392377 -0.01659438
vn -0.96593785 -0.25656158 -0.03376673
vn -0.86135828 -0.50365531 -0.06628090
vn -0.86358875 -0.50392377 -0.01659438
vn -0.96597439 -0.24981634 -0.06697135
vn -0.86142659 -0.49056637 -0.13148697
vn -0.86135828 -0.50365531 -0.06628090
vn -0.96596289 -0.23898169 -0.09901237
vn -0.86131734 -0.46939099 -0.19443367
vn -0.86142659 -0.49056637 -0.13148697
vn -0.96593362 -0.22412755 -0.12937942
vn -0.86135370 -0.43992642 -0.25403631
vn -0.86131734 -0.46939099 -0.19443367
vn -0.96593362 -0.22412755 -0.12937942
vn -0.96594024 -0.20531687 -0.15749411
vn -0.86140233 -0.40294999 -0.30922028
vn -0.96594024 -0.20531687 -0.15749411
vn -0.96592009 -0.18307672 -0.18297914
vn -0.86134946 -0.35926926 -0.35916939
vn -0.96592009 -0.18307672 -0.18297914
vn -0.96593291 -0.15754749 -0.20531058
vn -0.86133736 -0.30926096 -0.40305781
vn -0.96592081 -0.12939475 -0.22417392
vn -0.86142826 -0.25392732 -0.43984345
vn -0.86133736 -0.30926096 -0.40305781
vn -0.96594495 -0.09898429 -0.23906571
vn -0.86134434 -0.19438277 -0.46936247
vn -0.86142826 -0.25392732 -0.43984345
vn -0.96594495 -0.09898429 -0.23906571
vn -0.96596438 -0.06699881 -0.24984810
vn -0.86139762 -0.13150468 -0.49061254
vn -0.96596438 -0.06699881 -0.24984810
vn -0.96594810 -0.02479391 -0.25754496
vn -0.85887122 -0.04984756 -0.50976008
vn -0.96594810 -0.02479391 -0.25754496
vn -0.96595287 0.00860281 -0.25857511
vn -0.86363536 0.01656011 -0.50384504
vn -0.96597666 0.03374593 -0.25641829
vn -0.86124700 0.06633807 -0.50383818
vn -0.86363536 0.01656011 -0.50384504
vn -0.96596438 0.06699881 -0.24984811
vn -0.86139762 0.13150470 -0.49061251
vn -0.86124700 0.06633807 -0.50383818
vn -0.96594495 0.09898429 -0.23906571
vn -0.86134440 0.19438279 -0.46936247
vn -0.86139762 0.13150470 -0.49061251
vn -0.96594495 0.09898429 -0.23906571
vn -0.96592081 0.12939475 -0.22417392
vn -0.86142826 0.25392735 -0.43984342
vn -0.96592081 0.12939475 -0.22417392
vn -0.96593291 0.15754749 -0.20531058
vn -0.86133736 0.30926096 -0.40305784
vn -0.96592009 0.18307674 -0.18297915
vn -0.86134946 0.35926926 -0.35916942
vn -0.86133736 0.30926096 -0.40305784
vn -0.96594024 0.20531689 -0.15749411
vn -0.86140245 0.40294999 -0.30922025
vn -0.86134946 0.35926926 -0.35916942
vn -0.96593368 0.22412752 -0.12937942
vn -0.86135370 0.43992639 -0.25403631
vn -0.86140245 0.40294999 -0.30922025
vn -0.96593368 0.22412752 -0.12937942
vn -0.96596289 0.23898169 -0.09901237
vn -0.86131746 0.46939093 -0.19443367
vn -0.96596289 0.23898169 -0.09901237
vn -0.96597439 0.24981634 -0.06697135
vn -0.86142665 0.49056637 -0.13148697
vn -0.96597439 0.24981634 -0.06697135
vn -0.96594787 0.25754344 -0.02481907
vn -0.85896111 0.50960892 -0.04984564
vn -0.96594787 0.25754344 -0.02481907
vn -0.96589917 0.25877464 0.00863720
vn -0.86363441 0.50384527 0.01659756
vn -0.86363441 0.50384527 0.01659756
vn -0.86127025 0.50380063 0.06632019
vn -0.49545887 0.86119592 0.11341131
vn -0.86152387 0.49041972 0.13139679
vn -0.49553326 0.83899987 0.22477975
vn -0.49545887 0.86119592 0.11341131
vn -0.86118269 0.46959734 0.19453177
vn -0.49506116 0.80270708 0.33252931
vn -0.49553326 0.83899987 0.22477975
vn -0.86118269 0.46959734 0.19453177
vn -0.86136007 0.43996513 0.25394773
vn -0.49549580 0.75226641 0.43425691
vn -0.86136007 0.43996513 0.25394773
vn -0.86133021 0.40299186 0.30936688
vn -0.49523827 0.68922234 0.52887762
vn -0.86111778 0.35954818 0.35944560
vn -0.49492130 0.61441827 0.61444551
vn -0.49523827 0.68922234 0.52887762
vn -0.86142790 0.30919167 0.40291736
vn -0.49568260 0.52871412 0.68902844
vn -0.49492130 0.61441827 0.61444551
vn -0.86142790 0.30919167 0.40291736
vn -0.86150384 0.25387457 0.43972591
vn -0.49511334 0.43444324 0.75241071
vn -0.86150384 0.25387457 0.43972591
vn -0.86148578 0.19423494 0.46916416
vn -0.49555075 0.33229616 0.80250150
vn -0.86128366 0.13155015 0.49080032
vn -0.49568409 0.22486030 0.83888924
vn -0.49555075 0.33229616 0.80250150
vn -0.85890394 0.04986962 0.50970292
vn -0.49369550 0.08555467 0.86541611
vn -0.49568409 0.22486030 0.83888924
vn -0.85890394 0.04986962 0.50970292
vn -0.86359555 -0.01660169 0.50391179
vn -0.49749500 -0.02826122 0.86700642
vn -0.86136514 -0.06632024 0.50363839
vn -0.49548432 -0.11339231 0.86118376
vn -0.49749500 -0.02826122 0.86700642
vn -0.86136514 -0.06632024 0.50363839
vn -0.86128372 -0.13155013 0.49080029
vn -0.49568409 -0.22486030 0.83888924
vn -0.86128372 -0.13155013 0.49080029
vn -0.86148578 -0.19423494 0.46916422
vn -0.49555075 -0.33229613 0.80250150
vn -0.86150378 -0.25387460 0.43972594
vn -0.49511331 -0.43444324 0.75241065
vn -0.49555075 -0.33229613 0.80250150
vn -0.86142790 -0.30919170 0.40291739
vn -0.49568260 -0.52871412 0.68902844
vn -0.49511331 -0.43444324 0.75241065
vn -0.86142790 -0.30919170 0.40291739
vn -0.86111778 -0.35954821 0.35944569
vn -0.49492130 -0.61441827 0.61444551
vn -0.86111778 -0.35954821 0.35944569
vn -0.86133021 -0.40299186 0.30936688
vn -0.49523833 -0.68922234 0.52887768
vn -0.86136007 -0.43996522 0.25394773
vn -0.49549586 -0.75226647 0.43425685
vn -0.49523833 -0.68922234 0.52887768
vn -0.86118275 -0.46959731 0.19453175
vn -0.49506116 -0.80270708 0.33252931
vn -0.49549586 -0.75226647 0.43425685
vn -0.86118275 -0.46959731 0.19453175
vn -0.86152387 -0.49041972 0.13139679
vn -0.49553326 -0.83899987 0.22477975
vn -0.86152387 -0.49041972 0.13139679
vn -0.85893160 -0.50965494 0.04988222
vn -0.49310058 -0.86575997 0.08550746
vn -0.85893160 -0.50965494 0.04988222
vn -0.86358875 -0.50392377 -0.01659438
vn -0.49756515 -0.86696357 -0.02834100
vn -0.86358875 -0.50392377 -0.01659438
vn -0.86135828 -0.50365531 -0.06628090
vn -0.49537829 -0.86124915 -0.11335891
vn -0.86135828 -0.50365531 -0.06628090
vn -0.86142659 -0.49056637 -0.13148697
vn -0.49527803 -0.83912969 -0.22485787
vn -0.86142659 -0.49056637 -0.13148697
vn -0.86131734 -0.46939099 -0.19443367
vn -0.49536636 -0.80255073 -0.33245230
vn -0.86131734 -0.46939099 -0.19443367
vn -0.86135370 -0.43992642 -0.25403631
vn -0.49540848 -0.75227147 -0.43434796
vn -0.86140233 -0.40294999 -0.30922028
vn -0.49541777 -0.68912667 -0.52883434
vn -0.49540848 -0.75227147 -0.43434796
vn -0.86134946 -0.35926926 -0.35916939
vn -0.49545896 -0.61427379 -0.61415637
vn -0.49541777 -0.68912667 -0.52883434
vn -0.86133736 -0.30926096 -0.40305781
vn -0.49533990 -0.52883375 -0.68918306
vn -0.49545896 -0.61427379 -0.61415637
vn -0.86142826 -0.25392732 -0.43984345
vn -0.49541831 -0.43428668 -0.75230032
vn -0.49533990 -0.52883375 -0.68918306
vn -0.86134434 -0.19438277 -0.46936247
vn -0.49535862 -0.33244345 -0.80255914
vn -0.49541831 -0.43428668 -0.75230032
vn -0.86139762 -0.13150468 -0.49061254
vn -0.49556360 -0.22479303 -0.83897847
vn -0.49535862 -0.33244345 -0.80255914
vn -0.85887122 -0.04984756 -0.50976008
vn -0.49266779 -0.08550724 -0.86600637
vn -0.49556360 -0.22479303 -0.83897847
vn -0.85887122 -0.04984756 -0.50976008
vn -0.86363536 0.01656011 -0.50384504
vn -0.49755690 0.02828138 -0.86697018
vn -0.86124700 0.06633807 -0.50383818
vn -0.49494752 0.11342124 -0.86148858
vn -0.49755690 0.02828138 -0.86697018
vn -0.86124700 0.06633807 -0.50383818
vn -0.86139762 0.13150470 -0.49061251
vn -0.49556357 0.22479303 -0.83897847
vn -0.86139762 0.13150470 -0.49061251
vn -0.86134440 0.19438279 -0.46936247
vn -0.49535868 0.33244345 -0.80255920
vn -0.86134440 0.19438279 -0.46936247
vn -0.86142826 0.25392735 -0.43984342
vn -0.49541831 0.43428662 -0.75230032
vn -0.86142826 0.25392735 -0.43984342
vn -0.86133736 0.30926096 -0.40305784
vn -0.49533990 0.52883369 -0.68918312
vn -0.86133736 0.30926096 -0.40305784
vn -0.86134946 0.35926926 -0.35916942
vn -0.49545905 0.61427373 -0.61415642
vn -0.86134946 0.35926926 -0.35916942
vn -0.86140245 0.40294999 -0.30922025
vn -0.49541777 0.68912667 -0.52883434
vn -0.86140245 0.40294999 -0.30922025
vn -0.86135370 0.43992639 -0.25403631
vn -0.49540845 0.75227147 -0.43434790
vn -0.86131746 0.46939093 -0.19443367
vn -0.49536636 0.80255067 -0.33245230
vn -0.49540845 0.75227147 -0.43434790
vn -0.86142665 0.49056637 -0.13148697
vn -0.49527803 0.83912969 -0.22485787
vn -0.49536636 0.80255067 -0.33245230
vn -0.85896111 0.50960892 -0.04984564
vn -0.49296153 0.86584234 -0.08547501
vn -0.49527803 0.83912969 -0.22485787
vn -0.85896111 0.50960892 -0.04984564
vn -0.86363441 0.50384527 0.01659756
vn -0.49757314 0.86695963 0.02831934
vn -0.49757314 0.86695963 0.02831934
vn -0.49545887 0.86119592 0.11341131
vn -0.12990770 0.98303676 0.12947097
vn -0.49553326 0.83899987 0.22477975
vn -0.12968750 0.95776057 0.25666296
vn -0.12990770 0.98303676 0.12947097
vn -0.49506116 0.80270708 0.33252931
vn -0.12981892 0.91607451 0.37941352
vn -0.12968750 0.95776057 0.25666296
vn -0.49506116 0.80270708 0.33252931
vn -0.49549580 0.75226641 0.43425691
vn -0.13000458 0.85868281 0.49574453
vn -0.49549580 0.75226641 0.43425691
vn -0.49523827 0.68922234 0.52887762
vn -0.12986667 0.78663278 0.60360873
vn -0.49523827 0.68922234 0.52887762
vn -0.49492130 0.61441827 0.61444551
vn -0.12961164 0.70114619 0.70113826
vn -0.49492130 0.61441827 0.61444551
vn -0.49568260 0.52871412 0.68902844
vn -0.13014217 0.60360229 0.78659219
vn -0.49568260 0.52871412 0.68902844
vn -0.49511334 0.43444324 0.75241071
vn -0.12919819 0.49580878 0.85876745
vn -0.49511334 0.43444324 0.75241071
vn -0.49555075 0.33229616 0.80250150
vn -0.12998582 0.37938547 0.91606241
vn -0.49568409 0.22486030 0.83888924
vn -0.13024318 0.25671941 0.95767003
vn -0.12998582 0.37938547 0.91606241
vn -0.49369550 0.08555467 0.86541611
vn -0.13020302 0.09754372 0.98667747
vn -0.13024318 0.25671941 0.95767003
vn -0.49369550 0.08555467 0.86541611
vn -0.49749500 -0.02826122 0.86700642
vn -0.12999298 -0.03226291 0.99098986
vn -0.49548432 -0.11339231 0.86118376
vn -0.12991939 -0.12941004 0.98304319
vn -0.12999298 -0.03226291 0.99098986
vn -0.49548432 -0.11339231 0.86118376
vn -0.49568409 -0.22486030 0.83888924
vn -0.13024312 -0.25672153 0.95766944
vn -0.49568409 -0.22486030 0.83888924
vn -0.49555075 -0.33229613 0.80250150
vn -0.12998593 -0.37940091 0.91605604
vn -0.49511331 -0.43444324 0.75241065
vn -0.12919807 -0.49583340 0.85875326
vn -0.12998593 -0.37940091 0.91605604
vn -0.49568260 -0.52871412 0.68902844
vn -0.13014226 -0.60362250 0.78657663
vn -0.12919807 -0.49583340 0.85875326
vn -0.49492130 -0.61441827 0.61444551
vn -0.12961131 -0.70114309 0.70114124
vn -0.13014226 -0.60362250 0.78657663
vn -0.49523833 -0.68922234 0.52887768
vn -0.12986682 -0.78662097 0.60362411
vn -0.12961131 -0.70114309 0.70114124
vn -0.49549586 -0.75226647 0.43425685
vn -0.13000445 -0.85867715 0.49575427
vn -0.12986682 -0.78662097 0.60362411
vn -0.49506116 -0.80270708 0.33252931
vn -0.12981910 -0.91607541 0.37941116
vn -0.13000445 -0.85867715 0.49575427
vn -0.49506116 -0.80270708 0.33252931
vn -0.49553326 -0.83899987 0.22477975
vn -0.12968761 -0.95777053 0.25662562
vn -0.49553326 -0.83899987 0.22477975
vn -0.49310058 -0.86575997 0.08550746
vn -0.12951021 -0.98677784 0.09745017
vn -0.49310058 -0.86575997 0.08550746
vn -0.49756515 -0.86696357 -0.02834100
vn -0.13013685 -0.99096811 -0.03235218
vn -0.49537829 -0.86124915 -0.11335891
vn -0.12986851 -0.98304480 -0.12944938
vn -0.13013685 -0.99096811 -0.03235218
vn -0.49537829 -0.86124915 -0.11335891
vn -0.49527803 -0.83912969 -0.22485787
vn -0.12969014 -0.95776689 -0.25663787
vn -0.49527803 -0.83912969 -0.22485787
vn -0.49536636 -0.80255073 -0.33245230
vn -0.12991114 -0.91605705 -0.37942383
vn -0.49540848 -0.75227147 -0.43434796
vn -0.12988247 -0.85870337 -0.49574092
vn -0.12991114 -0.91605705 -0.37942383
vn -0.49541777 -0.68912667 -0.52883434
vn -0.12983835 -0.78663641 -0.60361010
vn -0.12988247 -0.85870337 -0.49574092
vn -0.49545896 -0.61427379 -0.61415637
vn -0.12997931 -0.70112461 -0.70109177
vn -0.12983835 -0.78663641 -0.60361010
vn -0.49545896 -0.61427379 -0.61415637
vn -0.49533990 -0.52883375 -0.68918306
vn -0.12983309 -0.60364521 -0.78661036
vn -0.49533990 -0.52883375 -0.68918306
vn -0.49541831 -0.43428668 -0.75230032
vn -0.12972425 -0.49573019 -0.85873353
vn -0.49541831 -0.43428668 -0.75230032
vn -0.49535862 -0.33244345 -0.80255914
vn -0.12983577 -0.37945455 -0.91605514
vn -0.49556360 -0.22479303 -0.83897847
vn -0.12998748 -0.25659755 -0.95773739
vn -0.12983577 -0.37945455 -0.91605514
vn -0.49266779 -0.08550724 -0.86600637
vn -0.12923475 -0.09744468 -0.98681450
vn -0.12998748 -0.25659755 -0.95773739
vn -0.49266779 -0.08550724 -0.86600637
vn -0.49755690 0.02828138 -0.86697018
vn -0.13016595 0.03234471 -0.99096447
vn -0.49494752 0.11342124 -0.86148858
vn -0.12955822 0.12942010 -0.98308951
vn -0.13016595 0.03234471 -0.99096447
vn -0.49494752 0.11342124 -0.86148858
vn -0.49556357 0.22479303 -0.83897847
vn -0.12998743 0.25660199 -0.95773619
vn -0.49556357 0.22479303 -0.83897847
vn -0.49535868 0.33244345 -0.80255920
vn -0.12983590 0.37947127 -0.91604811
vn -0.49541831 0.43428662 -0.75230032
vn -0.12972414 0.49575230 -0.85872072
vn -0.12983590 0.37947127 -0.91604811
vn -0.49533990 0.52883369 -0.68918312
vn -0.12983315 0.60366350 -0.78659630
vn -0.12972414 0.49575230 -0.85872072
vn -0.49545905 0.61427373 -0.61415642
vn -0.12997894 0.70112336 -0.70109314
vn -0.12983315 0.60366350 -0.78659630
vn -0.49545905 0.61427373 -0.61415642
vn -0.49541777 0.68912667 -0.52883434
vn -0.12983848 0.78662455 -0.60362548
vn -0.49541777 0.68912667 -0.52883434
vn -0.49540845 0.75227147 -0.43434790
vn -0.12988235 0.85869777 -0.49575067
vn -0.49540845 0.75227147 -0.43434790
vn -0.49536636 0.80255067 -0.33245230
vn -0.12991132 0.91605765 -0.37942249
vn -0.49527803 0.83912969 -0.22485787
vn -0.12969023 0.95777696 -0.25660017
vn -0.12991132 0.91605765 -0.37942249
vn -0.49296153 0.86584234 -0.08547501
vn -0.12947342 0.98678225 -0.09745485
vn -0.12969023 0.95777696 -0.25660017
vn -0.49296153 0.86584234 -0.08547501
vn -0.49757314 0.86695963 0.02831934
vn -0.13009895 0.99097359 0.03233532
vn -0.12990770 0.98303676 0.12947097
vn 0.12988113 0.98304224 0.12945619
vn 0.13009699 0.99097288 0.03236515
vn -0.12968750 0.95776057 0.25666296
vn 0.12976576 0.95775485 0.25664458
vn 0.12988113 0.98304224 0.12945619
vn -0.12981892 0.91607451 0.37941352
vn 0.12971272 0.91608018 0.37943599
vn 0.12976576 0.95775485 0.25664458
vn -0.13000458 0.85868281 0.49574453
vn 0.12995176 0.85866886 0.49578243
vn 0.12971272 0.91608018 0.37943599
vn -0.12986667 0.78663278 0.60360873
vn 0.12969717 0.78663701 0.60363972
vn 0.12995176 0.85866886 0.49578243
vn -0.12961164 0.70114619 0.70113826
vn 0.12943552 0.70122188 0.70109510
vn 0.12969717 0.78663701 0.60363972
vn -0.13014217 0.60360229 0.78659219
vn 0.13015704 0.60362428 0.78657287
vn 0.12943552 0.70122188 0.70109510
vn -0.12919819 0.49580878 0.85876745
vn 0.12939985 0.49579704 0.85874385
vn 0.13015704 0.60362428 0.78657287
vn -0.12998582 0.37938547 0.91606241
vn 0.13002834 0.37945718 0.91602671
vn 0.12939985 0.49579704 0.85874385
vn -0.13024318 0.25671941 0.95767003
vn 0.13057101 0.25669867 0.95763093
vn 0.13002834 0.37945718 0.91602671
vn -0.13020302 0.09754372 0.98667747
vn 0.13012530 0.09754135 0.98668796
vn 0.13057101 0.25669867 0.95763093
vn -0.12999298 -0.03226291 0.99098986
vn 0.12998781 -0.03226383 0.99099052
vn 0.13012530 0.09754135 0.98668796
vn -0.12991939 -0.12941004 0.98304319
vn 0.12991956 -0.12940452 0.98304397
vn 0.12998781 -0.03226383 0.99099052
vn -0.13024312 -0.25672153 0.95766944
vn 0.13057099 -0.25669506 0.95763189
vn 0.12991956 -0.12940452 0.98304397
vn -0.12998593 -0.37940091 0.91605604
vn 0.13002814 -0.37943918 0.91603416
vn 0.13057099 -0.25669506 0.95763189
vn -0.12919807 -0.49583340 0.85875326
vn 0.12939991 -0.49577749 0.85875517
vn 0.13002814 -0.37943918 0.91603416
vn -0.13014226 -0.60362250 0.78657663
vn 0.13015696 -0.60360420 0.78658843
vn 0.12939991 -0.49577749 0.85875517
vn -0.12961131 -0.70114309 0.70114124
vn 0.12943584 -0.70122182 0.70109510
vn 0.13015696 -0.60360420 0.78658843
vn -0.12986682 -0.78662097 0.60362411
vn 0.12969697 -0.78664917 0.60362381
vn 0.12943584 -0.70122182 0.70109510
vn -0.13000445 -0.85867715 0.49575427
vn 0.12995185 -0.85867488 0.49577203
vn 0.12969697 -0.78664917 0.60362381
vn -0.12981910 -0.91607541 0.37941116
vn 0.12971249 -0.91608042 0.37943557
vn 0.12995185 -0.85867488 0.49577203
vn -0.12968761 -0.95777053 0.25662562
vn 0.12976563 -0.95774454 0.25668311
vn 0.12971249 -0.91608042 0.37943557
vn -0.12951021 -0.98677784 0.09745017
vn 0.12951839 -0.98677498 0.09746802
vn 0.12976563 -0.95774454 0.25668311
vn -0.13013685 -0.99096811 -0.03235218
vn 0.13009642 -0.99097276 -0.03237215
vn 0.12951839 -0.98677498 0.09746802
vn -0.12986851 -0.98304480 -0.12944938
vn 0.12990880 -0.98303694 -0.12946838
vn 0.13009642 -0.99097276 -0.03237215
vn -0.12969014 -0.95776689 -0.25663787
vn 0.12967472 -0.95777893 -0.25660089
vn 0.12990880 -0.98303694 -0.12946838
vn -0.12991114 -0.91605705 -0.37942383
vn 0.12990059 -0.91606706 -0.37940338
vn 0.12967472 -0.95777893 -0.25660089
vn -0.12988247 -0.85870337 -0.49574092
vn 0.12988660 -0.85868269 -0.49577561
vn 0.12990059 -0.91606706 -0.37940338
vn -0.12983835 -0.78663641 -0.60361010
vn 0.12984462 -0.78664547 -0.60359699
vn 0.12988660 -0.85868269 -0.49577561
vn -0.12997931 -0.70112461 -0.70109177
vn 0.12992941 -0.70110029 -0.70112526
vn 0.12984462 -0.78664547 -0.60359699
vn -0.12983309 -0.60364521 -0.78661036
vn 0.12983532 -0.60366428 -0.78659534
vn 0.12992941 -0.70110029 -0.70112526
vn -0.12972425 -0.49573019 -0.85873353
vn 0.12981789 -0.49574360 -0.85871160
vn 0.12983532 -0.60366428 -0.78659534
vn -0.12983577 -0.37945455 -0.91605514
vn 0.12983598 -0.37950209 -0.91603529
vn 0.12981789 -0.49574360 -0.85871160
vn -0.12998748 -0.25659755 -0.95773739
vn 0.12993298 -0.25662273 -0.95773810
vn 0.12983598 -0.37950209 -0.91603529
vn -0.12923475 -0.09744468 -0.98681450
vn 0.12916489 -0.09743647 -0.98682445
vn 0.12993298 -0.25662273 -0.95773810
vn -0.13016595 0.03234471 -0.99096447
vn 0.13017443 0.03235091 -0.99096316
vn 0.12916489 -0.09743647 -0.98682445
vn -0.12955822 0.12942010 -0.98308951
vn 0.12955916 0.12939630 -0.98309261
vn 0.13017443 0.03235091 -0.99096316
vn -0.12998743 0.25660199 -0.95773619
vn 0.12993298 0.25662139 -0.95773846
vn 0.12955916 0.12939630 -0.98309261
vn -0.12983590 0.37947127 -0.91604811
vn 0.12983581 0.37948537 -0.91604233
vn 0.12993298 0.25662139 -0.95773846
vn -0.12972414 0.49575230 -0.85872072
vn 0.12981798 0.49572149 -0.85872436
vn 0.12983581 0.37948537 -0.91604233
vn -0.12983315 0.60366350 -0.78659630
vn 0.12983520 0.60364205 -0.78661233
vn 0.12981798 0.49572149 -0.85872436
vn -0.12997894 0.70112336 -0.70109314
vn 0.12992969 0.70110196 -0.70112354
vn 0.12983520 0.60364205 -0.78661233
vn -0.12983848 0.78662455 -0.60362548
vn 0.12984440 0.78665769 -0.60358101
vn 0.12992969 0.70110196 -0.70112354
vn -0.12988235 0.85869777 -0.49575067
vn 0.12988667 0.85868877 -0.49576521
vn 0.12984440 0.78665769 -0.60358101
vn -0.12991132 0.91605765 -0.37942249
vn 0.12990035 0.91606683 -0.37940395
vn 0.12988667 0.85868877 -0.49576521
vn -0.12969023 0.95777696 -0.25660017
vn 0.12967454 0.95776874 -0.25663900
vn 0.12990035 0.91606683 -0.37940395
vn -0.12947342 0.98678225 -0.09745485
vn 0.12952776 0.98677111 -0.09749480
vn 0.12967454 0.95776874 -0.25663900
vn -0.13009895 0.99097359 0.03233532
vn 0.13009699 0.99097288 0.03236515
vn 0.12952776 0.98677111 -0.09749480
vn 0.12988113 0.98304224 0.12945619
vn 0.49540758 0.86122859 0.11338697
vn 0.49762273 0.86693102 0.02832318
vn 0.12988113 0.98304224 0.12945619
vn 0.12976576 0.95775485 0.25664458
vn 0.49564728 0.83893222 0.22478092
vn 0.12976576 0.95775485 0.25664458
vn 0.12971272 0.91608018 0.37943599
vn 0.49502161 0.80273271 0.33252645
vn 0.12995176 0.85866886 0.49578243
vn 0.49549648 0.75223637 0.43430835
vn 0.49502161 0.80273271 0.33252645
vn 0.12969717 0.78663701 0.60363972
vn 0.49502578 0.68931741 0.52895272
vn 0.49549648 0.75223637 0.43430835
vn 0.12943552 0.70122188 0.70109510
vn 0.49484888 0.61451894 0.61440307
vn 0.49502578 0.68931741 0.52895272
vn 0.13015704 0.60362428 0.78657287
vn 0.49571383 0.52871275 0.68900692
vn 0.49484888 0.61451894 0.61440307
vn 0.12939985 0.49579704 0.85874385
vn 0.49520004 0.43437544 0.75239277
vn 0.49571383 0.52871275 0.68900692
vn 0.13002834 0.37945718 0.91602671
vn 0.49538830 0.33238930 0.80256331
vn 0.49520004 0.43437544 0.75239277
vn 0.13002834 0.37945718 0.91602671
vn 0.13057101 0.25669867 0.95763093
vn 0.49592102 0.22479679 0.83876628
vn 0.13057101 0.25669867 0.95763093
vn 0.13012530 0.09754135 0.98668796
vn 0.49378303 0.08554891 0.86536682
vn 0.12998781 -0.03226383 0.99099052
vn 0.49747133 -0.02825819 0.86702001
vn 0.49378303 0.08554891 0.86536682
vn 0.12998781 -0.03226383 0.99099052
vn 0.12991956 -0.12940452 0.98304397
vn 0.49550980 -0.11338460 0.86117011
vn 0.13057099 -0.25669506 0.95763189
vn 0.49592102 -0.22479680 0.83876628
vn 0.49550980 -0.11338460 0.86117011
vn 0.13002814 -0.37943918 0.91603416
vn 0.49538833 -0.33238927 0.80256331
vn 0.49592102 -0.22479680 0.83876628
vn 0.13002814 -0.37943918 0.91603416
vn 0.12939991 -0.49577749 0.85875517
vn 0.49520013 -0.43437544 0.75239277
vn 0.12939991 -0.49577749 0.85875517
vn 0.13015696 -0.60360420 0.78658843
vn 0.49571383 -0.52871275 0.68900692
vn 0.13015696 -0.60360420 0.78658843
vn 0.12943584 -0.70122182 0.70109510
vn 0.49484888 -0.61451894 0.61440313
vn 0.12943584 -0.70122182 0.70109510
vn 0.12969697 -0.78664917 0.60362381
vn 0.49502578 -0.68931741 0.52895266
vn 0.12969697 -0.78664917 0.60362381
vn 0.12995185 -0.85867488 0.49577203
vn 0.49549648 -0.75223637 0.43430835
vn 0.12995185 -0.85867488 0.49577203
vn 0.12971249 -0.91608042 0.37943557
vn 0.49502161 -0.80273259 0.33252648
vn 0.12976563 -0.95774454 0.25668311
vn 0.49564728 -0.83893222 0.22478092
vn 0.49502161 -0.80273259 0.33252648
vn 0.12951839 -0.98677498 0.09746802
vn 0.49310434 -0.86575943 0.08549172
vn 0.49564728 -0.83893222 0.22478092
vn 0.13009642 -0.99097276 -0.03237215
vn 0.49756306 -0.86696488 -0.02833538
vn 0.49310434 -0.86575943 0.08549172
vn 0.13009642 -0.99097276 -0.03237215
vn 0.12990880 -0.98303694 -0.12946838
vn 0.49536550 -0.86125493 -0.11337073
vn 0.12967472 -0.95777893 -0.25660089
vn 0.49525300 -0.83914506 -0.22485563
vn 0.49536550 -0.86125493 -0.11337073
vn 0.12990059 -0.91606706 -0.37940338
vn 0.49538872 -0.80254495 -0.33243287
vn 0.49525300 -0.83914506 -0.22485563
vn 0.12990059 -0.91606706 -0.37940338
vn 0.12988660 -0.85868269 -0.49577561
vn 0.49539903 -0.75227612 -0.43435052
vn 0.12988660 -0.85868269 -0.49577561
vn 0.12984462 -0.78664547 -0.60359699
vn 0.49542278 -0.68914461 -0.52880621
vn 0.12984462 -0.78664547 -0.60359699
vn 0.12992941 -0.70110029 -0.70112526
vn 0.49541643 -0.61425447 -0.61421007
vn 0.12983532 -0.60366428 -0.78659534
vn 0.49539232 -0.52883869 -0.68914157
vn 0.49541643 -0.61425447 -0.61421007
vn 0.12981789 -0.49574360 -0.85871160
vn 0.49548700 -0.43427470 -0.75226206
vn 0.49539232 -0.52883869 -0.68914157
vn 0.12983598 -0.37950209 -0.91603529
vn 0.49534220 -0.33249229 -0.80254912
vn 0.49548700 -0.43427470 -0.75226206
vn 0.12983598 -0.37950209 -0.91603529
vn 0.12993298 -0.25662273 -0.95773810
vn 0.49549353 -0.22482896 -0.83901024
vn 0.12993298 -0.25662273 -0.95773810
vn 0.12916489 -0.09743647 -0.98682445
vn 0.49256226 -0.08550136 -0.86606693
vn 0.13017443 0.03235091 -0.99096316
vn 0.49755946 0.02828697 -0.86696857
vn 0.49256226 -0.08550136 -0.86606693
vn 0.13017443 0.03235091 -0.99096316
vn 0.12955916 0.12939630 -0.98309261
vn 0.49494407 0.11340871 -0.86149216
vn 0.12993298 0.25662139 -0.95773846
vn 0.49549353 0.22482893 -0.83901024
vn 0.49494407 0.11340871 -0.86149216
vn 0.12983581 0.37948537 -0.91604233
vn 0.49534214 0.33249229 -0.80254912
vn 0.49549353 0.22482893 -0.83901024
vn 0.12983581 0.37948537 -0.91604233
vn 0.12981798 0.49572149 -0.85872436
vn 0.49548700 0.43427470 -0.75226206
vn 0.12981798 0.49572149 -0.85872436
vn 0.12983520 0.60364205 -0.78661233
vn 0.49539232 0.52883863 -0.68914157
vn 0.12983520 0.60364205 -0.78661233
vn 0.12992969 0.70110196 -0.70112354
vn 0.49541649 0.61425447 -0.61421007
vn 0.12984440 0.78665769 -0.60358101
vn 0.49542278 0.68914461 -0.52880621
vn 0.49541649 0.61425447 -0.61421007
vn 0.12988667 0.85868877 -0.49576521
vn 0.49539900 0.75227618 -0.43435052
vn 0.49542278 0.68914461 -0.52880621
vn 0.12990035 0.91606683 -0.37940395
vn 0.49538872 0.80254495 -0.33243290
vn 0.49539900 0.75227618 -0.43435052
vn 0.12990035 0.91606683 -0.37940395
vn 0.12967454 0.95776874 -0.25663900
vn 0.49525303 0.83914500 -0.22485566
vn 0.12967454 0.95776874 -0.25663900
vn 0.12952776 0.98677111 -0.09749480
vn 0.49301580 0.86581045 -0.08548436
vn 0.13009699 0.99097288 0.03236515
vn 0.49762273 0.86693102 0.02832318
vn 0.49301580 0.86581045 -0.08548436
vn 0.49540758 0.86122859 0.11338697
vn 0.86124086 0.50385225 0.06631093
vn 0.86366171 0.50379866 0.01659796
vn 0.49540758 0.86122859 0.11338697
vn 0.49564728 0.83893222 0.22478092
vn 0.86151379 0.49044096 0.13138339
vn 0.49564728 0.83893222 0.22478092
vn 0.49502161 0.80273271 0.33252645
vn 0.86128187 0.46942928 0.19449812
vn 0.49549648 0.75223637 0.43430835
vn 0.86138690 0.43990147 0.25396720
vn 0.86128187 0.46942928 0.19449812
vn 0.49502578 0.68931741 0.52895272
vn 0.86120719 0.40322950 0.30939975
vn 0.86138690 0.43990147 0.25396720
vn 0.49502578 0.68931741 0.52895272
vn 0.49484888 0.61451894 0.61440307
vn 0.86116850 0.35947326 0.35939920
vn 0.49484888 0.61451894 0.61440307
vn 0.49571383 0.52871275 0.68900692
vn 0.86140925 0.30924171 0.40291885
vn 0.49520004 0.43437544 0.75239277
vn 0.86146563 0.25391001 0.43978029
vn 0.86140925 0.30924171 0.40291885
vn 0.49538830 0.33238930 0.80256331
vn 0.86134785 0.19435342 0.46936834
vn 0.86146563 0.25391001 0.43978029
vn 0.49538830 0.33238930 0.80256331
vn 0.49592102 0.22479679 0.83876628
vn 0.86122698 0.13153690 0.49090335
vn 0.49592102 0.22479679 0.83876628
vn 0.49378303 0.08554891 0.86536682
vn 0.85892946 0.04987401 0.50965947
vn 0.49747133 -0.02825819 0.86702001
vn 0.86359572 -0.01658906 0.50391191
vn 0.85892946 0.04987401 0.50965947
vn 0.49747133 -0.02825819 0.86702001
vn 0.49550980 -0.11338460 0.86117011
vn 0.86135793 -0.06631791 0.50365114
vn 0.49592102 -0.22479680 0.83876628
vn 0.86122698 -0.13153692 0.49090338
vn 0.86135793 -0.06631791 0.50365114
vn 0.49538833 -0.33238927 0.80256331
vn 0.86134785 -0.19435342 0.46936834
vn 0.86122698 -0.13153692 0.49090338
vn 0.49538833 -0.33238927 0.80256331
vn 0.49520013 -0.43437544 0.75239277
vn 0.86146563 -0.25391003 0.43978032
vn 0.49520013 -0.43437544 0.75239277
vn 0.49571383 -0.52871275 0.68900692
vn 0.86140925 -0.30924174 0.40291885
vn 0.49484888 -0.61451894 0.61440313
vn 0.86116850 -0.35947323 0.35939917
vn 0.86140925 -0.30924174 0.40291885
vn 0.49502578 -0.68931741 0.52895266
vn 0.86120713 -0.40322945 0.30939975
vn 0.86116850 -0.35947323 0.35939917
vn 0.49502578 -0.68931741 0.52895266
vn 0.49549648 -0.75223637 0.43430835
vn 0.86138690 -0.43990141 0.25396717
vn 0.49549648 -0.75223637 0.43430835
vn 0.49502161 -0.80273259 0.33252648
vn 0.86128199 -0.46942928 0.19449814
vn 0.49564728 -0.83893222 0.22478092
vn 0.86151373 -0.49044096 0.13138337
vn 0.86128199 -0.46942928 0.19449814
vn 0.49310434 -0.86575943 0.08549172
vn 0.85887057 -0.50975859 0.04987502
vn 0.86151373 -0.49044096 0.13138337
vn 0.49756306 -0.86696488 -0.02833538
vn 0.86366493 -0.50379318 -0.01659625
vn 0.85887057 -0.50975859 0.04987502
vn 0.49536550 -0.86125493 -0.11337073
vn 0.86130339 -0.50374955 -0.06627847
vn 0.86366493 -0.50379318 -0.01659625
vn 0.49525300 -0.83914506 -0.22485563
vn 0.86138439 -0.49064210 -0.13148095
vn 0.86130339 -0.50374955 -0.06627847
vn 0.49538872 -0.80254495 -0.33243287
vn 0.86129606 -0.46943581 -0.19442029
vn 0.86138439 -0.49064210 -0.13148095
vn 0.49539903 -0.75227612 -0.43435052
vn 0.86132187 -0.44000739 -0.25400430
vn 0.86129606 -0.46943581 -0.19442029
vn 0.49539903 -0.75227612 -0.43435052
vn 0.49542278 -0.68914461 -0.52880621
vn 0.86139828 -0.40295577 -0.30922428
vn 0.49542278 -0.68914461 -0.52880621
vn 0.49541643 -0.61425447 -0.61421007
vn 0.86134923 -0.35925114 -0.35918829
vn 0.49541643 -0.61425447 -0.61421007
vn 0.49539232 -0.52883869 -0.68914157
vn 0.86138391 -0.30921483 -0.40299380
vn 0.49539232 -0.52883869 -0.68914157
vn 0.49548700 -0.43427470 -0.75226206
vn 0.86144686 -0.25390965 -0.43981734
vn 0.49548700 -0.43427470 -0.75226206
vn 0.49534220 -0.33249229 -0.80254912
vn 0.86133206 -0.19443907 -0.46936181
vn 0.49534220 -0.33249229 -0.80254912
vn 0.49549353 -0.22482896 -0.83901024
vn 0.86137217 -0.13149324 -0.49066046
vn 0.49549353 -0.22482896 -0.83901024
vn 0.49256226 -0.08550136 -0.86606693
vn 0.85884255 -0.04986371 -0.50980693
vn 0.49755946 0.02828697 -0.86696857
vn 0.86363423 0.01656866 -0.50384659
vn 0.85884255 -0.04986371 -0.50980693
vn 0.49755946 0.02828697 -0.86696857
vn 0.49494407 0.11340871 -0.86149216
vn 0.86123639 0.06633119 -0.50385714
vn 0.49549353 0.22482893 -0.83901024
vn 0.86137211 0.13149323 -0.49066046
vn 0.86123639 0.06633119 -0.50385714
vn 0.49534214 0.33249229 -0.80254912
vn 0.86133206 0.19443907 -0.46936178
vn 0.86137211 0.13149323 -0.49066046
vn 0.49548700 0.43427470 -0.75226206
vn 0.86144680 0.25390965 -0.43981734
vn 0.86133206 0.19443907 -0.46936178
vn 0.49539232 0.52883863 -0.68914157
vn 0.86138391 0.30921483 -0.40299377
vn 0.86144680 0.25390965 -0.43981734
vn 0.49541649 0.61425447 -0.61421007
vn 0.86134923 0.35925111 -0.35918823
vn 0.86138391 0.30921483 -0.40299377
vn 0.49542278 0.68914461 -0.52880621
vn 0.86139828 0.40295574 -0.30922428
vn 0.86134923 0.35925111 -0.35918823
vn 0.49539900 0.75227618 -0.43435052
vn 0.86132187 0.44000736 -0.25400427
vn 0.86139828 0.40295574 -0.30922428
vn 0.49539900 0.75227618 -0.43435052
vn 0.49538872 0.80254495 -0.33243290
vn 0.86129606 0.46943581 -0.19442031
vn 0.49538872 0.80254495 -0.33243290
vn 0.49525303 0.83914500 -0.22485566
vn 0.86138433 0.49064210 -0.13148095
vn 0.49525303 0.83914500 -0.22485566
vn 0.49301580 0.86581045 -0.08548436
vn 0.85888559 0.50973666 -0.04984223
vn 0.49762273 0.86693102 0.02832318
vn 0.86366171 0.50379866 0.01659796
vn 0.85888559 0.50973666 -0.04984223
vn 0.86124086 0.50385225 0.06631093
vn 0.96590573 0.25668100 0.03377836
vn 0.96590757 0.25874311 0.00863731
vn 0.86151379 0.49044096 0.13138339
vn 0.96592402 0.25000641 0.06698991
vn 0.96590573 0.25668100 0.03377836
vn 0.86128187 0.46942928 0.19449812
vn 0.96603084 0.23870434 0.09901876
vn 0.96592402 0.25000641 0.06698991
vn 0.86128187 0.46942928 0.19449812
vn 0.86138690 0.43990147 0.25396720
vn 0.96598345 0.22393882 0.12933370
vn 0.86138690 0.43990147 0.25396720
vn 0.86120719 0.40322950 0.30939975
vn 0.96594727 0.20529415 0.15748100
vn 0.86116850 0.35947326 0.35939920
vn 0.96592659 0.18295568 0.18306565
vn 0.96594727 0.20529415 0.15748100
vn 0.86116850 0.35947326 0.35939920
vn 0.86140925 0.30924171 0.40291885
vn 0.96603632 0.15732819 0.20499206
vn 0.86140925 0.30924171 0.40291885
vn 0.86146563 0.25391001 0.43978029
vn 0.96594894 0.12944481 0.22402395
vn 0.86146563 0.25391001 0.43978029
vn 0.86134785 0.19435342 0.46936834
vn 0.96604776 0.09884584 0.23870742
vn 0.86122698 0.13153690 0.49090335
vn 0.96588254 0.06700453 0.25016272
vn 0.96604776 0.09884584 0.23870742
vn 0.85892946 0.04987401 0.50965947
vn 0.96583158 0.02482284 0.25797907
vn 0.96588254 0.06700453 0.25016272
vn 0.86359572 -0.01658906 0.50391191
vn 0.96587765 -0.00864117 0.25885463
vn 0.96583158 0.02482284 0.25797907
vn 0.86135793 -0.06631791 0.50365114
vn 0.96597767 -0.03374258 0.25641483
vn 0.96587765 -0.00864117 0.25885463
vn 0.86135793 -0.06631791 0.50365114
vn 0.86122698 -0.13153692 0.49090338
vn 0.96588254 -0.06700453 0.25016272
vn 0.86122698 -0.13153692 0.49090338
vn 0.86134785 -0.19435342 0.46936834
vn 0.96604776 -0.09884582 0.23870744
vn 0.86146563 -0.25391003 0.43978032
vn 0.96594894 -0.12944481 0.22402395
vn 0.96604776 -0.09884582 0.23870744
vn 0.86140925 -0.30924174 0.40291885
vn 0.96603632 -0.15732817 0.20499207
vn 0.96594894 -0.12944481 0.22402395
vn 0.86116850 -0.35947323 0.35939917
vn 0.96592659 -0.18295568 0.18306565
vn 0.96603632 -0.15732817 0.20499207
vn 0.86116850 -0.35947323 0.35939917
vn 0.86120713 -0.40322945 0.30939975
vn 0.96594727 -0.20529413 0.15748098
vn 0.86138690 -0.43990141 0.25396717
vn 0.96598357 -0.22393885 0.12933370
vn 0.96594727 -0.20529413 0.15748098
vn 0.86128199 -0.46942928 0.19449814
vn 0.96603084 -0.23870434 0.09901876
vn 0.96598357 -0.22393885 0.12933370
vn 0.86128199 -0.46942928 0.19449814
vn 0.86151373 -0.49044096 0.13138337
vn 0.96592402 -0.25000638 0.06698991
vn 0.86151373 -0.49044096 0.13138337
vn 0.85887057 -0.50975859 0.04987502
vn 0.96585721 -0.25788090 0.02484734
vn 0.86366493 -0.50379318 -0.01659625
vn 0.96594191 -0.25861505 -0.00862852
vn 0.96585721 -0.25788090 0.02484734
vn 0.86366493 -0.50379318 -0.01659625
vn 0.86130339 -0.50374955 -0.06627847
vn 0.96592575 -0.25660723 -0.03376628
vn 0.86130339 -0.50374955 -0.06627847
vn 0.86138439 -0.49064210 -0.13148095
vn 0.96594709 -0.24992241 -0.06696992
vn 0.86138439 -0.49064210 -0.13148095
vn 0.86129606 -0.46943581 -0.19442029
vn 0.96593112 -0.23911473 -0.09900142
vn 0.86129606 -0.46943581 -0.19442029
vn 0.86132187 -0.44000739 -0.25400430
vn 0.96592182 -0.22418369 -0.12937003
vn 0.86139828 -0.40295577 -0.30922428
vn 0.96595061 -0.20525859 -0.15750636
vn 0.96592182 -0.22418369 -0.12937003
vn 0.86134923 -0.35925114 -0.35918829
vn 0.96593022 -0.18302086 -0.18298115
vn 0.96595061 -0.20525859 -0.15750636
vn 0.86138391 -0.30921483 -0.40299380
vn 0.96594334 -0.15747991 -0.20531347
vn 0.96593022 -0.18302086 -0.18298115
vn 0.86138391 -0.30921483 -0.40299380
vn 0.86144686 -0.25390965 -0.43981734
vn 0.96593112 -0.12936106 -0.22414900
vn 0.86144686 -0.25390965 -0.43981734
vn 0.86133206 -0.19443907 -0.46936181
vn 0.96593595 -0.09907228 -0.23906565
vn 0.86137217 -0.13149324 -0.49066046
vn 0.96595675 -0.06695415 -0.24988930
vn 0.96593595 -0.09907228 -0.23906565
vn 0.85884255 -0.04986371 -0.50980693
vn 0.96594918 -0.02483103 -0.25753751
vn 0.96595675 -0.06695415 -0.24988930
vn 0.86363423 0.01656866 -0.50384659
vn 0.96595246 0.00864633 -0.25857499
vn 0.96594918 -0.02483103 -0.25753751
vn 0.86363423 0.01656866 -0.50384659
vn 0.86123639 0.06633119 -0.50385714
vn 0.96596742 0.03375096 -0.25645262
vn 0.86123639 0.06633119 -0.50385714
vn 0.86137211 0.13149323 -0.49066046
vn 0.96595675 0.06695415 -0.24988930
vn 0.86137211 0.13149323 -0.49066046
vn 0.86133206 0.19443907 -0.46936178
vn 0.96593595 0.09907227 -0.23906566
vn 0.86144680 0.25390965 -0.43981734
vn 0.96593112 0.12936105 -0.22414900
vn 0.96593595 0.09907227 -0.23906566
vn 0.86138391 0.30921483 -0.40299377
vn 0.96594334 0.15747991 -0.20531347
vn 0.96593112 0.12936105 -0.22414900
vn 0.86138391 0.30921483 -0.40299377
vn 0.86134923 0.35925111 -0.35918823
vn 0.96593022 0.18302085 -0.18298115
vn 0.86134923 0.35925111 -0.35918823
vn 0.86139828 0.40295574 -0.30922428
vn 0.96595061 0.20525859 -0.15750636
vn 0.86139828 0.40295574 -0.30922428
vn 0.86132187 0.44000736 -0.25400427
vn 0.96592188 0.22418372 -0.12937006
vn 0.86129606 0.46943581 -0.19442031
vn 0.96593112 0.23911472 -0.09900141
vn 0.96592188 0.22418372 -0.12937006
vn 0.86138433 0.49064210 -0.13148095
vn 0.96594709 0.24992244 -0.06696992
vn 0.96593112 0.23911472 -0.09900141
vn 0.85888559 0.50973666 -0.04984223
vn 0.96586132 0.25786820 -0.02481882
vn 0.96594709 0.24992244 -0.06696992
vn 0.86366171 0.50379866 0.01659796
vn 0.96590757 0.25874311 0.00863731
vn 0.96586132 0.25786820 -0.02481882
vn -1.00000000 0.00000004 0.00000000
vn -1.00000000 0.00000004 0.00000000
vn -1.00000000 0.00000004 0.00000000
vn -1.00000000 -0.00012219 0.00000000
vn -1.00000000 -0.00012219 0.00000000
vn -1.00000000 -0.00012219 0.00000000
vn -1.00000000 0.00000009 0.00000000
vn -1.00000000 0.00000009 0.00000000
vn -1.00000000 0.00000009 0.00000000
vn -1.00000000 0.00000000 0.00000000
vn -1.00000000 0.00000000 0.00000000
vn -1.00000000 0.00000000 0.00000000
vn -1.00000000 0.00000000 0.00000000
vn -1.00000000 0.00000000 0.00000000
vn -1.00000000 0.00000000 0.00000000
vn -1.00000000 0.00000000 0.00000000
vn -1.00000000 0.00000000 0.00000000
vn -1.00000000 0.00000000 0.00000000
vn -1.00000000 0.00000000 0.00000000
vn -1.00000000 0.00000000 0.00000000
vn -1.00000000 0.00000000 0.00000000
vn -1.00000000 0.00015115 0.00000000
vn -1.00000000 0.00015115 0.00000000
vn -1.00000000 0.00015115 0.00000000
vn -1.00000000 0.00000000 0.00000000
vn -1.00000000 0.00000000 0.00000000
vn -1.00000000 0.00000000 0.00000000
vn -1.00000000 0.00000000 0.00000000
vn -1.00000000 0.00000000 0.00000000
vn -1.00000000 0.00000000 0.00000000
vn -1.00000000 0.00000000 0.00000000
vn -1.00000000 0.00000000 0.00000000
vn -1.00000000 0.00000000 0.00000000
vn -0.99999994 -0.00030230 0.00000000
vn -0.99999994 -0.00030230 0.00000000
vn -0.99999994 -0.00030230 0.00000000
vn -1.00000000 0.00000000 0.00000000
vn -1.00000000 0.00000000 0.00000000
vn -1.00000000 0.00000000 0.00000000
vn -0.99999994 0.00040584 0.00000000
vn -0.99999994 0.00040584 0.00000000
vn -0.99999994 0.00040584 0.00000000
vn -1.00000000 0.00000000 0.00000000
vn -1.00000000 0.00000000 0.00000000
vn -1.00000000 0.00000000 0.00000000
vn -1.00000000 0.00000000 0.00000000
vn -1.00000000 0.00000000 0.00000000
vn -1.00000000 0.00000000 0.00000000
vn -0.99999976 -0.00060519 0.00000000
vn -0.99999976 -0.00060519 0.00000000
vn -0.99999976 -0.00060519 0.00000000
vn -0.99999994 0.00000004 0.00000000
vn -0.99999994 0.00000004 0.00000000
vn -0.99999994 0.00000004 0.00000000
vn -1.00000000 0.00012219 0.00000000
vn -1.00000000 0.00012219 0.00000000
vn -1.00000000 0.00012219 0.00000000
vn -1.00000000 0.00000000 0.00000000
vn -1.00000000 0.00000000 0.00000000
vn -1.00000000 0.00000000 0.00000000
vn -0.99999982 0.00060753 0.00000000
vn -0.99999982 0.00060753 0.00000000
vn -0.99999982 0.00060753 0.00000000
vn -1.00000000 0.00000000 0.00000000
vn -1.00000000 0.00000000 0.00000000
vn -1.00000000 0.00000000 0.00000000
vn -1.00000000 0.00000000 0.00000000
vn -1.00000000 0.00000000 0.00000000
vn -1.00000000 0.00000000 0.00000000
vn -1.00000000 0.00000000 0.00000000
vn -1.00000000 0.00000000 0.00000000
vn -1.00000000 0.00000000 0.00000000
vn -1.00000000 -0.00015097 0.00000000
vn -1.00000000 -0.00015097 0.00000000
vn -1.00000000 -0.00015097 0.00000000
vn -0.99999994 0.00000000 0.00000000
vn -0.99999994 0.00000000 0.00000000
vn -0.99999994 0.00000000 0.00000000
vn -1.00000000 0.00010246 0.00000000
vn -1.00000000 0.00010246 0.00000000
vn -1.00000000 0.00010246 0.00000000
vn -1.00000000 0.00000007 0.00000000
vn -1.00000000 0.00000007 0.00000000
vn -1.00000000 0.00000007 0.00000000
vn -0.99999994 0.00000000 0.00000000
vn -0.99999994 0.00000000 0.00000000
vn -0.99999994 0.00000000 0.00000000
vn -1.00000000 0.00000000 0.00000000
vn -1.00000000 0.00000000 0.00000000
vn -1.00000000 0.00000000 0.00000000
vn -1.00000000 0.00000000 0.00000000
vn -1.00000000 0.00000000 0.00000000
vn -1.00000000 0.00000000 0.00000000
vn -1.00000000 0.00000000 0.00000000
vn -1.00000000 0.00000000 0.00000000
vn -1.00000000 0.00000000 0.00000000
vn -1.00000000 0.00000000 0.00000000
vn -1.00000000 0.00000000 0.00000000
vn -1.00000000 0.00000000 0.00000000
vn -0.99999994 0.00000000 0.00000000
vn -0.99999994 0.00000000 0.00000000
vn -0.99999994 0.00000000 0.00000000
vn -1.00000000 0.00000000 0.00000000
vn -1.00000000 0.00000000 0.00000000
vn -1.00000000 0.00000000 0.00000000
vn -1.00000000 0.00000000 0.00000000
vn -1.00000000 0.00000000 0.00000000
vn -1.00000000 0.00000000 0.00000000
vn -1.00000000 0.00000000 0.00000000
vn -1.00000000 0.00000000 0.00000000
vn -1.00000000 0.00000000 0.00000000
vn -1.00000000 -0.00001918 0.00000000
vn -1.00000000 -0.00001918 0.00000000
vn -1.00000000 -0.00001918 0.00000000
vn -1.00000000 -0.00015336 0.00000000
vn -1.00000000 -0.00015336 0.00000000
vn -1.00000000 -0.00015336 0.00000000
vn -1.00000000 0.00000000 0.00000000
vn -1.00000000 0.00000000 0.00000000
vn -1.00000000 0.00000000 0.00000000
vn -0.99999994 -0.00002240 0.00000000
vn -0.99999994 -0.00002240 0.00000000
vn -0.99999994 -0.00002240 0.00000000
vn -1.00000000 0.00000000 0.00000000
vn -1.00000000 0.00000000 0.00000000
vn -1.00000000 0.00000000 0.00000000
vn -1.00000000 0.00000000 0.00000000
vn -1.00000000 0.00000000 0.00000000
vn -1.00000000 0.00000000 0.00000000
vn -1.00000000 0.00000000 0.00000000
vn -1.00000000 0.00000000 0.00000000
vn -1.00000000 0.00000000 0.00000000
vn -0.99999994 -0.00004039 0.00000000
vn -0.99999994 -0.00004039 0.00000000
vn -0.99999994 -0.00004039 0.00000000
vn 1.00000000 0.00000000 0.00000000
vn 1.00000000 0.00000000 0.00000000
vn 1.00000000 0.00000000 0.00000000
vn 1.00000000 0.00000000 0.00000000
vn 1.00000000 0.00000000 0.00000000
vn 1.00000000 0.00000000 0.00000000
vn 1.00000000 0.00000000 0.00000000
vn 1.00000000 0.00000000 0.00000000
vn 1.00000000 0.00000000 0.00000000
vn 0.99999982 -0.00060459 0.00000000
vn 0.99999982 -0.00060459 0.00000000
vn 0.99999982 -0.00060459 0.00000000
vn 1.00000000 -0.00020458 0.00000000
vn 1.00000000 -0.00020458 0.00000000
vn 1.00000000 -0.00020458 0.00000000
vn 1.00000000 0.00000000 0.00000000
vn 1.00000000 0.00000000 0.00000000
vn 1.00000000 0.00000000 0.00000000
vn 0.99999988 0.00030488 0.00000000
vn 0.99999988 0.00030488 0.00000000
vn 0.99999988 0.00030488 0.00000000
vn 1.00000000 0.00010229 0.00000000
vn 1.00000000 0.00010229 0.00000000
vn 1.00000000 0.00010229 0.00000000
vn 1.00000000 0.00000000 0.00000000
vn 1.00000000 0.00000000 0.00000000
vn 1.00000000 0.00000000 0.00000000
vn 1.00000000 0.00015244 0.00000000
vn 1.00000000 0.00015244 0.00000000
vn 1.00000000 0.00015244 0.00000000
vn 1.00000000 0.00000000 0.00000000
vn 1.00000000 0.00000000 0.00000000
vn 1.00000000 0.00000000 0.00000000
vn 1.00000000 0.00000000 0.00000000
vn 1.00000000 0.00000000 0.00000000
vn 1.00000000 0.00000000 0.00000000
vn 1.00000000 -0.00015244 0.00000000
vn 1.00000000 -0.00015244 0.00000000
vn 1.00000000 -0.00015244 0.00000000
vn 1.00000000 0.00000000 0.00000000
vn 1.00000000 0.00000000 0.00000000
vn 1.00000000 0.00000000 0.00000000
vn 1.00000000 0.00000000 0.00000000
vn 1.00000000 0.00000000 0.00000000
vn 1.00000000 0.00000000 0.00000000
vn 0.99999982 -0.00060976 0.00000000
vn 0.99999982 -0.00060976 0.00000000
vn 0.99999982 -0.00060976 0.00000000
vn 0.99999982 -0.00060533 0.00000000
vn 0.99999982 -0.00060533 0.00000000
vn 0.99999982 -0.00060533 0.00000000
vn 0.99999982 0.00060459 0.00000000
vn 0.99999982 0.00060459 0.00000000
vn 0.99999982 0.00060459 0.00000000
vn 0.99999994 0.00000000 0.00000000
vn 0.99999994 0.00000000 0.00000000
vn 0.99999994 0.00000000 0.00000000
vn 1.00000000 0.00000000 0.00000000
vn 1.00000000 0.00000000 0.00000000
vn 1.00000000 0.00000000 0.00000000
vn 1.00000000 0.00000000 0.00000000
vn 1.00000000 0.00000000 0.00000000
vn 1.00000000 0.00000000 0.00000000
vn 1.00000000 0.00000000 0.00000000
vn 1.00000000 0.00000000 0.00000000
vn 1.00000000 0.00000000 0.00000000
vn 1.00000000 0.00020483 0.00000000
vn 1.00000000 0.00020483 0.00000000
vn 1.00000000 0.00020483 0.00000000
vn 0.99999994 0.00040584 0.00000000
vn 0.99999994 0.00040584 0.00000000
vn 0.99999994 0.00040584 0.00000000
vn 1.00000000 0.00000000 0.00000000
vn 1.00000000 0.00000000 0.00000000
vn 1.00000000 0.00000000 0.00000000
vn 1.00000000 0.00000000 0.00000000
vn 1.00000000 0.00000000 0.00000000
vn 1.00000000 0.00000000 0.00000000
vn 1.00000000 -0.00020309 0.00000000
vn 1.00000000 -0.00020309 0.00000000
vn 1.00000000 -0.00020309 0.00000000
vn 1.00000000 0.00020475 0.00000000
vn 1.00000000 0.00020475 0.00000000
vn 1.00000000 0.00020475 0.00000000
vn 1.00000000 0.00000000 0.00000000
vn 1.00000000 0.00000000 0.00000000
vn 1.00000000 0.00000000 0.00000000
vn 1.00000000 0.00000000 0.00000000
vn 1.00000000 0.00000000 0.00000000
vn 1.00000000 0.00000000 0.00000000
vn 1.00000000 0.00000000 0.00000000
vn 1.00000000 0.00000000 0.00000000
vn 1.00000000 0.00000000 0.00000000
vn 1.00000000 0.00000000 0.00000000
vn 1.00000000 0.00000000 0.00000000
vn 1.00000000 0.00000000 0.00000000
vn 1.00000000 0.00000000 0.00000000
vn 1.00000000 0.00000000 0.00000000
vn 1.00000000 0.00000000 0.00000000
vn 0.99999994 0.00000000 0.00000000
vn 0.99999994 0.00000000 0.00000000
vn 0.99999994 0.00000000 0.00000000
vn 0.99999994 -0.00040584 0.00000000
vn 0.99999994 -0.00040584 0.00000000
vn 0.99999994 -0.00040584 0.00000000
vn 1.00000000 0.00000000 0.00000000
vn 1.00000000 0.00000000 0.00000000
vn 1.00000000 0.00000000 0.00000000
vn 1.00000000 0.00000000 0.00000000
vn 1.00000000 0.00000000 0.00000000
vn 1.00000000 0.00000000 0.00000000
vn 1.00000000 0.00000000 0.00000000
vn 1.00000000 0.00000000 0.00000000
vn 1.00000000 0.00000000 0.00000000
vn 1.00000000 0.00000000 0.00000000
vn 1.00000000 0.00000000 0.00000000
vn 1.00000000 0.00000000 0.00000000
vn 1.00000000 -0.00010462 0.00000000
vn 1.00000000 -0.00010462 0.00000000
vn 1.00000000 -0.00010462 0.00000000
vn 1.00000000 0.00000896 0.00000000
vn 1.00000000 0.00000896 0.00000000
vn 1.00000000 0.00000896 0.00000000
vn 0.99999994 0.00000000 0.00000000
vn 0.99999994 0.00000000 0.00000000
vn 0.99999994 0.00000000 0.00000000
vn 1.00000000 0.00000000 0.00000000
vn 1.00000000 0.00000000 0.00000000
vn 1.00000000 0.00000000 0.00000000
vn 1.00000000 0.00010462 0.00000000
vn 1.00000000 0.00010462 0.00000000
vn 1.00000000 0.00010462 0.00000000
vn 1.00000000 -0.00000002 0.00000000
vn 1.00000000 -0.00000002 0.00000000
vn 1.00000000 -0.00000002 0.00000000
f 1/1/1 50/2/2 49/3/3
f 2/4/4 51/5/5 50/6/6
f 3/7/7 52/8/8 51/9/9
f 5/10/10 52/11/11 4/12/12
f 6/13/13 53/14/14 5/15/15
f 6/16/16 55/17/17 54/18/18
f 8/19/19 55/20/20 7/21/21
f 9/22/22 56/23/23 8/24/24
f 10/25/25 57/26/26 9/27/27
f 10/28/28 59/29/29 58/30/30
f 11/31/31 60/32/32 59/33/33
f 12/34/34 61/35/35 60/36/36
f 13/37/37 62/38/38 61/39/39
f 15/40/40 62/41/41 14/42/42
f 16/43/43 63/44/44 15/45/45
f 16/46/46 65/47/47 64/48/48
f 17/49/49 66/50/50 65/51/51
f 18/52/52 67/53/53 66/54/54
f 20/55/55 67/56/56 19/57/57
f 20/58/58 69/59/59 68/60/60
f 21/61/61 70/62/62 69/63/63
f 23/64/64 70/65/65 22/66/66
f 24/67/67 71/68/68 23/69/69
f 24/70/70 73/71/71 72/72/72
f 26/73/73 73/74/74 25/75/75
f 27/76/76 74/77/77 26/78/78
f 28/79/79 75/80/80 27/81/81
f 29/82/82 76/83/83 28/84/84
f 29/85/85 78/86/86 77/87/87
f 30/88/88 79/89/89 78/90/90
f 31/91/91 80/92/92 79/93/93
f 33/94/94 80/95/95 32/96/96
f 34/97/97 81/98/98 33/99/99
f 34/100/100 83/101/101 82/102/102
f 35/103/103 84/104/104 83/105/105
f 36/106/106 85/107/107 84/108/108
f 38/109/109 85/110/110 37/111/111
f 39/112/112 86/113/113 38/114/114
f 40/115/115 87/116/116 39/117/117
f 40/118/118 89/119/119 88/120/120
f 41/121/121 90/122/122 89/123/123
f 43/124/124 90/125/125 42/126/126
f 44/127/127 91/128/128 43/129/129
f 45/130/130 92/131/131 44/132/132
f 45/133/133 94/134/134 93/135/135
f 46/136/136 95/137/137 94/138/138
f 47/139/139 96/140/140 95/141/141
f 48/142/142 49/143/143 96/144/144
f 49/145/145 98/146/146 97/147/147
f 51/148/148 98/149/149 50/150/150
f 52/151/151 99/152/152 51/153/153
f 52/154/154 101/155/155 100/156/156
f 53/157/157 102/158/158 101/159/159
f 55/160/160 102/161/161 54/162/162
f 56/163/163 103/164/164 55/165/165
f 56/166/166 105/167/167 104/168/168
f 57/169/169 106/170/170 105/171/171
f 59/172/172 106/173/173 58/174/174
f 60/175/175 107/176/176 59/177/177
f 60/178/178 109/179/179 108/180/180
f 62/181/181 109/182/182 61/183/183
f 62/184/184 111/185/185 110/186/186
f 63/187/187 112/188/188 111/189/189
f 65/190/190 112/191/191 64/192/192
f 66/193/193 113/194/194 65/195/195
f 66/196/196 115/197/197 114/198/198
f 67/199/199 116/200/200 115/201/201
f 69/202/202 116/203/203 68/204/204
f 70/205/205 117/206/206 69/207/207
f 70/208/208 119/209/209 118/210/210
f 71/211/211 120/212/212 119/213/213
f 72/214/214 121/215/215 120/216/216
f 73/217/217 122/218/218 121/219/219
f 74/220/220 123/221/221 122/222/222
f 75/223/223 124/224/224 123/225/225
f 76/226/226 125/227/227 124/228/228
f 78/229/229 125/230/230 77/231/231
f 79/232/232 126/233/233 78/234/234
f 80/235/235 127/236/236 79/237/237
f 81/238/238 128/239/239 80/240/240
f 82/241/241 129/242/242 81/243/243
f 83/244/244 130/245/245 82/246/246
f 84/247/247 131/248/248 83/249/249
f 84/250/250 133/251/251 132/252/252
f 86/253/253 133/254/254 85/255/255
f 86/256/256 135/257/257 134/258/258
f 87/259/259 136/260/260 135/261/261
f 88/262/262 137/263/263 136/264/264
f 89/265/265 138/266/266 137/267/267
f 90/268/268 139/269/269 138/270/270
f 91/271/271 140/272/272 139/273/273
f 92/274/274 141/275/275 140/276/276
f 94/277/277 141/278/278 93/279/279
f 95/280/280 142/281/281 94/282/282
f 96/283/283 143/284/284 95/285/285
f 96/286/286 97/287/287 144/288/288
f 97/289/289 146/290/290 145/291/291
f 99/292/292 146/293/293 98/294/294
f 100/295/295 147/296/296 99/297/297
f 100/298/298 149/299/299 148/300/300
f 101/301/301 150/302/302 149/303/303
f 102/304/304 151/305/305 150/306/306
f 103/307/307 152/308/308 151/309/309
f 104/310/310 153/311/311 152/312/312
f 105/313/313 154/314/314 153/315/315
f 107/316/316 154/317/317 106/318/318
f 108/319/319 155/320/320 107/321/321
f 108/322/322 157/323/323 156/324/324
f 110/325/325 157/326/326 109/327/327
f 110/328/328 159/329/329 158/330/330
f 111/331/331 160/332/332 159/333/333
f 113/334/334 160/335/335 112/336/336
f 114/337/337 161/338/338 113/339/339
f 115/340/340 162/341/341 114/342/342
f 116/343/343 163/344/344 115/345/345
f 117/346/346 164/347/347 116/348/348
f 118/349/349 165/350/350 117/351/351
f 118/352/352 167/353/353 166/354/354
f 119/355/355 168/356/356 167/357/357
f 120/358/358 169/359/359 168/360/360
f 122/361/361 169/362/362 121/363/363
f 122/364/364 171/365/365 170/366/366
f 123/367/367 172/368/368 171/369/369
f 125/370/370 172/371/371 124/372/372
f 126/373/373 173/374/374 125/375/375
f 127/376/376 174/377/377 126/378/378
f 127/379/379 176/380/380 175/381/381
f 128/382/382 177/383/383 176/384/384
f 129/385/385 178/386/386 177/387/387
f 131/388/388 178/389/389 130/390/390
f 132/391/391 179/392/392 131/393/393
f 132/394/394 181/395/395 180/396/396
f 134/397/397 181/398/398 133/399/399
f 134/400/400 183/401/401 182/402/402
f 135/403/403 184/404/404 183/405/405
f 137/406/406 184/407/407 136/408/408
f 138/409/409 185/410/410 137/411/411
f 139/412/412 186/413/413 138/414/414
f 139/415/415 188/416/416 187/417/417
f 140/418/418 189/419/419 188/420/420
f 141/421/421 190/422/422 189/423/423
f 143/424/424 190/425/425 142/426/426
f 144/427/427 191/428/428 143/429/429
f 144/430/430 145/431/431 192/432/432
f 146/433/433 193/434/434 145/435/435
f 147/436/436 194/437/437 146/438/438
f 148/439/439 195/440/440 147/441/441
f 149/442/442 196/443/443 148/444/444
f 150/445/445 197/446/446 149/447/447
f 151/448/448 198/449/449 150/450/450
f 152/451/451 199/452/452 151/453/453
f 153/454/454 200/455/455 152/456/456
f 154/457/457 201/458/458 153/459/459
f 155/460/460 202/461/461 154/462/462
f 156/463/463 203/464/464 155/465/465
f 157/466/466 204/467/467 156/468/468
f 158/469/469 205/470/470 157/471/471
f 159/472/472 206/473/473 158/474/474
f 160/475/475 207/476/476 159/477/477
f 161/478/478 208/479/479 160/480/480
f 162/481/481 209/482/482 161/483/483
f 163/484/484 210/485/485 162/486/486
f 164/487/487 211/488/488 163/489/489
f 165/490/490 212/491/491 164/492/492
f 166/493/493 213/494/494 165/495/495
f 167/496/496 214/497/497 166/498/498
f 168/499/499 215/500/500 167/501/501
f 169/502/502 216/503/503 168/504/504
f 170/505/505 217/506/506 169/507/507
f 171/508/508 218/509/509 170/510/510
f 172/511/511 219/512/512 171/513/513
f 173/514/514 220/515/515 172/516/516
f 174/517/517 221/518/518 173/519/519
f 175/520/520 222/521/521 174/522/522
f 176/523/523 223/524/524 175/525/525
f 177/526/526 224/527/527 176/528/528
f 178/529/529 225/530/530 177/531/531
f 179/532/532 226/533/533 178/534/534
f 180/535/535 227/536/536 179/537/537
f 181/538/538 228/539/539 180/540/540
f 182/541/541 229/542/542 181/543/543
f 183/544/544 230/545/545 182/546/546
f 184/547/547 231/548/548 183/549/549
f 185/550/550 232/551/551 184/552/552
f 186/553/553 233/554/554 185/555/555
f 187/556/556 234/557/557 186/558/558
f 188/559/559 235/560/560 187/561/561
f 189/562/562 236/563/563 188/564/564
f 190/565/565 237/566/566 189/567/567
f 191/568/568 238/569/569 190/570/570
f 192/571/571 239/572/572 191/573/573
f 145/574/574 240/575/575 192/576/576
f 194/577/577 241/578/578 193/579/579
f 194/580/580 243/581/581 242/582/582
f 195/583/583 244/584/584 243/585/585
f 197/586/586 244/587/587 196/588/588
f 198/589/589 245/590/590 197/591/591
f 199/592/592 246/593/593 198/594/594
f 200/595/595 247/596/596 199/597/597
f 201/598/598 248/599/599 200/600/600
f 202/601/601 249/602/602 201/603/603
f 202/604/604 251/605/605 250/606/606
f 203/607/607 252/608/608 251/609/609
f 205/610/610 252/611/611 204/612/612
f 205/613/613 254/614/614 253/615/615
f 207/616/616 254/617/617 206/618/618
f 208/619/619 255/620/620 207/621/621
f 208/622/622 257/623/623 256/624/624
f 209/625/625 258/626/626 257/627/627
f 210/628/628 259/629/629 258/630/630
f 211/631/631 260/632/632 259/633/633
f 212/634/634 261/635/635 260/636/636
f 213/637/637 262/638/638 261/639/639
f 215/640/640 262/641/641 214/642/642
f 216/643/643 263/644/644 215/645/645
f 217/646/646 264/647/647 216/648/648
f 217/649/649 266/650/650 265/651/651
f 219/652/652 266/653/653 218/654/654
f 220/655/655 267/656/656 219/657/657
f 220/658/658 269/659/659 268/660/660
f 221/661/661 270/662/662 269/663/663
f 222/664/664 271/665/665 270/666/666
f 224/667/667 271/668/668 223/669/669
f 225/670/670 272/671/671 224/672/672
f 226/673/673 273/674/674 225/675/675
f 226/676/676 275/677/677 274/678/678
f 227/679/679 276/680/680 275/681/681
f 229/682/682 276/683/683 228/684/684
f 229/685/685 278/686/686 277/687/687
f 231/688/688 278/689/689 230/690/690
f 232/691/691 279/692/692 231/693/693
f 232/694/694 281/695/695 280/696/696
f 233/697/697 282/698/698 281/699/699
f 234/700/700 283/701/701 282/702/702
f 236/703/703 283/704/704 235/705/705
f 237/706/706 284/707/707 236/708/708
f 238/709/709 285/710/710 237/711/711
f 238/712/712 287/713/713 286/714/714
f 239/715/715 288/716/716 287/717/717
f 193/718/718 288/719/719 240/720/720
f 242/721/721 289/722/722 241/723/723
f 242/724/724 291/725/725 290/726/726
f 243/727/727 292/728/728 291/729/729
f 245/730/730 292/731/731 244/732/732
f 246/733/733 293/734/734 245/735/735
f 246/736/736 295/737/737 294/738/738
f 247/739/739 296/740/740 295/741/741
f 249/742/742 296/743/743 248/744/744
f 250/745/745 297/746/746 249/747/747
f 250/748/748 299/749/749 298/750/750
f 251/751/751 300/752/752 299/753/753
f 253/754/754 300/755/755 252/756/756
f 253/757/757 302/758/758 301/759/759
f 255/760/760 302/761/761 254/762/762
f 256/763/763 303/764/764 255/765/765
f 256/766/766 305/767/767 304/768/768
f 257/769/769 306/770/770 305/771/771
f 259/772/772 306/773/773 258/774/774
f 260/775/775 307/776/776 259/777/777
f 260/778/778 309/779/779 308/780/780
f 261/781/781 310/782/782 309/783/783
f 263/784/784 310/785/785 262/786/786
f 264/787/787 311/788/788 263/789/789
f 265/790/790 312/791/791 264/792/792
f 266/793/793 313/794/794 265/795/795
f 267/796/796 314/797/797 266/798/798
f 268/799/799 315/800/800 267/801/801
f 269/802/802 316/803/803 268/804/804
f 269/805/805 318/806/806 317/807/807
f 270/808/808 319/809/809 318/810/810
f 271/811/811 320/812/812 319/813/813
f 272/814/814 321/815/815 320/816/816
f 273/817/817 322/818/818 321/819/819
f 274/820/820 323/821/821 322/822/822
f 275/823/823 324/824/824 323/825/825
f 277/826/826 324/827/827 276/828/828
f 277/829/829 326/830/830 325/831/831
f 279/832/832 326/833/833 278/834/834
f 280/835/835 327/836/836 279/837/837
f 281/838/838 328/839/839 280/840/840
f 282/841/841 329/842/842 281/843/843
f 283/844/844 330/845/845 282/846/846
f 284/847/847 331/848/848 283/849/849
f 285/850/850 332/851/851 284/852/852
f 285/853/853 334/854/854 333/855/855
f 286/856/856 335/857/857 334/858/858
f 287/859/859 336/860/860 335/861/861
f 241/862/862 336/863/863 288/864/864
f 290/865/865 337/866/866 289/867/867
f 291/868/868 338/869/869 290/870/870
f 292/871/871 339/872/872 291/873/873
f 292/874/874 341/875/875 340/876/876
f 293/877/877 342/878/878 341/879/879
f 295/880/880 342/881/881 294/882/882
f 295/883/883 344/884/884 343/885/885
f 296/886/886 345/887/887 344/888/888
f 297/889/889 346/890/890 345/891/891
f 299/892/892 346/893/893 298/894/894
f 300/895/895 347/896/896 299/897/897
f 301/898/898 348/899/899 300/900/900
f 302/901/901 349/902/902 301/903/903
f 302/904/904 351/905/905 350/906/906
f 303/907/907 352/908/908 351/909/909
f 305/910/910 352/911/911 304/912/912
f 306/913/913 353/914/914 305/915/915
f 307/916/916 354/917/917 306/918/918
f 307/919/919 356/920/920 355/921/921
f 309/922/922 356/923/923 308/924/924
f 310/925/925 357/926/926 309/927/927
f 310/928/928 359/929/929 358/930/930
f 311/931/931 360/932/932 359/933/933
f 313/934/934 360/935/935 312/936/936
f 313/937/937 362/938/938 361/939/939
f 314/940/940 363/941/941 362/942/942
f 315/943/943 364/944/944 363/945/945
f 316/946/946 365/947/947 364/948/948
f 318/949/949 365/950/950 317/951/951
f 319/952/952 366/953/953 318/954/954
f 320/955/955 367/956/956 319/957/957
f 320/958/958 369/959/959 368/960/960
f 321/961/961 370/962/962 369/963/963
f 323/964/964 370/965/965 322/966/966
f 324/967/967 371/968/968 323/969/969
f 325/970/970 372/971/971 324/972/972
f 325/973/973 374/974/974 373/975/975
f 326/976/976 375/977/977 374/978/978
f 327/979/979 376/980/980 375/981/981
f 329/982/982 376/983/983 328/984/984
f 330/985/985 377/986/986 329/987/987
f 330/988/988 379/989/989 378/990/990
f 331/991/991 380/992/992 379/993/993
f 332/994/994 381/995/995 380/996/996
f 334/997/997 381/998/998 333/999/999
f 335/1000/1000 382/1001/1001 334/1002/1002
f 336/1003/1003 383/1004/1004 335/1005/1005
f 289/1006/1006 384/1007/1007 336/1008/1008
f 41/1009/1009 33/1010/1010 25/1011/1011
f 344/1012/1012 352/1013/1013 360/1014/1014
f 1/1015/1015 2/1016/1016 50/1017/1017
f 2/1018/1018 3/1019/1019 51/1020/1020
f 3/1021/1021 4/1022/1022 52/1023/1023
f 5/1024/1024 53/1025/1025 52/1026/1026
f 6/1027/1027 54/1028/1028 53/1029/1029
f 6/1030/1030 7/1031/1031 55/1032/1032
f 8/1033/1033 56/1034/1034 55/1035/1035
f 9/1036/1036 57/1037/1037 56/1038/1038
f 10/1039/1039 58/1040/1040 57/1041/1041
f 10/1042/1042 11/1043/1043 59/1044/1044
f 11/1045/1045 12/1046/1046 60/1047/1047
f 12/1048/1048 13/1049/1049 61/1050/1050
f 13/1051/1051 14/1052/1052 62/1053/1053
f 15/1054/1054 63/1055/1055 62/1056/1056
f 16/1057/1057 64/1058/1058 63/1059/1059
f 16/1060/1060 17/1061/1061 65/1062/1062
f 17/1063/1063 18/1064/1064 66/1065/1065
f 18/1066/1066 19/1067/1067 67/1068/1068
f 20/1069/1069 68/1070/1070 67/1071/1071
f 20/1072/1072 21/1073/1073 69/1074/1074
f 21/1075/1075 22/1076/1076 70/1077/1077
f 23/1078/1078 71/1079/1079 70/1080/1080
f 24/1081/1081 72/1082/1082 71/1083/1083
f 24/1084/1084 25/1085/1085 73/1086/1086
f 26/1087/1087 74/1088/1088 73/1089/1089
f 27/1090/1090 75/1091/1091 74/1092/1092
f 28/1093/1093 76/1094/1094 75/1095/1095
f 29/1096/1096 77/1097/1097 76/1098/1098
f 29/1099/1099 30/1100/1100 78/1101/1101
f 30/1102/1102 31/1103/1103 79/1104/1104
f 31/1105/1105 32/1106/1106 80/1107/1107
f 33/1108/1108 81/1109/1109 80/1110/1110
f 34/1111/1111 82/1112/1112 81/1113/1113
f 34/1114/1114 35/1115/1115 83/1116/1116
f 35/1117/1117 36/1118/1118 84/1119/1119
f 36/1120/1120 37/1121/1121 85/1122/1122
f 38/1123/1123 86/1124/1124 85/1125/1125
f 39/1126/1126 87/1127/1127 86/1128/1128
f 40/1129/1129 88/1130/1130 87/1131/1131
f 40/1132/1132 41/1133/1133 89/1134/1134
f 41/1135/1135 42/1136/1136 90/1137/1137
f 43/1138/1138 91/1139/1139 90/1140/1140
f 44/1141/1141 92/1142/1142 91/1143/1143
f 45/1144/1144 93/1145/1145 92/1146/1146
f 45/1147/1147 46/1148/1148 94/1149/1149
f 46/1150/1150 47/1151/1151 95/1152/1152
f 47/1153/1153 48/1154/1154 96/1155/1155
f 48/1156/1156 1/1157/1157 49/1158/1158
f 49/1159/1159 50/1160/1160 98/1161/1161
f 51/1162/1162 99/1163/1163 98/1164/1164
f 52/1165/1165 100/1166/1166 99/1167/1167
f 52/1168/1168 53/1169/1169 101/1170/1170
f 53/1171/1171 54/1172/1172 102/1173/1173
f 55/1174/1174 103/1175/1175 102/1176/1176
f 56/1177/1177 104/1178/1178 103/1179/1179
f 56/1180/1180 57/1181/1181 105/1182/1182
f 57/1183/1183 58/1184/1184 106/1185/1185
f 59/1186/1186 107/1187/1187 106/1188/1188
f 60/1189/1189 108/1190/1190 107/1191/1191
f 60/1192/1192 61/1193/1193 109/1194/1194
f 62/1195/1195 110/1196/1196 109/1197/1197
f 62/1198/1198 63/1199/1199 111/1200/1200
f 63/1201/1201 64/1202/1202 112/1203/1203
f 65/1204/1204 113/1205/1205 112/1206/1206
f 66/1207/1207 114/1208/1208 113/1209/1209
f 66/1210/1210 67/1211/1211 115/1212/1212
f 67/1213/1213 68/1214/1214 116/1215/1215
f 69/1216/1216 117/1217/1217 116/1218/1218
f 70/1219/1219 118/1220/1220 117/1221/1221
f 70/1222/1222 71/1223/1223 119/1224/1224
f 71/1225/1225 72/1226/1226 120/1227/1227
f 72/1228/1228 73/1229/1229 121/1230/1230
f 73/1231/1231 74/1232/1232 122/1233/1233
f 74/1234/1234 75/1235/1235 123/1236/1236
f 75/1237/1237 76/1238/1238 124/1239/1239
f 76/1240/1240 77/1241/1241 125/1242/1242
f 78/1243/1243 126/1244/1244 125/1245/1245
f 79/1246/1246 127/1247/1247 126/1248/1248
f 80/1249/1249 128/1250/1250 127/1251/1251
f 81/1252/1252 129/1253/1253 128/1254/1254
f 82/1255/1255 130/1256/1256 129/1257/1257
f 83/1258/1258 131/1259/1259 130/1260/1260
f 84/1261/1261 132/1262/1262 131/1263/1263
f 84/1264/1264 85/1265/1265 133/1266/1266
f 86/1267/1267 134/1268/1268 133/1269/1269
f 86/1270/1270 87/1271/1271 135/1272/1272
f 87/1273/1273 88/1274/1274 136/1275/1275
f 88/1276/1276 89/1277/1277 137/1278/1278
f 89/1279/1279 90/1280/1280 138/1281/1281
f 90/1282/1282 91/1283/1283 139/1284/1284
f 91/1285/1285 92/1286/1286 140/1287/1287
f 92/1288/1288 93/1289/1289 141/1290/1290
f 94/1291/1291 142/1292/1292 141/1293/1293
f 95/1294/1294 143/1295/1295 142/1296/1296
f 96/1297/1297 144/1298/1298 143/1299/1299
f 96/1300/1300 49/1301/1301 97/1302/1302
f 97/1303/1303 98/1304/1304 146/1305/1305
f 99/1306/1306 147/1307/1307 146/1308/1308
f 100/1309/1309 148/1310/1310 147/1311/1311
f 100/1312/1312 101/1313/1313 149/1314/1314
f 101/1315/1315 102/1316/1316 150/1317/1317
f 102/1318/1318 103/1319/1319 151/1320/1320
f 103/1321/1321 104/1322/1322 152/1323/1323
f 104/1324/1324 105/1325/1325 153/1326/1326
f 105/1327/1327 106/1328/1328 154/1329/1329
f 107/1330/1330 155/1331/1331 154/1332/1332
f 108/1333/1333 156/1334/1334 155/1335/1335
f 108/1336/1336 109/1337/1337 157/1338/1338
f 110/1339/1339 158/1340/1340 157/1341/1341
f 110/1342/1342 111/1343/1343 159/1344/1344
f 111/1345/1345 112/1346/1346 160/1347/1347
f 113/1348/1348 161/1349/1349 160/1350/1350
f 114/1351/1351 162/1352/1352 161/1353/1353
f 115/1354/1354 163/1355/1355 162/1356/1356
f 116/1357/1357 164/1358/1358 163/1359/1359
f 117/1360/1360 165/1361/1361 164/1362/1362
f 118/1363/1363 166/1364/1364 165/1365/1365
f 118/1366/1366 119/1367/1367 167/1368/1368
f 119/1369/1369 120/1370/1370 168/1371/1371
f 120/1372/1372 121/1373/1373 169/1374/1374
f 122/1375/1375 170/1376/1376 169/1377/1377
f 122/1378/1378 123/1379/1379 171/1380/1380
f 123/1381/1381 124/1382/1382 172/1383/1383
f 125/1384/1384 173/1385/1385 172/1386/1386
f 126/1387/1387 174/1388/1388 173/1389/1389
f 127/1390/1390 175/1391/1391 174/1392/1392
f 127/1393/1393 128/1394/1394 176/1395/1395
f 128/1396/1396 129/1397/1397 177/1398/1398
f 129/1399/1399 130/1400/1400 178/1401/1401
f 131/1402/1402 179/1403/1403 178/1404/1404
f 132/1405/1405 180/1406/1406 179/1407/1407
f 132/1408/1408 133/1409/1409 181/1410/1410
f 134/1411/1411 182/1412/1412 181/1413/1413
f 134/1414/1414 135/1415/1415 183/1416/1416
f 135/1417/1417 136/1418/1418 184/1419/1419
f 137/1420/1420 185/1421/1421 184/1422/1422
f 138/1423/1423 186/1424/1424 185/1425/1425
f 139/1426/1426 187/1427/1427 186/1428/1428
f 139/1429/1429 140/1430/1430 188/1431/1431
f 140/1432/1432 141/1433/1433 189/1434/1434
f 141/1435/1435 142/1436/1436 190/1437/1437
f 143/1438/1438 191/1439/1439 190/1440/1440
f 144/1441/1441 192/1442/1442 191/1443/1443
f 144/1444/1444 97/1445/1445 145/1446/1446
f 146/1447/1447 194/1448/1448 193/1449/1449
f 147/1450/1450 195/1451/1451 194/1452/1452
f 148/1453/1453 196/1454/1454 195/1455/1455
f 149/1456/1456 197/1457/1457 196/1458/1458
f 150/1459/1459 198/1460/1460 197/1461/1461
f 151/1462/1462 199/1463/1463 198/1464/1464
f 152/1465/1465 200/1466/1466 199/1467/1467
f 153/1468/1468 201/1469/1469 200/1470/1470
f 154/1471/1471 202/1472/1472 201/1473/1473
f 155/1474/1474 203/1475/1475 202/1476/1476
f 156/1477/1477 204/1478/1478 203/1479/1479
f 157/1480/1480 205/1481/1481 204/1482/1482
f 158/1483/1483 206/1484/1484 205/1485/1485
f 159/1486/1486 207/1487/1487 206/1488/1488
f 160/1489/1489 208/1490/1490 207/1491/1491
f 161/1492/1492 209/1493/1493 208/1494/1494
f 162/1495/1495 210/1496/1496 209/1497/1497
f 163/1498/1498 211/1499/1499 210/1500/1500
f 164/1501/1501 212/1502/1502 211/1503/1503
f 165/1504/1504 213/1505/1505 212/1506/1506
f 166/1507/1507 214/1508/1508 213/1509/1509
f 167/1510/1510 215/1511/1511 214/1512/1512
f 168/1513/1513 216/1514/1514 215/1515/1515
f 169/1516/1516 217/1517/1517 216/1518/1518
f 170/1519/1519 218/1520/1520 217/1521/1521
f 171/1522/1522 219/1523/1523 218/1524/1524
f 172/1525/1525 220/1526/1526 219/1527/1527
f 173/1528/1528 221/1529/1529 220/1530/1530
f 174/1531/1531 222/1532/1532 221/1533/1533
f 175/1534/1534 223/1535/1535 222/1536/1536
f 176/1537/1537 224/1538/1538 223/1539/1539
f 177/1540/1540 225/1541/1541 224/1542/1542
f 178/1543/1543 226/1544/1544 225/1545/1545
f 179/1546/1546 227/1547/1547 226/1548/1548
f 180/1549/1549 228/1550/1550 227/1551/1551
f 181/1552/1552 229/1553/1553 228/1554/1554
f 182/1555/1555 230/1556/1556 229/1557/1557
f 183/1558/1558 231/1559/1559 230/1560/1560
f 184/1561/1561 232/1562/1562 231/1563/1563
f 185/1564/1564 233/1565/1565 232/1566/1566
f 186/1567/1567 234/1568/1568 233/1569/1569
f 187/1570/1570 235/1571/1571 234/1572/1572
f 188/1573/1573 236/1574/1574 235/1575/1575
f 189/1576/1576 237/1577/1577 236/1578/1578
f 190/1579/1579 238/1580/1580 237/1581/1581
f 191/1582/1582 239/1583/1583 238/1584/1584
f 192/1585/1585 240/1586/1586 239/1587/1587
f 145/1588/1588 193/1589/1589 240/1590/1590
f 194/1591/1591 242/1592/1592 241/1593/1593
f 194/1594/1594 195/1595/1595 243/1596/1596
f 195/1597/1597 196/1598/1598 244/1599/1599
f 197/1600/1600 245/1601/1601 244/1602/1602
f 198/1603/1603 246/1604/1604 245/1605/1605
f 199/1606/1606 247/1607/1607 246/1608/1608
f 200/1609/1609 248/1610/1610 247/1611/1611
f 201/1612/1612 249/1613/1613 248/1614/1614
f 202/1615/1615 250/1616/1616 249/1617/1617
f 202/1618/1618 203/1619/1619 251/1620/1620
f 203/1621/1621 204/1622/1622 252/1623/1623
f 205/1624/1624 253/1625/1625 252/1626/1626
f 205/1627/1627 206/1628/1628 254/1629/1629
f 207/1630/1630 255/1631/1631 254/1632/1632
f 208/1633/1633 256/1634/1634 255/1635/1635
f 208/1636/1636 209/1637/1637 257/1638/1638
f 209/1639/1639 210/1640/1640 258/1641/1641
f 210/1642/1642 211/1643/1643 259/1644/1644
f 211/1645/1645 212/1646/1646 260/1647/1647
f 212/1648/1648 213/1649/1649 261/1650/1650
f 213/1651/1651 214/1652/1652 262/1653/1653
f 215/1654/1654 263/1655/1655 262/1656/1656
f 216/1657/1657 264/1658/1658 263/1659/1659
f 217/1660/1660 265/1661/1661 264/1662/1662
f 217/1663/1663 218/1664/1664 266/1665/1665
f 219/1666/1666 267/1667/1667 266/1668/1668
f 220/1669/1669 268/1670/1670 267/1671/1671
f 220/1672/1672 221/1673/1673 269/1674/1674
f 221/1675/1675 222/1676/1676 270/1677/1677
f 222/1678/1678 223/1679/1679 271/1680/1680
f 224/1681/1681 272/1682/1682 271/1683/1683
f 225/1684/1684 273/1685/1685 272/1686/1686
f 226/1687/1687 274/1688/1688 273/1689/1689
f 226/1690/1690 227/1691/1691 275/1692/1692
f 227/1693/1693 228/1694/1694 276/1695/1695
f 229/1696/1696 277/1697/1697 276/1698/1698
f 229/1699/1699 230/1700/1700 278/1701/1701
f 231/1702/1702 279/1703/1703 278/1704/1704
f 232/1705/1705 280/1706/1706 279/1707/1707
f 232/1708/1708 233/1709/1709 281/1710/1710
f 233/1711/1711 234/1712/1712 282/1713/1713
f 234/1714/1714 235/1715/1715 283/1716/1716
f 236/1717/1717 284/1718/1718 283/1719/1719
f 237/1720/1720 285/1721/1721 284/1722/1722
f 238/1723/1723 286/1724/1724 285/1725/1725
f 238/1726/1726 239/1727/1727 287/1728/1728
f 239/1729/1729 240/1730/1730 288/1731/1731
f 193/1732/1732 241/1733/1733 288/1734/1734
f 242/1735/1735 290/1736/1736 289/1737/1737
f 242/1738/1738 243/1739/1739 291/1740/1740
f 243/1741/1741 244/1742/1742 292/1743/1743
f 245/1744/1744 293/1745/1745 292/1746/1746
f 246/1747/1747 294/1748/1748 293/1749/1749
f 246/1750/1750 247/1751/1751 295/1752/1752
f 247/1753/1753 248/1754/1754 296/1755/1755
f 249/1756/1756 297/1757/1757 296/1758/1758
f 250/1759/1759 298/1760/1760 297/1761/1761
f 250/1762/1762 251/1763/1763 299/1764/1764
f 251/1765/1765 252/1766/1766 300/1767/1767
f 253/1768/1768 301/1769/1769 300/1770/1770
f 253/1771/1771 254/1772/1772 302/1773/1773
f 255/1774/1774 303/1775/1775 302/1776/1776
f 256/1777/1777 304/1778/1778 303/1779/1779
f 256/1780/1780 257/1781/1781 305/1782/1782
f 257/1783/1783 258/1784/1784 306/1785/1785
f 259/1786/1786 307/1787/1787 306/1788/1788
f 260/1789/1789 308/1790/1790 307/1791/1791
f 260/1792/1792 261/1793/1793 309/1794/1794
f 261/1795/1795 262/1796/1796 310/1797/1797
f 263/1798/1798 311/1799/1799 310/1800/1800
f 264/1801/1801 312/1802/1802 311/1803/1803
f 265/1804/1804 313/1805/1805 312/1806/1806
f 266/1807/1807 314/1808/1808 313/1809/1809
f 267/1810/1810 315/1811/1811 314/1812/1812
f 268/1813/1813 316/1814/1814 315/1815/1815
f 269/1816/1816 317/1817/1817 316/1818/1818
f 269/1819/1819 270/1820/1820 318/1821/1821
f 270/1822/1822 271/1823/1823 319/1824/1824
f 271/1825/1825 272/1826/1826 320/1827/1827
f 272/1828/1828 273/1829/1829 321/1830/1830
f 273/1831/1831 274/1832/1832 322/1833/1833
f 274/1834/1834 275/1835/1835 323/1836/1836
f 275/1837/1837 276/1838/1838 324/1839/1839
f 277/1840/1840 325/1841/1841 324/1842/1842
f 277/1843/1843 278/1844/1844 326/1845/1845
f 279/1846/1846 327/1847/1847 326/1848/1848
f 280/1849/1849 328/1850/1850 327/1851/1851
f 281/1852/1852 329/1853/1853 328/1854/1854
f 282/1855/1855 330/1856/1856 329/1857/1857
f 283/1858/1858 331/1859/1859 330/1860/1860
f 284/1861/1861 332/1862/1862 331/1863/1863
f 285/1864/1864 333/1865/1865 332/1866/1866
f 285/1867/1867 286/1868/1868 334/1869/1869
f 286/1870/1870 287/1871/1871 335/1872/1872
f 287/1873/1873 288/1874/1874 336/1875/1875
f 241/1876/1876 289/1877/1877 336/1878/1878
f 290/1879/1879 338/1880/1880 337/1881/1881
f 291/1882/1882 339/1883/1883 338/1884/1884
f 292/1885/1885 340/1886/1886 339/1887/1887
f 292/1888/1888 293/1889/1889 341/1890/1890
f 293/1891/1891 294/1892/1892 342/1893/1893
f 295/1894/1894 343/1895/1895 342/1896/1896
f 295/1897/1897 296/1898/1898 344/1899/1899
f 296/1900/1900 297/1901/1901 345/1902/1902
f 297/1903/1903 298/1904/1904 346/1905/1905
f 299/1906/1906 347/1907/1907 346/1908/1908
f 300/1909/1909 348/1910/1910 347/1911/1911
f 301/1912/1912 349/1913/1913 348/1914/1914
f 302/1915/1915 350/1916/1916 349/1917/1917
f 302/1918/1918 303/1919/1919 351/1920/1920
f 303/1921/1921 304/1922/1922 352/1923/1923
f 305/1924/1924 353/1925/1925 352/1926/1926
f 306/1927/1927 354/1928/1928 353/1929/1929
f 307/1930/1930 355/1931/1931 354/1932/1932
f 307/1933/1933 308/1934/1934 356/1935/1935
f 309/1936/1936 357/1937/1937 356/1938/1938
f 310/1939/1939 358/1940/1940 357/1941/1941
f 310/1942/1942 311/1943/1943 359/1944/1944
f 311/1945/1945 312/1946/1946 360/1947/1947
f 313/1948/1948 361/1949/1949 360/1950/1950
f 313/1951/1951 314/1952/1952 362/1953/1953
f 314/1954/1954 315/1955/1955 363/1956/1956
f 315/1957/1957 316/1958/1958 364/1959/1959
f 316/1960/1960 317/1961/1961 365/1962/1962
f 318/1963/1963 366/1964/1964 365/1965/1965
f 319/1966/1966 367/1967/1967 366/1968/1968
f 320/1969/1969 368/1970/1970 367/1971/1971
f 320/1972/1972 321/1973/1973 369/1974/1974
f 321/1975/1975 322/1976/1976 370/1977/1977
f 323/1978/1978 371/1979/1979 370/1980/1980
f 324/1981/1981 372/1982/1982 371/1983/1983
f 325/1984/1984 373/1985/1985 372/1986/1986
f 325/1987/1987 326/1988/1988 374/1989/1989
f 326/1990/1990 327/1991/1991 375/1992/1992
f 327/1993/1993 328/1994/1994 376/1995/1995
f 329/1996/1996 377/1997/1997 376/1998/1998
f 330/1999/1999 378/2000/2000 377/2001/2001
f 330/2002/2002 331/2003/2003 379/2004/2004
f 331/2005/2005 332/2006/2006 380/2007/2007
f 332/2008/2008 333/2009/2009 381/2010/2010
f 334/2011/2011 382/2012/2012 381/2013/2013
f 335/2014/2014 383/2015/2015 382/2016/2016
f 336/2017/2017 384/2018/2018 383/2019/2019
f 289/2020/2020 337/2021/2021 384/2022/2022
f 1/2023/2023 48/2024/2024 25/2025/2025
f 48/2026/2026 47/2027/2027 41/2028/2028
f 25/2029/2029 48/2030/2030 41/2031/2031
f 47/2032/2032 46/2033/2033 45/2034/2034
f 45/2035/2035 44/2036/2036 43/2037/2037
f 43/2038/2038 42/2039/2039 45/2040/2040
f 42/2041/2041 41/2042/2042 45/2043/2043
f 41/2044/2044 40/2045/2045 39/2046/2046
f 39/2047/2047 38/2048/2048 37/2049/2049
f 37/2050/2050 36/2051/2051 33/2052/2052
f 36/2053/2053 35/2054/2054 33/2055/2055
f 35/2056/2056 34/2057/2057 33/2058/2058
f 33/2059/2059 32/2060/2060 29/2061/2061
f 32/2062/2062 31/2063/2063 29/2064/2064
f 31/2065/2065 30/2066/2066 29/2067/2067
f 29/2068/2068 28/2069/2069 27/2070/2070
f 27/2071/2071 26/2072/2072 25/2073/2073
f 25/2074/2074 24/2075/2075 1/2076/2076
f 24/2077/2077 23/2078/2078 17/2079/2079
f 1/2080/2080 24/2081/2081 13/2082/2082
f 23/2083/2083 22/2084/2084 21/2085/2085
f 21/2086/2086 20/2087/2087 17/2088/2088
f 20/2089/2089 19/2090/2090 17/2091/2091
f 19/2092/2092 18/2093/2093 17/2094/2094
f 17/2095/2095 16/2096/2096 15/2097/2097
f 15/2098/2098 14/2099/2099 17/2100/2100
f 14/2101/2101 13/2102/2102 17/2103/2103
f 13/2104/2104 12/2105/2105 1/2106/2106
f 12/2107/2107 11/2108/2108 9/2109/2109
f 11/2110/2110 10/2111/2111 9/2112/2112
f 9/2113/2113 8/2114/2114 7/2115/2115
f 7/2116/2116 6/2117/2117 9/2118/2118
f 6/2119/2119 5/2120/2120 9/2121/2121
f 5/2122/2122 4/2123/2123 1/2124/2124
f 4/2125/2125 3/2126/2126 1/2127/2127
f 3/2128/2128 2/2129/2129 1/2130/2130
f 47/2131/2131 45/2132/2132 41/2133/2133
f 41/2134/2134 39/2135/2135 37/2136/2136
f 29/2137/2137 27/2138/2138 25/2139/2139
f 23/2140/2140 21/2141/2141 17/2142/2142
f 24/2143/2143 17/2144/2144 13/2145/2145
f 12/2146/2146 9/2147/2147 1/2148/2148
f 41/2149/2149 37/2150/2150 33/2151/2151
f 33/2152/2152 29/2153/2153 25/2154/2154
f 9/2155/2155 5/2156/2156 1/2157/2157
f 384/2158/2158 337/2159/2159 361/2160/2160
f 337/2161/2161 338/2162/2162 344/2163/2163
f 360/2164/2164 337/2165/2165 344/2166/2166
f 338/2167/2167 339/2168/2168 340/2169/2169
f 340/2170/2170 341/2171/2171 344/2172/2172
f 341/2173/2173 342/2174/2174 344/2175/2175
f 342/2176/2176 343/2177/2177 344/2178/2178
f 344/2179/2179 345/2180/2180 348/2181/2181
f 345/2182/2182 346/2183/2183 348/2184/2184
f 346/2185/2185 347/2186/2186 348/2187/2187
f 348/2188/2188 349/2189/2189 352/2190/2190
f 349/2191/2191 350/2192/2192 352/2193/2193
f 350/2194/2194 351/2195/2195 352/2196/2196
f 352/2197/2197 353/2198/2198 356/2199/2199
f 353/2200/2200 354/2201/2201 356/2202/2202
f 354/2203/2203 355/2204/2204 356/2205/2205
f 356/2206/2206 357/2207/2207 358/2208/2208
f 358/2209/2209 359/2210/2210 360/2211/2211
f 360/2212/2212 361/2213/2213 337/2214/2214
f 361/2215/2215 362/2216/2216 368/2217/2217
f 384/2218/2218 361/2219/2219 372/2220/2220
f 362/2221/2221 363/2222/2222 364/2223/2223
f 364/2224/2224 365/2225/2225 368/2226/2226
f 365/2227/2227 366/2228/2228 368/2229/2229
f 366/2230/2230 367/2231/2231 368/2232/2232
f 368/2233/2233 369/2234/2234 370/2235/2235
f 370/2236/2236 371/2237/2237 368/2238/2238
f 371/2239/2239 372/2240/2240 368/2241/2241
f 372/2242/2242 373/2243/2243 384/2244/2244
f 373/2245/2245 374/2246/2246 376/2247/2247
f 374/2248/2248 375/2249/2249 376/2250/2250
f 376/2251/2251 377/2252/2252 378/2253/2253
f 378/2254/2254 379/2255/2255 380/2256/2256
f 380/2257/2257 381/2258/2258 384/2259/2259
f 381/2260/2260 382/2261/2261 384/2262/2262
f 382/2263/2263 383/2264/2264 384/2265/2265
f 338/2266/2266 340/2267/2267 344/2268/2268
f 356/2269/2269 358/2270/2270 352/2271/2271
f 358/2272/2272 360/2273/2273 352/2274/2274
f 362/2275/2275 364/2276/2276 368/2277/2277
f 361/2278/2278 368/2279/2279 372/2280/2280
f 373/2281/2281 376/2282/2282 384/2283/2283
f 376/2284/2284 378/2285/2285 384/2286/2286
f 378/2287/2287 380/2288/2288 384/2289/2289
f 344/2290/2290 348/2291/2291 352/2292/2292
