# Original procedural X5 mesh; meters; +X front, +Y left, +Z up
o display_cover
v 0.0128900008 0.0197600015 0.0809000060
v 0.0128900008 0.0197560657 0.0809600502
v 0.0128900008 0.0197443273 0.0810190588
v 0.0128900008 0.0197249856 0.0810760409
v 0.0128900008 0.0196983721 0.0811300054
v 0.0128900008 0.0196649432 0.0811800361
v 0.0128900008 0.0196252707 0.0812252760
v 0.0128900008 0.0195800308 0.0812649503
v 0.0128900008 0.0195300020 0.0812983736
v 0.0128900008 0.0194760356 0.0813249871
v 0.0128900008 0.0194190573 0.0813443363
v 0.0128900008 0.0193600431 0.0813560709
v 0.0128900008 -0.0193000007 0.0813600048
v 0.0128900008 -0.0193600431 0.0813560709
v 0.0128900008 -0.0194190573 0.0813443363
v 0.0128900008 -0.0194760356 0.0813249871
v 0.0128900008 -0.0195300020 0.0812983736
v 0.0128900008 -0.0195800308 0.0812649503
v 0.0128900008 -0.0196252707 0.0812252760
v 0.0128900008 -0.0196649432 0.0811800361
v 0.0128900008 -0.0196983721 0.0811300054
v 0.0128900008 -0.0197249856 0.0810760409
v 0.0128900008 -0.0197443273 0.0810190588
v 0.0128900008 -0.0197560657 0.0809600502
v 0.0128900008 -0.0197600015 0.0199000016
v 0.0128900008 -0.0197560657 0.0198399611
v 0.0128900008 -0.0197443273 0.0197809450
v 0.0128900008 -0.0197249856 0.0197239667
v 0.0128900008 -0.0196983721 0.0196700022
v 0.0128900008 -0.0196649432 0.0196199715
v 0.0128900008 -0.0196252707 0.0195747335
v 0.0128900008 -0.0195800308 0.0195350591
v 0.0128900008 -0.0195300020 0.0195016321
v 0.0128900008 -0.0194760356 0.0194750186
v 0.0128900008 -0.0194190573 0.0194556769
v 0.0128900008 -0.0193600431 0.0194439385
v 0.0128900008 0.0193000007 0.0194400027
v 0.0128900008 0.0193600431 0.0194439385
v 0.0128900008 0.0194190573 0.0194556769
v 0.0128900008 0.0194760356 0.0194750186
v 0.0128900008 0.0195300020 0.0195016321
v 0.0128900008 0.0195800308 0.0195350591
v 0.0128900008 0.0196252707 0.0195747335
v 0.0128900008 0.0196649432 0.0196199715
v 0.0128900008 0.0196983721 0.0196700022
v 0.0128900008 0.0197249856 0.0197239667
v 0.0128900008 0.0197443273 0.0197809450
v 0.0128900008 0.0197560657 0.0198399611
v 0.0128953597 0.0197800025 0.0809000060
v 0.0128953597 0.0197758954 0.0809626579
v 0.0128953597 0.0197636466 0.0810242370
v 0.0128953597 0.0197434630 0.0810836926
v 0.0128953597 0.0197156928 0.0811400041
v 0.0128953597 0.0196808092 0.0811922103
v 0.0128953597 0.0196394119 0.0812394172
v 0.0128953597 0.0195922051 0.0812808126
v 0.0128953597 0.0195400026 0.0813156962
v 0.0128953597 0.0194836892 0.0813434646
v 0.0128953597 0.0194242336 0.0813636482
v 0.0128953597 0.0193626527 0.0813758969
v 0.0128953597 -0.0193000007 0.0813800097
v 0.0128953597 -0.0193626527 0.0813758969
v 0.0128953597 -0.0194242336 0.0813636482
v 0.0128953597 -0.0194836892 0.0813434646
v 0.0128953597 -0.0195400026 0.0813156962
v 0.0128953597 -0.0195922051 0.0812808126
v 0.0128953597 -0.0196394119 0.0812394172
v 0.0128953597 -0.0196808092 0.0811922103
v 0.0128953597 -0.0197156928 0.0811400041
v 0.0128953597 -0.0197434630 0.0810836926
v 0.0128953597 -0.0197636466 0.0810242370
v 0.0128953597 -0.0197758954 0.0809626579
v 0.0128953597 -0.0197800025 0.0199000016
v 0.0128953597 -0.0197758954 0.0198373497
v 0.0128953597 -0.0197636466 0.0197757687
v 0.0128953597 -0.0197434630 0.0197163150
v 0.0128953597 -0.0197156928 0.0196600035
v 0.0128953597 -0.0196808092 0.0196077973
v 0.0128953597 -0.0196394119 0.0195605922
v 0.0128953597 -0.0195922051 0.0195191931
v 0.0128953597 -0.0195400026 0.0194843113
v 0.0128953597 -0.0194836892 0.0194565393
v 0.0128953597 -0.0194242336 0.0194363575
v 0.0128953597 -0.0193626527 0.0194241088
v 0.0128953597 0.0193000007 0.0194200035
v 0.0128953597 0.0193626527 0.0194241088
v 0.0128953597 0.0194242336 0.0194363575
v 0.0128953597 0.0194836892 0.0194565393
v 0.0128953597 0.0195400026 0.0194843113
v 0.0128953597 0.0195922051 0.0195191931
v 0.0128953597 0.0196394119 0.0195605922
v 0.0128953597 0.0196808092 0.0196077973
v 0.0128953597 0.0197156928 0.0196600035
v 0.0128953597 0.0197434630 0.0197163150
v 0.0128953597 0.0197636466 0.0197757687
v 0.0128953597 0.0197758954 0.0198373497
v 0.0129100000 0.0197946429 0.0809000060
v 0.0129100000 0.0197904091 0.0809645727
v 0.0129100000 0.0197777878 0.0810280293
v 0.0129100000 0.0197569896 0.0810892954
v 0.0129100000 0.0197283737 0.0811473280
v 0.0129100000 0.0196924265 0.0812011212
v 0.0129100000 0.0196497645 0.0812497661
v 0.0129100000 0.0196011197 0.0812924281
v 0.0129100000 0.0195473228 0.0813283697
v 0.0129100000 0.0194892921 0.0813569948
v 0.0129100000 0.0194280241 0.0813777968
v 0.0129100000 0.0193645637 0.0813904181
v 0.0129100000 -0.0193000007 0.0813946426
v 0.0129100000 -0.0193645637 0.0813904181
v 0.0129100000 -0.0194280241 0.0813777968
v 0.0129100000 -0.0194892921 0.0813569948
v 0.0129100000 -0.0195473228 0.0813283697
v 0.0129100000 -0.0196011197 0.0812924281
v 0.0129100000 -0.0196497645 0.0812497661
v 0.0129100000 -0.0196924265 0.0812011212
v 0.0129100000 -0.0197283737 0.0811473280
v 0.0129100000 -0.0197569896 0.0810892954
v 0.0129100000 -0.0197777878 0.0810280293
v 0.0129100000 -0.0197904091 0.0809645727
v 0.0129100000 -0.0197946429 0.0199000016
v 0.0129100000 -0.0197904091 0.0198354386
v 0.0129100000 -0.0197777878 0.0197719801
v 0.0129100000 -0.0197569896 0.0197107121
v 0.0129100000 -0.0197283737 0.0196526814
v 0.0129100000 -0.0196924265 0.0195988845
v 0.0129100000 -0.0196497645 0.0195502378
v 0.0129100000 -0.0196011197 0.0195075776
v 0.0129100000 -0.0195473228 0.0194716305
v 0.0129100000 -0.0194892921 0.0194430128
v 0.0129100000 -0.0194280241 0.0194222163
v 0.0129100000 -0.0193645637 0.0194095932
v 0.0129100000 0.0193000007 0.0194053613
v 0.0129100000 0.0193645637 0.0194095932
v 0.0129100000 0.0194280241 0.0194222163
v 0.0129100000 0.0194892921 0.0194430128
v 0.0129100000 0.0195473228 0.0194716305
v 0.0129100000 0.0196011197 0.0195075776
v 0.0129100000 0.0196497645 0.0195502378
v 0.0129100000 0.0196924265 0.0195988845
v 0.0129100000 0.0197283737 0.0196526814
v 0.0129100000 0.0197569896 0.0197107121
v 0.0129100000 0.0197777878 0.0197719801
v 0.0129100000 0.0197904091 0.0198354386
v 0.0129300011 0.0197999999 0.0809000060
v 0.0129300011 0.0197957233 0.0809652656
v 0.0129300011 0.0197829641 0.0810294151
v 0.0129300011 0.0197619405 0.0810913444
v 0.0129300011 0.0197330136 0.0811500028
v 0.0129300011 0.0196966771 0.0812043846
v 0.0129300011 0.0196535531 0.0812535584
v 0.0129300011 0.0196043830 0.0812966824
v 0.0129300011 0.0195499994 0.0813330188
v 0.0129300011 0.0194913428 0.0813619420
v 0.0129300011 0.0194294099 0.0813829675
v 0.0129300011 0.0193652641 0.0813957229
v 0.0129300011 -0.0193000007 0.0814000070
v 0.0129300011 -0.0193652641 0.0813957229
v 0.0129300011 -0.0194294099 0.0813829675
v 0.0129300011 -0.0194913428 0.0813619420
v 0.0129300011 -0.0195499994 0.0813330188
v 0.0129300011 -0.0196043830 0.0812966824
v 0.0129300011 -0.0196535531 0.0812535584
v 0.0129300011 -0.0196966771 0.0812043846
v 0.0129300011 -0.0197330136 0.0811500028
v 0.0129300011 -0.0197619405 0.0810913444
v 0.0129300011 -0.0197829641 0.0810294151
v 0.0129300011 -0.0197957233 0.0809652656
v 0.0129300011 -0.0197999999 0.0199000016
v 0.0129300011 -0.0197957233 0.0198347382
v 0.0129300011 -0.0197829641 0.0197705925
v 0.0129300011 -0.0197619405 0.0197086614
v 0.0129300011 -0.0197330136 0.0196500029
v 0.0129300011 -0.0196966771 0.0195956212
v 0.0129300011 -0.0196535531 0.0195464492
v 0.0129300011 -0.0196043830 0.0195033252
v 0.0129300011 -0.0195499994 0.0194669906
v 0.0129300011 -0.0194913428 0.0194380637
v 0.0129300011 -0.0194294099 0.0194170382
v 0.0129300011 -0.0193652641 0.0194042809
v 0.0129300011 0.0193000007 0.0194000024
v 0.0129300011 0.0193652641 0.0194042809
v 0.0129300011 0.0194294099 0.0194170382
v 0.0129300011 0.0194913428 0.0194380637
v 0.0129300011 0.0195499994 0.0194669906
v 0.0129300011 0.0196043830 0.0195033252
v 0.0129300011 0.0196535531 0.0195464492
v 0.0129300011 0.0196966771 0.0195956212
v 0.0129300011 0.0197330136 0.0196500029
v 0.0129300011 0.0197619405 0.0197086614
v 0.0129300011 0.0197829641 0.0197705925
v 0.0129300011 0.0197957233 0.0198347382
v 0.0131500000 0.0197999999 0.0809000060
v 0.0131500000 0.0197957233 0.0809652656
v 0.0131500000 0.0197829641 0.0810294151
v 0.0131500000 0.0197619405 0.0810913444
v 0.0131500000 0.0197330136 0.0811500028
v 0.0131500000 0.0196966771 0.0812043846
v 0.0131500000 0.0196535531 0.0812535584
v 0.0131500000 0.0196043830 0.0812966824
v 0.0131500000 0.0195499994 0.0813330188
v 0.0131500000 0.0194913428 0.0813619420
v 0.0131500000 0.0194294099 0.0813829675
v 0.0131500000 0.0193652641 0.0813957229
v 0.0131500000 -0.0193000007 0.0814000070
v 0.0131500000 -0.0193652641 0.0813957229
v 0.0131500000 -0.0194294099 0.0813829675
v 0.0131500000 -0.0194913428 0.0813619420
v 0.0131500000 -0.0195499994 0.0813330188
v 0.0131500000 -0.0196043830 0.0812966824
v 0.0131500000 -0.0196535531 0.0812535584
v 0.0131500000 -0.0196966771 0.0812043846
v 0.0131500000 -0.0197330136 0.0811500028
v 0.0131500000 -0.0197619405 0.0810913444
v 0.0131500000 -0.0197829641 0.0810294151
v 0.0131500000 -0.0197957233 0.0809652656
v 0.0131500000 -0.0197999999 0.0199000016
v 0.0131500000 -0.0197957233 0.0198347382
v 0.0131500000 -0.0197829641 0.0197705925
v 0.0131500000 -0.0197619405 0.0197086614
v 0.0131500000 -0.0197330136 0.0196500029
v 0.0131500000 -0.0196966771 0.0195956212
v 0.0131500000 -0.0196535531 0.0195464492
v 0.0131500000 -0.0196043830 0.0195033252
v 0.0131500000 -0.0195499994 0.0194669906
v 0.0131500000 -0.0194913428 0.0194380637
v 0.0131500000 -0.0194294099 0.0194170382
v 0.0131500000 -0.0193652641 0.0194042809
v 0.0131500000 0.0193000007 0.0194000024
v 0.0131500000 0.0193652641 0.0194042809
v 0.0131500000 0.0194294099 0.0194170382
v 0.0131500000 0.0194913428 0.0194380637
v 0.0131500000 0.0195499994 0.0194669906
v 0.0131500000 0.0196043830 0.0195033252
v 0.0131500000 0.0196535531 0.0195464492
v 0.0131500000 0.0196966771 0.0195956212
v 0.0131500000 0.0197330136 0.0196500029
v 0.0131500000 0.0197619405 0.0197086614
v 0.0131500000 0.0197829641 0.0197705925
v 0.0131500000 0.0197957233 0.0198347382
v 0.0131700011 0.0197946429 0.0809000060
v 0.0131700011 0.0197904091 0.0809645727
v 0.0131700011 0.0197777878 0.0810280293
v 0.0131700011 0.0197569896 0.0810892954
v 0.0131700011 0.0197283737 0.0811473280
v 0.0131700011 0.0196924265 0.0812011212
v 0.0131700011 0.0196497645 0.0812497661
v 0.0131700011 0.0196011197 0.0812924281
v 0.0131700011 0.0195473228 0.0813283697
v 0.0131700011 0.0194892921 0.0813569948
v 0.0131700011 0.0194280241 0.0813777968
v 0.0131700011 0.0193645637 0.0813904181
v 0.0131700011 -0.0193000007 0.0813946426
v 0.0131700011 -0.0193645637 0.0813904181
v 0.0131700011 -0.0194280241 0.0813777968
v 0.0131700011 -0.0194892921 0.0813569948
v 0.0131700011 -0.0195473228 0.0813283697
v 0.0131700011 -0.0196011197 0.0812924281
v 0.0131700011 -0.0196497645 0.0812497661
v 0.0131700011 -0.0196924265 0.0812011212
v 0.0131700011 -0.0197283737 0.0811473280
v 0.0131700011 -0.0197569896 0.0810892954
v 0.0131700011 -0.0197777878 0.0810280293
v 0.0131700011 -0.0197904091 0.0809645727
v 0.0131700011 -0.0197946429 0.0199000016
v 0.0131700011 -0.0197904091 0.0198354386
v 0.0131700011 -0.0197777878 0.0197719801
v 0.0131700011 -0.0197569896 0.0197107121
v 0.0131700011 -0.0197283737 0.0196526814
v 0.0131700011 -0.0196924265 0.0195988845
v 0.0131700011 -0.0196497645 0.0195502378
v 0.0131700011 -0.0196011197 0.0195075776
v 0.0131700011 -0.0195473228 0.0194716305
v 0.0131700011 -0.0194892921 0.0194430128
v 0.0131700011 -0.0194280241 0.0194222163
v 0.0131700011 -0.0193645637 0.0194095932
v 0.0131700011 0.0193000007 0.0194053613
v 0.0131700011 0.0193645637 0.0194095932
v 0.0131700011 0.0194280241 0.0194222163
v 0.0131700011 0.0194892921 0.0194430128
v 0.0131700011 0.0195473228 0.0194716305
v 0.0131700011 0.0196011197 0.0195075776
v 0.0131700011 0.0196497645 0.0195502378
v 0.0131700011 0.0196924265 0.0195988845
v 0.0131700011 0.0197283737 0.0196526814
v 0.0131700011 0.0197569896 0.0197107121
v 0.0131700011 0.0197777878 0.0197719801
v 0.0131700011 0.0197904091 0.0198354386
v 0.0131846415 0.0197800025 0.0809000060
v 0.0131846415 0.0197758954 0.0809626579
v 0.0131846415 0.0197636466 0.0810242370
v 0.0131846415 0.0197434630 0.0810836926
v 0.0131846415 0.0197156928 0.0811400041
v 0.0131846415 0.0196808092 0.0811922103
v 0.0131846415 0.0196394119 0.0812394172
v 0.0131846415 0.0195922051 0.0812808126
v 0.0131846415 0.0195400026 0.0813156962
v 0.0131846415 0.0194836892 0.0813434646
v 0.0131846415 0.0194242336 0.0813636482
v 0.0131846415 0.0193626527 0.0813758969
v 0.0131846415 -0.0193000007 0.0813800097
v 0.0131846415 -0.0193626527 0.0813758969
v 0.0131846415 -0.0194242336 0.0813636482
v 0.0131846415 -0.0194836892 0.0813434646
v 0.0131846415 -0.0195400026 0.0813156962
v 0.0131846415 -0.0195922051 0.0812808126
v 0.0131846415 -0.0196394119 0.0812394172
v 0.0131846415 -0.0196808092 0.0811922103
v 0.0131846415 -0.0197156928 0.0811400041
v 0.0131846415 -0.0197434630 0.0810836926
v 0.0131846415 -0.0197636466 0.0810242370
v 0.0131846415 -0.0197758954 0.0809626579
v 0.0131846415 -0.0197800025 0.0199000016
v 0.0131846415 -0.0197758954 0.0198373497
v 0.0131846415 -0.0197636466 0.0197757687
v 0.0131846415 -0.0197434630 0.0197163150
v 0.0131846415 -0.0197156928 0.0196600035
v 0.0131846415 -0.0196808092 0.0196077973
v 0.0131846415 -0.0196394119 0.0195605922
v 0.0131846415 -0.0195922051 0.0195191931
v 0.0131846415 -0.0195400026 0.0194843113
v 0.0131846415 -0.0194836892 0.0194565393
v 0.0131846415 -0.0194242336 0.0194363575
v 0.0131846415 -0.0193626527 0.0194241088
v 0.0131846415 0.0193000007 0.0194200035
v 0.0131846415 0.0193626527 0.0194241088
v 0.0131846415 0.0194242336 0.0194363575
v 0.0131846415 0.0194836892 0.0194565393
v 0.0131846415 0.0195400026 0.0194843113
v 0.0131846415 0.0195922051 0.0195191931
v 0.0131846415 0.0196394119 0.0195605922
v 0.0131846415 0.0196808092 0.0196077973
v 0.0131846415 0.0197156928 0.0196600035
v 0.0131846415 0.0197434630 0.0197163150
v 0.0131846415 0.0197636466 0.0197757687
v 0.0131846415 0.0197758954 0.0198373497
v 0.0131900003 0.0197600015 0.0809000060
v 0.0131900003 0.0197560657 0.0809600502
v 0.0131900003 0.0197443273 0.0810190588
v 0.0131900003 0.0197249856 0.0810760409
v 0.0131900003 0.0196983721 0.0811300054
v 0.0131900003 0.0196649432 0.0811800361
v 0.0131900003 0.0196252707 0.0812252760
v 0.0131900003 0.0195800308 0.0812649503
v 0.0131900003 0.0195300020 0.0812983736
v 0.0131900003 0.0194760356 0.0813249871
v 0.0131900003 0.0194190573 0.0813443363
v 0.0131900003 0.0193600431 0.0813560709
v 0.0131900003 -0.0193000007 0.0813600048
v 0.0131900003 -0.0193600431 0.0813560709
v 0.0131900003 -0.0194190573 0.0813443363
v 0.0131900003 -0.0194760356 0.0813249871
v 0.0131900003 -0.0195300020 0.0812983736
v 0.0131900003 -0.0195800308 0.0812649503
v 0.0131900003 -0.0196252707 0.0812252760
v 0.0131900003 -0.0196649432 0.0811800361
v 0.0131900003 -0.0196983721 0.0811300054
v 0.0131900003 -0.0197249856 0.0810760409
v 0.0131900003 -0.0197443273 0.0810190588
v 0.0131900003 -0.0197560657 0.0809600502
v 0.0131900003 -0.0197600015 0.0199000016
v 0.0131900003 -0.0197560657 0.0198399611
v 0.0131900003 -0.0197443273 0.0197809450
v 0.0131900003 -0.0197249856 0.0197239667
v 0.0131900003 -0.0196983721 0.0196700022
v 0.0131900003 -0.0196649432 0.0196199715
v 0.0131900003 -0.0196252707 0.0195747335
v 0.0131900003 -0.0195800308 0.0195350591
v 0.0131900003 -0.0195300020 0.0195016321
v 0.0131900003 -0.0194760356 0.0194750186
v 0.0131900003 -0.0194190573 0.0194556769
v 0.0131900003 -0.0193600431 0.0194439385
v 0.0131900003 0.0193000007 0.0194400027
v 0.0131900003 0.0193600431 0.0194439385
v 0.0131900003 0.0194190573 0.0194556769
v 0.0131900003 0.0194760356 0.0194750186
v 0.0131900003 0.0195300020 0.0195016321
v 0.0131900003 0.0195800308 0.0195350591
v 0.0131900003 0.0196252707 0.0195747335
v 0.0131900003 0.0196649432 0.0196199715
v 0.0131900003 0.0196983721 0.0196700022
v 0.0131900003 0.0197249856 0.0197239667
v 0.0131900003 0.0197443273 0.0197809450
v 0.0131900003 0.0197560657 0.0198399611
vt 0.42956525 0.64979923
vt 0.42991078 0.65030247
vt 0.43000007 0.64979923
vt 0.42947969 0.65028155
vt 0.42964450 0.65079707
vt 0.42991078 0.65030247
vt 0.42922452 0.65075547
vt 0.42920572 0.65127462
vt 0.42964450 0.65079707
vt 0.42880404 0.65121317
vt 0.42860201 0.65172696
vt 0.42920572 0.65127462
vt 0.42822549 0.65164661
vt 0.42784369 0.65214628
vt 0.42860201 0.65172696
vt 0.42663631 0.65241188
vt 0.42784369 0.65214628
vt 0.42749876 0.65204847
vt 0.42663631 0.65241188
vt 0.42591751 0.65285796
vt 0.42694375 0.65252542
vt 0.42565283 0.65273052
vt 0.42478266 0.65313810
vt 0.42591751 0.65285796
vt 0.42456526 0.65299898
vt 0.42355847 0.65336114
vt 0.42478266 0.65313810
vt 0.42215341 0.65336818
vt 0.42355847 0.65336114
vt 0.42339209 0.65321273
vt 0.42215341 0.65336818
vt 0.42092723 0.65362167
vt 0.42226595 0.65352327
vt 0.42087051 0.65346241
vt -0.41956523 0.65365469
vt 0.42092723 0.65362167
vt -0.41956523 0.65349400
vt -0.42092723 0.65362167
vt -0.41956523 0.65365469
vt -0.42215341 0.65336818
vt -0.42092723 0.65362167
vt -0.42087051 0.65346241
vt -0.42215341 0.65336818
vt -0.42355847 0.65336114
vt -0.42226595 0.65352327
vt -0.42456526 0.65299898
vt -0.42355847 0.65336114
vt -0.42339209 0.65321273
vt -0.42565283 0.65273052
vt -0.42478266 0.65313810
vt -0.42456526 0.65299898
vt -0.42663631 0.65241188
vt -0.42591751 0.65285796
vt -0.42565283 0.65273052
vt -0.42663631 0.65241188
vt -0.42784369 0.65214628
vt -0.42694375 0.65252542
vt -0.42822549 0.65164661
vt -0.42784369 0.65214628
vt -0.42749876 0.65204847
vt -0.42880404 0.65121317
vt -0.42860201 0.65172696
vt -0.42822549 0.65164661
vt -0.42922452 0.65075547
vt -0.42920572 0.65127462
vt -0.42880404 0.65121317
vt -0.42947969 0.65028155
vt -0.42964450 0.65079707
vt -0.42922452 0.65075547
vt -0.42947969 0.65028155
vt -0.43000007 0.15983938
vt -0.42991078 0.65030247
vt -0.42947969 0.15935712
vt -0.43000007 0.15983938
vt -0.42956525 0.15983938
vt -0.42922452 0.15888309
vt -0.42991078 0.15933613
vt -0.42947969 0.15935712
vt -0.42922452 0.15888309
vt -0.42920572 0.15836398
vt -0.42964450 0.15884152
vt -0.42880404 0.15842544
vt -0.42860201 0.15791167
vt -0.42920572 0.15836398
vt -0.42822549 0.15799199
vt -0.42784369 0.15749235
vt -0.42860201 0.15791167
vt -0.42663631 0.15722677
vt -0.42784369 0.15749235
vt -0.42749876 0.15759014
vt -0.42565283 0.15690811
vt -0.42694375 0.15711319
vt -0.42663631 0.15722677
vt -0.42565283 0.15690811
vt -0.42478266 0.15650049
vt -0.42591751 0.15678066
vt -0.42339209 0.15642585
vt -0.42478266 0.15650049
vt -0.42456526 0.15663962
vt -0.42215341 0.15627050
vt -0.42355847 0.15627742
vt -0.42339209 0.15642585
vt -0.42087051 0.15617621
vt -0.42226595 0.15611532
vt -0.42215341 0.15627050
vt -0.42087051 0.15617621
vt 0.41956523 0.15598397
vt -0.42092723 0.15601693
vt 0.41956523 0.15614460
vt 0.42092723 0.15601693
vt 0.41956523 0.15598397
vt 0.42087051 0.15617621
vt 0.42226595 0.15611532
vt 0.42092723 0.15601693
vt 0.42215341 0.15627050
vt 0.42355847 0.15627742
vt 0.42226595 0.15611532
vt 0.42339209 0.15642585
vt 0.42478266 0.15650049
vt 0.42355847 0.15627742
vt 0.42565283 0.15690811
vt 0.42478266 0.15650049
vt 0.42456526 0.15663962
vt 0.42565283 0.15690811
vt 0.42694375 0.15711319
vt 0.42591751 0.15678066
vt 0.42663631 0.15722677
vt 0.42784369 0.15749235
vt 0.42694375 0.15711319
vt 0.42822549 0.15799199
vt 0.42784369 0.15749235
vt 0.42749876 0.15759014
vt 0.42880404 0.15842544
vt 0.42860201 0.15791167
vt 0.42822549 0.15799199
vt 0.42922452 0.15888309
vt 0.42920572 0.15836398
vt 0.42880404 0.15842544
vt 0.42922452 0.15888309
vt 0.42991078 0.15933613
vt 0.42964450 0.15884152
vt 0.42947969 0.15935712
vt 0.43000007 0.64979923
vt 0.42991078 0.15933613
vt 0.42991078 0.65030247
vt 0.43031833 0.64979923
vt 0.43000007 0.64979923
vt 0.42964450 0.65079707
vt 0.43022630 0.65031785
vt 0.42991078 0.65030247
vt 0.42920572 0.65127462
vt 0.42995191 0.65082753
vt 0.42964450 0.65079707
vt 0.42860201 0.65172696
vt 0.42949978 0.65131962
vt 0.42920572 0.65127462
vt 0.42860201 0.65172696
vt 0.42809623 0.65221786
vt 0.42887768 0.65178579
vt 0.42784369 0.65214628
vt 0.42716879 0.65260857
vt 0.42809623 0.65221786
vt 0.42694375 0.65252542
vt 0.42611131 0.65295124
vt 0.42716879 0.65260857
vt 0.42591751 0.65285796
vt 0.42494181 0.65323991
vt 0.42611131 0.65295124
vt 0.42355847 0.65336114
vt 0.42494181 0.65323991
vt 0.42478266 0.65313810
vt 0.42226595 0.65352327
vt 0.42368028 0.65346986
vt 0.42355847 0.65336114
vt 0.42092723 0.65362167
vt 0.42234835 0.65363693
vt 0.42226595 0.65352327
vt 0.42092723 0.65362167
vt -0.41956523 0.65377223
vt 0.42096877 0.65373832
vt -0.42092723 0.65362167
vt -0.41956523 0.65377223
vt -0.41956523 0.65365469
vt -0.42092723 0.65362167
vt -0.42234835 0.65363693
vt -0.42096877 0.65373832
vt -0.42226595 0.65352327
vt -0.42368028 0.65346986
vt -0.42234835 0.65363693
vt -0.42355847 0.65336114
vt -0.42494181 0.65323991
vt -0.42368028 0.65346986
vt -0.42591751 0.65285796
vt -0.42494181 0.65323991
vt -0.42478266 0.65313810
vt -0.42694375 0.65252542
vt -0.42611131 0.65295124
vt -0.42591751 0.65285796
vt -0.42784369 0.65214628
vt -0.42716879 0.65260857
vt -0.42694375 0.65252542
vt -0.42860201 0.65172696
vt -0.42809623 0.65221786
vt -0.42784369 0.65214628
vt -0.42860201 0.65172696
vt -0.42949978 0.65131962
vt -0.42887768 0.65178579
vt -0.42920572 0.65127462
vt -0.42995191 0.65082753
vt -0.42949978 0.65131962
vt -0.42964450 0.65079707
vt -0.43022630 0.65031785
vt -0.42995191 0.65082753
vt -0.42991078 0.65030247
vt -0.43031833 0.15983938
vt -0.43022630 0.65031785
vt -0.43000007 0.15983938
vt -0.43022630 0.15932079
vt -0.43031833 0.15983938
vt -0.42964450 0.15884152
vt -0.43022630 0.15932079
vt -0.42991078 0.15933613
vt -0.42964450 0.15884152
vt -0.42949978 0.15831897
vt -0.42995191 0.15881109
vt -0.42860201 0.15791167
vt -0.42949978 0.15831897
vt -0.42920572 0.15836398
vt -0.42860201 0.15791167
vt -0.42809623 0.15742075
vt -0.42887768 0.15785286
vt -0.42694375 0.15711319
vt -0.42809623 0.15742075
vt -0.42784369 0.15749235
vt -0.42694375 0.15711319
vt -0.42611131 0.15668736
vt -0.42716879 0.15703002
vt -0.42478266 0.15650049
vt -0.42611131 0.15668736
vt -0.42591751 0.15678066
vt -0.42355847 0.15627742
vt -0.42494181 0.15639864
vt -0.42478266 0.15650049
vt -0.42355847 0.15627742
vt -0.42234835 0.15600173
vt -0.42368028 0.15616877
vt -0.42226595 0.15611532
vt -0.42096877 0.15590034
vt -0.42234835 0.15600173
vt -0.42092723 0.15601693
vt 0.41956523 0.15586635
vt -0.42096877 0.15590034
vt 0.42092723 0.15601693
vt 0.41956523 0.15586635
vt 0.41956523 0.15598397
vt 0.42226595 0.15611532
vt 0.42096877 0.15590034
vt 0.42092723 0.15601693
vt 0.42355847 0.15627742
vt 0.42234835 0.15600173
vt 0.42226595 0.15611532
vt 0.42355847 0.15627742
vt 0.42494181 0.15639864
vt 0.42368028 0.15616877
vt 0.42478266 0.15650049
vt 0.42611131 0.15668736
vt 0.42494181 0.15639864
vt 0.42694375 0.15711319
vt 0.42611131 0.15668736
vt 0.42591751 0.15678066
vt 0.42694375 0.15711319
vt 0.42809623 0.15742075
vt 0.42716879 0.15703002
vt 0.42860201 0.15791167
vt 0.42809623 0.15742075
vt 0.42784369 0.15749235
vt 0.42860201 0.15791167
vt 0.42949978 0.15831897
vt 0.42887768 0.15785286
vt 0.42964450 0.15884152
vt 0.42949978 0.15831897
vt 0.42920572 0.15836398
vt 0.42964450 0.15884152
vt 0.43022630 0.15932079
vt 0.42995191 0.15881109
vt 0.42991078 0.15933613
vt 0.43031833 0.64979923
vt 0.43022630 0.15932079
vt 0.49274808 0.64979923
vt 0.49351150 0.65032339
vt 0.49351150 0.64979923
vt 0.49274808 0.65031785
vt 0.49351150 0.65083867
vt 0.49351150 0.65032339
vt 0.49274808 0.65082753
vt 0.49351150 0.65133607
vt 0.49351150 0.65083867
vt 0.49274808 0.65131962
vt 0.49351150 0.65180725
vt 0.49351150 0.65133607
vt 0.49274808 0.65178579
vt 0.49351150 0.65224403
vt 0.49351150 0.65180725
vt 0.49274808 0.65260857
vt 0.49351150 0.65224403
vt 0.49274808 0.65221786
vt 0.49274808 0.65295124
vt 0.49351150 0.65263903
vt 0.49274808 0.65260857
vt 0.49274808 0.42494181
vt 0.49351150 0.42618224
vt 0.49274808 0.42611131
vt 0.49274808 0.42368028
vt 0.49351150 0.42499998
vt 0.49274808 0.42494181
vt 0.49274808 0.42368028
vt 0.49351150 0.42237848
vt 0.49351150 0.42372483
vt 0.49274808 0.42234835
vt 0.49351150 0.42098400
vt 0.49351150 0.42237848
vt 0.49274808 0.42096877
vt 0.49351150 -0.41956523
vt 0.49351150 0.42098400
vt 0.49274808 -0.42096877
vt 0.49351150 -0.41956523
vt 0.49274808 -0.41956523
vt 0.49274808 -0.42234835
vt 0.49351150 -0.42098400
vt 0.49274808 -0.42096877
vt 0.49274808 -0.42368028
vt 0.49351150 -0.42237848
vt 0.49274808 -0.42234835
vt 0.49274808 -0.42368028
vt 0.49351150 -0.42499998
vt 0.49351150 -0.42372483
vt 0.49274808 -0.42494181
vt 0.49351150 -0.42618224
vt 0.49351150 -0.42499998
vt 0.49274808 0.65295124
vt 0.49351150 0.65263903
vt 0.49351150 0.65298539
vt 0.49274808 0.65260857
vt 0.49351150 0.65224403
vt 0.49351150 0.65263903
vt 0.49274808 0.65178579
vt 0.49351150 0.65224403
vt 0.49274808 0.65221786
vt 0.49274808 0.65131962
vt 0.49351150 0.65180725
vt 0.49274808 0.65178579
vt 0.49274808 0.65082753
vt 0.49351150 0.65133607
vt 0.49274808 0.65131962
vt 0.49274808 0.65031785
vt 0.49351150 0.65083867
vt 0.49274808 0.65082753
vt 0.49274808 0.65031785
vt 0.49351150 0.15983938
vt 0.49351150 0.65032339
vt 0.49274808 0.15932079
vt 0.49351150 0.15983938
vt 0.49274808 0.15983938
vt 0.49274808 0.15881109
vt 0.49351150 0.15931517
vt 0.49274808 0.15932079
vt 0.49274808 0.15831897
vt 0.49351150 0.15879995
vt 0.49274808 0.15881109
vt 0.49274808 0.15831897
vt 0.49351150 0.15783136
vt 0.49351150 0.15830250
vt 0.49274808 0.15742075
vt 0.49351150 0.15783136
vt 0.49274808 0.15785286
vt 0.49274808 0.15703002
vt 0.49351150 0.15739454
vt 0.49274808 0.15742075
vt 0.49274808 0.15668736
vt 0.49351150 0.15699959
vt 0.49274808 0.15703002
vt 0.49274808 -0.42494181
vt 0.49351150 -0.42618224
vt 0.49274808 -0.42611131
vt 0.49274808 -0.42368028
vt 0.49351150 -0.42499998
vt 0.49274808 -0.42494181
vt 0.49274808 -0.42234835
vt 0.49351150 -0.42372483
vt 0.49274808 -0.42368028
vt 0.49274808 -0.42096877
vt 0.49351150 -0.42237848
vt 0.49274808 -0.42234835
vt 0.49274808 -0.42096877
vt 0.49351150 0.41956523
vt 0.49351150 -0.42098400
vt 0.49274808 0.42096877
vt 0.49351150 0.41956523
vt 0.49274808 0.41956523
vt 0.49274808 0.42096877
vt 0.49351150 0.42237848
vt 0.49351150 0.42098400
vt 0.49274808 0.42234835
vt 0.49351150 0.42372483
vt 0.49351150 0.42237848
vt 0.49274808 0.42368028
vt 0.49351150 0.42499998
vt 0.49351150 0.42372483
vt 0.49274808 0.42494181
vt 0.49351150 0.42618224
vt 0.49351150 0.42499998
vt 0.49274808 0.15668736
vt 0.49351150 0.15699959
vt 0.49351150 0.15665321
vt 0.49274808 0.15703002
vt 0.49351150 0.15739454
vt 0.49351150 0.15699959
vt 0.49274808 0.15742075
vt 0.49351150 0.15783136
vt 0.49351150 0.15739454
vt 0.49274808 0.15831897
vt 0.49351150 0.15783136
vt 0.49274808 0.15785286
vt 0.49274808 0.15831897
vt 0.49351150 0.15879995
vt 0.49351150 0.15830250
vt 0.49274808 0.15881109
vt 0.49351150 0.15931517
vt 0.49351150 0.15879995
vt 0.49274808 0.15932079
vt 0.49351150 0.64979923
vt 0.49351150 0.15931517
vt 0.49351150 0.65032339
vt 0.50190842 0.64979923
vt 0.49351150 0.64979923
vt 0.49351150 0.65083867
vt 0.50190842 0.65032339
vt 0.49351150 0.65032339
vt 0.49351150 0.65133607
vt 0.50190842 0.65083867
vt 0.49351150 0.65083867
vt 0.49351150 0.65180725
vt 0.50190842 0.65133607
vt 0.49351150 0.65133607
vt 0.49351150 0.65224403
vt 0.50190842 0.65180725
vt 0.49351150 0.65180725
vt 0.49351150 0.65263903
vt 0.50190842 0.65224403
vt 0.49351150 0.65224403
vt 0.49351150 0.65298539
vt 0.50190842 0.65263903
vt 0.49351150 0.65263903
vt 0.49351150 0.42499998
vt 0.50190842 0.42618224
vt 0.49351150 0.42618224
vt 0.49351150 0.42372483
vt 0.50190842 0.42499998
vt 0.49351150 0.42499998
vt 0.49351150 0.42237848
vt 0.50190842 0.42372483
vt 0.49351150 0.42372483
vt 0.49351150 0.42098400
vt 0.50190842 0.42237848
vt 0.49351150 0.42237848
vt 0.49351150 -0.41956523
vt 0.50190842 0.42098400
vt 0.49351150 0.42098400
vt 0.49351150 -0.42098400
vt 0.50190842 -0.41956523
vt 0.49351150 -0.41956523
vt 0.49351150 -0.42237848
vt 0.50190842 -0.42098400
vt 0.49351150 -0.42098400
vt 0.49351150 -0.42372483
vt 0.50190842 -0.42237848
vt 0.49351150 -0.42237848
vt 0.49351150 -0.42499998
vt 0.50190842 -0.42372483
vt 0.49351150 -0.42372483
vt 0.49351150 -0.42618224
vt 0.50190842 -0.42499998
vt 0.49351150 -0.42499998
vt 0.49351150 0.65263903
vt 0.50190842 0.65298539
vt 0.49351150 0.65298539
vt 0.49351150 0.65224403
vt 0.50190842 0.65263903
vt 0.49351150 0.65263903
vt 0.49351150 0.65180725
vt 0.50190842 0.65224403
vt 0.49351150 0.65224403
vt 0.49351150 0.65133607
vt 0.50190842 0.65180725
vt 0.49351150 0.65180725
vt 0.49351150 0.65083867
vt 0.50190842 0.65133607
vt 0.49351150 0.65133607
vt 0.49351150 0.65032339
vt 0.50190842 0.65083867
vt 0.49351150 0.65083867
vt 0.49351150 0.15983938
vt 0.50190842 0.65032339
vt 0.49351150 0.65032339
vt 0.49351150 0.15931517
vt 0.50190842 0.15983938
vt 0.49351150 0.15983938
vt 0.49351150 0.15879995
vt 0.50190842 0.15931517
vt 0.49351150 0.15931517
vt 0.49351150 0.15830250
vt 0.50190842 0.15879995
vt 0.49351150 0.15879995
vt 0.49351150 0.15783136
vt 0.50190842 0.15830250
vt 0.49351150 0.15830250
vt 0.49351150 0.15739454
vt 0.50190842 0.15783136
vt 0.49351150 0.15783136
vt 0.49351150 0.15699959
vt 0.50190842 0.15739454
vt 0.49351150 0.15739454
vt 0.49351150 0.15665321
vt 0.50190842 0.15699959
vt 0.49351150 0.15699959
vt 0.49351150 -0.42499998
vt 0.50190842 -0.42618224
vt 0.49351150 -0.42618224
vt 0.49351150 -0.42372483
vt 0.50190842 -0.42499998
vt 0.49351150 -0.42499998
vt 0.49351150 -0.42237848
vt 0.50190842 -0.42372483
vt 0.49351150 -0.42372483
vt 0.49351150 -0.42098400
vt 0.50190842 -0.42237848
vt 0.49351150 -0.42237848
vt 0.49351150 0.41956523
vt 0.50190842 -0.42098400
vt 0.49351150 -0.42098400
vt 0.49351150 0.42098400
vt 0.50190842 0.41956523
vt 0.49351150 0.41956523
vt 0.49351150 0.42237848
vt 0.50190842 0.42098400
vt 0.49351150 0.42098400
vt 0.49351150 0.42372483
vt 0.50190842 0.42237848
vt 0.49351150 0.42237848
vt 0.49351150 0.42499998
vt 0.50190842 0.42372483
vt 0.49351150 0.42372483
vt 0.49351150 0.42618224
vt 0.50190842 0.42499998
vt 0.49351150 0.42499998
vt 0.49351150 0.15699959
vt 0.50190842 0.15665321
vt 0.49351150 0.15665321
vt 0.49351150 0.15739454
vt 0.50190842 0.15699959
vt 0.49351150 0.15699959
vt 0.49351150 0.15783136
vt 0.50190842 0.15739454
vt 0.49351150 0.15739454
vt 0.49351150 0.15830250
vt 0.50190842 0.15783136
vt 0.49351150 0.15783136
vt 0.49351150 0.15879995
vt 0.50190842 0.15830250
vt 0.49351150 0.15830250
vt 0.49351150 0.15931517
vt 0.50190842 0.15879995
vt 0.49351150 0.15879995
vt 0.49351150 0.64979923
vt 0.50190842 0.15931517
vt 0.49351150 0.15931517
vt 0.50190842 0.65032339
vt 0.50267178 0.64979923
vt 0.50190842 0.64979923
vt 0.50190842 0.65083867
vt 0.50267178 0.65031785
vt 0.50190842 0.65032339
vt 0.50190842 0.65133607
vt 0.50267178 0.65082753
vt 0.50190842 0.65083867
vt 0.50190842 0.65180725
vt 0.50267178 0.65131962
vt 0.50190842 0.65133607
vt 0.50190842 0.65224403
vt 0.50267178 0.65178579
vt 0.50190842 0.65180725
vt 0.50190842 0.65224403
vt 0.50267178 0.65260857
vt 0.50267178 0.65221786
vt 0.50190842 0.65263903
vt 0.50267178 0.65295124
vt 0.50267178 0.65260857
vt 0.50190842 0.42618224
vt 0.50267178 0.42494181
vt 0.50267178 0.42611131
vt 0.50190842 0.42499998
vt 0.50267178 0.42368028
vt 0.50267178 0.42494181
vt 0.50190842 0.42237848
vt 0.50267178 0.42368028
vt 0.50190842 0.42372483
vt 0.50190842 0.42098400
vt 0.50267178 0.42234835
vt 0.50190842 0.42237848
vt 0.50190842 -0.41956523
vt 0.50267178 0.42096877
vt 0.50190842 0.42098400
vt 0.50190842 -0.41956523
vt 0.50267178 -0.42096877
vt 0.50267178 -0.41956523
vt 0.50190842 -0.42098400
vt 0.50267178 -0.42234835
vt 0.50267178 -0.42096877
vt 0.50190842 -0.42237848
vt 0.50267178 -0.42368028
vt 0.50267178 -0.42234835
vt 0.50190842 -0.42499998
vt 0.50267178 -0.42368028
vt 0.50190842 -0.42372483
vt 0.50190842 -0.42618224
vt 0.50267178 -0.42494181
vt 0.50190842 -0.42499998
vt 0.50190842 0.65263903
vt 0.50267178 0.65295124
vt 0.50190842 0.65298539
vt 0.50190842 0.65224403
vt 0.50267178 0.65260857
vt 0.50190842 0.65263903
vt 0.50190842 0.65224403
vt 0.50267178 0.65178579
vt 0.50267178 0.65221786
vt 0.50190842 0.65180725
vt 0.50267178 0.65131962
vt 0.50267178 0.65178579
vt 0.50190842 0.65133607
vt 0.50267178 0.65082753
vt 0.50267178 0.65131962
vt 0.50190842 0.65083867
vt 0.50267178 0.65031785
vt 0.50267178 0.65082753
vt 0.50190842 0.15983938
vt 0.50267178 0.65031785
vt 0.50190842 0.65032339
vt 0.50190842 0.15983938
vt 0.50267178 0.15932079
vt 0.50267178 0.15983938
vt 0.50190842 0.15931517
vt 0.50267178 0.15881109
vt 0.50267178 0.15932079
vt 0.50190842 0.15879995
vt 0.50267178 0.15831897
vt 0.50267178 0.15881109
vt 0.50190842 0.15783136
vt 0.50267178 0.15831897
vt 0.50190842 0.15830250
vt 0.50190842 0.15783136
vt 0.50267178 0.15742075
vt 0.50267178 0.15785286
vt 0.50190842 0.15739454
vt 0.50267178 0.15703002
vt 0.50267178 0.15742075
vt 0.50190842 0.15699959
vt 0.50267178 0.15668736
vt 0.50267178 0.15703002
vt 0.50190842 -0.42618224
vt 0.50267178 -0.42494181
vt 0.50267178 -0.42611131
vt 0.50190842 -0.42499998
vt 0.50267178 -0.42368028
vt 0.50267178 -0.42494181
vt 0.50190842 -0.42372483
vt 0.50267178 -0.42234835
vt 0.50267178 -0.42368028
vt 0.50190842 -0.42237848
vt 0.50267178 -0.42096877
vt 0.50267178 -0.42234835
vt 0.50190842 0.41956523
vt 0.50267178 -0.42096877
vt 0.50190842 -0.42098400
vt 0.50190842 0.41956523
vt 0.50267178 0.42096877
vt 0.50267178 0.41956523
vt 0.50190842 0.42237848
vt 0.50267178 0.42096877
vt 0.50190842 0.42098400
vt 0.50190842 0.42372483
vt 0.50267178 0.42234835
vt 0.50190842 0.42237848
vt 0.50190842 0.42499998
vt 0.50267178 0.42368028
vt 0.50190842 0.42372483
vt 0.50190842 0.42618224
vt 0.50267178 0.42494181
vt 0.50190842 0.42499998
vt 0.50190842 0.15699959
vt 0.50267178 0.15668736
vt 0.50190842 0.15665321
vt 0.50190842 0.15739454
vt 0.50267178 0.15703002
vt 0.50190842 0.15699959
vt 0.50190842 0.15783136
vt 0.50267178 0.15742075
vt 0.50190842 0.15739454
vt 0.50190842 0.15783136
vt 0.50267178 0.15831897
vt 0.50267178 0.15785286
vt 0.50190842 0.15879995
vt 0.50267178 0.15831897
vt 0.50190842 0.15830250
vt 0.50190842 0.15931517
vt 0.50267178 0.15881109
vt 0.50190842 0.15879995
vt 0.50190842 0.64979923
vt 0.50267178 0.15932079
vt 0.50190842 0.15931517
vt 0.43031833 0.64979923
vt 0.42991078 0.65030247
vt 0.43000007 0.64979923
vt 0.43022630 0.65031785
vt 0.42964450 0.65079707
vt 0.42991078 0.65030247
vt 0.42995191 0.65082753
vt 0.42920572 0.65127462
vt 0.42964450 0.65079707
vt 0.42949978 0.65131962
vt 0.42860201 0.65172696
vt 0.42920572 0.65127462
vt 0.42809623 0.65221786
vt 0.42860201 0.65172696
vt 0.42887768 0.65178579
vt 0.42716879 0.65260857
vt 0.42784369 0.65214628
vt 0.42809623 0.65221786
vt 0.42611131 0.65295124
vt 0.42694375 0.65252542
vt 0.42716879 0.65260857
vt 0.42494181 0.65323991
vt 0.42591751 0.65285796
vt 0.42611131 0.65295124
vt 0.42494181 0.65323991
vt 0.42355847 0.65336114
vt 0.42478266 0.65313810
vt 0.42368028 0.65346986
vt 0.42226595 0.65352327
vt 0.42355847 0.65336114
vt 0.42234835 0.65363693
vt 0.42092723 0.65362167
vt 0.42226595 0.65352327
vt -0.41956523 0.65377223
vt 0.42092723 0.65362167
vt 0.42096877 0.65373832
vt -0.41956523 0.65377223
vt -0.42092723 0.65362167
vt -0.41956523 0.65365469
vt -0.42234835 0.65363693
vt -0.42092723 0.65362167
vt -0.42096877 0.65373832
vt -0.42368028 0.65346986
vt -0.42226595 0.65352327
vt -0.42234835 0.65363693
vt -0.42494181 0.65323991
vt -0.42355847 0.65336114
vt -0.42368028 0.65346986
vt -0.42494181 0.65323991
vt -0.42591751 0.65285796
vt -0.42478266 0.65313810
vt -0.42611131 0.65295124
vt -0.42694375 0.65252542
vt -0.42591751 0.65285796
vt -0.42716879 0.65260857
vt -0.42784369 0.65214628
vt -0.42694375 0.65252542
vt -0.42809623 0.65221786
vt -0.42860201 0.65172696
vt -0.42784369 0.65214628
vt -0.42949978 0.65131962
vt -0.42860201 0.65172696
vt -0.42887768 0.65178579
vt -0.42995191 0.65082753
vt -0.42920572 0.65127462
vt -0.42949978 0.65131962
vt -0.43022630 0.65031785
vt -0.42964450 0.65079707
vt -0.42995191 0.65082753
vt -0.43031833 0.15983938
vt -0.42991078 0.65030247
vt -0.43022630 0.65031785
vt -0.43022630 0.15932079
vt -0.43000007 0.15983938
vt -0.43031833 0.15983938
vt -0.43022630 0.15932079
vt -0.42964450 0.15884152
vt -0.42991078 0.15933613
vt -0.42949978 0.15831897
vt -0.42964450 0.15884152
vt -0.42995191 0.15881109
vt -0.42949978 0.15831897
vt -0.42860201 0.15791167
vt -0.42920572 0.15836398
vt -0.42809623 0.15742075
vt -0.42860201 0.15791167
vt -0.42887768 0.15785286
vt -0.42809623 0.15742075
vt -0.42694375 0.15711319
vt -0.42784369 0.15749235
vt -0.42611131 0.15668736
vt -0.42694375 0.15711319
vt -0.42716879 0.15703002
vt -0.42611131 0.15668736
vt -0.42478266 0.15650049
vt -0.42591751 0.15678066
vt -0.42494181 0.15639864
vt -0.42355847 0.15627742
vt -0.42478266 0.15650049
vt -0.42234835 0.15600173
vt -0.42355847 0.15627742
vt -0.42368028 0.15616877
vt -0.42096877 0.15590034
vt -0.42226595 0.15611532
vt -0.42234835 0.15600173
vt 0.41956523 0.15586635
vt -0.42092723 0.15601693
vt -0.42096877 0.15590034
vt 0.41956523 0.15586635
vt 0.42092723 0.15601693
vt 0.41956523 0.15598397
vt 0.42096877 0.15590034
vt 0.42226595 0.15611532
vt 0.42092723 0.15601693
vt 0.42234835 0.15600173
vt 0.42355847 0.15627742
vt 0.42226595 0.15611532
vt 0.42494181 0.15639864
vt 0.42355847 0.15627742
vt 0.42368028 0.15616877
vt 0.42611131 0.15668736
vt 0.42478266 0.15650049
vt 0.42494181 0.15639864
vt 0.42611131 0.15668736
vt 0.42694375 0.15711319
vt 0.42591751 0.15678066
vt 0.42809623 0.15742075
vt 0.42694375 0.15711319
vt 0.42716879 0.15703002
vt 0.42809623 0.15742075
vt 0.42860201 0.15791167
vt 0.42784369 0.15749235
vt 0.42949978 0.15831897
vt 0.42860201 0.15791167
vt 0.42887768 0.15785286
vt 0.42949978 0.15831897
vt 0.42964450 0.15884152
vt 0.42920572 0.15836398
vt 0.43022630 0.15932079
vt 0.42964450 0.15884152
vt 0.42995191 0.15881109
vt 0.43031833 0.64979923
vt 0.42991078 0.15933613
vt 0.43022630 0.15932079
vt 0.42991078 0.65030247
vt 0.42956525 0.64979923
vt 0.43000007 0.64979923
vt 0.42964450 0.65079707
vt 0.42947969 0.65028155
vt 0.42991078 0.65030247
vt 0.42920572 0.65127462
vt 0.42922452 0.65075547
vt 0.42964450 0.65079707
vt 0.42860201 0.65172696
vt 0.42880404 0.65121317
vt 0.42920572 0.65127462
vt 0.42784369 0.65214628
vt 0.42822549 0.65164661
vt 0.42860201 0.65172696
vt 0.42784369 0.65214628
vt 0.42663631 0.65241188
vt 0.42749876 0.65204847
vt 0.42591751 0.65285796
vt 0.42663631 0.65241188
vt 0.42694375 0.65252542
vt 0.42478266 0.65313810
vt 0.42565283 0.65273052
vt 0.42591751 0.65285796
vt 0.42355847 0.65336114
vt 0.42456526 0.65299898
vt 0.42478266 0.65313810
vt 0.42355847 0.65336114
vt 0.42215341 0.65336818
vt 0.42339209 0.65321273
vt 0.42092723 0.65362167
vt 0.42215341 0.65336818
vt 0.42226595 0.65352327
vt -0.41956523 0.65365469
vt 0.42087051 0.65346241
vt 0.42092723 0.65362167
vt -0.42092723 0.65362167
vt -0.41956523 0.65349400
vt -0.41956523 0.65365469
vt -0.42092723 0.65362167
vt -0.42215341 0.65336818
vt -0.42087051 0.65346241
vt -0.42355847 0.65336114
vt -0.42215341 0.65336818
vt -0.42226595 0.65352327
vt -0.42355847 0.65336114
vt -0.42456526 0.65299898
vt -0.42339209 0.65321273
vt -0.42478266 0.65313810
vt -0.42565283 0.65273052
vt -0.42456526 0.65299898
vt -0.42591751 0.65285796
vt -0.42663631 0.65241188
vt -0.42565283 0.65273052
vt -0.42784369 0.65214628
vt -0.42663631 0.65241188
vt -0.42694375 0.65252542
vt -0.42784369 0.65214628
vt -0.42822549 0.65164661
vt -0.42749876 0.65204847
vt -0.42860201 0.65172696
vt -0.42880404 0.65121317
vt -0.42822549 0.65164661
vt -0.42920572 0.65127462
vt -0.42922452 0.65075547
vt -0.42880404 0.65121317
vt -0.42964450 0.65079707
vt -0.42947969 0.65028155
vt -0.42922452 0.65075547
vt -0.43000007 0.15983938
vt -0.42947969 0.65028155
vt -0.42991078 0.65030247
vt -0.43000007 0.15983938
vt -0.42947969 0.15935712
vt -0.42956525 0.15983938
vt -0.42991078 0.15933613
vt -0.42922452 0.15888309
vt -0.42947969 0.15935712
vt -0.42920572 0.15836398
vt -0.42922452 0.15888309
vt -0.42964450 0.15884152
vt -0.42860201 0.15791167
vt -0.42880404 0.15842544
vt -0.42920572 0.15836398
vt -0.42784369 0.15749235
vt -0.42822549 0.15799199
vt -0.42860201 0.15791167
vt -0.42784369 0.15749235
vt -0.42663631 0.15722677
vt -0.42749876 0.15759014
vt -0.42694375 0.15711319
vt -0.42565283 0.15690811
vt -0.42663631 0.15722677
vt -0.42478266 0.15650049
vt -0.42565283 0.15690811
vt -0.42591751 0.15678066
vt -0.42478266 0.15650049
vt -0.42339209 0.15642585
vt -0.42456526 0.15663962
vt -0.42355847 0.15627742
vt -0.42215341 0.15627050
vt -0.42339209 0.15642585
vt -0.42226595 0.15611532
vt -0.42087051 0.15617621
vt -0.42215341 0.15627050
vt 0.41956523 0.15598397
vt -0.42087051 0.15617621
vt -0.42092723 0.15601693
vt 0.42092723 0.15601693
vt 0.41956523 0.15614460
vt 0.41956523 0.15598397
vt 0.42226595 0.15611532
vt 0.42087051 0.15617621
vt 0.42092723 0.15601693
vt 0.42355847 0.15627742
vt 0.42215341 0.15627050
vt 0.42226595 0.15611532
vt 0.42478266 0.15650049
vt 0.42339209 0.15642585
vt 0.42355847 0.15627742
vt 0.42478266 0.15650049
vt 0.42565283 0.15690811
vt 0.42456526 0.15663962
vt 0.42694375 0.15711319
vt 0.42565283 0.15690811
vt 0.42591751 0.15678066
vt 0.42784369 0.15749235
vt 0.42663631 0.15722677
vt 0.42694375 0.15711319
vt 0.42784369 0.15749235
vt 0.42822549 0.15799199
vt 0.42749876 0.15759014
vt 0.42860201 0.15791167
vt 0.42880404 0.15842544
vt 0.42822549 0.15799199
vt 0.42920572 0.15836398
vt 0.42922452 0.15888309
vt 0.42880404 0.15842544
vt 0.42991078 0.15933613
vt 0.42922452 0.15888309
vt 0.42964450 0.15884152
vt 0.43000007 0.64979923
vt 0.42947969 0.15935712
vt 0.42991078 0.15933613
vt 0.42456526 0.15663962
vt -0.42456526 0.15663962
vt -0.42956525 0.15983938
vt 0.42565283 0.65273052
vt -0.42339209 0.65321273
vt -0.42947969 0.65028155
vt 0.42956525 0.64979923
vt 0.42947969 0.65028155
vt 0.42991078 0.65030247
vt 0.42947969 0.65028155
vt 0.42922452 0.65075547
vt 0.42964450 0.65079707
vt 0.42922452 0.65075547
vt 0.42880404 0.65121317
vt 0.42920572 0.65127462
vt 0.42880404 0.65121317
vt 0.42822549 0.65164661
vt 0.42860201 0.65172696
vt 0.42822549 0.65164661
vt 0.42749876 0.65204847
vt 0.42784369 0.65214628
vt 0.42663631 0.65241188
vt 0.42694375 0.65252542
vt 0.42784369 0.65214628
vt 0.42663631 0.65241188
vt 0.42565283 0.65273052
vt 0.42591751 0.65285796
vt 0.42565283 0.65273052
vt 0.42456526 0.65299898
vt 0.42478266 0.65313810
vt 0.42456526 0.65299898
vt 0.42339209 0.65321273
vt 0.42355847 0.65336114
vt 0.42215341 0.65336818
vt 0.42226595 0.65352327
vt 0.42355847 0.65336114
vt 0.42215341 0.65336818
vt 0.42087051 0.65346241
vt 0.42092723 0.65362167
vt 0.42087051 0.65346241
vt -0.41956523 0.65349400
vt -0.41956523 0.65365469
vt -0.41956523 0.65349400
vt -0.42087051 0.65346241
vt -0.42092723 0.65362167
vt -0.42215341 0.65336818
vt -0.42226595 0.65352327
vt -0.42092723 0.65362167
vt -0.42215341 0.65336818
vt -0.42339209 0.65321273
vt -0.42355847 0.65336114
vt -0.42456526 0.65299898
vt -0.42478266 0.65313810
vt -0.42355847 0.65336114
vt -0.42565283 0.65273052
vt -0.42591751 0.65285796
vt -0.42478266 0.65313810
vt -0.42663631 0.65241188
vt -0.42694375 0.65252542
vt -0.42591751 0.65285796
vt -0.42663631 0.65241188
vt -0.42749876 0.65204847
vt -0.42784369 0.65214628
vt -0.42822549 0.65164661
vt -0.42860201 0.65172696
vt -0.42784369 0.65214628
vt -0.42880404 0.65121317
vt -0.42920572 0.65127462
vt -0.42860201 0.65172696
vt -0.42922452 0.65075547
vt -0.42964450 0.65079707
vt -0.42920572 0.65127462
vt -0.42947969 0.65028155
vt -0.42991078 0.65030247
vt -0.42964450 0.65079707
vt -0.42947969 0.65028155
vt -0.42956525 0.15983938
vt -0.43000007 0.15983938
vt -0.42947969 0.15935712
vt -0.42991078 0.15933613
vt -0.43000007 0.15983938
vt -0.42922452 0.15888309
vt -0.42964450 0.15884152
vt -0.42991078 0.15933613
vt -0.42922452 0.15888309
vt -0.42880404 0.15842544
vt -0.42920572 0.15836398
vt -0.42880404 0.15842544
vt -0.42822549 0.15799199
vt -0.42860201 0.15791167
vt -0.42822549 0.15799199
vt -0.42749876 0.15759014
vt -0.42784369 0.15749235
vt -0.42663631 0.15722677
vt -0.42694375 0.15711319
vt -0.42784369 0.15749235
vt -0.42565283 0.15690811
vt -0.42591751 0.15678066
vt -0.42694375 0.15711319
vt -0.42565283 0.15690811
vt -0.42456526 0.15663962
vt -0.42478266 0.15650049
vt -0.42339209 0.15642585
vt -0.42355847 0.15627742
vt -0.42478266 0.15650049
vt -0.42215341 0.15627050
vt -0.42226595 0.15611532
vt -0.42355847 0.15627742
vt -0.42087051 0.15617621
vt -0.42092723 0.15601693
vt -0.42226595 0.15611532
vt -0.42087051 0.15617621
vt 0.41956523 0.15614460
vt 0.41956523 0.15598397
vt 0.41956523 0.15614460
vt 0.42087051 0.15617621
vt 0.42092723 0.15601693
vt 0.42087051 0.15617621
vt 0.42215341 0.15627050
vt 0.42226595 0.15611532
vt 0.42215341 0.15627050
vt 0.42339209 0.15642585
vt 0.42355847 0.15627742
vt 0.42339209 0.15642585
vt 0.42456526 0.15663962
vt 0.42478266 0.15650049
vt 0.42565283 0.15690811
vt 0.42591751 0.15678066
vt 0.42478266 0.15650049
vt 0.42565283 0.15690811
vt 0.42663631 0.15722677
vt 0.42694375 0.15711319
vt 0.42663631 0.15722677
vt 0.42749876 0.15759014
vt 0.42784369 0.15749235
vt 0.42822549 0.15799199
vt 0.42860201 0.15791167
vt 0.42784369 0.15749235
vt 0.42880404 0.15842544
vt 0.42920572 0.15836398
vt 0.42860201 0.15791167
vt 0.42922452 0.15888309
vt 0.42964450 0.15884152
vt 0.42920572 0.15836398
vt 0.42922452 0.15888309
vt 0.42947969 0.15935712
vt 0.42991078 0.15933613
vt 0.42947969 0.15935712
vt 0.42956525 0.64979923
vt 0.43000007 0.64979923
vt 0.42991078 0.65030247
vt 0.43022630 0.65031785
vt 0.43031833 0.64979923
vt 0.42964450 0.65079707
vt 0.42995191 0.65082753
vt 0.43022630 0.65031785
vt 0.42920572 0.65127462
vt 0.42949978 0.65131962
vt 0.42995191 0.65082753
vt 0.42860201 0.65172696
vt 0.42887768 0.65178579
vt 0.42949978 0.65131962
vt 0.42860201 0.65172696
vt 0.42784369 0.65214628
vt 0.42809623 0.65221786
vt 0.42784369 0.65214628
vt 0.42694375 0.65252542
vt 0.42716879 0.65260857
vt 0.42694375 0.65252542
vt 0.42591751 0.65285796
vt 0.42611131 0.65295124
vt 0.42591751 0.65285796
vt 0.42478266 0.65313810
vt 0.42494181 0.65323991
vt 0.42355847 0.65336114
vt 0.42368028 0.65346986
vt 0.42494181 0.65323991
vt 0.42226595 0.65352327
vt 0.42234835 0.65363693
vt 0.42368028 0.65346986
vt 0.42092723 0.65362167
vt 0.42096877 0.65373832
vt 0.42234835 0.65363693
vt 0.42092723 0.65362167
vt -0.41956523 0.65365469
vt -0.41956523 0.65377223
vt -0.42092723 0.65362167
vt -0.42096877 0.65373832
vt -0.41956523 0.65377223
vt -0.42092723 0.65362167
vt -0.42226595 0.65352327
vt -0.42234835 0.65363693
vt -0.42226595 0.65352327
vt -0.42355847 0.65336114
vt -0.42368028 0.65346986
vt -0.42355847 0.65336114
vt -0.42478266 0.65313810
vt -0.42494181 0.65323991
vt -0.42591751 0.65285796
vt -0.42611131 0.65295124
vt -0.42494181 0.65323991
vt -0.42694375 0.65252542
vt -0.42716879 0.65260857
vt -0.42611131 0.65295124
vt -0.42784369 0.65214628
vt -0.42809623 0.65221786
vt -0.42716879 0.65260857
vt -0.42860201 0.65172696
vt -0.42887768 0.65178579
vt -0.42809623 0.65221786
vt -0.42860201 0.65172696
vt -0.42920572 0.65127462
vt -0.42949978 0.65131962
vt -0.42920572 0.65127462
vt -0.42964450 0.65079707
vt -0.42995191 0.65082753
vt -0.42964450 0.65079707
vt -0.42991078 0.65030247
vt -0.43022630 0.65031785
vt -0.42991078 0.65030247
vt -0.43000007 0.15983938
vt -0.43031833 0.15983938
vt -0.43000007 0.15983938
vt -0.42991078 0.15933613
vt -0.43022630 0.15932079
vt -0.42964450 0.15884152
vt -0.42995191 0.15881109
vt -0.43022630 0.15932079
vt -0.42964450 0.15884152
vt -0.42920572 0.15836398
vt -0.42949978 0.15831897
vt -0.42860201 0.15791167
vt -0.42887768 0.15785286
vt -0.42949978 0.15831897
vt -0.42860201 0.15791167
vt -0.42784369 0.15749235
vt -0.42809623 0.15742075
vt -0.42694375 0.15711319
vt -0.42716879 0.15703002
vt -0.42809623 0.15742075
vt -0.42694375 0.15711319
vt -0.42591751 0.15678066
vt -0.42611131 0.15668736
vt -0.42478266 0.15650049
vt -0.42494181 0.15639864
vt -0.42611131 0.15668736
vt -0.42355847 0.15627742
vt -0.42368028 0.15616877
vt -0.42494181 0.15639864
vt -0.42355847 0.15627742
vt -0.42226595 0.15611532
vt -0.42234835 0.15600173
vt -0.42226595 0.15611532
vt -0.42092723 0.15601693
vt -0.42096877 0.15590034
vt -0.42092723 0.15601693
vt 0.41956523 0.15598397
vt 0.41956523 0.15586635
vt 0.42092723 0.15601693
vt 0.42096877 0.15590034
vt 0.41956523 0.15586635
vt 0.42226595 0.15611532
vt 0.42234835 0.15600173
vt 0.42096877 0.15590034
vt 0.42355847 0.15627742
vt 0.42368028 0.15616877
vt 0.42234835 0.15600173
vt 0.42355847 0.15627742
vt 0.42478266 0.15650049
vt 0.42494181 0.15639864
vt 0.42478266 0.15650049
vt 0.42591751 0.15678066
vt 0.42611131 0.15668736
vt 0.42694375 0.15711319
vt 0.42716879 0.15703002
vt 0.42611131 0.15668736
vt 0.42694375 0.15711319
vt 0.42784369 0.15749235
vt 0.42809623 0.15742075
vt 0.42860201 0.15791167
vt 0.42887768 0.15785286
vt 0.42809623 0.15742075
vt 0.42860201 0.15791167
vt 0.42920572 0.15836398
vt 0.42949978 0.15831897
vt 0.42964450 0.15884152
vt 0.42995191 0.15881109
vt 0.42949978 0.15831897
vt 0.42964450 0.15884152
vt 0.42991078 0.15933613
vt 0.43022630 0.15932079
vt 0.42991078 0.15933613
vt 0.43000007 0.64979923
vt 0.43031833 0.64979923
vt 0.49274808 0.64979923
vt 0.49274808 0.65031785
vt 0.49351150 0.65032339
vt 0.49274808 0.65031785
vt 0.49274808 0.65082753
vt 0.49351150 0.65083867
vt 0.49274808 0.65082753
vt 0.49274808 0.65131962
vt 0.49351150 0.65133607
vt 0.49274808 0.65131962
vt 0.49274808 0.65178579
vt 0.49351150 0.65180725
vt 0.49274808 0.65178579
vt 0.49274808 0.65221786
vt 0.49351150 0.65224403
vt 0.49274808 0.65260857
vt 0.49351150 0.65263903
vt 0.49351150 0.65224403
vt 0.49274808 0.65295124
vt 0.49351150 0.65298539
vt 0.49351150 0.65263903
vt 0.49274808 0.42494181
vt 0.49351150 0.42499998
vt 0.49351150 0.42618224
vt 0.49274808 0.42368028
vt 0.49351150 0.42372483
vt 0.49351150 0.42499998
vt 0.49274808 0.42368028
vt 0.49274808 0.42234835
vt 0.49351150 0.42237848
vt 0.49274808 0.42234835
vt 0.49274808 0.42096877
vt 0.49351150 0.42098400
vt 0.49274808 0.42096877
vt 0.49274808 -0.41956523
vt 0.49351150 -0.41956523
vt 0.49274808 -0.42096877
vt 0.49351150 -0.42098400
vt 0.49351150 -0.41956523
vt 0.49274808 -0.42234835
vt 0.49351150 -0.42237848
vt 0.49351150 -0.42098400
vt 0.49274808 -0.42368028
vt 0.49351150 -0.42372483
vt 0.49351150 -0.42237848
vt 0.49274808 -0.42368028
vt 0.49274808 -0.42494181
vt 0.49351150 -0.42499998
vt 0.49274808 -0.42494181
vt 0.49274808 -0.42611131
vt 0.49351150 -0.42618224
vt 0.49274808 0.65295124
vt 0.49274808 0.65260857
vt 0.49351150 0.65263903
vt 0.49274808 0.65260857
vt 0.49274808 0.65221786
vt 0.49351150 0.65224403
vt 0.49274808 0.65178579
vt 0.49351150 0.65180725
vt 0.49351150 0.65224403
vt 0.49274808 0.65131962
vt 0.49351150 0.65133607
vt 0.49351150 0.65180725
vt 0.49274808 0.65082753
vt 0.49351150 0.65083867
vt 0.49351150 0.65133607
vt 0.49274808 0.65031785
vt 0.49351150 0.65032339
vt 0.49351150 0.65083867
vt 0.49274808 0.65031785
vt 0.49274808 0.15983938
vt 0.49351150 0.15983938
vt 0.49274808 0.15932079
vt 0.49351150 0.15931517
vt 0.49351150 0.15983938
vt 0.49274808 0.15881109
vt 0.49351150 0.15879995
vt 0.49351150 0.15931517
vt 0.49274808 0.15831897
vt 0.49351150 0.15830250
vt 0.49351150 0.15879995
vt 0.49274808 0.15831897
vt 0.49274808 0.15785286
vt 0.49351150 0.15783136
vt 0.49274808 0.15742075
vt 0.49351150 0.15739454
vt 0.49351150 0.15783136
vt 0.49274808 0.15703002
vt 0.49351150 0.15699959
vt 0.49351150 0.15739454
vt 0.49274808 0.15668736
vt 0.49351150 0.15665321
vt 0.49351150 0.15699959
vt 0.49274808 -0.42494181
vt 0.49351150 -0.42499998
vt 0.49351150 -0.42618224
vt 0.49274808 -0.42368028
vt 0.49351150 -0.42372483
vt 0.49351150 -0.42499998
vt 0.49274808 -0.42234835
vt 0.49351150 -0.42237848
vt 0.49351150 -0.42372483
vt 0.49274808 -0.42096877
vt 0.49351150 -0.42098400
vt 0.49351150 -0.42237848
vt 0.49274808 -0.42096877
vt 0.49274808 0.41956523
vt 0.49351150 0.41956523
vt 0.49274808 0.42096877
vt 0.49351150 0.42098400
vt 0.49351150 0.41956523
vt 0.49274808 0.42096877
vt 0.49274808 0.42234835
vt 0.49351150 0.42237848
vt 0.49274808 0.42234835
vt 0.49274808 0.42368028
vt 0.49351150 0.42372483
vt 0.49274808 0.42368028
vt 0.49274808 0.42494181
vt 0.49351150 0.42499998
vt 0.49274808 0.42494181
vt 0.49274808 0.42611131
vt 0.49351150 0.42618224
vt 0.49274808 0.15668736
vt 0.49274808 0.15703002
vt 0.49351150 0.15699959
vt 0.49274808 0.15703002
vt 0.49274808 0.15742075
vt 0.49351150 0.15739454
vt 0.49274808 0.15742075
vt 0.49274808 0.15785286
vt 0.49351150 0.15783136
vt 0.49274808 0.15831897
vt 0.49351150 0.15830250
vt 0.49351150 0.15783136
vt 0.49274808 0.15831897
vt 0.49274808 0.15881109
vt 0.49351150 0.15879995
vt 0.49274808 0.15881109
vt 0.49274808 0.15932079
vt 0.49351150 0.15931517
vt 0.49274808 0.15932079
vt 0.49274808 0.64979923
vt 0.49351150 0.64979923
vt 0.49351150 0.65032339
vt 0.50190842 0.65032339
vt 0.50190842 0.64979923
vt 0.49351150 0.65083867
vt 0.50190842 0.65083867
vt 0.50190842 0.65032339
vt 0.49351150 0.65133607
vt 0.50190842 0.65133607
vt 0.50190842 0.65083867
vt 0.49351150 0.65180725
vt 0.50190842 0.65180725
vt 0.50190842 0.65133607
vt 0.49351150 0.65224403
vt 0.50190842 0.65224403
vt 0.50190842 0.65180725
vt 0.49351150 0.65263903
vt 0.50190842 0.65263903
vt 0.50190842 0.65224403
vt 0.49351150 0.65298539
vt 0.50190842 0.65298539
vt 0.50190842 0.65263903
vt 0.49351150 0.42499998
vt 0.50190842 0.42499998
vt 0.50190842 0.42618224
vt 0.49351150 0.42372483
vt 0.50190842 0.42372483
vt 0.50190842 0.42499998
vt 0.49351150 0.42237848
vt 0.50190842 0.42237848
vt 0.50190842 0.42372483
vt 0.49351150 0.42098400
vt 0.50190842 0.42098400
vt 0.50190842 0.42237848
vt 0.49351150 -0.41956523
vt 0.50190842 -0.41956523
vt 0.50190842 0.42098400
vt 0.49351150 -0.42098400
vt 0.50190842 -0.42098400
vt 0.50190842 -0.41956523
vt 0.49351150 -0.42237848
vt 0.50190842 -0.42237848
vt 0.50190842 -0.42098400
vt 0.49351150 -0.42372483
vt 0.50190842 -0.42372483
vt 0.50190842 -0.42237848
vt 0.49351150 -0.42499998
vt 0.50190842 -0.42499998
vt 0.50190842 -0.42372483
vt 0.49351150 -0.42618224
vt 0.50190842 -0.42618224
vt 0.50190842 -0.42499998
vt 0.49351150 0.65263903
vt 0.50190842 0.65263903
vt 0.50190842 0.65298539
vt 0.49351150 0.65224403
vt 0.50190842 0.65224403
vt 0.50190842 0.65263903
vt 0.49351150 0.65180725
vt 0.50190842 0.65180725
vt 0.50190842 0.65224403
vt 0.49351150 0.65133607
vt 0.50190842 0.65133607
vt 0.50190842 0.65180725
vt 0.49351150 0.65083867
vt 0.50190842 0.65083867
vt 0.50190842 0.65133607
vt 0.49351150 0.65032339
vt 0.50190842 0.65032339
vt 0.50190842 0.65083867
vt 0.49351150 0.15983938
vt 0.50190842 0.15983938
vt 0.50190842 0.65032339
vt 0.49351150 0.15931517
vt 0.50190842 0.15931517
vt 0.50190842 0.15983938
vt 0.49351150 0.15879995
vt 0.50190842 0.15879995
vt 0.50190842 0.15931517
vt 0.49351150 0.15830250
vt 0.50190842 0.15830250
vt 0.50190842 0.15879995
vt 0.49351150 0.15783136
vt 0.50190842 0.15783136
vt 0.50190842 0.15830250
vt 0.49351150 0.15739454
vt 0.50190842 0.15739454
vt 0.50190842 0.15783136
vt 0.49351150 0.15699959
vt 0.50190842 0.15699959
vt 0.50190842 0.15739454
vt 0.49351150 0.15665321
vt 0.50190842 0.15665321
vt 0.50190842 0.15699959
vt 0.49351150 -0.42499998
vt 0.50190842 -0.42499998
vt 0.50190842 -0.42618224
vt 0.49351150 -0.42372483
vt 0.50190842 -0.42372483
vt 0.50190842 -0.42499998
vt 0.49351150 -0.42237848
vt 0.50190842 -0.42237848
vt 0.50190842 -0.42372483
vt 0.49351150 -0.42098400
vt 0.50190842 -0.42098400
vt 0.50190842 -0.42237848
vt 0.49351150 0.41956523
vt 0.50190842 0.41956523
vt 0.50190842 -0.42098400
vt 0.49351150 0.42098400
vt 0.50190842 0.42098400
vt 0.50190842 0.41956523
vt 0.49351150 0.42237848
vt 0.50190842 0.42237848
vt 0.50190842 0.42098400
vt 0.49351150 0.42372483
vt 0.50190842 0.42372483
vt 0.50190842 0.42237848
vt 0.49351150 0.42499998
vt 0.50190842 0.42499998
vt 0.50190842 0.42372483
vt 0.49351150 0.42618224
vt 0.50190842 0.42618224
vt 0.50190842 0.42499998
vt 0.49351150 0.15699959
vt 0.50190842 0.15699959
vt 0.50190842 0.15665321
vt 0.49351150 0.15739454
vt 0.50190842 0.15739454
vt 0.50190842 0.15699959
vt 0.49351150 0.15783136
vt 0.50190842 0.15783136
vt 0.50190842 0.15739454
vt 0.49351150 0.15830250
vt 0.50190842 0.15830250
vt 0.50190842 0.15783136
vt 0.49351150 0.15879995
vt 0.50190842 0.15879995
vt 0.50190842 0.15830250
vt 0.49351150 0.15931517
vt 0.50190842 0.15931517
vt 0.50190842 0.15879995
vt 0.49351150 0.64979923
vt 0.50190842 0.64979923
vt 0.50190842 0.15931517
vt 0.50190842 0.65032339
vt 0.50267178 0.65031785
vt 0.50267178 0.64979923
vt 0.50190842 0.65083867
vt 0.50267178 0.65082753
vt 0.50267178 0.65031785
vt 0.50190842 0.65133607
vt 0.50267178 0.65131962
vt 0.50267178 0.65082753
vt 0.50190842 0.65180725
vt 0.50267178 0.65178579
vt 0.50267178 0.65131962
vt 0.50190842 0.65224403
vt 0.50267178 0.65221786
vt 0.50267178 0.65178579
vt 0.50190842 0.65224403
vt 0.50190842 0.65263903
vt 0.50267178 0.65260857
vt 0.50190842 0.65263903
vt 0.50190842 0.65298539
vt 0.50267178 0.65295124
vt 0.50190842 0.42618224
vt 0.50190842 0.42499998
vt 0.50267178 0.42494181
vt 0.50190842 0.42499998
vt 0.50190842 0.42372483
vt 0.50267178 0.42368028
vt 0.50190842 0.42237848
vt 0.50267178 0.42234835
vt 0.50267178 0.42368028
vt 0.50190842 0.42098400
vt 0.50267178 0.42096877
vt 0.50267178 0.42234835
vt 0.50190842 -0.41956523
vt 0.50267178 -0.41956523
vt 0.50267178 0.42096877
vt 0.50190842 -0.41956523
vt 0.50190842 -0.42098400
vt 0.50267178 -0.42096877
vt 0.50190842 -0.42098400
vt 0.50190842 -0.42237848
vt 0.50267178 -0.42234835
vt 0.50190842 -0.42237848
vt 0.50190842 -0.42372483
vt 0.50267178 -0.42368028
vt 0.50190842 -0.42499998
vt 0.50267178 -0.42494181
vt 0.50267178 -0.42368028
vt 0.50190842 -0.42618224
vt 0.50267178 -0.42611131
vt 0.50267178 -0.42494181
vt 0.50190842 0.65263903
vt 0.50267178 0.65260857
vt 0.50267178 0.65295124
vt 0.50190842 0.65224403
vt 0.50267178 0.65221786
vt 0.50267178 0.65260857
vt 0.50190842 0.65224403
vt 0.50190842 0.65180725
vt 0.50267178 0.65178579
vt 0.50190842 0.65180725
vt 0.50190842 0.65133607
vt 0.50267178 0.65131962
vt 0.50190842 0.65133607
vt 0.50190842 0.65083867
vt 0.50267178 0.65082753
vt 0.50190842 0.65083867
vt 0.50190842 0.65032339
vt 0.50267178 0.65031785
vt 0.50190842 0.15983938
vt 0.50267178 0.15983938
vt 0.50267178 0.65031785
vt 0.50190842 0.15983938
vt 0.50190842 0.15931517
vt 0.50267178 0.15932079
vt 0.50190842 0.15931517
vt 0.50190842 0.15879995
vt 0.50267178 0.15881109
vt 0.50190842 0.15879995
vt 0.50190842 0.15830250
vt 0.50267178 0.15831897
vt 0.50190842 0.15783136
vt 0.50267178 0.15785286
vt 0.50267178 0.15831897
vt 0.50190842 0.15783136
vt 0.50190842 0.15739454
vt 0.50267178 0.15742075
vt 0.50190842 0.15739454
vt 0.50190842 0.15699959
vt 0.50267178 0.15703002
vt 0.50190842 0.15699959
vt 0.50190842 0.15665321
vt 0.50267178 0.15668736
vt 0.50190842 -0.42618224
vt 0.50190842 -0.42499998
vt 0.50267178 -0.42494181
vt 0.50190842 -0.42499998
vt 0.50190842 -0.42372483
vt 0.50267178 -0.42368028
vt 0.50190842 -0.42372483
vt 0.50190842 -0.42237848
vt 0.50267178 -0.42234835
vt 0.50190842 -0.42237848
vt 0.50190842 -0.42098400
vt 0.50267178 -0.42096877
vt 0.50190842 0.41956523
vt 0.50267178 0.41956523
vt 0.50267178 -0.42096877
vt 0.50190842 0.41956523
vt 0.50190842 0.42098400
vt 0.50267178 0.42096877
vt 0.50190842 0.42237848
vt 0.50267178 0.42234835
vt 0.50267178 0.42096877
vt 0.50190842 0.42372483
vt 0.50267178 0.42368028
vt 0.50267178 0.42234835
vt 0.50190842 0.42499998
vt 0.50267178 0.42494181
vt 0.50267178 0.42368028
vt 0.50190842 0.42618224
vt 0.50267178 0.42611131
vt 0.50267178 0.42494181
vt 0.50190842 0.15699959
vt 0.50267178 0.15703002
vt 0.50267178 0.15668736
vt 0.50190842 0.15739454
vt 0.50267178 0.15742075
vt 0.50267178 0.15703002
vt 0.50190842 0.15783136
vt 0.50267178 0.15785286
vt 0.50267178 0.15742075
vt 0.50190842 0.15783136
vt 0.50190842 0.15830250
vt 0.50267178 0.15831897
vt 0.50190842 0.15879995
vt 0.50267178 0.15881109
vt 0.50267178 0.15831897
vt 0.50190842 0.15931517
vt 0.50267178 0.15932079
vt 0.50267178 0.15881109
vt 0.50190842 0.64979923
vt 0.50267178 0.64979923
vt 0.50267178 0.15932079
vt 0.43031833 0.64979923
vt 0.43022630 0.65031785
vt 0.42991078 0.65030247
vt 0.43022630 0.65031785
vt 0.42995191 0.65082753
vt 0.42964450 0.65079707
vt 0.42995191 0.65082753
vt 0.42949978 0.65131962
vt 0.42920572 0.65127462
vt 0.42949978 0.65131962
vt 0.42887768 0.65178579
vt 0.42860201 0.65172696
vt 0.42809623 0.65221786
vt 0.42784369 0.65214628
vt 0.42860201 0.65172696
vt 0.42716879 0.65260857
vt 0.42694375 0.65252542
vt 0.42784369 0.65214628
vt 0.42611131 0.65295124
vt 0.42591751 0.65285796
vt 0.42694375 0.65252542
vt 0.42494181 0.65323991
vt 0.42478266 0.65313810
vt 0.42591751 0.65285796
vt 0.42494181 0.65323991
vt 0.42368028 0.65346986
vt 0.42355847 0.65336114
vt 0.42368028 0.65346986
vt 0.42234835 0.65363693
vt 0.42226595 0.65352327
vt 0.42234835 0.65363693
vt 0.42096877 0.65373832
vt 0.42092723 0.65362167
vt -0.41956523 0.65377223
vt -0.41956523 0.65365469
vt 0.42092723 0.65362167
vt -0.41956523 0.65377223
vt -0.42096877 0.65373832
vt -0.42092723 0.65362167
vt -0.42234835 0.65363693
vt -0.42226595 0.65352327
vt -0.42092723 0.65362167
vt -0.42368028 0.65346986
vt -0.42355847 0.65336114
vt -0.42226595 0.65352327
vt -0.42494181 0.65323991
vt -0.42478266 0.65313810
vt -0.42355847 0.65336114
vt -0.42494181 0.65323991
vt -0.42611131 0.65295124
vt -0.42591751 0.65285796
vt -0.42611131 0.65295124
vt -0.42716879 0.65260857
vt -0.42694375 0.65252542
vt -0.42716879 0.65260857
vt -0.42809623 0.65221786
vt -0.42784369 0.65214628
vt -0.42809623 0.65221786
vt -0.42887768 0.65178579
vt -0.42860201 0.65172696
vt -0.42949978 0.65131962
vt -0.42920572 0.65127462
vt -0.42860201 0.65172696
vt -0.42995191 0.65082753
vt -0.42964450 0.65079707
vt -0.42920572 0.65127462
vt -0.43022630 0.65031785
vt -0.42991078 0.65030247
vt -0.42964450 0.65079707
vt -0.43031833 0.15983938
vt -0.43000007 0.15983938
vt -0.42991078 0.65030247
vt -0.43022630 0.15932079
vt -0.42991078 0.15933613
vt -0.43000007 0.15983938
vt -0.43022630 0.15932079
vt -0.42995191 0.15881109
vt -0.42964450 0.15884152
vt -0.42949978 0.15831897
vt -0.42920572 0.15836398
vt -0.42964450 0.15884152
vt -0.42949978 0.15831897
vt -0.42887768 0.15785286
vt -0.42860201 0.15791167
vt -0.42809623 0.15742075
vt -0.42784369 0.15749235
vt -0.42860201 0.15791167
vt -0.42809623 0.15742075
vt -0.42716879 0.15703002
vt -0.42694375 0.15711319
vt -0.42611131 0.15668736
vt -0.42591751 0.15678066
vt -0.42694375 0.15711319
vt -0.42611131 0.15668736
vt -0.42494181 0.15639864
vt -0.42478266 0.15650049
vt -0.42494181 0.15639864
vt -0.42368028 0.15616877
vt -0.42355847 0.15627742
vt -0.42234835 0.15600173
vt -0.42226595 0.15611532
vt -0.42355847 0.15627742
vt -0.42096877 0.15590034
vt -0.42092723 0.15601693
vt -0.42226595 0.15611532
vt 0.41956523 0.15586635
vt 0.41956523 0.15598397
vt -0.42092723 0.15601693
vt 0.41956523 0.15586635
vt 0.42096877 0.15590034
vt 0.42092723 0.15601693
vt 0.42096877 0.15590034
vt 0.42234835 0.15600173
vt 0.42226595 0.15611532
vt 0.42234835 0.15600173
vt 0.42368028 0.15616877
vt 0.42355847 0.15627742
vt 0.42494181 0.15639864
vt 0.42478266 0.15650049
vt 0.42355847 0.15627742
vt 0.42611131 0.15668736
vt 0.42591751 0.15678066
vt 0.42478266 0.15650049
vt 0.42611131 0.15668736
vt 0.42716879 0.15703002
vt 0.42694375 0.15711319
vt 0.42809623 0.15742075
vt 0.42784369 0.15749235
vt 0.42694375 0.15711319
vt 0.42809623 0.15742075
vt 0.42887768 0.15785286
vt 0.42860201 0.15791167
vt 0.42949978 0.15831897
vt 0.42920572 0.15836398
vt 0.42860201 0.15791167
vt 0.42949978 0.15831897
vt 0.42995191 0.15881109
vt 0.42964450 0.15884152
vt 0.43022630 0.15932079
vt 0.42991078 0.15933613
vt 0.42964450 0.15884152
vt 0.43031833 0.64979923
vt 0.43000007 0.64979923
vt 0.42991078 0.15933613
vt 0.42991078 0.65030247
vt 0.42947969 0.65028155
vt 0.42956525 0.64979923
vt 0.42964450 0.65079707
vt 0.42922452 0.65075547
vt 0.42947969 0.65028155
vt 0.42920572 0.65127462
vt 0.42880404 0.65121317
vt 0.42922452 0.65075547
vt 0.42860201 0.65172696
vt 0.42822549 0.65164661
vt 0.42880404 0.65121317
vt 0.42784369 0.65214628
vt 0.42749876 0.65204847
vt 0.42822549 0.65164661
vt 0.42784369 0.65214628
vt 0.42694375 0.65252542
vt 0.42663631 0.65241188
vt 0.42591751 0.65285796
vt 0.42565283 0.65273052
vt 0.42663631 0.65241188
vt 0.42478266 0.65313810
vt 0.42456526 0.65299898
vt 0.42565283 0.65273052
vt 0.42355847 0.65336114
vt 0.42339209 0.65321273
vt 0.42456526 0.65299898
vt 0.42355847 0.65336114
vt 0.42226595 0.65352327
vt 0.42215341 0.65336818
vt 0.42092723 0.65362167
vt 0.42087051 0.65346241
vt 0.42215341 0.65336818
vt -0.41956523 0.65365469
vt -0.41956523 0.65349400
vt 0.42087051 0.65346241
vt -0.42092723 0.65362167
vt -0.42087051 0.65346241
vt -0.41956523 0.65349400
vt -0.42092723 0.65362167
vt -0.42226595 0.65352327
vt -0.42215341 0.65336818
vt -0.42355847 0.65336114
vt -0.42339209 0.65321273
vt -0.42215341 0.65336818
vt -0.42355847 0.65336114
vt -0.42478266 0.65313810
vt -0.42456526 0.65299898
vt -0.42478266 0.65313810
vt -0.42591751 0.65285796
vt -0.42565283 0.65273052
vt -0.42591751 0.65285796
vt -0.42694375 0.65252542
vt -0.42663631 0.65241188
vt -0.42784369 0.65214628
vt -0.42749876 0.65204847
vt -0.42663631 0.65241188
vt -0.42784369 0.65214628
vt -0.42860201 0.65172696
vt -0.42822549 0.65164661
vt -0.42860201 0.65172696
vt -0.42920572 0.65127462
vt -0.42880404 0.65121317
vt -0.42920572 0.65127462
vt -0.42964450 0.65079707
vt -0.42922452 0.65075547
vt -0.42964450 0.65079707
vt -0.42991078 0.65030247
vt -0.42947969 0.65028155
vt -0.43000007 0.15983938
vt -0.42956525 0.15983938
vt -0.42947969 0.65028155
vt -0.43000007 0.15983938
vt -0.42991078 0.15933613
vt -0.42947969 0.15935712
vt -0.42991078 0.15933613
vt -0.42964450 0.15884152
vt -0.42922452 0.15888309
vt -0.42920572 0.15836398
vt -0.42880404 0.15842544
vt -0.42922452 0.15888309
vt -0.42860201 0.15791167
vt -0.42822549 0.15799199
vt -0.42880404 0.15842544
vt -0.42784369 0.15749235
vt -0.42749876 0.15759014
vt -0.42822549 0.15799199
vt -0.42784369 0.15749235
vt -0.42694375 0.15711319
vt -0.42663631 0.15722677
vt -0.42694375 0.15711319
vt -0.42591751 0.15678066
vt -0.42565283 0.15690811
vt -0.42478266 0.15650049
vt -0.42456526 0.15663962
vt -0.42565283 0.15690811
vt -0.42478266 0.15650049
vt -0.42355847 0.15627742
vt -0.42339209 0.15642585
vt -0.42355847 0.15627742
vt -0.42226595 0.15611532
vt -0.42215341 0.15627050
vt -0.42226595 0.15611532
vt -0.42092723 0.15601693
vt -0.42087051 0.15617621
vt 0.41956523 0.15598397
vt 0.41956523 0.15614460
vt -0.42087051 0.15617621
vt 0.42092723 0.15601693
vt 0.42087051 0.15617621
vt 0.41956523 0.15614460
vt 0.42226595 0.15611532
vt 0.42215341 0.15627050
vt 0.42087051 0.15617621
vt 0.42355847 0.15627742
vt 0.42339209 0.15642585
vt 0.42215341 0.15627050
vt 0.42478266 0.15650049
vt 0.42456526 0.15663962
vt 0.42339209 0.15642585
vt 0.42478266 0.15650049
vt 0.42591751 0.15678066
vt 0.42565283 0.15690811
vt 0.42694375 0.15711319
vt 0.42663631 0.15722677
vt 0.42565283 0.15690811
vt 0.42784369 0.15749235
vt 0.42749876 0.15759014
vt 0.42663631 0.15722677
vt 0.42784369 0.15749235
vt 0.42860201 0.15791167
vt 0.42822549 0.15799199
vt 0.42860201 0.15791167
vt 0.42920572 0.15836398
vt 0.42880404 0.15842544
vt 0.42920572 0.15836398
vt 0.42964450 0.15884152
vt 0.42922452 0.15888309
vt 0.42991078 0.15933613
vt 0.42947969 0.15935712
vt 0.42922452 0.15888309
vt 0.43000007 0.64979923
vt 0.42956525 0.64979923
vt 0.42947969 0.15935712
vt 0.42956525 0.64979923
vt 0.42947969 0.15935712
vt -0.42956525 0.15983938
vt 0.42947969 0.15935712
vt 0.42922452 0.15888309
vt 0.42456526 0.15663962
vt -0.42956525 0.15983938
vt 0.42947969 0.15935712
vt 0.42456526 0.15663962
vt 0.42922452 0.15888309
vt 0.42880404 0.15842544
vt 0.42822549 0.15799199
vt 0.42822549 0.15799199
vt 0.42749876 0.15759014
vt 0.42456526 0.15663962
vt 0.42749876 0.15759014
vt 0.42663631 0.15722677
vt 0.42456526 0.15663962
vt 0.42663631 0.15722677
vt 0.42565283 0.15690811
vt 0.42456526 0.15663962
vt 0.42456526 0.15663962
vt 0.42339209 0.15642585
vt 0.42215341 0.15627050
vt 0.42215341 0.15627050
vt 0.42087051 0.15617621
vt 0.42456526 0.15663962
vt 0.42087051 0.15617621
vt 0.41956523 0.15614460
vt 0.42456526 0.15663962
vt 0.41956523 0.15614460
vt -0.42087051 0.15617621
vt -0.42456526 0.15663962
vt -0.42087051 0.15617621
vt -0.42215341 0.15627050
vt -0.42456526 0.15663962
vt -0.42215341 0.15627050
vt -0.42339209 0.15642585
vt -0.42456526 0.15663962
vt -0.42456526 0.15663962
vt -0.42565283 0.15690811
vt -0.42663631 0.15722677
vt -0.42663631 0.15722677
vt -0.42749876 0.15759014
vt -0.42456526 0.15663962
vt -0.42749876 0.15759014
vt -0.42822549 0.15799199
vt -0.42456526 0.15663962
vt -0.42822549 0.15799199
vt -0.42880404 0.15842544
vt -0.42922452 0.15888309
vt -0.42922452 0.15888309
vt -0.42947969 0.15935712
vt -0.42822549 0.15799199
vt -0.42947969 0.15935712
vt -0.42956525 0.15983938
vt -0.42822549 0.15799199
vt -0.42956525 0.15983938
vt -0.42947969 0.65028155
vt 0.42956525 0.64979923
vt -0.42947969 0.65028155
vt -0.42922452 0.65075547
vt -0.42456526 0.65299898
vt 0.42956525 0.64979923
vt -0.42947969 0.65028155
vt -0.41956523 0.65349400
vt -0.42922452 0.65075547
vt -0.42880404 0.65121317
vt -0.42822549 0.65164661
vt -0.42822549 0.65164661
vt -0.42749876 0.65204847
vt -0.42456526 0.65299898
vt -0.42749876 0.65204847
vt -0.42663631 0.65241188
vt -0.42456526 0.65299898
vt -0.42663631 0.65241188
vt -0.42565283 0.65273052
vt -0.42456526 0.65299898
vt -0.42456526 0.65299898
vt -0.42339209 0.65321273
vt -0.41956523 0.65349400
vt -0.42339209 0.65321273
vt -0.42215341 0.65336818
vt -0.41956523 0.65349400
vt -0.42215341 0.65336818
vt -0.42087051 0.65346241
vt -0.41956523 0.65349400
vt -0.41956523 0.65349400
vt 0.42087051 0.65346241
vt 0.42956525 0.64979923
vt 0.42087051 0.65346241
vt 0.42215341 0.65336818
vt 0.42456526 0.65299898
vt 0.42215341 0.65336818
vt 0.42339209 0.65321273
vt 0.42456526 0.65299898
vt 0.42456526 0.65299898
vt 0.42565283 0.65273052
vt 0.42663631 0.65241188
vt 0.42663631 0.65241188
vt 0.42749876 0.65204847
vt 0.42456526 0.65299898
vt 0.42749876 0.65204847
vt 0.42822549 0.65164661
vt 0.42456526 0.65299898
vt 0.42822549 0.65164661
vt 0.42880404 0.65121317
vt 0.42922452 0.65075547
vt 0.42922452 0.65075547
vt 0.42947969 0.65028155
vt 0.42956525 0.64979923
vt 0.42922452 0.15888309
vt 0.42822549 0.15799199
vt 0.42456526 0.15663962
vt -0.42922452 0.65075547
vt -0.42822549 0.65164661
vt -0.42456526 0.65299898
vt -0.42947969 0.65028155
vt -0.42456526 0.65299898
vt -0.41956523 0.65349400
vt 0.42087051 0.65346241
vt 0.42456526 0.65299898
vt 0.42956525 0.64979923
vt 0.42822549 0.65164661
vt 0.42922452 0.65075547
vt 0.42456526 0.65299898
vt 0.42922452 0.65075547
vt 0.42956525 0.64979923
vt 0.42456526 0.65299898
vt 0.42456526 0.15663962
vt 0.41956523 0.15614460
vt -0.42456526 0.15663962
vt -0.42456526 0.15663962
vt -0.42822549 0.15799199
vt -0.42956525 0.15983938
vt 0.42947969 0.15935712
vt 0.42956525 0.64979923
vt -0.42956525 0.15983938
vt 0.42956525 0.64979923
vt 0.42947969 0.65028155
vt 0.42565283 0.65273052
vt -0.42947969 0.65028155
vt 0.42956525 0.64979923
vt 0.42565283 0.65273052
vt 0.42947969 0.65028155
vt 0.42922452 0.65075547
vt 0.42880404 0.65121317
vt 0.42880404 0.65121317
vt 0.42822549 0.65164661
vt 0.42565283 0.65273052
vt 0.42822549 0.65164661
vt 0.42749876 0.65204847
vt 0.42565283 0.65273052
vt 0.42749876 0.65204847
vt 0.42663631 0.65241188
vt 0.42565283 0.65273052
vt 0.42565283 0.65273052
vt 0.42456526 0.65299898
vt 0.42087051 0.65346241
vt 0.42456526 0.65299898
vt 0.42339209 0.65321273
vt 0.42087051 0.65346241
vt 0.42339209 0.65321273
vt 0.42215341 0.65336818
vt 0.42087051 0.65346241
vt 0.42087051 0.65346241
vt -0.41956523 0.65349400
vt -0.42339209 0.65321273
vt -0.41956523 0.65349400
vt -0.42087051 0.65346241
vt -0.42339209 0.65321273
vt -0.42087051 0.65346241
vt -0.42215341 0.65336818
vt -0.42339209 0.65321273
vt -0.42339209 0.65321273
vt -0.42456526 0.65299898
vt -0.42749876 0.65204847
vt -0.42456526 0.65299898
vt -0.42565283 0.65273052
vt -0.42749876 0.65204847
vt -0.42565283 0.65273052
vt -0.42663631 0.65241188
vt -0.42749876 0.65204847
vt -0.42749876 0.65204847
vt -0.42822549 0.65164661
vt -0.42880404 0.65121317
vt -0.42880404 0.65121317
vt -0.42922452 0.65075547
vt -0.42749876 0.65204847
vt -0.42922452 0.65075547
vt -0.42947969 0.65028155
vt -0.42749876 0.65204847
vt -0.42947969 0.65028155
vt -0.42956525 0.15983938
vt 0.42956525 0.64979923
vt -0.42956525 0.15983938
vt -0.42947969 0.15935712
vt -0.42565283 0.15690811
vt 0.42947969 0.15935712
vt -0.42956525 0.15983938
vt -0.42087051 0.15617621
vt -0.42947969 0.15935712
vt -0.42922452 0.15888309
vt -0.42880404 0.15842544
vt -0.42880404 0.15842544
vt -0.42822549 0.15799199
vt -0.42565283 0.15690811
vt -0.42822549 0.15799199
vt -0.42749876 0.15759014
vt -0.42565283 0.15690811
vt -0.42749876 0.15759014
vt -0.42663631 0.15722677
vt -0.42565283 0.15690811
vt -0.42565283 0.15690811
vt -0.42456526 0.15663962
vt -0.42087051 0.15617621
vt -0.42456526 0.15663962
vt -0.42339209 0.15642585
vt -0.42087051 0.15617621
vt -0.42339209 0.15642585
vt -0.42215341 0.15627050
vt -0.42087051 0.15617621
vt -0.42087051 0.15617621
vt 0.41956523 0.15614460
vt 0.42947969 0.15935712
vt 0.41956523 0.15614460
vt 0.42087051 0.15617621
vt 0.42339209 0.15642585
vt 0.42087051 0.15617621
vt 0.42215341 0.15627050
vt 0.42339209 0.15642585
vt 0.42339209 0.15642585
vt 0.42456526 0.15663962
vt 0.42749876 0.15759014
vt 0.42456526 0.15663962
vt 0.42565283 0.15690811
vt 0.42749876 0.15759014
vt 0.42565283 0.15690811
vt 0.42663631 0.15722677
vt 0.42749876 0.15759014
vt 0.42749876 0.15759014
vt 0.42822549 0.15799199
vt 0.42947969 0.15935712
vt 0.42822549 0.15799199
vt 0.42880404 0.15842544
vt 0.42947969 0.15935712
vt 0.42880404 0.15842544
vt 0.42922452 0.15888309
vt 0.42947969 0.15935712
vt 0.42947969 0.65028155
vt 0.42880404 0.65121317
vt 0.42565283 0.65273052
vt -0.42947969 0.15935712
vt -0.42880404 0.15842544
vt -0.42565283 0.15690811
vt -0.42956525 0.15983938
vt -0.42565283 0.15690811
vt -0.42087051 0.15617621
vt 0.41956523 0.15614460
vt 0.42339209 0.15642585
vt 0.42947969 0.15935712
vt 0.42565283 0.65273052
vt 0.42087051 0.65346241
vt -0.42339209 0.65321273
vt -0.42339209 0.65321273
vt -0.42749876 0.65204847
vt -0.42947969 0.65028155
vt 0.42339209 0.15642585
vt 0.42749876 0.15759014
vt 0.42947969 0.15935712
vn -0.96589434 0.25879216 0.00864425
vn -0.86136252 0.50364447 0.06630801
vn -0.86361265 0.50388348 0.01657394
vn -0.96593195 0.25658336 0.03377310
vn -0.86138946 0.49063495 0.13147475
vn -0.86136252 0.50364447 0.06630801
vn -0.96593606 0.24996169 0.06698308
vn -0.86137998 0.46929562 0.19438647
vn -0.86138946 0.49063495 0.13147475
vn -0.96592420 0.23912241 0.09904975
vn -0.86140728 0.43987188 0.25394946
vn -0.86137998 0.46929562 0.19438647
vn -0.96589965 0.22424062 0.12943724
vn -0.86136323 0.40301016 0.30925119
vn -0.86140728 0.43987188 0.25394946
vn -0.96590829 0.18308310 0.18303512
vn -0.86136323 0.40301016 0.30925119
vn -0.96593243 0.20531592 0.15754335
vn -0.96590829 0.18308310 0.18303512
vn -0.86140138 0.30919904 0.40296853
vn -0.86131448 0.35927519 0.35924745
vn -0.96593577 0.15755051 0.20529456
vn -0.86131012 0.25401044 0.44002676
vn -0.86140138 0.30919904 0.40296853
vn -0.96594477 0.12933533 0.22410512
vn -0.86135143 0.19443586 0.46932751
vn -0.86131012 0.25401044 0.44002676
vn -0.96589839 0.06702656 0.25009522
vn -0.86135143 0.19443586 0.46932751
vn -0.96595263 0.09905053 0.23900744
vn -0.96589839 0.06702656 0.25009522
vn -0.85888457 0.04984970 0.50973755
vn -0.86138749 0.13148625 0.49063531
vn -0.96585840 0.02481890 0.25787899
vn -0.86351806 -0.01659587 0.50404483
vn -0.85888457 0.04984970 0.50973755
vn -0.96589053 -0.00864451 0.25880656
vn -0.86137134 -0.06628046 0.50363296
vn -0.86351806 -0.01659587 0.50404483
vn -0.96589839 -0.06702656 0.25009522
vn -0.86137134 -0.06628046 0.50363296
vn -0.96591175 -0.03375891 0.25666091
vn -0.96589839 -0.06702656 0.25009522
vn -0.86135155 -0.19443583 0.46932751
vn -0.86138749 -0.13148625 0.49063528
vn -0.96594477 -0.12933533 0.22410510
vn -0.86135155 -0.19443583 0.46932751
vn -0.96595263 -0.09905053 0.23900744
vn -0.96593577 -0.15755051 0.20529456
vn -0.86131012 -0.25401044 0.44002673
vn -0.96594477 -0.12933533 0.22410510
vn -0.96590829 -0.18308310 0.18303512
vn -0.86140138 -0.30919904 0.40296853
vn -0.96593577 -0.15755051 0.20529456
vn -0.96590829 -0.18308310 0.18303512
vn -0.86136317 -0.40301016 0.30925116
vn -0.86131442 -0.35927522 0.35924748
vn -0.96589965 -0.22424062 0.12943724
vn -0.86136317 -0.40301016 0.30925116
vn -0.96593243 -0.20531592 0.15754335
vn -0.96592420 -0.23912238 0.09904975
vn -0.86140728 -0.43987188 0.25394946
vn -0.96589965 -0.22424062 0.12943724
vn -0.96593606 -0.24996169 0.06698308
vn -0.86138004 -0.46929559 0.19438645
vn -0.96592420 -0.23912238 0.09904975
vn -0.96591127 -0.25767976 0.02483121
vn -0.86138946 -0.49063495 0.13147475
vn -0.96593606 -0.24996169 0.06698308
vn -0.96591127 -0.25767976 0.02483121
vn -0.86358941 -0.50392294 -0.01658279
vn -0.85895085 -0.50962663 0.04984103
vn -0.96593106 -0.25658625 -0.03377493
vn -0.86358941 -0.50392294 -0.01658279
vn -0.96589321 -0.25879642 -0.00864528
vn -0.96592158 -0.25001556 -0.06698981
vn -0.86135817 -0.50365174 -0.06630985
vn -0.96593106 -0.25658625 -0.03377493
vn -0.96592158 -0.25001556 -0.06698981
vn -0.86137539 -0.46929854 -0.19439957
vn -0.86135411 -0.49069652 -0.13147651
vn -0.96592438 -0.23912285 -0.09904759
vn -0.86136478 -0.43993270 -0.25398830
vn -0.86137539 -0.46929854 -0.19439957
vn -0.96591258 -0.22420044 -0.12941042
vn -0.86136645 -0.40301311 -0.30923820
vn -0.86136478 -0.43993270 -0.25398830
vn -0.96591830 -0.18303867 -0.18302640
vn -0.86136645 -0.40301311 -0.30923820
vn -0.96593231 -0.20530866 -0.15755318
vn -0.96591341 -0.15759842 -0.20536305
vn -0.86137515 -0.35918924 -0.35918793
vn -0.96591830 -0.18303867 -0.18302640
vn -0.96591341 -0.15759842 -0.20536305
vn -0.86138195 -0.25398779 -0.43989933
vn -0.86136180 -0.30925834 -0.40300769
vn -0.96593833 -0.09903470 -0.23907177
vn -0.86138195 -0.25398779 -0.43989933
vn -0.96592474 -0.12940516 -0.22415121
vn -0.96593404 -0.06697834 -0.24997069
vn -0.86136383 -0.19439720 -0.46932074
vn -0.96593833 -0.09903470 -0.23907177
vn -0.96588969 -0.02483377 -0.25776023
vn -0.86135775 -0.13147122 -0.49069154
vn -0.96593404 -0.06697834 -0.24997069
vn -0.96588969 -0.02483377 -0.25776023
vn -0.86361206 0.01656686 -0.50388467
vn -0.85893422 -0.04984764 -0.50965405
vn -0.96588939 0.00862572 -0.25881138
vn -0.86138088 0.06628972 -0.50361556
vn -0.86361206 0.01656686 -0.50388467
vn -0.96593159 0.03377566 -0.25658402
vn -0.86135775 0.13147123 -0.49069154
vn -0.86138088 0.06628972 -0.50361556
vn -0.96593404 0.06697834 -0.24997069
vn -0.86136383 0.19439723 -0.46932080
vn -0.86135775 0.13147123 -0.49069154
vn -0.96593833 0.09903470 -0.23907176
vn -0.86138195 0.25398773 -0.43989927
vn -0.86136383 0.19439723 -0.46932080
vn -0.96591341 0.15759842 -0.20536304
vn -0.86138195 0.25398773 -0.43989927
vn -0.96592474 0.12940516 -0.22415121
vn -0.96591341 0.15759842 -0.20536304
vn -0.86137509 0.35918924 -0.35918793
vn -0.86136174 0.30925834 -0.40300772
vn -0.96591830 0.18303867 -0.18302637
vn -0.86136645 0.40301311 -0.30923823
vn -0.86137509 0.35918924 -0.35918793
vn -0.96591258 0.22420044 -0.12941042
vn -0.86136645 0.40301311 -0.30923823
vn -0.96593231 0.20530866 -0.15755318
vn -0.96592438 0.23912285 -0.09904759
vn -0.86136478 0.43993273 -0.25398830
vn -0.96591258 0.22420044 -0.12941042
vn -0.96592158 0.25001559 -0.06698982
vn -0.86137539 0.46929854 -0.19439957
vn -0.96592438 0.23912285 -0.09904759
vn -0.96592158 0.25001559 -0.06698982
vn -0.85893184 0.50965774 -0.04985083
vn -0.86135411 0.49069649 -0.13147651
vn -0.96589601 0.25773707 -0.02482831
vn -0.86361265 0.50388348 0.01657394
vn -0.85893184 0.50965774 -0.04985083
vn -0.86136252 0.50364447 0.06630801
vn -0.49747285 0.86701888 0.02826677
vn -0.86361265 0.50388348 0.01657394
vn -0.86138946 0.49063495 0.13147475
vn -0.49535823 0.86125493 0.11340223
vn -0.86136252 0.50364447 0.06630801
vn -0.86137998 0.46929562 0.19438647
vn -0.49537712 0.83907884 0.22482938
vn -0.86138946 0.49063495 0.13147475
vn -0.86140728 0.43987188 0.25394946
vn -0.49528006 0.80260861 0.33244118
vn -0.86137998 0.46929562 0.19438647
vn -0.86140728 0.43987188 0.25394946
vn -0.49543399 0.68912387 0.52882272
vn -0.49538091 0.75229573 0.43433729
vn -0.86136323 0.40301016 0.30925119
vn -0.49526635 0.61429125 0.61429429
vn -0.49543399 0.68912387 0.52882272
vn -0.86131448 0.35927519 0.35924745
vn -0.49534795 0.52880502 0.68919933
vn -0.49526635 0.61429125 0.61429429
vn -0.86140138 0.30919904 0.40296853
vn -0.49557915 0.43430483 0.75218385
vn -0.49534795 0.52880502 0.68919933
vn -0.86135143 0.19443586 0.46932751
vn -0.49557915 0.43430483 0.75218385
vn -0.86131012 0.25401044 0.44002676
vn -0.86138749 0.13148625 0.49063531
vn -0.49525413 0.33247274 0.80261153
vn -0.86135143 0.19443586 0.46932751
vn -0.85888457 0.04984970 0.50973755
vn -0.49526641 0.22485548 0.83913720
vn -0.86138749 0.13148625 0.49063531
vn -0.85888457 0.04984970 0.50973755
vn -0.49763373 -0.02823043 0.86692780
vn -0.49272960 0.08552752 0.86596912
vn -0.86137134 -0.06628046 0.50363296
vn -0.49763373 -0.02823043 0.86692780
vn -0.86351806 -0.01659587 0.50404483
vn -0.86137134 -0.06628046 0.50363296
vn -0.49526644 -0.22485553 0.83913708
vn -0.49534005 -0.11338069 0.86126828
vn -0.86138749 -0.13148625 0.49063528
vn -0.49525407 -0.33247271 0.80261153
vn -0.49526644 -0.22485553 0.83913708
vn -0.86135155 -0.19443583 0.46932751
vn -0.49557915 -0.43430489 0.75218385
vn -0.49525407 -0.33247271 0.80261153
vn -0.86140138 -0.30919904 0.40296853
vn -0.49557915 -0.43430489 0.75218385
vn -0.86131012 -0.25401044 0.44002673
vn -0.86131442 -0.35927522 0.35924748
vn -0.49534789 -0.52880502 0.68919933
vn -0.86140138 -0.30919904 0.40296853
vn -0.86136317 -0.40301016 0.30925116
vn -0.49526638 -0.61429125 0.61429429
vn -0.86131442 -0.35927522 0.35924748
vn -0.86140728 -0.43987188 0.25394946
vn -0.49543399 -0.68912387 0.52882272
vn -0.86136317 -0.40301016 0.30925116
vn -0.86140728 -0.43987188 0.25394946
vn -0.49528006 -0.80260861 0.33244118
vn -0.49538091 -0.75229573 0.43433729
vn -0.86138004 -0.46929559 0.19438645
vn -0.49537706 -0.83907884 0.22482938
vn -0.49528006 -0.80260861 0.33244118
vn -0.86138946 -0.49063495 0.13147475
vn -0.49297017 -0.86583281 0.08552191
vn -0.49537706 -0.83907884 0.22482938
vn -0.85895085 -0.50962663 0.04984103
vn -0.49746507 -0.86702317 -0.02827370
vn -0.49297017 -0.86583281 0.08552191
vn -0.86358941 -0.50392294 -0.01658279
vn -0.49539217 -0.86123818 -0.11338155
vn -0.49746507 -0.86702317 -0.02827370
vn -0.86135411 -0.49069652 -0.13147651
vn -0.49539217 -0.86123818 -0.11338155
vn -0.86135817 -0.50365174 -0.06630985
vn -0.86135411 -0.49069652 -0.13147651
vn -0.49540034 -0.80253547 -0.33243859
vn -0.49538496 -0.83907896 -0.22481124
vn -0.86136478 -0.43993270 -0.25398830
vn -0.49540034 -0.80253547 -0.33243859
vn -0.86137539 -0.46929854 -0.19439957
vn -0.86136478 -0.43993270 -0.25398830
vn -0.49539483 -0.68915445 -0.52881962
vn -0.49537659 -0.75230008 -0.43433473
vn -0.86137515 -0.35918924 -0.35918793
vn -0.49539483 -0.68915445 -0.52881962
vn -0.86136645 -0.40301311 -0.30923820
vn -0.86137515 -0.35918924 -0.35918793
vn -0.49543473 -0.52880490 -0.68913704
vn -0.49537352 -0.61425126 -0.61424792
vn -0.86138195 -0.25398779 -0.43989933
vn -0.49543473 -0.52880490 -0.68913704
vn -0.86136180 -0.30925834 -0.40300769
vn -0.86136383 -0.19439720 -0.46932074
vn -0.49540263 -0.43433157 -0.75228471
vn -0.86138195 -0.25398779 -0.43989933
vn -0.86136383 -0.19439720 -0.46932074
vn -0.49537370 -0.22483456 -0.83907944
vn -0.49534068 -0.33242294 -0.80257863
vn -0.86135775 -0.13147122 -0.49069154
vn -0.49296334 -0.08550853 -0.86583793
vn -0.49537370 -0.22483456 -0.83907944
vn -0.85893422 -0.04984764 -0.50965405
vn -0.49751264 0.02826013 -0.86699623
vn -0.49296334 -0.08550853 -0.86583793
vn -0.86138088 0.06628972 -0.50361556
vn -0.49751264 0.02826013 -0.86699623
vn -0.86361206 0.01656686 -0.50388467
vn -0.86135775 0.13147123 -0.49069154
vn -0.49541026 0.11336545 -0.86122990
vn -0.86138088 0.06628972 -0.50361556
vn -0.86136383 0.19439723 -0.46932080
vn -0.49537370 0.22483461 -0.83907950
vn -0.86135775 0.13147123 -0.49069154
vn -0.86136383 0.19439723 -0.46932080
vn -0.49540263 0.43433154 -0.75228471
vn -0.49534068 0.33242294 -0.80257875
vn -0.86138195 0.25398773 -0.43989927
vn -0.49543464 0.52880490 -0.68913704
vn -0.49540263 0.43433154 -0.75228471
vn -0.86137509 0.35918924 -0.35918793
vn -0.49543464 0.52880490 -0.68913704
vn -0.86136174 0.30925834 -0.40300772
vn -0.86137509 0.35918924 -0.35918793
vn -0.49539483 0.68915445 -0.52881956
vn -0.49537352 0.61425126 -0.61424786
vn -0.86136478 0.43993273 -0.25398830
vn -0.49539483 0.68915445 -0.52881956
vn -0.86136645 0.40301311 -0.30923823
vn -0.86136478 0.43993273 -0.25398830
vn -0.49540025 0.80253553 -0.33243856
vn -0.49537656 0.75230008 -0.43433470
vn -0.86135411 0.49069649 -0.13147651
vn -0.49540025 0.80253553 -0.33243856
vn -0.86137539 0.46929854 -0.19439957
vn -0.86135411 0.49069649 -0.13147651
vn -0.49298376 0.86582685 -0.08550404
vn -0.49538493 0.83907896 -0.22481124
vn -0.85893184 0.50965774 -0.04985083
vn -0.49747285 0.86701888 0.02826677
vn -0.49298376 0.86582685 -0.08550404
vn -0.49747285 0.86701888 0.02826677
vn -0.12981330 0.98305488 0.12942770
vn -0.13004892 0.99098051 0.03232609
vn -0.49535823 0.86125493 0.11340223
vn -0.12980266 0.95774919 0.25664708
vn -0.12981330 0.98305488 0.12942770
vn -0.49537712 0.83907884 0.22482938
vn -0.12969255 0.91607159 0.37946376
vn -0.12980266 0.95774919 0.25664708
vn -0.49528006 0.80260861 0.33244118
vn -0.12965612 0.85871923 0.49577272
vn -0.12969255 0.91607159 0.37946376
vn -0.49538091 0.75229573 0.43433729
vn -0.12981826 0.78662604 0.60362792
vn -0.12965612 0.85871923 0.49577272
vn -0.49526635 0.61429125 0.61429429
vn -0.12981826 0.78662604 0.60362792
vn -0.49543399 0.68912387 0.52882272
vn -0.49534795 0.52880502 0.68919933
vn -0.12976633 0.70112783 0.70112807
vn -0.49526635 0.61429125 0.61429429
vn -0.49557915 0.43430483 0.75218385
vn -0.12984838 0.60360694 0.78663725
vn -0.49534795 0.52880502 0.68919933
vn -0.49525413 0.33247274 0.80261153
vn -0.13016225 0.49574080 0.85866106
vn -0.49557915 0.43430483 0.75218385
vn -0.49525413 0.33247274 0.80261153
vn -0.12956992 0.25662366 0.95778698
vn -0.12965080 0.37944490 0.91608530
vn -0.49526641 0.22485548 0.83913720
vn -0.12916845 0.09747379 0.98682028
vn -0.12956992 0.25662366 0.95778698
vn -0.49272960 0.08552752 0.86596912
vn -0.13030443 -0.03230803 0.99094748
vn -0.12916845 0.09747379 0.98682028
vn -0.49534005 -0.11338069 0.86126828
vn -0.13030443 -0.03230803 0.99094748
vn -0.49763373 -0.02823043 0.86692780
vn -0.49526644 -0.22485553 0.83913708
vn -0.12964761 -0.12945619 0.98307312
vn -0.49534005 -0.11338069 0.86126828
vn -0.49525407 -0.33247271 0.80261153
vn -0.12956989 -0.25662777 0.95778590
vn -0.49526644 -0.22485553 0.83913708
vn -0.49525407 -0.33247271 0.80261153
vn -0.13016227 -0.49575362 0.85865366
vn -0.12965085 -0.37945157 0.91608250
vn -0.49557915 -0.43430489 0.75218385
vn -0.12984832 -0.60361421 0.78663164
vn -0.13016227 -0.49575362 0.85865366
vn -0.49534789 -0.52880502 0.68919933
vn -0.12976642 -0.70113569 0.70112008
vn -0.12984832 -0.60361421 0.78663164
vn -0.49526638 -0.61429125 0.61429429
vn -0.12981826 -0.78663963 0.60361022
vn -0.12976642 -0.70113569 0.70112008
vn -0.49538091 -0.75229573 0.43433729
vn -0.12981826 -0.78663963 0.60361022
vn -0.49543399 -0.68912387 0.52882272
vn -0.49528006 -0.80260861 0.33244118
vn -0.12965603 -0.85872549 0.49576187
vn -0.49538091 -0.75229573 0.43433729
vn -0.49537706 -0.83907884 0.22482938
vn -0.12969264 -0.91607684 0.37945092
vn -0.49528006 -0.80260861 0.33244118
vn -0.49297017 -0.86583281 0.08552191
vn -0.12980266 -0.95775622 0.25662097
vn -0.49537706 -0.83907884 0.22482938
vn -0.49297017 -0.86583281 0.08552191
vn -0.13005725 -0.99097943 -0.03232544
vn -0.12942067 -0.98678863 0.09746026
vn -0.49539217 -0.86123818 -0.11338155
vn -0.13005725 -0.99097943 -0.03232544
vn -0.49746507 -0.86702317 -0.02827370
vn -0.49538496 -0.83907896 -0.22481124
vn -0.12984282 -0.98305094 -0.12942828
vn -0.49539217 -0.86123818 -0.11338155
vn -0.49540034 -0.80253547 -0.33243859
vn -0.12982263 -0.95774794 -0.25664175
vn -0.49538496 -0.83907896 -0.22481124
vn -0.49540034 -0.80253547 -0.33243859
vn -0.12978093 -0.85870504 -0.49576464
vn -0.12982063 -0.91605139 -0.37946853
vn -0.49539483 -0.68915445 -0.52881962
vn -0.12978093 -0.85870504 -0.49576464
vn -0.49537659 -0.75230008 -0.43433473
vn -0.49537352 -0.61425126 -0.61424792
vn -0.12980598 -0.78662771 -0.60362846
vn -0.49539483 -0.68915445 -0.52881962
vn -0.49543473 -0.52880490 -0.68913704
vn -0.12975129 -0.70113862 -0.70111990
vn -0.49537352 -0.61425126 -0.61424792
vn -0.49540263 -0.43433157 -0.75228471
vn -0.12983541 -0.60360497 -0.78664088
vn -0.49543473 -0.52880490 -0.68913704
vn -0.49534068 -0.33242294 -0.80257863
vn -0.12976311 -0.49575564 -0.85871291
vn -0.49540263 -0.43433157 -0.75228471
vn -0.49537370 -0.22483456 -0.83907944
vn -0.12978247 -0.37944993 -0.91606456
vn -0.49534068 -0.33242294 -0.80257863
vn -0.49296334 -0.08550853 -0.86583793
vn -0.12984744 -0.25662714 -0.95774853
vn -0.49537370 -0.22483456 -0.83907944
vn -0.49296334 -0.08550853 -0.86583793
vn -0.13008411 0.03230816 -0.99097639
vn -0.12942676 -0.09747213 -0.98678660
vn -0.49541026 0.11336545 -0.86122990
vn -0.13008411 0.03230816 -0.99097639
vn -0.49751264 0.02826013 -0.86699623
vn -0.49541026 0.11336545 -0.86122990
vn -0.12984741 0.25663108 -0.95774746
vn -0.12984800 0.12940985 -0.98305267
vn -0.49537370 0.22483461 -0.83907950
vn -0.12978251 0.37945691 -0.91606170
vn -0.12984741 0.25663108 -0.95774746
vn -0.49534068 0.33242294 -0.80257875
vn -0.12976313 0.49576819 -0.85870564
vn -0.12978251 0.37945691 -0.91606170
vn -0.49540263 0.43433154 -0.75228471
vn -0.12983535 0.60361224 -0.78663540
vn -0.12976313 0.49576819 -0.85870564
vn -0.49543464 0.52880490 -0.68913704
vn -0.12975138 0.70114654 -0.70111203
vn -0.12983535 0.60361224 -0.78663540
vn -0.49537352 0.61425126 -0.61424786
vn -0.12980598 0.78664124 -0.60361069
vn -0.12975138 0.70114654 -0.70111203
vn -0.49539483 0.68915445 -0.52881956
vn -0.12978087 0.85871130 -0.49575388
vn -0.12980598 0.78664124 -0.60361069
vn -0.49540025 0.80253553 -0.33243856
vn -0.12978087 0.85871130 -0.49575388
vn -0.49537656 0.75230008 -0.43433470
vn -0.49540025 0.80253553 -0.33243856
vn -0.12982264 0.95775479 -0.25661591
vn -0.12982075 0.91605675 -0.37945557
vn -0.49538493 0.83907896 -0.22481124
vn -0.12943575 0.98678595 -0.09746664
vn -0.12982264 0.95775479 -0.25661591
vn -0.49298376 0.86582685 -0.08550404
vn -0.13004892 0.99098051 0.03232609
vn -0.12943575 0.98678595 -0.09746664
vn -0.12981330 0.98305488 0.12942770
vn 0.13004021 0.99098206 0.03231263
vn -0.13004892 0.99098051 0.03232609
vn -0.12980266 0.95774919 0.25664708
vn 0.12983686 0.98305577 0.12939781
vn -0.12981330 0.98305488 0.12942770
vn -0.12969255 0.91607159 0.37946376
vn 0.12980801 0.95775580 0.25661966
vn -0.12980266 0.95774919 0.25664708
vn -0.12965612 0.85871923 0.49577272
vn 0.12970176 0.91607386 0.37945494
vn -0.12969255 0.91607159 0.37946376
vn -0.12981826 0.78662604 0.60362792
vn 0.12967524 0.85872650 0.49575520
vn -0.12965612 0.85871923 0.49577272
vn -0.12976633 0.70112783 0.70112807
vn 0.12982209 0.78663915 0.60360998
vn -0.12981826 0.78662604 0.60362792
vn -0.12984838 0.60360694 0.78663725
vn 0.12979513 0.70113075 0.70111978
vn -0.12976633 0.70112783 0.70112807
vn -0.13016225 0.49574080 0.85866106
vn 0.12992367 0.60361230 0.78662062
vn -0.12984838 0.60360694 0.78663725
vn -0.12965080 0.37944490 0.91608530
vn 0.13005222 0.49575105 0.85867184
vn -0.13016225 0.49574080 0.85866106
vn -0.12956992 0.25662366 0.95778698
vn 0.12965097 0.37945041 0.91608292
vn -0.12965080 0.37944490 0.91608530
vn -0.12916845 0.09747379 0.98682028
vn 0.12969141 0.25662056 0.95777136
vn -0.12956992 0.25662366 0.95778698
vn -0.13030443 -0.03230803 0.99094748
vn 0.12918681 0.09747665 0.98681760
vn -0.12916845 0.09747379 0.98682028
vn -0.12964761 -0.12945619 0.98307312
vn 0.13030176 -0.03230911 0.99094784
vn -0.13030443 -0.03230803 0.99094748
vn -0.12956989 -0.25662777 0.95778590
vn 0.12962188 -0.12944503 0.98307782
vn -0.12964761 -0.12945619 0.98307312
vn -0.12965085 -0.37945157 0.91608250
vn 0.12969144 -0.25661659 0.95777243
vn -0.12956989 -0.25662777 0.95778590
vn -0.13016227 -0.49575362 0.85865366
vn 0.12965091 -0.37944341 0.91608584
vn -0.12965085 -0.37945157 0.91608250
vn -0.12984832 -0.60361421 0.78663164
vn 0.13005221 -0.49573857 0.85867912
vn -0.13016227 -0.49575362 0.85865366
vn -0.12976642 -0.70113569 0.70112008
vn 0.12992375 -0.60360545 0.78662586
vn -0.12984832 -0.60361421 0.78663164
vn -0.12981826 -0.78663963 0.60361022
vn 0.12979503 -0.70112246 0.70112801
vn -0.12976642 -0.70113569 0.70112008
vn -0.12965603 -0.85872549 0.49576187
vn 0.12982209 -0.78662550 0.60362774
vn -0.12981826 -0.78663963 0.60361022
vn -0.12969264 -0.91607684 0.37945092
vn 0.12967533 -0.85872024 0.49576601
vn -0.12965603 -0.85872549 0.49576187
vn -0.12980266 -0.95775622 0.25662097
vn 0.12970166 -0.91606855 0.37946799
vn -0.12969264 -0.91607684 0.37945092
vn -0.12942067 -0.98678863 0.09746026
vn 0.12980799 -0.95774895 0.25664538
vn -0.12980266 -0.95775622 0.25662097
vn -0.13005725 -0.99097943 -0.03232544
vn 0.12943265 -0.98678595 0.09747165
vn -0.12942067 -0.98678863 0.09746026
vn -0.12984282 -0.98305094 -0.12942828
vn 0.13006845 -0.99097830 -0.03231296
vn -0.13005725 -0.99097943 -0.03232544
vn -0.12982263 -0.95774794 -0.25664175
vn 0.12983876 -0.98305535 -0.12939894
vn -0.12984282 -0.98305094 -0.12942828
vn -0.12982063 -0.91605139 -0.37946853
vn 0.12982488 -0.95775300 -0.25662154
vn -0.12982263 -0.95774794 -0.25664175
vn -0.12978093 -0.85870504 -0.49576464
vn 0.12982580 -0.91605371 -0.37946123
vn -0.12982063 -0.91605139 -0.37946853
vn -0.12980598 -0.78662771 -0.60362846
vn 0.12977786 -0.85870814 -0.49575999
vn -0.12978093 -0.85870504 -0.49576464
vn -0.12975129 -0.70113862 -0.70111990
vn 0.12980343 -0.78664750 -0.60360312
vn -0.12980598 -0.78662771 -0.60362846
vn -0.12983541 -0.60360497 -0.78664088
vn 0.12975293 -0.70112872 -0.70112962
vn -0.12975129 -0.70113862 -0.70111990
vn -0.12976311 -0.49575564 -0.85871291
vn 0.12987149 -0.60361719 -0.78662550
vn -0.12983541 -0.60360497 -0.78664088
vn -0.12978247 -0.37944993 -0.91606456
vn 0.12978806 -0.49576852 -0.85870177
vn -0.12976311 -0.49575564 -0.85871291
vn -0.12984744 -0.25662714 -0.95774853
vn 0.12980159 -0.37946063 -0.91605741
vn -0.12978247 -0.37944993 -0.91606456
vn -0.12942676 -0.09747213 -0.98678660
vn 0.12981914 -0.25664160 -0.95774835
vn -0.12984744 -0.25662714 -0.95774853
vn -0.13008411 0.03230816 -0.99097639
vn 0.12940013 -0.09748058 -0.98678935
vn -0.12942676 -0.09747213 -0.98678660
vn -0.12984800 0.12940985 -0.98305267
vn 0.13008741 0.03230561 -0.99097610
vn -0.13008411 0.03230816 -0.99097639
vn -0.12984741 0.25663108 -0.95774746
vn 0.12984781 0.12940855 -0.98305291
vn -0.12984800 0.12940985 -0.98305267
vn -0.12978251 0.37945691 -0.91606170
vn 0.12981915 0.25663745 -0.95774949
vn -0.12984741 0.25663108 -0.95774746
vn -0.12976313 0.49576819 -0.85870564
vn 0.12980154 0.37945399 -0.91606015
vn -0.12978251 0.37945691 -0.91606170
vn -0.12983535 0.60361224 -0.78663540
vn 0.12978804 0.49575561 -0.85870916
vn -0.12976313 0.49576819 -0.85870564
vn -0.12975138 0.70114654 -0.70111203
vn 0.12987155 0.60361040 -0.78663069
vn -0.12983535 0.60361224 -0.78663540
vn -0.12980598 0.78664124 -0.60361069
vn 0.12975284 0.70112044 -0.70113790
vn -0.12975138 0.70114654 -0.70111203
vn -0.12978087 0.85871130 -0.49575388
vn 0.12980342 0.78663391 -0.60362083
vn -0.12980598 0.78664124 -0.60361069
vn -0.12982075 0.91605675 -0.37945557
vn 0.12977797 0.85870188 -0.49577087
vn -0.12978087 0.85871130 -0.49575388
vn -0.12982264 0.95775479 -0.25661591
vn 0.12982571 0.91604841 -0.37947422
vn -0.12982075 0.91605675 -0.37945557
vn -0.12943575 0.98678595 -0.09746664
vn 0.12982488 0.95774609 -0.25664753
vn -0.12982264 0.95775479 -0.25661591
vn -0.13004892 0.99098051 0.03232609
vn 0.12943599 0.98678470 -0.09747921
vn -0.12943575 0.98678595 -0.09746664
vn 0.12983686 0.98305577 0.12939781
vn 0.49746054 0.86702585 0.02826659
vn 0.13004021 0.99098206 0.03231263
vn 0.12980801 0.95775580 0.25661966
vn 0.49539021 0.86123693 0.11339955
vn 0.12983686 0.98305577 0.12939781
vn 0.12970176 0.91607386 0.37945494
vn 0.49537301 0.83908081 0.22483101
vn 0.12980801 0.95775580 0.25661966
vn 0.12967524 0.85872650 0.49575520
vn 0.49528003 0.80260742 0.33244410
vn 0.12970176 0.91607386 0.37945494
vn 0.12982209 0.78663915 0.60360998
vn 0.49537924 0.75229549 0.43433964
vn 0.12967524 0.85872650 0.49575520
vn 0.12982209 0.78663915 0.60360998
vn 0.49528521 0.61428285 0.61428738
vn 0.49542058 0.68913364 0.52882260
vn 0.12979513 0.70113075 0.70111978
vn 0.49544060 0.52878016 0.68915182
vn 0.49528521 0.61428285 0.61428738
vn 0.12992367 0.60361230 0.78662062
vn 0.49548292 0.43433723 0.75222862
vn 0.49544060 0.52878016 0.68915182
vn 0.13005222 0.49575105 0.85867184
vn 0.49531871 0.33245912 0.80257732
vn 0.49548292 0.43433723 0.75222862
vn 0.12969141 0.25662056 0.95777136
vn 0.49531871 0.33245912 0.80257732
vn 0.12965097 0.37945041 0.91608292
vn 0.12918681 0.09747665 0.98681760
vn 0.49544880 0.22483566 0.83903480
vn 0.12969141 0.25662056 0.95777136
vn 0.13030176 -0.03230911 0.99094784
vn 0.49276933 0.08552600 0.86594665
vn 0.12918681 0.09747665 0.98681760
vn 0.13030176 -0.03230911 0.99094784
vn 0.49530318 -0.11337561 0.86129016
vn 0.49762583 -0.02823550 0.86693209
vn 0.12962188 -0.12944503 0.98307782
vn 0.49544880 -0.22483568 0.83903474
vn 0.49530318 -0.11337561 0.86129016
vn 0.12969144 -0.25661659 0.95777243
vn 0.49531868 -0.33245912 0.80257732
vn 0.49544880 -0.22483568 0.83903474
vn 0.13005221 -0.49573857 0.85867912
vn 0.49531868 -0.33245912 0.80257732
vn 0.12965091 -0.37944341 0.91608584
vn 0.12992375 -0.60360545 0.78662586
vn 0.49548292 -0.43433729 0.75222862
vn 0.13005221 -0.49573857 0.85867912
vn 0.12979503 -0.70112246 0.70112801
vn 0.49544057 -0.52878016 0.68915182
vn 0.12992375 -0.60360545 0.78662586
vn 0.12982209 -0.78662550 0.60362774
vn 0.49528527 -0.61428291 0.61428744
vn 0.12979503 -0.70112246 0.70112801
vn 0.12982209 -0.78662550 0.60362774
vn 0.49537930 -0.75229555 0.43433964
vn 0.49542055 -0.68913358 0.52882260
vn 0.12967533 -0.85872024 0.49576601
vn 0.49528003 -0.80260742 0.33244410
vn 0.49537930 -0.75229555 0.43433964
vn 0.12970166 -0.91606855 0.37946799
vn 0.49537307 -0.83908081 0.22483101
vn 0.49528003 -0.80260742 0.33244410
vn 0.12980799 -0.95774895 0.25664538
vn 0.49298602 -0.86582404 0.08551973
vn 0.49537307 -0.83908081 0.22483101
vn 0.13006845 -0.99097830 -0.03231296
vn 0.49298602 -0.86582404 0.08551973
vn 0.12943265 -0.98678595 0.09747165
vn 0.13006845 -0.99097830 -0.03231296
vn 0.49538514 -0.86124259 -0.11337833
vn 0.49744982 -0.86703187 -0.02827395
vn 0.12983876 -0.98305535 -0.12939894
vn 0.49538454 -0.83907831 -0.22481488
vn 0.49538514 -0.86124259 -0.11337833
vn 0.12982488 -0.95775300 -0.25662154
vn 0.49538171 -0.80254692 -0.33243868
vn 0.49538454 -0.83907831 -0.22481488
vn 0.12977786 -0.85870814 -0.49575999
vn 0.49538171 -0.80254692 -0.33243868
vn 0.12982580 -0.91605371 -0.37946123
vn 0.12977786 -0.85870814 -0.49575999
vn 0.49540159 -0.68915147 -0.52881718
vn 0.49536553 -0.75230050 -0.43434668
vn 0.12980343 -0.78664750 -0.60360312
vn 0.49535948 -0.61425030 -0.61426020
vn 0.49540159 -0.68915147 -0.52881718
vn 0.12975293 -0.70112872 -0.70112962
vn 0.49546772 -0.52879268 -0.68912268
vn 0.49535948 -0.61425030 -0.61426020
vn 0.12987149 -0.60361719 -0.78662550
vn 0.49540970 -0.43433365 -0.75227886
vn 0.49546772 -0.52879268 -0.68912268
vn 0.12978806 -0.49576852 -0.85870177
vn 0.49536410 -0.33241671 -0.80256677
vn 0.49540970 -0.43433365 -0.75227886
vn 0.12980159 -0.37946063 -0.91605741
vn 0.49536803 -0.22484136 -0.83908099
vn 0.49536410 -0.33241671 -0.80256677
vn 0.12981914 -0.25664160 -0.95774835
vn 0.49295059 -0.08551857 -0.86584431
vn 0.49536803 -0.22484136 -0.83908099
vn 0.13008741 0.03230561 -0.99097610
vn 0.49295059 -0.08551857 -0.86584431
vn 0.12940013 -0.09748058 -0.98678935
vn 0.13008741 0.03230561 -0.99097610
vn 0.49540579 0.11338381 -0.86123008
vn 0.49751258 0.02825112 -0.86699665
vn 0.12981915 0.25663745 -0.95774949
vn 0.49540579 0.11338381 -0.86123008
vn 0.12984781 0.12940855 -0.98305291
vn 0.12980154 0.37945399 -0.91606015
vn 0.49536800 0.22484136 -0.83908099
vn 0.12981915 0.25663745 -0.95774949
vn 0.12978804 0.49575561 -0.85870916
vn 0.49536407 0.33241668 -0.80256677
vn 0.12980154 0.37945399 -0.91606015
vn 0.12987155 0.60361040 -0.78663069
vn 0.49540967 0.43433368 -0.75227886
vn 0.12978804 0.49575561 -0.85870916
vn 0.12975284 0.70112044 -0.70113790
vn 0.49546772 0.52879268 -0.68912268
vn 0.12987155 0.60361040 -0.78663069
vn 0.12980342 0.78663391 -0.60362083
vn 0.49535948 0.61425030 -0.61426020
vn 0.12975284 0.70112044 -0.70113790
vn 0.12977797 0.85870188 -0.49577087
vn 0.49540159 0.68915147 -0.52881712
vn 0.12980342 0.78663391 -0.60362083
vn 0.12977797 0.85870188 -0.49577087
vn 0.49538168 0.80254686 -0.33243865
vn 0.49536556 0.75230044 -0.43434671
vn 0.12982488 0.95774609 -0.25664753
vn 0.49538168 0.80254686 -0.33243865
vn 0.12982571 0.91604841 -0.37947422
vn 0.12943599 0.98678470 -0.09747921
vn 0.49538454 0.83907831 -0.22481488
vn 0.12982488 0.95774609 -0.25664753
vn 0.13004021 0.99098206 0.03231263
vn 0.49298567 0.86582613 -0.08550084
vn 0.12943599 0.98678470 -0.09747921
vn 0.49746054 0.86702585 0.02826659
vn 0.86136526 0.50363976 0.06630785
vn 0.86360979 0.50388831 0.01657343
vn 0.49539021 0.86123693 0.11339955
vn 0.86138844 0.49063614 0.13147663
vn 0.86136526 0.50363976 0.06630785
vn 0.49537301 0.83908081 0.22483101
vn 0.86136967 0.46931371 0.19438869
vn 0.86138844 0.49063614 0.13147663
vn 0.49528003 0.80260742 0.33244410
vn 0.86140019 0.43987525 0.25396726
vn 0.86136967 0.46931371 0.19438869
vn 0.49542058 0.68913364 0.52882260
vn 0.86140019 0.43987525 0.25396726
vn 0.49537924 0.75229549 0.43433964
vn 0.49528521 0.61428285 0.61428738
vn 0.86135119 0.40303078 0.30925760
vn 0.49542058 0.68913364 0.52882260
vn 0.49544060 0.52878016 0.68915182
vn 0.86132151 0.35924932 0.35925645
vn 0.49528521 0.61428285 0.61428738
vn 0.49548292 0.43433723 0.75222862
vn 0.86138296 0.30921629 0.40299457
vn 0.49544060 0.52878016 0.68915182
vn 0.49548292 0.43433723 0.75222862
vn 0.86139786 0.19439654 0.46925864
vn 0.86129832 0.25406834 0.44001648
vn 0.49531871 0.33245912 0.80257732
vn 0.86142731 0.13147569 0.49056816
vn 0.86139786 0.19439654 0.46925864
vn 0.49544880 0.22483566 0.83903480
vn 0.85890150 0.04985749 0.50970817
vn 0.86142731 0.13147569 0.49056816
vn 0.49762583 -0.02823550 0.86693209
vn 0.85890150 0.04985749 0.50970817
vn 0.49276933 0.08552600 0.86594665
vn 0.49762583 -0.02823550 0.86693209
vn 0.86137527 -0.06628431 0.50362581
vn 0.86351812 -0.01659188 0.50404489
vn 0.49544880 -0.22483568 0.83903474
vn 0.86137527 -0.06628431 0.50362581
vn 0.49530318 -0.11337561 0.86129016
vn 0.49531868 -0.33245912 0.80257732
vn 0.86142731 -0.13147569 0.49056816
vn 0.49544880 -0.22483568 0.83903474
vn 0.49548292 -0.43433729 0.75222862
vn 0.86139786 -0.19439651 0.46925864
vn 0.49531868 -0.33245912 0.80257732
vn 0.49548292 -0.43433729 0.75222862
vn 0.86138296 -0.30921629 0.40299457
vn 0.86129832 -0.25406834 0.44001651
vn 0.49544057 -0.52878016 0.68915182
vn 0.86132157 -0.35924935 0.35925642
vn 0.86138296 -0.30921629 0.40299457
vn 0.49528527 -0.61428291 0.61428744
vn 0.86135119 -0.40303078 0.30925760
vn 0.86132157 -0.35924935 0.35925642
vn 0.49542055 -0.68913358 0.52882260
vn 0.86140031 -0.43987522 0.25396726
vn 0.86135119 -0.40303078 0.30925760
vn 0.49528003 -0.80260742 0.33244410
vn 0.86140031 -0.43987522 0.25396726
vn 0.49537930 -0.75229555 0.43433964
vn 0.49537307 -0.83908081 0.22483101
vn 0.86136961 -0.46931371 0.19438867
vn 0.49528003 -0.80260742 0.33244410
vn 0.49298602 -0.86582404 0.08551973
vn 0.86138850 -0.49063608 0.13147663
vn 0.49537307 -0.83908081 0.22483101
vn 0.49744982 -0.86703187 -0.02827395
vn 0.85893905 -0.50964665 0.04984070
vn 0.49298602 -0.86582404 0.08551973
vn 0.49538514 -0.86124259 -0.11337833
vn 0.86358869 -0.50392425 -0.01658246
vn 0.49744982 -0.86703187 -0.02827395
vn 0.49538514 -0.86124259 -0.11337833
vn 0.86136144 -0.49068350 -0.13147655
vn 0.86136025 -0.50364822 -0.06630952
vn 0.49538171 -0.80254692 -0.33243868
vn 0.86136144 -0.49068350 -0.13147655
vn 0.49538454 -0.83907831 -0.22481488
vn 0.49538171 -0.80254692 -0.33243868
vn 0.86136830 -0.43992400 -0.25399119
vn 0.86135429 -0.46933839 -0.19439721
vn 0.49540159 -0.68915147 -0.52881718
vn 0.86136830 -0.43992400 -0.25399119
vn 0.49536553 -0.75230050 -0.43434668
vn 0.49540159 -0.68915147 -0.52881718
vn 0.86136711 -0.35921010 -0.35918644
vn 0.86137611 -0.40298885 -0.30924305
vn 0.49546772 -0.52879268 -0.68912268
vn 0.86136711 -0.35921010 -0.35918644
vn 0.49535948 -0.61425030 -0.61426020
vn 0.49546772 -0.52879268 -0.68912268
vn 0.86136788 -0.25400853 -0.43991494
vn 0.86137342 -0.30922511 -0.40300840
vn 0.49540970 -0.43433365 -0.75227886
vn 0.86136377 -0.19438346 -0.46932670
vn 0.86136788 -0.25400853 -0.43991494
vn 0.49536803 -0.22484136 -0.83908099
vn 0.86136377 -0.19438346 -0.46932670
vn 0.49536410 -0.33241671 -0.80256677
vn 0.49295059 -0.08551857 -0.86584431
vn 0.86136550 -0.13146873 -0.49067849
vn 0.49536803 -0.22484136 -0.83908099
vn 0.49751258 0.02825112 -0.86699665
vn 0.85893995 -0.04984872 -0.50964427
vn 0.49295059 -0.08551857 -0.86584431
vn 0.49751258 0.02825112 -0.86699665
vn 0.86137563 0.06630419 -0.50362259
vn 0.86361212 0.01655784 -0.50388491
vn 0.49540579 0.11338381 -0.86123008
vn 0.86136550 0.13146871 -0.49067843
vn 0.86137563 0.06630419 -0.50362259
vn 0.49536800 0.22484136 -0.83908099
vn 0.86136377 0.19438344 -0.46932667
vn 0.86136550 0.13146871 -0.49067843
vn 0.49540967 0.43433368 -0.75227886
vn 0.86136377 0.19438344 -0.46932667
vn 0.49536407 0.33241668 -0.80256677
vn 0.49546772 0.52879268 -0.68912268
vn 0.86136788 0.25400850 -0.43991488
vn 0.49540967 0.43433368 -0.75227886
vn 0.49546772 0.52879268 -0.68912268
vn 0.86136711 0.35921013 -0.35918644
vn 0.86137331 0.30922511 -0.40300846
vn 0.49540159 0.68915147 -0.52881712
vn 0.86136711 0.35921013 -0.35918644
vn 0.49535948 0.61425030 -0.61426020
vn 0.49540159 0.68915147 -0.52881712
vn 0.86136836 0.43992397 -0.25399122
vn 0.86137611 0.40298879 -0.30924305
vn 0.49538168 0.80254686 -0.33243865
vn 0.86136836 0.43992397 -0.25399122
vn 0.49536556 0.75230044 -0.43434671
vn 0.49538168 0.80254686 -0.33243865
vn 0.86136144 0.49068347 -0.13147655
vn 0.86135429 0.46933839 -0.19439721
vn 0.49298567 0.86582613 -0.08550084
vn 0.86136144 0.49068347 -0.13147655
vn 0.49538454 0.83907831 -0.22481488
vn 0.49746054 0.86702585 0.02826659
vn 0.85893136 0.50965869 -0.04984993
vn 0.49298567 0.86582613 -0.08550084
vn 0.86136526 0.50363976 0.06630785
vn 0.96589679 0.25878286 0.00864406
vn 0.86360979 0.50388831 0.01657343
vn 0.86138844 0.49063614 0.13147663
vn 0.96593046 0.25658840 0.03377368
vn 0.86136526 0.50363976 0.06630785
vn 0.86136967 0.46931371 0.19438869
vn 0.96593732 0.24995625 0.06698541
vn 0.86138844 0.49063614 0.13147663
vn 0.86140019 0.43987525 0.25396726
vn 0.96591812 0.23914304 0.09905948
vn 0.86136967 0.46931371 0.19438869
vn 0.86135119 0.40303078 0.30925760
vn 0.96589881 0.22423793 0.12944810
vn 0.86140019 0.43987525 0.25396726
vn 0.86135119 0.40303078 0.30925760
vn 0.96591789 0.18302900 0.18303853
vn 0.96592176 0.20535502 0.15755780
vn 0.86138296 0.30921629 0.40299457
vn 0.96591789 0.18302900 0.18303853
vn 0.86132151 0.35924932 0.35925645
vn 0.86129832 0.25406834 0.44001648
vn 0.96592128 0.15759192 0.20533094
vn 0.86138296 0.30921629 0.40299457
vn 0.86139786 0.19439654 0.46925864
vn 0.96593451 0.12941118 0.22410561
vn 0.86129832 0.25406834 0.44001648
vn 0.86139786 0.19439654 0.46925864
vn 0.96589535 0.06702805 0.25010666
vn 0.96595591 0.09901392 0.23900937
vn 0.85890150 0.04985749 0.50970817
vn 0.96589535 0.06702805 0.25010666
vn 0.86142731 0.13147569 0.49056816
vn 0.86351812 -0.01659188 0.50404489
vn 0.96584910 0.02484842 0.25791097
vn 0.85890150 0.04985749 0.50970817
vn 0.86137527 -0.06628431 0.50362581
vn 0.96589261 -0.00863391 0.25879905
vn 0.86351812 -0.01659188 0.50404489
vn 0.86137527 -0.06628431 0.50362581
vn 0.96589535 -0.06702805 0.25010666
vn 0.96591115 -0.03378088 0.25666022
vn 0.86139786 -0.19439651 0.46925864
vn 0.96589535 -0.06702805 0.25010666
vn 0.86142731 -0.13147569 0.49056816
vn 0.86139786 -0.19439651 0.46925864
vn 0.96593451 -0.12941118 0.22410560
vn 0.96595591 -0.09901392 0.23900937
vn 0.86129832 -0.25406834 0.44001651
vn 0.96592128 -0.15759192 0.20533095
vn 0.96593451 -0.12941118 0.22410560
vn 0.86138296 -0.30921629 0.40299457
vn 0.96591789 -0.18302898 0.18303852
vn 0.96592128 -0.15759192 0.20533095
vn 0.86135119 -0.40303078 0.30925760
vn 0.96591789 -0.18302898 0.18303852
vn 0.86132157 -0.35924935 0.35925642
vn 0.86135119 -0.40303078 0.30925760
vn 0.96589881 -0.22423793 0.12944809
vn 0.96592176 -0.20535502 0.15755780
vn 0.86140031 -0.43987522 0.25396726
vn 0.96591812 -0.23914306 0.09905949
vn 0.96589881 -0.22423793 0.12944809
vn 0.86136961 -0.46931371 0.19438867
vn 0.96593732 -0.24995624 0.06698540
vn 0.96591812 -0.23914306 0.09905949
vn 0.86138850 -0.49063608 0.13147663
vn 0.96589446 -0.25774285 0.02483129
vn 0.96593732 -0.24995624 0.06698540
vn 0.86358869 -0.50392425 -0.01658246
vn 0.96589446 -0.25774285 0.02483129
vn 0.85893905 -0.50964665 0.04984070
vn 0.86358869 -0.50392425 -0.01658246
vn 0.96592933 -0.25659287 -0.03377454
vn 0.96590406 -0.25875574 -0.00864538
vn 0.86136025 -0.50364822 -0.06630952
vn 0.96592867 -0.24998797 -0.06699029
vn 0.96592933 -0.25659287 -0.03377454
vn 0.86135429 -0.46933839 -0.19439721
vn 0.96592867 -0.24998797 -0.06699029
vn 0.86136144 -0.49068350 -0.13147655
vn 0.86136830 -0.43992400 -0.25399119
vn 0.96592301 -0.23912758 -0.09904946
vn 0.86135429 -0.46933839 -0.19439721
vn 0.86137611 -0.40298885 -0.30924305
vn 0.96591908 -0.22417356 -0.12940869
vn 0.86136830 -0.43992400 -0.25399119
vn 0.86137611 -0.40298885 -0.30924305
vn 0.96590889 -0.18308160 -0.18303311
vn 0.96592176 -0.20535676 -0.15755549
vn 0.86136711 -0.35921010 -0.35918644
vn 0.96591890 -0.15757123 -0.20535794
vn 0.96590889 -0.18308160 -0.18303311
vn 0.86136788 -0.25400853 -0.43991494
vn 0.96591890 -0.15757123 -0.20535794
vn 0.86137342 -0.30922511 -0.40300840
vn 0.86136788 -0.25400853 -0.43991494
vn 0.96593726 -0.09902313 -0.23908098
vn 0.96591902 -0.12945038 -0.22414973
vn 0.86136377 -0.19438346 -0.46932670
vn 0.96593106 -0.06698123 -0.24998152
vn 0.96593726 -0.09902313 -0.23908098
vn 0.86136550 -0.13146873 -0.49067849
vn 0.96588975 -0.02482637 -0.25776115
vn 0.96593106 -0.06698123 -0.24998152
vn 0.86361212 0.01655784 -0.50388491
vn 0.96588975 -0.02482637 -0.25776115
vn 0.85893995 -0.04984872 -0.50964427
vn 0.86137563 0.06630419 -0.50362259
vn 0.96588898 0.00863540 -0.25881264
vn 0.86361212 0.01655784 -0.50388491
vn 0.86136550 0.13146871 -0.49067843
vn 0.96592808 0.03378279 -0.25659639
vn 0.86137563 0.06630419 -0.50362259
vn 0.86136377 0.19438344 -0.46932667
vn 0.96593106 0.06698123 -0.24998154
vn 0.86136550 0.13146871 -0.49067843
vn 0.86136788 0.25400850 -0.43991488
vn 0.96593726 0.09902313 -0.23908098
vn 0.86136377 0.19438344 -0.46932667
vn 0.86136788 0.25400850 -0.43991488
vn 0.96591890 0.15757123 -0.20535794
vn 0.96591902 0.12945038 -0.22414973
vn 0.86136711 0.35921013 -0.35918644
vn 0.96591890 0.15757123 -0.20535794
vn 0.86137331 0.30922511 -0.40300846
vn 0.86137611 0.40298879 -0.30924305
vn 0.96590889 0.18308158 -0.18303311
vn 0.86136711 0.35921013 -0.35918644
vn 0.86137611 0.40298879 -0.30924305
vn 0.96591896 0.22417352 -0.12940867
vn 0.96592176 0.20535676 -0.15755549
vn 0.86136836 0.43992397 -0.25399122
vn 0.96592301 0.23912756 -0.09904946
vn 0.96591896 0.22417352 -0.12940867
vn 0.86135429 0.46933839 -0.19439721
vn 0.96592867 0.24998796 -0.06699029
vn 0.96592301 0.23912756 -0.09904946
vn 0.85893136 0.50965869 -0.04984993
vn 0.96592867 0.24998796 -0.06699029
vn 0.86136144 0.49068347 -0.13147655
vn 0.86360979 0.50388831 0.01657343
vn 0.96589196 0.25775245 -0.02482787
vn 0.85893136 0.50965869 -0.04984993
vn -1.00000000 0.00000000 0.00000000
vn -1.00000000 0.00000000 0.00000000
vn -1.00000000 0.00000000 0.00000000
vn 1.00000000 0.00000000 0.00000000
vn 1.00000000 0.00000000 0.00000000
vn 1.00000000 0.00000000 0.00000000
vn -0.96589434 0.25879216 0.00864425
vn -0.96593195 0.25658336 0.03377310
vn -0.86136252 0.50364447 0.06630801
vn -0.96593195 0.25658336 0.03377310
vn -0.96593606 0.24996169 0.06698308
vn -0.86138946 0.49063495 0.13147475
vn -0.96593606 0.24996169 0.06698308
vn -0.96592420 0.23912241 0.09904975
vn -0.86137998 0.46929562 0.19438647
vn -0.96592420 0.23912241 0.09904975
vn -0.96589965 0.22424062 0.12943724
vn -0.86140728 0.43987188 0.25394946
vn -0.96589965 0.22424062 0.12943724
vn -0.96593243 0.20531592 0.15754335
vn -0.86136323 0.40301016 0.30925119
vn -0.96590829 0.18308310 0.18303512
vn -0.86131448 0.35927519 0.35924745
vn -0.86136323 0.40301016 0.30925119
vn -0.96590829 0.18308310 0.18303512
vn -0.96593577 0.15755051 0.20529456
vn -0.86140138 0.30919904 0.40296853
vn -0.96593577 0.15755051 0.20529456
vn -0.96594477 0.12933533 0.22410512
vn -0.86131012 0.25401044 0.44002676
vn -0.96594477 0.12933533 0.22410512
vn -0.96595263 0.09905053 0.23900744
vn -0.86135143 0.19443586 0.46932751
vn -0.96589839 0.06702656 0.25009522
vn -0.86138749 0.13148625 0.49063531
vn -0.86135143 0.19443586 0.46932751
vn -0.96589839 0.06702656 0.25009522
vn -0.96585840 0.02481890 0.25787899
vn -0.85888457 0.04984970 0.50973755
vn -0.96585840 0.02481890 0.25787899
vn -0.96589053 -0.00864451 0.25880656
vn -0.86351806 -0.01659587 0.50404483
vn -0.96589053 -0.00864451 0.25880656
vn -0.96591175 -0.03375891 0.25666091
vn -0.86137134 -0.06628046 0.50363296
vn -0.96589839 -0.06702656 0.25009522
vn -0.86138749 -0.13148625 0.49063528
vn -0.86137134 -0.06628046 0.50363296
vn -0.96589839 -0.06702656 0.25009522
vn -0.96595263 -0.09905053 0.23900744
vn -0.86135155 -0.19443583 0.46932751
vn -0.96594477 -0.12933533 0.22410510
vn -0.86131012 -0.25401044 0.44002673
vn -0.86135155 -0.19443583 0.46932751
vn -0.96593577 -0.15755051 0.20529456
vn -0.86140138 -0.30919904 0.40296853
vn -0.86131012 -0.25401044 0.44002673
vn -0.96590829 -0.18308310 0.18303512
vn -0.86131442 -0.35927522 0.35924748
vn -0.86140138 -0.30919904 0.40296853
vn -0.96590829 -0.18308310 0.18303512
vn -0.96593243 -0.20531592 0.15754335
vn -0.86136317 -0.40301016 0.30925116
vn -0.96589965 -0.22424062 0.12943724
vn -0.86140728 -0.43987188 0.25394946
vn -0.86136317 -0.40301016 0.30925116
vn -0.96592420 -0.23912238 0.09904975
vn -0.86138004 -0.46929559 0.19438645
vn -0.86140728 -0.43987188 0.25394946
vn -0.96593606 -0.24996169 0.06698308
vn -0.86138946 -0.49063495 0.13147475
vn -0.86138004 -0.46929559 0.19438645
vn -0.96591127 -0.25767976 0.02483121
vn -0.85895085 -0.50962663 0.04984103
vn -0.86138946 -0.49063495 0.13147475
vn -0.96591127 -0.25767976 0.02483121
vn -0.96589321 -0.25879642 -0.00864528
vn -0.86358941 -0.50392294 -0.01658279
vn -0.96593106 -0.25658625 -0.03377493
vn -0.86135817 -0.50365174 -0.06630985
vn -0.86358941 -0.50392294 -0.01658279
vn -0.96592158 -0.25001556 -0.06698981
vn -0.86135411 -0.49069652 -0.13147651
vn -0.86135817 -0.50365174 -0.06630985
vn -0.96592158 -0.25001556 -0.06698981
vn -0.96592438 -0.23912285 -0.09904759
vn -0.86137539 -0.46929854 -0.19439957
vn -0.96592438 -0.23912285 -0.09904759
vn -0.96591258 -0.22420044 -0.12941042
vn -0.86136478 -0.43993270 -0.25398830
vn -0.96591258 -0.22420044 -0.12941042
vn -0.96593231 -0.20530866 -0.15755318
vn -0.86136645 -0.40301311 -0.30923820
vn -0.96591830 -0.18303867 -0.18302640
vn -0.86137515 -0.35918924 -0.35918793
vn -0.86136645 -0.40301311 -0.30923820
vn -0.96591341 -0.15759842 -0.20536305
vn -0.86136180 -0.30925834 -0.40300769
vn -0.86137515 -0.35918924 -0.35918793
vn -0.96591341 -0.15759842 -0.20536305
vn -0.96592474 -0.12940516 -0.22415121
vn -0.86138195 -0.25398779 -0.43989933
vn -0.96593833 -0.09903470 -0.23907177
vn -0.86136383 -0.19439720 -0.46932074
vn -0.86138195 -0.25398779 -0.43989933
vn -0.96593404 -0.06697834 -0.24997069
vn -0.86135775 -0.13147122 -0.49069154
vn -0.86136383 -0.19439720 -0.46932074
vn -0.96588969 -0.02483377 -0.25776023
vn -0.85893422 -0.04984764 -0.50965405
vn -0.86135775 -0.13147122 -0.49069154
vn -0.96588969 -0.02483377 -0.25776023
vn -0.96588939 0.00862572 -0.25881138
vn -0.86361206 0.01656686 -0.50388467
vn -0.96588939 0.00862572 -0.25881138
vn -0.96593159 0.03377566 -0.25658402
vn -0.86138088 0.06628972 -0.50361556
vn -0.96593159 0.03377566 -0.25658402
vn -0.96593404 0.06697834 -0.24997069
vn -0.86135775 0.13147123 -0.49069154
vn -0.96593404 0.06697834 -0.24997069
vn -0.96593833 0.09903470 -0.23907176
vn -0.86136383 0.19439723 -0.46932080
vn -0.96593833 0.09903470 -0.23907176
vn -0.96592474 0.12940516 -0.22415121
vn -0.86138195 0.25398773 -0.43989927
vn -0.96591341 0.15759842 -0.20536304
vn -0.86136174 0.30925834 -0.40300772
vn -0.86138195 0.25398773 -0.43989927
vn -0.96591341 0.15759842 -0.20536304
vn -0.96591830 0.18303867 -0.18302637
vn -0.86137509 0.35918924 -0.35918793
vn -0.96591830 0.18303867 -0.18302637
vn -0.96593231 0.20530866 -0.15755318
vn -0.86136645 0.40301311 -0.30923823
vn -0.96591258 0.22420044 -0.12941042
vn -0.86136478 0.43993273 -0.25398830
vn -0.86136645 0.40301311 -0.30923823
vn -0.96592438 0.23912285 -0.09904759
vn -0.86137539 0.46929854 -0.19439957
vn -0.86136478 0.43993273 -0.25398830
vn -0.96592158 0.25001559 -0.06698982
vn -0.86135411 0.49069649 -0.13147651
vn -0.86137539 0.46929854 -0.19439957
vn -0.96592158 0.25001559 -0.06698982
vn -0.96589601 0.25773707 -0.02482831
vn -0.85893184 0.50965774 -0.04985083
vn -0.96589601 0.25773707 -0.02482831
vn -0.96589434 0.25879216 0.00864425
vn -0.86361265 0.50388348 0.01657394
vn -0.86136252 0.50364447 0.06630801
vn -0.49535823 0.86125493 0.11340223
vn -0.49747285 0.86701888 0.02826677
vn -0.86138946 0.49063495 0.13147475
vn -0.49537712 0.83907884 0.22482938
vn -0.49535823 0.86125493 0.11340223
vn -0.86137998 0.46929562 0.19438647
vn -0.49528006 0.80260861 0.33244118
vn -0.49537712 0.83907884 0.22482938
vn -0.86140728 0.43987188 0.25394946
vn -0.49538091 0.75229573 0.43433729
vn -0.49528006 0.80260861 0.33244118
vn -0.86140728 0.43987188 0.25394946
vn -0.86136323 0.40301016 0.30925119
vn -0.49543399 0.68912387 0.52882272
vn -0.86136323 0.40301016 0.30925119
vn -0.86131448 0.35927519 0.35924745
vn -0.49526635 0.61429125 0.61429429
vn -0.86131448 0.35927519 0.35924745
vn -0.86140138 0.30919904 0.40296853
vn -0.49534795 0.52880502 0.68919933
vn -0.86140138 0.30919904 0.40296853
vn -0.86131012 0.25401044 0.44002676
vn -0.49557915 0.43430483 0.75218385
vn -0.86135143 0.19443586 0.46932751
vn -0.49525413 0.33247274 0.80261153
vn -0.49557915 0.43430483 0.75218385
vn -0.86138749 0.13148625 0.49063531
vn -0.49526641 0.22485548 0.83913720
vn -0.49525413 0.33247274 0.80261153
vn -0.85888457 0.04984970 0.50973755
vn -0.49272960 0.08552752 0.86596912
vn -0.49526641 0.22485548 0.83913720
vn -0.85888457 0.04984970 0.50973755
vn -0.86351806 -0.01659587 0.50404483
vn -0.49763373 -0.02823043 0.86692780
vn -0.86137134 -0.06628046 0.50363296
vn -0.49534005 -0.11338069 0.86126828
vn -0.49763373 -0.02823043 0.86692780
vn -0.86137134 -0.06628046 0.50363296
vn -0.86138749 -0.13148625 0.49063528
vn -0.49526644 -0.22485553 0.83913708
vn -0.86138749 -0.13148625 0.49063528
vn -0.86135155 -0.19443583 0.46932751
vn -0.49525407 -0.33247271 0.80261153
vn -0.86135155 -0.19443583 0.46932751
vn -0.86131012 -0.25401044 0.44002673
vn -0.49557915 -0.43430489 0.75218385
vn -0.86140138 -0.30919904 0.40296853
vn -0.49534789 -0.52880502 0.68919933
vn -0.49557915 -0.43430489 0.75218385
vn -0.86131442 -0.35927522 0.35924748
vn -0.49526638 -0.61429125 0.61429429
vn -0.49534789 -0.52880502 0.68919933
vn -0.86136317 -0.40301016 0.30925116
vn -0.49543399 -0.68912387 0.52882272
vn -0.49526638 -0.61429125 0.61429429
vn -0.86140728 -0.43987188 0.25394946
vn -0.49538091 -0.75229573 0.43433729
vn -0.49543399 -0.68912387 0.52882272
vn -0.86140728 -0.43987188 0.25394946
vn -0.86138004 -0.46929559 0.19438645
vn -0.49528006 -0.80260861 0.33244118
vn -0.86138004 -0.46929559 0.19438645
vn -0.86138946 -0.49063495 0.13147475
vn -0.49537706 -0.83907884 0.22482938
vn -0.86138946 -0.49063495 0.13147475
vn -0.85895085 -0.50962663 0.04984103
vn -0.49297017 -0.86583281 0.08552191
vn -0.85895085 -0.50962663 0.04984103
vn -0.86358941 -0.50392294 -0.01658279
vn -0.49746507 -0.86702317 -0.02827370
vn -0.86358941 -0.50392294 -0.01658279
vn -0.86135817 -0.50365174 -0.06630985
vn -0.49539217 -0.86123818 -0.11338155
vn -0.86135411 -0.49069652 -0.13147651
vn -0.49538496 -0.83907896 -0.22481124
vn -0.49539217 -0.86123818 -0.11338155
vn -0.86135411 -0.49069652 -0.13147651
vn -0.86137539 -0.46929854 -0.19439957
vn -0.49540034 -0.80253547 -0.33243859
vn -0.86136478 -0.43993270 -0.25398830
vn -0.49537659 -0.75230008 -0.43433473
vn -0.49540034 -0.80253547 -0.33243859
vn -0.86136478 -0.43993270 -0.25398830
vn -0.86136645 -0.40301311 -0.30923820
vn -0.49539483 -0.68915445 -0.52881962
vn -0.86137515 -0.35918924 -0.35918793
vn -0.49537352 -0.61425126 -0.61424792
vn -0.49539483 -0.68915445 -0.52881962
vn -0.86137515 -0.35918924 -0.35918793
vn -0.86136180 -0.30925834 -0.40300769
vn -0.49543473 -0.52880490 -0.68913704
vn -0.86138195 -0.25398779 -0.43989933
vn -0.49540263 -0.43433157 -0.75228471
vn -0.49543473 -0.52880490 -0.68913704
vn -0.86136383 -0.19439720 -0.46932074
vn -0.49534068 -0.33242294 -0.80257863
vn -0.49540263 -0.43433157 -0.75228471
vn -0.86136383 -0.19439720 -0.46932074
vn -0.86135775 -0.13147122 -0.49069154
vn -0.49537370 -0.22483456 -0.83907944
vn -0.86135775 -0.13147122 -0.49069154
vn -0.85893422 -0.04984764 -0.50965405
vn -0.49296334 -0.08550853 -0.86583793
vn -0.85893422 -0.04984764 -0.50965405
vn -0.86361206 0.01656686 -0.50388467
vn -0.49751264 0.02826013 -0.86699623
vn -0.86138088 0.06628972 -0.50361556
vn -0.49541026 0.11336545 -0.86122990
vn -0.49751264 0.02826013 -0.86699623
vn -0.86135775 0.13147123 -0.49069154
vn -0.49537370 0.22483461 -0.83907950
vn -0.49541026 0.11336545 -0.86122990
vn -0.86136383 0.19439723 -0.46932080
vn -0.49534068 0.33242294 -0.80257875
vn -0.49537370 0.22483461 -0.83907950
vn -0.86136383 0.19439723 -0.46932080
vn -0.86138195 0.25398773 -0.43989927
vn -0.49540263 0.43433154 -0.75228471
vn -0.86138195 0.25398773 -0.43989927
vn -0.86136174 0.30925834 -0.40300772
vn -0.49543464 0.52880490 -0.68913704
vn -0.86137509 0.35918924 -0.35918793
vn -0.49537352 0.61425126 -0.61424786
vn -0.49543464 0.52880490 -0.68913704
vn -0.86137509 0.35918924 -0.35918793
vn -0.86136645 0.40301311 -0.30923823
vn -0.49539483 0.68915445 -0.52881956
vn -0.86136478 0.43993273 -0.25398830
vn -0.49537656 0.75230008 -0.43433470
vn -0.49539483 0.68915445 -0.52881956
vn -0.86136478 0.43993273 -0.25398830
vn -0.86137539 0.46929854 -0.19439957
vn -0.49540025 0.80253553 -0.33243856
vn -0.86135411 0.49069649 -0.13147651
vn -0.49538493 0.83907896 -0.22481124
vn -0.49540025 0.80253553 -0.33243856
vn -0.86135411 0.49069649 -0.13147651
vn -0.85893184 0.50965774 -0.04985083
vn -0.49298376 0.86582685 -0.08550404
vn -0.85893184 0.50965774 -0.04985083
vn -0.86361265 0.50388348 0.01657394
vn -0.49747285 0.86701888 0.02826677
vn -0.49747285 0.86701888 0.02826677
vn -0.49535823 0.86125493 0.11340223
vn -0.12981330 0.98305488 0.12942770
vn -0.49535823 0.86125493 0.11340223
vn -0.49537712 0.83907884 0.22482938
vn -0.12980266 0.95774919 0.25664708
vn -0.49537712 0.83907884 0.22482938
vn -0.49528006 0.80260861 0.33244118
vn -0.12969255 0.91607159 0.37946376
vn -0.49528006 0.80260861 0.33244118
vn -0.49538091 0.75229573 0.43433729
vn -0.12965612 0.85871923 0.49577272
vn -0.49538091 0.75229573 0.43433729
vn -0.49543399 0.68912387 0.52882272
vn -0.12981826 0.78662604 0.60362792
vn -0.49526635 0.61429125 0.61429429
vn -0.12976633 0.70112783 0.70112807
vn -0.12981826 0.78662604 0.60362792
vn -0.49534795 0.52880502 0.68919933
vn -0.12984838 0.60360694 0.78663725
vn -0.12976633 0.70112783 0.70112807
vn -0.49557915 0.43430483 0.75218385
vn -0.13016225 0.49574080 0.85866106
vn -0.12984838 0.60360694 0.78663725
vn -0.49525413 0.33247274 0.80261153
vn -0.12965080 0.37944490 0.91608530
vn -0.13016225 0.49574080 0.85866106
vn -0.49525413 0.33247274 0.80261153
vn -0.49526641 0.22485548 0.83913720
vn -0.12956992 0.25662366 0.95778698
vn -0.49526641 0.22485548 0.83913720
vn -0.49272960 0.08552752 0.86596912
vn -0.12916845 0.09747379 0.98682028
vn -0.49272960 0.08552752 0.86596912
vn -0.49763373 -0.02823043 0.86692780
vn -0.13030443 -0.03230803 0.99094748
vn -0.49534005 -0.11338069 0.86126828
vn -0.12964761 -0.12945619 0.98307312
vn -0.13030443 -0.03230803 0.99094748
vn -0.49526644 -0.22485553 0.83913708
vn -0.12956989 -0.25662777 0.95778590
vn -0.12964761 -0.12945619 0.98307312
vn -0.49525407 -0.33247271 0.80261153
vn -0.12965085 -0.37945157 0.91608250
vn -0.12956989 -0.25662777 0.95778590
vn -0.49525407 -0.33247271 0.80261153
vn -0.49557915 -0.43430489 0.75218385
vn -0.13016227 -0.49575362 0.85865366
vn -0.49557915 -0.43430489 0.75218385
vn -0.49534789 -0.52880502 0.68919933
vn -0.12984832 -0.60361421 0.78663164
vn -0.49534789 -0.52880502 0.68919933
vn -0.49526638 -0.61429125 0.61429429
vn -0.12976642 -0.70113569 0.70112008
vn -0.49526638 -0.61429125 0.61429429
vn -0.49543399 -0.68912387 0.52882272
vn -0.12981826 -0.78663963 0.60361022
vn -0.49538091 -0.75229573 0.43433729
vn -0.12965603 -0.85872549 0.49576187
vn -0.12981826 -0.78663963 0.60361022
vn -0.49528006 -0.80260861 0.33244118
vn -0.12969264 -0.91607684 0.37945092
vn -0.12965603 -0.85872549 0.49576187
vn -0.49537706 -0.83907884 0.22482938
vn -0.12980266 -0.95775622 0.25662097
vn -0.12969264 -0.91607684 0.37945092
vn -0.49297017 -0.86583281 0.08552191
vn -0.12942067 -0.98678863 0.09746026
vn -0.12980266 -0.95775622 0.25662097
vn -0.49297017 -0.86583281 0.08552191
vn -0.49746507 -0.86702317 -0.02827370
vn -0.13005725 -0.99097943 -0.03232544
vn -0.49539217 -0.86123818 -0.11338155
vn -0.12984282 -0.98305094 -0.12942828
vn -0.13005725 -0.99097943 -0.03232544
vn -0.49538496 -0.83907896 -0.22481124
vn -0.12982263 -0.95774794 -0.25664175
vn -0.12984282 -0.98305094 -0.12942828
vn -0.49540034 -0.80253547 -0.33243859
vn -0.12982063 -0.91605139 -0.37946853
vn -0.12982263 -0.95774794 -0.25664175
vn -0.49540034 -0.80253547 -0.33243859
vn -0.49537659 -0.75230008 -0.43433473
vn -0.12978093 -0.85870504 -0.49576464
vn -0.49539483 -0.68915445 -0.52881962
vn -0.12980598 -0.78662771 -0.60362846
vn -0.12978093 -0.85870504 -0.49576464
vn -0.49537352 -0.61425126 -0.61424792
vn -0.12975129 -0.70113862 -0.70111990
vn -0.12980598 -0.78662771 -0.60362846
vn -0.49543473 -0.52880490 -0.68913704
vn -0.12983541 -0.60360497 -0.78664088
vn -0.12975129 -0.70113862 -0.70111990
vn -0.49540263 -0.43433157 -0.75228471
vn -0.12976311 -0.49575564 -0.85871291
vn -0.12983541 -0.60360497 -0.78664088
vn -0.49534068 -0.33242294 -0.80257863
vn -0.12978247 -0.37944993 -0.91606456
vn -0.12976311 -0.49575564 -0.85871291
vn -0.49537370 -0.22483456 -0.83907944
vn -0.12984744 -0.25662714 -0.95774853
vn -0.12978247 -0.37944993 -0.91606456
vn -0.49296334 -0.08550853 -0.86583793
vn -0.12942676 -0.09747213 -0.98678660
vn -0.12984744 -0.25662714 -0.95774853
vn -0.49296334 -0.08550853 -0.86583793
vn -0.49751264 0.02826013 -0.86699623
vn -0.13008411 0.03230816 -0.99097639
vn -0.49541026 0.11336545 -0.86122990
vn -0.12984800 0.12940985 -0.98305267
vn -0.13008411 0.03230816 -0.99097639
vn -0.49541026 0.11336545 -0.86122990
vn -0.49537370 0.22483461 -0.83907950
vn -0.12984741 0.25663108 -0.95774746
vn -0.49537370 0.22483461 -0.83907950
vn -0.49534068 0.33242294 -0.80257875
vn -0.12978251 0.37945691 -0.91606170
vn -0.49534068 0.33242294 -0.80257875
vn -0.49540263 0.43433154 -0.75228471
vn -0.12976313 0.49576819 -0.85870564
vn -0.49540263 0.43433154 -0.75228471
vn -0.49543464 0.52880490 -0.68913704
vn -0.12983535 0.60361224 -0.78663540
vn -0.49543464 0.52880490 -0.68913704
vn -0.49537352 0.61425126 -0.61424786
vn -0.12975138 0.70114654 -0.70111203
vn -0.49537352 0.61425126 -0.61424786
vn -0.49539483 0.68915445 -0.52881956
vn -0.12980598 0.78664124 -0.60361069
vn -0.49539483 0.68915445 -0.52881956
vn -0.49537656 0.75230008 -0.43433470
vn -0.12978087 0.85871130 -0.49575388
vn -0.49540025 0.80253553 -0.33243856
vn -0.12982075 0.91605675 -0.37945557
vn -0.12978087 0.85871130 -0.49575388
vn -0.49540025 0.80253553 -0.33243856
vn -0.49538493 0.83907896 -0.22481124
vn -0.12982264 0.95775479 -0.25661591
vn -0.49538493 0.83907896 -0.22481124
vn -0.49298376 0.86582685 -0.08550404
vn -0.12943575 0.98678595 -0.09746664
vn -0.49298376 0.86582685 -0.08550404
vn -0.49747285 0.86701888 0.02826677
vn -0.13004892 0.99098051 0.03232609
vn -0.12981330 0.98305488 0.12942770
vn 0.12983686 0.98305577 0.12939781
vn 0.13004021 0.99098206 0.03231263
vn -0.12980266 0.95774919 0.25664708
vn 0.12980801 0.95775580 0.25661966
vn 0.12983686 0.98305577 0.12939781
vn -0.12969255 0.91607159 0.37946376
vn 0.12970176 0.91607386 0.37945494
vn 0.12980801 0.95775580 0.25661966
vn -0.12965612 0.85871923 0.49577272
vn 0.12967524 0.85872650 0.49575520
vn 0.12970176 0.91607386 0.37945494
vn -0.12981826 0.78662604 0.60362792
vn 0.12982209 0.78663915 0.60360998
vn 0.12967524 0.85872650 0.49575520
vn -0.12976633 0.70112783 0.70112807
vn 0.12979513 0.70113075 0.70111978
vn 0.12982209 0.78663915 0.60360998
vn -0.12984838 0.60360694 0.78663725
vn 0.12992367 0.60361230 0.78662062
vn 0.12979513 0.70113075 0.70111978
vn -0.13016225 0.49574080 0.85866106
vn 0.13005222 0.49575105 0.85867184
vn 0.12992367 0.60361230 0.78662062
vn -0.12965080 0.37944490 0.91608530
vn 0.12965097 0.37945041 0.91608292
vn 0.13005222 0.49575105 0.85867184
vn -0.12956992 0.25662366 0.95778698
vn 0.12969141 0.25662056 0.95777136
vn 0.12965097 0.37945041 0.91608292
vn -0.12916845 0.09747379 0.98682028
vn 0.12918681 0.09747665 0.98681760
vn 0.12969141 0.25662056 0.95777136
vn -0.13030443 -0.03230803 0.99094748
vn 0.13030176 -0.03230911 0.99094784
vn 0.12918681 0.09747665 0.98681760
vn -0.12964761 -0.12945619 0.98307312
vn 0.12962188 -0.12944503 0.98307782
vn 0.13030176 -0.03230911 0.99094784
vn -0.12956989 -0.25662777 0.95778590
vn 0.12969144 -0.25661659 0.95777243
vn 0.12962188 -0.12944503 0.98307782
vn -0.12965085 -0.37945157 0.91608250
vn 0.12965091 -0.37944341 0.91608584
vn 0.12969144 -0.25661659 0.95777243
vn -0.13016227 -0.49575362 0.85865366
vn 0.13005221 -0.49573857 0.85867912
vn 0.12965091 -0.37944341 0.91608584
vn -0.12984832 -0.60361421 0.78663164
vn 0.12992375 -0.60360545 0.78662586
vn 0.13005221 -0.49573857 0.85867912
vn -0.12976642 -0.70113569 0.70112008
vn 0.12979503 -0.70112246 0.70112801
vn 0.12992375 -0.60360545 0.78662586
vn -0.12981826 -0.78663963 0.60361022
vn 0.12982209 -0.78662550 0.60362774
vn 0.12979503 -0.70112246 0.70112801
vn -0.12965603 -0.85872549 0.49576187
vn 0.12967533 -0.85872024 0.49576601
vn 0.12982209 -0.78662550 0.60362774
vn -0.12969264 -0.91607684 0.37945092
vn 0.12970166 -0.91606855 0.37946799
vn 0.12967533 -0.85872024 0.49576601
vn -0.12980266 -0.95775622 0.25662097
vn 0.12980799 -0.95774895 0.25664538
vn 0.12970166 -0.91606855 0.37946799
vn -0.12942067 -0.98678863 0.09746026
vn 0.12943265 -0.98678595 0.09747165
vn 0.12980799 -0.95774895 0.25664538
vn -0.13005725 -0.99097943 -0.03232544
vn 0.13006845 -0.99097830 -0.03231296
vn 0.12943265 -0.98678595 0.09747165
vn -0.12984282 -0.98305094 -0.12942828
vn 0.12983876 -0.98305535 -0.12939894
vn 0.13006845 -0.99097830 -0.03231296
vn -0.12982263 -0.95774794 -0.25664175
vn 0.12982488 -0.95775300 -0.25662154
vn 0.12983876 -0.98305535 -0.12939894
vn -0.12982063 -0.91605139 -0.37946853
vn 0.12982580 -0.91605371 -0.37946123
vn 0.12982488 -0.95775300 -0.25662154
vn -0.12978093 -0.85870504 -0.49576464
vn 0.12977786 -0.85870814 -0.49575999
vn 0.12982580 -0.91605371 -0.37946123
vn -0.12980598 -0.78662771 -0.60362846
vn 0.12980343 -0.78664750 -0.60360312
vn 0.12977786 -0.85870814 -0.49575999
vn -0.12975129 -0.70113862 -0.70111990
vn 0.12975293 -0.70112872 -0.70112962
vn 0.12980343 -0.78664750 -0.60360312
vn -0.12983541 -0.60360497 -0.78664088
vn 0.12987149 -0.60361719 -0.78662550
vn 0.12975293 -0.70112872 -0.70112962
vn -0.12976311 -0.49575564 -0.85871291
vn 0.12978806 -0.49576852 -0.85870177
vn 0.12987149 -0.60361719 -0.78662550
vn -0.12978247 -0.37944993 -0.91606456
vn 0.12980159 -0.37946063 -0.91605741
vn 0.12978806 -0.49576852 -0.85870177
vn -0.12984744 -0.25662714 -0.95774853
vn 0.12981914 -0.25664160 -0.95774835
vn 0.12980159 -0.37946063 -0.91605741
vn -0.12942676 -0.09747213 -0.98678660
vn 0.12940013 -0.09748058 -0.98678935
vn 0.12981914 -0.25664160 -0.95774835
vn -0.13008411 0.03230816 -0.99097639
vn 0.13008741 0.03230561 -0.99097610
vn 0.12940013 -0.09748058 -0.98678935
vn -0.12984800 0.12940985 -0.98305267
vn 0.12984781 0.12940855 -0.98305291
vn 0.13008741 0.03230561 -0.99097610
vn -0.12984741 0.25663108 -0.95774746
vn 0.12981915 0.25663745 -0.95774949
vn 0.12984781 0.12940855 -0.98305291
vn -0.12978251 0.37945691 -0.91606170
vn 0.12980154 0.37945399 -0.91606015
vn 0.12981915 0.25663745 -0.95774949
vn -0.12976313 0.49576819 -0.85870564
vn 0.12978804 0.49575561 -0.85870916
vn 0.12980154 0.37945399 -0.91606015
vn -0.12983535 0.60361224 -0.78663540
vn 0.12987155 0.60361040 -0.78663069
vn 0.12978804 0.49575561 -0.85870916
vn -0.12975138 0.70114654 -0.70111203
vn 0.12975284 0.70112044 -0.70113790
vn 0.12987155 0.60361040 -0.78663069
vn -0.12980598 0.78664124 -0.60361069
vn 0.12980342 0.78663391 -0.60362083
vn 0.12975284 0.70112044 -0.70113790
vn -0.12978087 0.85871130 -0.49575388
vn 0.12977797 0.85870188 -0.49577087
vn 0.12980342 0.78663391 -0.60362083
vn -0.12982075 0.91605675 -0.37945557
vn 0.12982571 0.91604841 -0.37947422
vn 0.12977797 0.85870188 -0.49577087
vn -0.12982264 0.95775479 -0.25661591
vn 0.12982488 0.95774609 -0.25664753
vn 0.12982571 0.91604841 -0.37947422
vn -0.12943575 0.98678595 -0.09746664
vn 0.12943599 0.98678470 -0.09747921
vn 0.12982488 0.95774609 -0.25664753
vn -0.13004892 0.99098051 0.03232609
vn 0.13004021 0.99098206 0.03231263
vn 0.12943599 0.98678470 -0.09747921
vn 0.12983686 0.98305577 0.12939781
vn 0.49539021 0.86123693 0.11339955
vn 0.49746054 0.86702585 0.02826659
vn 0.12980801 0.95775580 0.25661966
vn 0.49537301 0.83908081 0.22483101
vn 0.49539021 0.86123693 0.11339955
vn 0.12970176 0.91607386 0.37945494
vn 0.49528003 0.80260742 0.33244410
vn 0.49537301 0.83908081 0.22483101
vn 0.12967524 0.85872650 0.49575520
vn 0.49537924 0.75229549 0.43433964
vn 0.49528003 0.80260742 0.33244410
vn 0.12982209 0.78663915 0.60360998
vn 0.49542058 0.68913364 0.52882260
vn 0.49537924 0.75229549 0.43433964
vn 0.12982209 0.78663915 0.60360998
vn 0.12979513 0.70113075 0.70111978
vn 0.49528521 0.61428285 0.61428738
vn 0.12979513 0.70113075 0.70111978
vn 0.12992367 0.60361230 0.78662062
vn 0.49544060 0.52878016 0.68915182
vn 0.12992367 0.60361230 0.78662062
vn 0.13005222 0.49575105 0.85867184
vn 0.49548292 0.43433723 0.75222862
vn 0.13005222 0.49575105 0.85867184
vn 0.12965097 0.37945041 0.91608292
vn 0.49531871 0.33245912 0.80257732
vn 0.12969141 0.25662056 0.95777136
vn 0.49544880 0.22483566 0.83903480
vn 0.49531871 0.33245912 0.80257732
vn 0.12918681 0.09747665 0.98681760
vn 0.49276933 0.08552600 0.86594665
vn 0.49544880 0.22483566 0.83903480
vn 0.13030176 -0.03230911 0.99094784
vn 0.49762583 -0.02823550 0.86693209
vn 0.49276933 0.08552600 0.86594665
vn 0.13030176 -0.03230911 0.99094784
vn 0.12962188 -0.12944503 0.98307782
vn 0.49530318 -0.11337561 0.86129016
vn 0.12962188 -0.12944503 0.98307782
vn 0.12969144 -0.25661659 0.95777243
vn 0.49544880 -0.22483568 0.83903474
vn 0.12969144 -0.25661659 0.95777243
vn 0.12965091 -0.37944341 0.91608584
vn 0.49531868 -0.33245912 0.80257732
vn 0.13005221 -0.49573857 0.85867912
vn 0.49548292 -0.43433729 0.75222862
vn 0.49531868 -0.33245912 0.80257732
vn 0.12992375 -0.60360545 0.78662586
vn 0.49544057 -0.52878016 0.68915182
vn 0.49548292 -0.43433729 0.75222862
vn 0.12979503 -0.70112246 0.70112801
vn 0.49528527 -0.61428291 0.61428744
vn 0.49544057 -0.52878016 0.68915182
vn 0.12982209 -0.78662550 0.60362774
vn 0.49542055 -0.68913358 0.52882260
vn 0.49528527 -0.61428291 0.61428744
vn 0.12982209 -0.78662550 0.60362774
vn 0.12967533 -0.85872024 0.49576601
vn 0.49537930 -0.75229555 0.43433964
vn 0.12967533 -0.85872024 0.49576601
vn 0.12970166 -0.91606855 0.37946799
vn 0.49528003 -0.80260742 0.33244410
vn 0.12970166 -0.91606855 0.37946799
vn 0.12980799 -0.95774895 0.25664538
vn 0.49537307 -0.83908081 0.22483101
vn 0.12980799 -0.95774895 0.25664538
vn 0.12943265 -0.98678595 0.09747165
vn 0.49298602 -0.86582404 0.08551973
vn 0.13006845 -0.99097830 -0.03231296
vn 0.49744982 -0.86703187 -0.02827395
vn 0.49298602 -0.86582404 0.08551973
vn 0.13006845 -0.99097830 -0.03231296
vn 0.12983876 -0.98305535 -0.12939894
vn 0.49538514 -0.86124259 -0.11337833
vn 0.12983876 -0.98305535 -0.12939894
vn 0.12982488 -0.95775300 -0.25662154
vn 0.49538454 -0.83907831 -0.22481488
vn 0.12982488 -0.95775300 -0.25662154
vn 0.12982580 -0.91605371 -0.37946123
vn 0.49538171 -0.80254692 -0.33243868
vn 0.12977786 -0.85870814 -0.49575999
vn 0.49536553 -0.75230050 -0.43434668
vn 0.49538171 -0.80254692 -0.33243868
vn 0.12977786 -0.85870814 -0.49575999
vn 0.12980343 -0.78664750 -0.60360312
vn 0.49540159 -0.68915147 -0.52881718
vn 0.12980343 -0.78664750 -0.60360312
vn 0.12975293 -0.70112872 -0.70112962
vn 0.49535948 -0.61425030 -0.61426020
vn 0.12975293 -0.70112872 -0.70112962
vn 0.12987149 -0.60361719 -0.78662550
vn 0.49546772 -0.52879268 -0.68912268
vn 0.12987149 -0.60361719 -0.78662550
vn 0.12978806 -0.49576852 -0.85870177
vn 0.49540970 -0.43433365 -0.75227886
vn 0.12978806 -0.49576852 -0.85870177
vn 0.12980159 -0.37946063 -0.91605741
vn 0.49536410 -0.33241671 -0.80256677
vn 0.12980159 -0.37946063 -0.91605741
vn 0.12981914 -0.25664160 -0.95774835
vn 0.49536803 -0.22484136 -0.83908099
vn 0.12981914 -0.25664160 -0.95774835
vn 0.12940013 -0.09748058 -0.98678935
vn 0.49295059 -0.08551857 -0.86584431
vn 0.13008741 0.03230561 -0.99097610
vn 0.49751258 0.02825112 -0.86699665
vn 0.49295059 -0.08551857 -0.86584431
vn 0.13008741 0.03230561 -0.99097610
vn 0.12984781 0.12940855 -0.98305291
vn 0.49540579 0.11338381 -0.86123008
vn 0.12981915 0.25663745 -0.95774949
vn 0.49536800 0.22484136 -0.83908099
vn 0.49540579 0.11338381 -0.86123008
vn 0.12980154 0.37945399 -0.91606015
vn 0.49536407 0.33241668 -0.80256677
vn 0.49536800 0.22484136 -0.83908099
vn 0.12978804 0.49575561 -0.85870916
vn 0.49540967 0.43433368 -0.75227886
vn 0.49536407 0.33241668 -0.80256677
vn 0.12987155 0.60361040 -0.78663069
vn 0.49546772 0.52879268 -0.68912268
vn 0.49540967 0.43433368 -0.75227886
vn 0.12975284 0.70112044 -0.70113790
vn 0.49535948 0.61425030 -0.61426020
vn 0.49546772 0.52879268 -0.68912268
vn 0.12980342 0.78663391 -0.60362083
vn 0.49540159 0.68915147 -0.52881712
vn 0.49535948 0.61425030 -0.61426020
vn 0.12977797 0.85870188 -0.49577087
vn 0.49536556 0.75230044 -0.43434671
vn 0.49540159 0.68915147 -0.52881712
vn 0.12977797 0.85870188 -0.49577087
vn 0.12982571 0.91604841 -0.37947422
vn 0.49538168 0.80254686 -0.33243865
vn 0.12982488 0.95774609 -0.25664753
vn 0.49538454 0.83907831 -0.22481488
vn 0.49538168 0.80254686 -0.33243865
vn 0.12943599 0.98678470 -0.09747921
vn 0.49298567 0.86582613 -0.08550084
vn 0.49538454 0.83907831 -0.22481488
vn 0.13004021 0.99098206 0.03231263
vn 0.49746054 0.86702585 0.02826659
vn 0.49298567 0.86582613 -0.08550084
vn 0.49746054 0.86702585 0.02826659
vn 0.49539021 0.86123693 0.11339955
vn 0.86136526 0.50363976 0.06630785
vn 0.49539021 0.86123693 0.11339955
vn 0.49537301 0.83908081 0.22483101
vn 0.86138844 0.49063614 0.13147663
vn 0.49537301 0.83908081 0.22483101
vn 0.49528003 0.80260742 0.33244410
vn 0.86136967 0.46931371 0.19438869
vn 0.49528003 0.80260742 0.33244410
vn 0.49537924 0.75229549 0.43433964
vn 0.86140019 0.43987525 0.25396726
vn 0.49542058 0.68913364 0.52882260
vn 0.86135119 0.40303078 0.30925760
vn 0.86140019 0.43987525 0.25396726
vn 0.49528521 0.61428285 0.61428738
vn 0.86132151 0.35924932 0.35925645
vn 0.86135119 0.40303078 0.30925760
vn 0.49544060 0.52878016 0.68915182
vn 0.86138296 0.30921629 0.40299457
vn 0.86132151 0.35924932 0.35925645
vn 0.49548292 0.43433723 0.75222862
vn 0.86129832 0.25406834 0.44001648
vn 0.86138296 0.30921629 0.40299457
vn 0.49548292 0.43433723 0.75222862
vn 0.49531871 0.33245912 0.80257732
vn 0.86139786 0.19439654 0.46925864
vn 0.49531871 0.33245912 0.80257732
vn 0.49544880 0.22483566 0.83903480
vn 0.86142731 0.13147569 0.49056816
vn 0.49544880 0.22483566 0.83903480
vn 0.49276933 0.08552600 0.86594665
vn 0.85890150 0.04985749 0.50970817
vn 0.49762583 -0.02823550 0.86693209
vn 0.86351812 -0.01659188 0.50404489
vn 0.85890150 0.04985749 0.50970817
vn 0.49762583 -0.02823550 0.86693209
vn 0.49530318 -0.11337561 0.86129016
vn 0.86137527 -0.06628431 0.50362581
vn 0.49544880 -0.22483568 0.83903474
vn 0.86142731 -0.13147569 0.49056816
vn 0.86137527 -0.06628431 0.50362581
vn 0.49531868 -0.33245912 0.80257732
vn 0.86139786 -0.19439651 0.46925864
vn 0.86142731 -0.13147569 0.49056816
vn 0.49548292 -0.43433729 0.75222862
vn 0.86129832 -0.25406834 0.44001651
vn 0.86139786 -0.19439651 0.46925864
vn 0.49548292 -0.43433729 0.75222862
vn 0.49544057 -0.52878016 0.68915182
vn 0.86138296 -0.30921629 0.40299457
vn 0.49544057 -0.52878016 0.68915182
vn 0.49528527 -0.61428291 0.61428744
vn 0.86132157 -0.35924935 0.35925642
vn 0.49528527 -0.61428291 0.61428744
vn 0.49542055 -0.68913358 0.52882260
vn 0.86135119 -0.40303078 0.30925760
vn 0.49542055 -0.68913358 0.52882260
vn 0.49537930 -0.75229555 0.43433964
vn 0.86140031 -0.43987522 0.25396726
vn 0.49528003 -0.80260742 0.33244410
vn 0.86136961 -0.46931371 0.19438867
vn 0.86140031 -0.43987522 0.25396726
vn 0.49537307 -0.83908081 0.22483101
vn 0.86138850 -0.49063608 0.13147663
vn 0.86136961 -0.46931371 0.19438867
vn 0.49298602 -0.86582404 0.08551973
vn 0.85893905 -0.50964665 0.04984070
vn 0.86138850 -0.49063608 0.13147663
vn 0.49744982 -0.86703187 -0.02827395
vn 0.86358869 -0.50392425 -0.01658246
vn 0.85893905 -0.50964665 0.04984070
vn 0.49538514 -0.86124259 -0.11337833
vn 0.86136025 -0.50364822 -0.06630952
vn 0.86358869 -0.50392425 -0.01658246
vn 0.49538514 -0.86124259 -0.11337833
vn 0.49538454 -0.83907831 -0.22481488
vn 0.86136144 -0.49068350 -0.13147655
vn 0.49538171 -0.80254692 -0.33243868
vn 0.86135429 -0.46933839 -0.19439721
vn 0.86136144 -0.49068350 -0.13147655
vn 0.49538171 -0.80254692 -0.33243868
vn 0.49536553 -0.75230050 -0.43434668
vn 0.86136830 -0.43992400 -0.25399119
vn 0.49540159 -0.68915147 -0.52881718
vn 0.86137611 -0.40298885 -0.30924305
vn 0.86136830 -0.43992400 -0.25399119
vn 0.49540159 -0.68915147 -0.52881718
vn 0.49535948 -0.61425030 -0.61426020
vn 0.86136711 -0.35921010 -0.35918644
vn 0.49546772 -0.52879268 -0.68912268
vn 0.86137342 -0.30922511 -0.40300840
vn 0.86136711 -0.35921010 -0.35918644
vn 0.49546772 -0.52879268 -0.68912268
vn 0.49540970 -0.43433365 -0.75227886
vn 0.86136788 -0.25400853 -0.43991494
vn 0.49540970 -0.43433365 -0.75227886
vn 0.49536410 -0.33241671 -0.80256677
vn 0.86136377 -0.19438346 -0.46932670
vn 0.49536803 -0.22484136 -0.83908099
vn 0.86136550 -0.13146873 -0.49067849
vn 0.86136377 -0.19438346 -0.46932670
vn 0.49295059 -0.08551857 -0.86584431
vn 0.85893995 -0.04984872 -0.50964427
vn 0.86136550 -0.13146873 -0.49067849
vn 0.49751258 0.02825112 -0.86699665
vn 0.86361212 0.01655784 -0.50388491
vn 0.85893995 -0.04984872 -0.50964427
vn 0.49751258 0.02825112 -0.86699665
vn 0.49540579 0.11338381 -0.86123008
vn 0.86137563 0.06630419 -0.50362259
vn 0.49540579 0.11338381 -0.86123008
vn 0.49536800 0.22484136 -0.83908099
vn 0.86136550 0.13146871 -0.49067843
vn 0.49536800 0.22484136 -0.83908099
vn 0.49536407 0.33241668 -0.80256677
vn 0.86136377 0.19438344 -0.46932667
vn 0.49540967 0.43433368 -0.75227886
vn 0.86136788 0.25400850 -0.43991488
vn 0.86136377 0.19438344 -0.46932667
vn 0.49546772 0.52879268 -0.68912268
vn 0.86137331 0.30922511 -0.40300846
vn 0.86136788 0.25400850 -0.43991488
vn 0.49546772 0.52879268 -0.68912268
vn 0.49535948 0.61425030 -0.61426020
vn 0.86136711 0.35921013 -0.35918644
vn 0.49540159 0.68915147 -0.52881712
vn 0.86137611 0.40298879 -0.30924305
vn 0.86136711 0.35921013 -0.35918644
vn 0.49540159 0.68915147 -0.52881712
vn 0.49536556 0.75230044 -0.43434671
vn 0.86136836 0.43992397 -0.25399122
vn 0.49538168 0.80254686 -0.33243865
vn 0.86135429 0.46933839 -0.19439721
vn 0.86136836 0.43992397 -0.25399122
vn 0.49538168 0.80254686 -0.33243865
vn 0.49538454 0.83907831 -0.22481488
vn 0.86136144 0.49068347 -0.13147655
vn 0.49298567 0.86582613 -0.08550084
vn 0.85893136 0.50965869 -0.04984993
vn 0.86136144 0.49068347 -0.13147655
vn 0.49746054 0.86702585 0.02826659
vn 0.86360979 0.50388831 0.01657343
vn 0.85893136 0.50965869 -0.04984993
vn 0.86136526 0.50363976 0.06630785
vn 0.96593046 0.25658840 0.03377368
vn 0.96589679 0.25878286 0.00864406
vn 0.86138844 0.49063614 0.13147663
vn 0.96593732 0.24995625 0.06698541
vn 0.96593046 0.25658840 0.03377368
vn 0.86136967 0.46931371 0.19438869
vn 0.96591812 0.23914304 0.09905948
vn 0.96593732 0.24995625 0.06698541
vn 0.86140019 0.43987525 0.25396726
vn 0.96589881 0.22423793 0.12944810
vn 0.96591812 0.23914304 0.09905948
vn 0.86135119 0.40303078 0.30925760
vn 0.96592176 0.20535502 0.15755780
vn 0.96589881 0.22423793 0.12944810
vn 0.86135119 0.40303078 0.30925760
vn 0.86132151 0.35924932 0.35925645
vn 0.96591789 0.18302900 0.18303853
vn 0.86138296 0.30921629 0.40299457
vn 0.96592128 0.15759192 0.20533094
vn 0.96591789 0.18302900 0.18303853
vn 0.86129832 0.25406834 0.44001648
vn 0.96593451 0.12941118 0.22410561
vn 0.96592128 0.15759192 0.20533094
vn 0.86139786 0.19439654 0.46925864
vn 0.96595591 0.09901392 0.23900937
vn 0.96593451 0.12941118 0.22410561
vn 0.86139786 0.19439654 0.46925864
vn 0.86142731 0.13147569 0.49056816
vn 0.96589535 0.06702805 0.25010666
vn 0.85890150 0.04985749 0.50970817
vn 0.96584910 0.02484842 0.25791097
vn 0.96589535 0.06702805 0.25010666
vn 0.86351812 -0.01659188 0.50404489
vn 0.96589261 -0.00863391 0.25879905
vn 0.96584910 0.02484842 0.25791097
vn 0.86137527 -0.06628431 0.50362581
vn 0.96591115 -0.03378088 0.25666022
vn 0.96589261 -0.00863391 0.25879905
vn 0.86137527 -0.06628431 0.50362581
vn 0.86142731 -0.13147569 0.49056816
vn 0.96589535 -0.06702805 0.25010666
vn 0.86139786 -0.19439651 0.46925864
vn 0.96595591 -0.09901392 0.23900937
vn 0.96589535 -0.06702805 0.25010666
vn 0.86139786 -0.19439651 0.46925864
vn 0.86129832 -0.25406834 0.44001651
vn 0.96593451 -0.12941118 0.22410560
vn 0.86129832 -0.25406834 0.44001651
vn 0.86138296 -0.30921629 0.40299457
vn 0.96592128 -0.15759192 0.20533095
vn 0.86138296 -0.30921629 0.40299457
vn 0.86132157 -0.35924935 0.35925642
vn 0.96591789 -0.18302898 0.18303852
vn 0.86135119 -0.40303078 0.30925760
vn 0.96592176 -0.20535502 0.15755780
vn 0.96591789 -0.18302898 0.18303852
vn 0.86135119 -0.40303078 0.30925760
vn 0.86140031 -0.43987522 0.25396726
vn 0.96589881 -0.22423793 0.12944809
vn 0.86140031 -0.43987522 0.25396726
vn 0.86136961 -0.46931371 0.19438867
vn 0.96591812 -0.23914306 0.09905949
vn 0.86136961 -0.46931371 0.19438867
vn 0.86138850 -0.49063608 0.13147663
vn 0.96593732 -0.24995624 0.06698540
vn 0.86138850 -0.49063608 0.13147663
vn 0.85893905 -0.50964665 0.04984070
vn 0.96589446 -0.25774285 0.02483129
vn 0.86358869 -0.50392425 -0.01658246
vn 0.96590406 -0.25875574 -0.00864538
vn 0.96589446 -0.25774285 0.02483129
vn 0.86358869 -0.50392425 -0.01658246
vn 0.86136025 -0.50364822 -0.06630952
vn 0.96592933 -0.25659287 -0.03377454
vn 0.86136025 -0.50364822 -0.06630952
vn 0.86136144 -0.49068350 -0.13147655
vn 0.96592867 -0.24998797 -0.06699029
vn 0.86135429 -0.46933839 -0.19439721
vn 0.96592301 -0.23912758 -0.09904946
vn 0.96592867 -0.24998797 -0.06699029
vn 0.86136830 -0.43992400 -0.25399119
vn 0.96591908 -0.22417356 -0.12940869
vn 0.96592301 -0.23912758 -0.09904946
vn 0.86137611 -0.40298885 -0.30924305
vn 0.96592176 -0.20535676 -0.15755549
vn 0.96591908 -0.22417356 -0.12940869
vn 0.86137611 -0.40298885 -0.30924305
vn 0.86136711 -0.35921010 -0.35918644
vn 0.96590889 -0.18308160 -0.18303311
vn 0.86136711 -0.35921010 -0.35918644
vn 0.86137342 -0.30922511 -0.40300840
vn 0.96591890 -0.15757123 -0.20535794
vn 0.86136788 -0.25400853 -0.43991494
vn 0.96591902 -0.12945038 -0.22414973
vn 0.96591890 -0.15757123 -0.20535794
vn 0.86136788 -0.25400853 -0.43991494
vn 0.86136377 -0.19438346 -0.46932670
vn 0.96593726 -0.09902313 -0.23908098
vn 0.86136377 -0.19438346 -0.46932670
vn 0.86136550 -0.13146873 -0.49067849
vn 0.96593106 -0.06698123 -0.24998152
vn 0.86136550 -0.13146873 -0.49067849
vn 0.85893995 -0.04984872 -0.50964427
vn 0.96588975 -0.02482637 -0.25776115
vn 0.86361212 0.01655784 -0.50388491
vn 0.96588898 0.00863540 -0.25881264
vn 0.96588975 -0.02482637 -0.25776115
vn 0.86137563 0.06630419 -0.50362259
vn 0.96592808 0.03378279 -0.25659639
vn 0.96588898 0.00863540 -0.25881264
vn 0.86136550 0.13146871 -0.49067843
vn 0.96593106 0.06698123 -0.24998154
vn 0.96592808 0.03378279 -0.25659639
vn 0.86136377 0.19438344 -0.46932667
vn 0.96593726 0.09902313 -0.23908098
vn 0.96593106 0.06698123 -0.24998154
vn 0.86136788 0.25400850 -0.43991488
vn 0.96591902 0.12945038 -0.22414973
vn 0.96593726 0.09902313 -0.23908098
vn 0.86136788 0.25400850 -0.43991488
vn 0.86137331 0.30922511 -0.40300846
vn 0.96591890 0.15757123 -0.20535794
vn 0.86136711 0.35921013 -0.35918644
vn 0.96590889 0.18308158 -0.18303311
vn 0.96591890 0.15757123 -0.20535794
vn 0.86137611 0.40298879 -0.30924305
vn 0.96592176 0.20535676 -0.15755549
vn 0.96590889 0.18308158 -0.18303311
vn 0.86137611 0.40298879 -0.30924305
vn 0.86136836 0.43992397 -0.25399122
vn 0.96591896 0.22417352 -0.12940867
vn 0.86136836 0.43992397 -0.25399122
vn 0.86135429 0.46933839 -0.19439721
vn 0.96592301 0.23912756 -0.09904946
vn 0.86135429 0.46933839 -0.19439721
vn 0.86136144 0.49068347 -0.13147655
vn 0.96592867 0.24998796 -0.06699029
vn 0.85893136 0.50965869 -0.04984993
vn 0.96589196 0.25775245 -0.02482787
vn 0.96592867 0.24998796 -0.06699029
vn 0.86360979 0.50388831 0.01657343
vn 0.96589679 0.25878286 0.00864406
vn 0.96589196 0.25775245 -0.02482787
vn -0.99999994 0.00000001 0.00000000
vn -0.99999994 0.00000001 0.00000000
vn -0.99999994 0.00000001 0.00000000
vn -1.00000000 -0.00004853 0.00000000
vn -1.00000000 -0.00004853 0.00000000
vn -1.00000000 -0.00004853 0.00000000
vn -0.99999994 0.00000000 0.00000000
vn -0.99999994 0.00000000 0.00000000
vn -0.99999994 0.00000000 0.00000000
vn -1.00000000 0.00000000 0.00000000
vn -1.00000000 0.00000000 0.00000000
vn -1.00000000 0.00000000 0.00000000
vn -1.00000000 0.00000000 0.00000000
vn -1.00000000 0.00000000 0.00000000
vn -1.00000000 0.00000000 0.00000000
vn -1.00000000 0.00000000 0.00000000
vn -1.00000000 0.00000000 0.00000000
vn -1.00000000 0.00000000 0.00000000
vn -1.00000000 -0.00012025 0.00000000
vn -1.00000000 -0.00012025 0.00000000
vn -1.00000000 -0.00012025 0.00000000
vn -1.00000000 0.00000000 0.00000000
vn -1.00000000 0.00000000 0.00000000
vn -1.00000000 0.00000000 0.00000000
vn -1.00000000 0.00000000 0.00000000
vn -1.00000000 0.00000000 0.00000000
vn -1.00000000 0.00000000 0.00000000
vn -1.00000000 0.00000000 0.00000000
vn -1.00000000 0.00000000 0.00000000
vn -1.00000000 0.00000000 0.00000000
vn -1.00000000 0.00000000 0.00000000
vn -1.00000000 0.00000000 0.00000000
vn -1.00000000 0.00000000 0.00000000
vn -1.00000000 0.00000000 0.00000000
vn -1.00000000 0.00000000 0.00000000
vn -1.00000000 0.00000000 0.00000000
vn -1.00000000 0.00000000 0.00000000
vn -1.00000000 0.00000000 0.00000000
vn -1.00000000 0.00000000 0.00000000
vn -1.00000000 0.00000000 0.00000000
vn -1.00000000 0.00000000 0.00000000
vn -1.00000000 0.00000000 0.00000000
vn -1.00000000 0.00000000 0.00000000
vn -1.00000000 0.00000000 0.00000000
vn -1.00000000 0.00000000 0.00000000
vn -1.00000000 0.00000000 0.00000000
vn -1.00000000 0.00000000 0.00000000
vn -1.00000000 0.00000000 0.00000000
vn -1.00000000 0.00000000 0.00000000
vn -1.00000000 0.00000000 0.00000000
vn -1.00000000 0.00000000 0.00000000
vn -1.00000000 0.00000000 0.00000000
vn -1.00000000 0.00000000 0.00000000
vn -1.00000000 0.00000000 0.00000000
vn -1.00000000 0.00016271 0.00000000
vn -1.00000000 0.00016271 0.00000000
vn -1.00000000 0.00016271 0.00000000
vn -1.00000000 -0.00000001 0.00000000
vn -1.00000000 -0.00000001 0.00000000
vn -1.00000000 -0.00000001 0.00000000
vn -1.00000000 -0.00004852 0.00000000
vn -1.00000000 -0.00004852 0.00000000
vn -1.00000000 -0.00004852 0.00000000
vn -1.00000000 0.00000006 0.00000000
vn -1.00000000 0.00000006 0.00000000
vn -1.00000000 0.00000006 0.00000000
vn -1.00000000 0.00024062 0.00000000
vn -1.00000000 0.00024062 0.00000000
vn -1.00000000 0.00024062 0.00000000
vn -1.00000000 -0.00008133 0.00000000
vn -1.00000000 -0.00008133 0.00000000
vn -1.00000000 -0.00008133 0.00000000
vn -0.99999994 0.00008054 0.00000000
vn -0.99999994 0.00008054 0.00000000
vn -0.99999994 0.00008054 0.00000000
vn -1.00000000 0.00012066 0.00000000
vn -1.00000000 0.00012066 0.00000000
vn -1.00000000 0.00012066 0.00000000
vn -1.00000000 -0.00002033 0.00000000
vn -1.00000000 -0.00002033 0.00000000
vn -1.00000000 -0.00002033 0.00000000
vn -0.99999994 0.00002014 0.00000000
vn -0.99999994 0.00002014 0.00000000
vn -0.99999994 0.00002014 0.00000000
vn -1.00000000 -0.00003005 0.00000000
vn -1.00000000 -0.00003005 0.00000000
vn -1.00000000 -0.00003005 0.00000000
vn -1.00000000 -0.00000005 0.00000000
vn -1.00000000 -0.00000005 0.00000000
vn -1.00000000 -0.00000005 0.00000000
vn -0.99999994 0.00000000 0.00000000
vn -0.99999994 0.00000000 0.00000000
vn -0.99999994 0.00000000 0.00000000
vn -1.00000000 -0.00012066 0.00000000
vn -1.00000000 -0.00012066 0.00000000
vn -1.00000000 -0.00012066 0.00000000
vn -1.00000000 0.00000000 0.00000000
vn -1.00000000 0.00000000 0.00000000
vn -1.00000000 0.00000000 0.00000000
vn -1.00000000 -0.00016129 0.00000000
vn -1.00000000 -0.00016129 0.00000000
vn -1.00000000 -0.00016129 0.00000000
vn -1.00000000 0.00000000 0.00000000
vn -1.00000000 0.00000000 0.00000000
vn -1.00000000 0.00000000 0.00000000
vn -1.00000000 -0.00024062 0.00000000
vn -1.00000000 -0.00024062 0.00000000
vn -1.00000000 -0.00024062 0.00000000
vn -1.00000000 -0.00024047 0.00000000
vn -1.00000000 -0.00024047 0.00000000
vn -1.00000000 -0.00024047 0.00000000
vn -1.00000000 0.00004156 0.00000000
vn -1.00000000 0.00004156 0.00000000
vn -1.00000000 0.00004156 0.00000000
vn -1.00000000 0.00000000 0.00000000
vn -1.00000000 0.00000000 0.00000000
vn -1.00000000 0.00000000 0.00000000
vn -1.00000000 0.00000356 0.00000000
vn -1.00000000 0.00000356 0.00000000
vn -1.00000000 0.00000356 0.00000000
vn -1.00000000 0.00001671 0.00000000
vn -1.00000000 0.00001671 0.00000000
vn -1.00000000 0.00001671 0.00000000
vn -0.99999994 0.00000000 0.00000000
vn -0.99999994 0.00000000 0.00000000
vn -0.99999994 0.00000000 0.00000000
vn -1.00000000 0.00000000 0.00000000
vn -1.00000000 0.00000000 0.00000000
vn -1.00000000 0.00000000 0.00000000
vn -1.00000000 0.00000000 0.00000000
vn -1.00000000 0.00000000 0.00000000
vn -1.00000000 0.00000000 0.00000000
vn -0.99999994 0.00000000 0.00000000
vn -0.99999994 0.00000000 0.00000000
vn -0.99999994 0.00000000 0.00000000
vn 0.99999994 -0.00000005 0.00000000
vn 0.99999994 -0.00000005 0.00000000
vn 0.99999994 -0.00000005 0.00000000
vn 1.00000000 0.00000000 0.00000000
vn 1.00000000 0.00000000 0.00000000
vn 1.00000000 0.00000000 0.00000000
vn 1.00000000 0.00000000 0.00000000
vn 1.00000000 0.00000000 0.00000000
vn 1.00000000 0.00000000 0.00000000
vn 1.00000000 -0.00024050 0.00000000
vn 1.00000000 -0.00024050 0.00000000
vn 1.00000000 -0.00024050 0.00000000
vn 1.00000000 0.00000000 0.00000000
vn 1.00000000 0.00000000 0.00000000
vn 1.00000000 0.00000000 0.00000000
vn 1.00000000 0.00016139 0.00000000
vn 1.00000000 0.00016139 0.00000000
vn 1.00000000 0.00016139 0.00000000
vn 1.00000000 -0.00024038 0.00000000
vn 1.00000000 -0.00024038 0.00000000
vn 1.00000000 -0.00024038 0.00000000
vn 1.00000000 0.00000000 0.00000000
vn 1.00000000 0.00000000 0.00000000
vn 1.00000000 0.00000000 0.00000000
vn 1.00000000 0.00000000 0.00000000
vn 1.00000000 0.00000000 0.00000000
vn 1.00000000 0.00000000 0.00000000
vn 1.00000000 0.00000000 0.00000000
vn 1.00000000 0.00000000 0.00000000
vn 1.00000000 0.00000000 0.00000000
vn 1.00000000 -0.00000004 0.00000000
vn 1.00000000 -0.00000004 0.00000000
vn 1.00000000 -0.00000004 0.00000000
vn 1.00000000 0.00004032 0.00000000
vn 1.00000000 0.00004032 0.00000000
vn 1.00000000 0.00004032 0.00000000
vn 1.00000000 0.00000000 0.00000000
vn 1.00000000 0.00000000 0.00000000
vn 1.00000000 0.00000000 0.00000000
vn 1.00000000 0.00008138 0.00000000
vn 1.00000000 0.00008138 0.00000000
vn 1.00000000 0.00008138 0.00000000
vn 1.00000000 -0.00016139 0.00000000
vn 1.00000000 -0.00016139 0.00000000
vn 1.00000000 -0.00016139 0.00000000
vn 1.00000000 0.00024038 0.00000000
vn 1.00000000 0.00024038 0.00000000
vn 1.00000000 0.00024038 0.00000000
vn 1.00000000 0.00024062 0.00000000
vn 1.00000000 0.00024062 0.00000000
vn 1.00000000 0.00024062 0.00000000
vn 0.99999994 0.00000000 0.00000000
vn 0.99999994 0.00000000 0.00000000
vn 0.99999994 0.00000000 0.00000000
vn 1.00000000 0.00016271 0.00000000
vn 1.00000000 0.00016271 0.00000000
vn 1.00000000 0.00016271 0.00000000
vn 1.00000000 0.00000000 0.00000000
vn 1.00000000 0.00000000 0.00000000
vn 1.00000000 0.00000000 0.00000000
vn 1.00000000 0.00009708 0.00000000
vn 1.00000000 0.00009708 0.00000000
vn 1.00000000 0.00009708 0.00000000
vn 1.00000000 0.00000000 0.00000000
vn 1.00000000 0.00000000 0.00000000
vn 1.00000000 0.00000000 0.00000000
vn 1.00000000 -0.00024053 0.00000000
vn 1.00000000 -0.00024053 0.00000000
vn 1.00000000 -0.00024053 0.00000000
vn 1.00000000 -0.00008135 0.00000000
vn 1.00000000 -0.00008135 0.00000000
vn 1.00000000 -0.00008135 0.00000000
vn 1.00000000 0.00016132 0.00000000
vn 1.00000000 0.00016132 0.00000000
vn 1.00000000 0.00016132 0.00000000
vn 1.00000000 0.00024056 0.00000000
vn 1.00000000 0.00024056 0.00000000
vn 1.00000000 0.00024056 0.00000000
vn 1.00000000 0.00000000 0.00000000
vn 1.00000000 0.00000000 0.00000000
vn 1.00000000 0.00000000 0.00000000
vn 1.00000000 0.00004032 0.00000000
vn 1.00000000 0.00004032 0.00000000
vn 1.00000000 0.00004032 0.00000000
vn 1.00000000 0.00000000 0.00000000
vn 1.00000000 0.00000000 0.00000000
vn 1.00000000 0.00000000 0.00000000
vn 1.00000000 -0.00000006 0.00000000
vn 1.00000000 -0.00000006 0.00000000
vn 1.00000000 -0.00000006 0.00000000
vn 1.00000000 0.00000000 0.00000000
vn 1.00000000 0.00000000 0.00000000
vn 1.00000000 0.00000000 0.00000000
vn 1.00000000 0.00000000 0.00000000
vn 1.00000000 0.00000000 0.00000000
vn 1.00000000 0.00000000 0.00000000
vn 1.00000000 -0.00008134 0.00000000
vn 1.00000000 -0.00008134 0.00000000
vn 1.00000000 -0.00008134 0.00000000
vn 1.00000000 0.00000000 0.00000000
vn 1.00000000 0.00000000 0.00000000
vn 1.00000000 0.00000000 0.00000000
vn 1.00000000 -0.00024056 0.00000000
vn 1.00000000 -0.00024056 0.00000000
vn 1.00000000 -0.00024056 0.00000000
vn 0.99999994 0.00000000 0.00000000
vn 0.99999994 0.00000000 0.00000000
vn 0.99999994 0.00000000 0.00000000
vn 1.00000000 0.00000000 0.00000000
vn 1.00000000 0.00000000 0.00000000
vn 1.00000000 0.00000000 0.00000000
vn 1.00000000 0.00024053 0.00000000
vn 1.00000000 0.00024053 0.00000000
vn 1.00000000 0.00024053 0.00000000
vn 0.99999994 -0.00004156 0.00000000
vn 0.99999994 -0.00004156 0.00000000
vn 0.99999994 -0.00004156 0.00000000
vn 0.99999994 -0.00004156 0.00000000
vn 0.99999994 -0.00004156 0.00000000
vn 0.99999994 -0.00004156 0.00000000
vn 1.00000000 -0.00000356 0.00000000
vn 1.00000000 -0.00000356 0.00000000
vn 1.00000000 -0.00000356 0.00000000
vn 0.99999994 0.00001671 0.00000000
vn 0.99999994 0.00001671 0.00000000
vn 0.99999994 0.00001671 0.00000000
vn 1.00000000 -0.00000002 0.00000000
vn 1.00000000 -0.00000002 0.00000000
vn 1.00000000 -0.00000002 0.00000000
vn 1.00000000 0.00000000 0.00000000
vn 1.00000000 0.00000000 0.00000000
vn 1.00000000 0.00000000 0.00000000
vn 1.00000000 -0.00001604 0.00000000
vn 1.00000000 -0.00001604 0.00000000
vn 1.00000000 -0.00001604 0.00000000
f 1/1/1 50/2/2 49/3/3
f 2/4/4 51/5/5 50/6/6
f 3/7/7 52/8/8 51/9/9
f 4/10/10 53/11/11 52/12/12
f 5/13/13 54/14/14 53/15/15
f 7/16/16 54/17/17 6/18/18
f 7/19/19 56/20/20 55/21/21
f 8/22/22 57/23/23 56/24/24
f 9/25/25 58/26/26 57/27/27
f 11/28/28 58/29/29 10/30/30
f 11/31/31 60/32/32 59/33/33
f 12/34/34 61/35/35 60/36/36
f 13/37/37 62/38/38 61/39/39
f 15/40/40 62/41/41 14/42/42
f 15/43/43 64/44/44 63/45/45
f 17/46/46 64/47/47 16/48/48
f 18/49/49 65/50/50 17/51/51
f 19/52/52 66/53/53 18/54/54
f 19/55/55 68/56/56 67/57/57
f 21/58/58 68/59/59 20/60/60
f 22/61/61 69/62/62 21/63/63
f 23/64/64 70/65/65 22/66/66
f 24/67/67 71/68/68 23/69/69
f 24/70/70 73/71/71 72/72/72
f 26/73/73 73/74/74 25/75/75
f 27/76/76 74/77/77 26/78/78
f 27/79/79 76/80/80 75/81/81
f 28/82/82 77/83/83 76/84/84
f 29/85/85 78/86/86 77/87/87
f 31/88/88 78/89/89 30/90/90
f 32/91/91 79/92/92 31/93/93
f 32/94/94 81/95/95 80/96/96
f 34/97/97 81/98/98 33/99/99
f 35/100/100 82/101/101 34/102/102
f 36/103/103 83/104/104 35/105/105
f 36/106/106 85/107/107 84/108/108
f 37/109/109 86/110/110 85/111/111
f 38/112/112 87/113/113 86/114/114
f 39/115/115 88/116/116 87/117/117
f 40/118/118 89/119/119 88/120/120
f 42/121/121 89/122/122 41/123/123
f 42/124/124 91/125/125 90/126/126
f 43/127/127 92/128/128 91/129/129
f 45/130/130 92/131/131 44/132/132
f 46/133/133 93/134/134 45/135/135
f 47/136/136 94/137/137 46/138/138
f 47/139/139 96/140/140 95/141/141
f 48/142/142 49/143/143 96/144/144
f 50/145/145 97/146/146 49/147/147
f 51/148/148 98/149/149 50/150/150
f 52/151/151 99/152/152 51/153/153
f 53/154/154 100/155/155 52/156/156
f 53/157/157 102/158/158 101/159/159
f 54/160/160 103/161/161 102/162/162
f 55/163/163 104/164/164 103/165/165
f 56/166/166 105/167/167 104/168/168
f 58/169/169 105/170/170 57/171/171
f 59/172/172 106/173/173 58/174/174
f 60/175/175 107/176/176 59/177/177
f 60/178/178 109/179/179 108/180/180
f 62/181/181 109/182/182 61/183/183
f 62/184/184 111/185/185 110/186/186
f 63/187/187 112/188/188 111/189/189
f 64/190/190 113/191/191 112/192/192
f 66/193/193 113/194/194 65/195/195
f 67/196/196 114/197/197 66/198/198
f 68/199/199 115/200/200 67/201/201
f 69/202/202 116/203/203 68/204/204
f 69/205/205 118/206/206 117/207/207
f 70/208/208 119/209/209 118/210/210
f 71/211/211 120/212/212 119/213/213
f 72/214/214 121/215/215 120/216/216
f 73/217/217 122/218/218 121/219/219
f 75/220/220 122/221/221 74/222/222
f 75/223/223 124/224/224 123/225/225
f 77/226/226 124/227/227 76/228/228
f 77/229/229 126/230/230 125/231/231
f 79/232/232 126/233/233 78/234/234
f 79/235/235 128/236/236 127/237/237
f 81/238/238 128/239/239 80/240/240
f 82/241/241 129/242/242 81/243/243
f 82/244/244 131/245/245 130/246/246
f 83/247/247 132/248/248 131/249/249
f 84/250/250 133/251/251 132/252/252
f 86/253/253 133/254/254 85/255/255
f 87/256/256 134/257/257 86/258/258
f 88/259/259 135/260/260 87/261/261
f 88/262/262 137/263/263 136/264/264
f 89/265/265 138/266/266 137/267/267
f 91/268/268 138/269/269 90/270/270
f 91/271/271 140/272/272 139/273/273
f 93/274/274 140/275/275 92/276/276
f 93/277/277 142/278/278 141/279/279
f 95/280/280 142/281/281 94/282/282
f 95/283/283 144/284/284 143/285/285
f 96/286/286 97/287/287 144/288/288
f 97/289/289 146/290/290 145/291/291
f 98/292/292 147/293/293 146/294/294
f 99/295/295 148/296/296 147/297/297
f 100/298/298 149/299/299 148/300/300
f 101/301/301 150/302/302 149/303/303
f 103/304/304 150/305/305 102/306/306
f 104/307/307 151/308/308 103/309/309
f 105/310/310 152/311/311 104/312/312
f 106/313/313 153/314/314 105/315/315
f 106/316/316 155/317/317 154/318/318
f 107/319/319 156/320/320 155/321/321
f 108/322/322 157/323/323 156/324/324
f 110/325/325 157/326/326 109/327/327
f 111/328/328 158/329/329 110/330/330
f 112/331/331 159/332/332 111/333/333
f 112/334/334 161/335/335 160/336/336
f 113/337/337 162/338/338 161/339/339
f 114/340/340 163/341/341 162/342/342
f 115/343/343 164/344/344 163/345/345
f 117/346/346 164/347/347 116/348/348
f 118/349/349 165/350/350 117/351/351
f 119/352/352 166/353/353 118/354/354
f 120/355/355 167/356/356 119/357/357
f 120/358/358 169/359/359 168/360/360
f 122/361/361 169/362/362 121/363/363
f 123/364/364 170/365/365 122/366/366
f 124/367/367 171/368/368 123/369/369
f 124/370/370 173/371/371 172/372/372
f 126/373/373 173/374/374 125/375/375
f 127/376/376 174/377/377 126/378/378
f 128/379/379 175/380/380 127/381/381
f 129/382/382 176/383/383 128/384/384
f 130/385/385 177/386/386 129/387/387
f 131/388/388 178/389/389 130/390/390
f 132/391/391 179/392/392 131/393/393
f 132/394/394 181/395/395 180/396/396
f 134/397/397 181/398/398 133/399/399
f 134/400/400 183/401/401 182/402/402
f 135/403/403 184/404/404 183/405/405
f 136/406/406 185/407/407 184/408/408
f 137/409/409 186/410/410 185/411/411
f 138/412/412 187/413/413 186/414/414
f 139/415/415 188/416/416 187/417/417
f 140/418/418 189/419/419 188/420/420
f 142/421/421 189/422/422 141/423/423
f 142/424/424 191/425/425 190/426/426
f 143/427/427 192/428/428 191/429/429
f 144/430/430 145/431/431 192/432/432
f 146/433/433 193/434/434 145/435/435
f 147/436/436 194/437/437 146/438/438
f 148/439/439 195/440/440 147/441/441
f 149/442/442 196/443/443 148/444/444
f 150/445/445 197/446/446 149/447/447
f 151/448/448 198/449/449 150/450/450
f 152/451/451 199/452/452 151/453/453
f 153/454/454 200/455/455 152/456/456
f 154/457/457 201/458/458 153/459/459
f 155/460/460 202/461/461 154/462/462
f 156/463/463 203/464/464 155/465/465
f 157/466/466 204/467/467 156/468/468
f 158/469/469 205/470/470 157/471/471
f 159/472/472 206/473/473 158/474/474
f 160/475/475 207/476/476 159/477/477
f 161/478/478 208/479/479 160/480/480
f 162/481/481 209/482/482 161/483/483
f 163/484/484 210/485/485 162/486/486
f 164/487/487 211/488/488 163/489/489
f 165/490/490 212/491/491 164/492/492
f 166/493/493 213/494/494 165/495/495
f 167/496/496 214/497/497 166/498/498
f 168/499/499 215/500/500 167/501/501
f 169/502/502 216/503/503 168/504/504
f 170/505/505 217/506/506 169/507/507
f 171/508/508 218/509/509 170/510/510
f 172/511/511 219/512/512 171/513/513
f 173/514/514 220/515/515 172/516/516
f 174/517/517 221/518/518 173/519/519
f 175/520/520 222/521/521 174/522/522
f 176/523/523 223/524/524 175/525/525
f 177/526/526 224/527/527 176/528/528
f 178/529/529 225/530/530 177/531/531
f 179/532/532 226/533/533 178/534/534
f 180/535/535 227/536/536 179/537/537
f 181/538/538 228/539/539 180/540/540
f 182/541/541 229/542/542 181/543/543
f 183/544/544 230/545/545 182/546/546
f 184/547/547 231/548/548 183/549/549
f 185/550/550 232/551/551 184/552/552
f 186/553/553 233/554/554 185/555/555
f 187/556/556 234/557/557 186/558/558
f 188/559/559 235/560/560 187/561/561
f 189/562/562 236/563/563 188/564/564
f 190/565/565 237/566/566 189/567/567
f 191/568/568 238/569/569 190/570/570
f 192/571/571 239/572/572 191/573/573
f 145/574/574 240/575/575 192/576/576
f 194/577/577 241/578/578 193/579/579
f 195/580/580 242/581/581 194/582/582
f 196/583/583 243/584/584 195/585/585
f 197/586/586 244/587/587 196/588/588
f 198/589/589 245/590/590 197/591/591
f 198/592/592 247/593/593 246/594/594
f 199/595/595 248/596/596 247/597/597
f 200/598/598 249/599/599 248/600/600
f 201/601/601 250/602/602 249/603/603
f 203/604/604 250/605/605 202/606/606
f 204/607/607 251/608/608 203/609/609
f 205/610/610 252/611/611 204/612/612
f 205/613/613 254/614/614 253/615/615
f 206/616/616 255/617/617 254/618/618
f 207/619/619 256/620/620 255/621/621
f 209/622/622 256/623/623 208/624/624
f 210/625/625 257/626/626 209/627/627
f 211/628/628 258/629/629 210/630/630
f 212/631/631 259/632/632 211/633/633
f 212/634/634 261/635/635 260/636/636
f 213/637/637 262/638/638 261/639/639
f 214/640/640 263/641/641 262/642/642
f 215/643/643 264/644/644 263/645/645
f 217/646/646 264/647/647 216/648/648
f 217/649/649 266/650/650 265/651/651
f 218/652/652 267/653/653 266/654/654
f 219/655/655 268/656/656 267/657/657
f 221/658/658 268/659/659 220/660/660
f 221/661/661 270/662/662 269/663/663
f 222/664/664 271/665/665 270/666/666
f 223/667/667 272/668/668 271/669/669
f 224/670/670 273/671/671 272/672/672
f 225/673/673 274/674/674 273/675/675
f 226/676/676 275/677/677 274/678/678
f 227/679/679 276/680/680 275/681/681
f 229/682/682 276/683/683 228/684/684
f 229/685/685 278/686/686 277/687/687
f 231/688/688 278/689/689 230/690/690
f 232/691/691 279/692/692 231/693/693
f 233/694/694 280/695/695 232/696/696
f 234/697/697 281/698/698 233/699/699
f 235/700/700 282/701/701 234/702/702
f 236/703/703 283/704/704 235/705/705
f 237/706/706 284/707/707 236/708/708
f 237/709/709 286/710/710 285/711/711
f 239/712/712 286/713/713 238/714/714
f 240/715/715 287/716/716 239/717/717
f 193/718/718 288/719/719 240/720/720
f 241/721/721 290/722/722 289/723/723
f 242/724/724 291/725/725 290/726/726
f 243/727/727 292/728/728 291/729/729
f 244/730/730 293/731/731 292/732/732
f 246/733/733 293/734/734 245/735/735
f 247/736/736 294/737/737 246/738/738
f 248/739/739 295/740/740 247/741/741
f 249/742/742 296/743/743 248/744/744
f 249/745/745 298/746/746 297/747/747
f 250/748/748 299/749/749 298/750/750
f 251/751/751 300/752/752 299/753/753
f 253/754/754 300/755/755 252/756/756
f 253/757/757 302/758/758 301/759/759
f 255/760/760 302/761/761 254/762/762
f 256/763/763 303/764/764 255/765/765
f 257/766/766 304/767/767 256/768/768
f 257/769/769 306/770/770 305/771/771
f 258/772/772 307/773/773 306/774/774
f 259/775/775 308/776/776 307/777/777
f 260/778/778 309/779/779 308/780/780
f 262/781/781 309/782/782 261/783/783
f 263/784/784 310/785/785 262/786/786
f 264/787/787 311/788/788 263/789/789
f 265/790/790 312/791/791 264/792/792
f 266/793/793 313/794/794 265/795/795
f 266/796/796 315/797/797 314/798/798
f 268/799/799 315/800/800 267/801/801
f 268/802/802 317/803/803 316/804/804
f 270/805/805 317/806/806 269/807/807
f 270/808/808 319/809/809 318/810/810
f 272/811/811 319/812/812 271/813/813
f 272/814/814 321/815/815 320/816/816
f 273/817/817 322/818/818 321/819/819
f 275/820/820 322/821/821 274/822/822
f 276/823/823 323/824/824 275/825/825
f 277/826/826 324/827/827 276/828/828
f 277/829/829 326/830/830 325/831/831
f 278/832/832 327/833/833 326/834/834
f 279/835/835 328/836/836 327/837/837
f 281/838/838 328/839/839 280/840/840
f 282/841/841 329/842/842 281/843/843
f 282/844/844 331/845/845 330/846/846
f 284/847/847 331/848/848 283/849/849
f 284/850/850 333/851/851 332/852/852
f 286/853/853 333/854/854 285/855/855
f 286/856/856 335/857/857 334/858/858
f 288/859/859 335/860/860 287/861/861
f 241/862/862 336/863/863 288/864/864
f 290/865/865 337/866/866 289/867/867
f 291/868/868 338/869/869 290/870/870
f 292/871/871 339/872/872 291/873/873
f 293/874/874 340/875/875 292/876/876
f 294/877/877 341/878/878 293/879/879
f 294/880/880 343/881/881 342/882/882
f 296/883/883 343/884/884 295/885/885
f 297/886/886 344/887/887 296/888/888
f 298/889/889 345/890/890 297/891/891
f 298/892/892 347/893/893 346/894/894
f 300/895/895 347/896/896 299/897/897
f 301/898/898 348/899/899 300/900/900
f 302/901/901 349/902/902 301/903/903
f 302/904/904 351/905/905 350/906/906
f 304/907/907 351/908/908 303/909/909
f 304/910/910 353/911/911 352/912/912
f 305/913/913 354/914/914 353/915/915
f 306/916/916 355/917/917 354/918/918
f 308/919/919 355/920/920 307/921/921
f 308/922/922 357/923/923 356/924/924
f 309/925/925 358/926/926 357/927/927
f 310/928/928 359/929/929 358/930/930
f 311/931/931 360/932/932 359/933/933
f 313/934/934 360/935/935 312/936/936
f 313/937/937 362/938/938 361/939/939
f 314/940/940 363/941/941 362/942/942
f 316/943/943 363/944/944 315/945/945
f 317/946/946 364/947/947 316/948/948
f 318/949/949 365/950/950 317/951/951
f 318/952/952 367/953/953 366/954/954
f 319/955/955 368/956/956 367/957/957
f 321/958/958 368/959/959 320/960/960
f 321/961/961 370/962/962 369/963/963
f 322/964/964 371/965/965 370/966/966
f 323/967/967 372/968/968 371/969/969
f 325/970/970 372/971/971 324/972/972
f 326/973/973 373/974/974 325/975/975
f 327/976/976 374/977/977 326/978/978
f 328/979/979 375/980/980 327/981/981
f 329/982/982 376/983/983 328/984/984
f 329/985/985 378/986/986 377/987/987
f 331/988/988 378/989/989 330/990/990
f 332/991/991 379/992/992 331/993/993
f 332/994/994 381/995/995 380/996/996
f 333/997/997 382/998/998 381/999/999
f 334/1000/1000 383/1001/1001 382/1002/1002
f 336/1003/1003 383/1004/1004 335/1005/1005
f 289/1006/1006 384/1007/1007 336/1008/1008
f 41/1009/1009 33/1010/1010 25/1011/1011
f 344/1012/1012 352/1013/1013 360/1014/1014
f 1/1015/1015 2/1016/1016 50/1017/1017
f 2/1018/1018 3/1019/1019 51/1020/1020
f 3/1021/1021 4/1022/1022 52/1023/1023
f 4/1024/1024 5/1025/1025 53/1026/1026
f 5/1027/1027 6/1028/1028 54/1029/1029
f 7/1030/1030 55/1031/1031 54/1032/1032
f 7/1033/1033 8/1034/1034 56/1035/1035
f 8/1036/1036 9/1037/1037 57/1038/1038
f 9/1039/1039 10/1040/1040 58/1041/1041
f 11/1042/1042 59/1043/1043 58/1044/1044
f 11/1045/1045 12/1046/1046 60/1047/1047
f 12/1048/1048 13/1049/1049 61/1050/1050
f 13/1051/1051 14/1052/1052 62/1053/1053
f 15/1054/1054 63/1055/1055 62/1056/1056
f 15/1057/1057 16/1058/1058 64/1059/1059
f 17/1060/1060 65/1061/1061 64/1062/1062
f 18/1063/1063 66/1064/1064 65/1065/1065
f 19/1066/1066 67/1067/1067 66/1068/1068
f 19/1069/1069 20/1070/1070 68/1071/1071
f 21/1072/1072 69/1073/1073 68/1074/1074
f 22/1075/1075 70/1076/1076 69/1077/1077
f 23/1078/1078 71/1079/1079 70/1080/1080
f 24/1081/1081 72/1082/1082 71/1083/1083
f 24/1084/1084 25/1085/1085 73/1086/1086
f 26/1087/1087 74/1088/1088 73/1089/1089
f 27/1090/1090 75/1091/1091 74/1092/1092
f 27/1093/1093 28/1094/1094 76/1095/1095
f 28/1096/1096 29/1097/1097 77/1098/1098
f 29/1099/1099 30/1100/1100 78/1101/1101
f 31/1102/1102 79/1103/1103 78/1104/1104
f 32/1105/1105 80/1106/1106 79/1107/1107
f 32/1108/1108 33/1109/1109 81/1110/1110
f 34/1111/1111 82/1112/1112 81/1113/1113
f 35/1114/1114 83/1115/1115 82/1116/1116
f 36/1117/1117 84/1118/1118 83/1119/1119
f 36/1120/1120 37/1121/1121 85/1122/1122
f 37/1123/1123 38/1124/1124 86/1125/1125
f 38/1126/1126 39/1127/1127 87/1128/1128
f 39/1129/1129 40/1130/1130 88/1131/1131
f 40/1132/1132 41/1133/1133 89/1134/1134
f 42/1135/1135 90/1136/1136 89/1137/1137
f 42/1138/1138 43/1139/1139 91/1140/1140
f 43/1141/1141 44/1142/1142 92/1143/1143
f 45/1144/1144 93/1145/1145 92/1146/1146
f 46/1147/1147 94/1148/1148 93/1149/1149
f 47/1150/1150 95/1151/1151 94/1152/1152
f 47/1153/1153 48/1154/1154 96/1155/1155
f 48/1156/1156 1/1157/1157 49/1158/1158
f 50/1159/1159 98/1160/1160 97/1161/1161
f 51/1162/1162 99/1163/1163 98/1164/1164
f 52/1165/1165 100/1166/1166 99/1167/1167
f 53/1168/1168 101/1169/1169 100/1170/1170
f 53/1171/1171 54/1172/1172 102/1173/1173
f 54/1174/1174 55/1175/1175 103/1176/1176
f 55/1177/1177 56/1178/1178 104/1179/1179
f 56/1180/1180 57/1181/1181 105/1182/1182
f 58/1183/1183 106/1184/1184 105/1185/1185
f 59/1186/1186 107/1187/1187 106/1188/1188
f 60/1189/1189 108/1190/1190 107/1191/1191
f 60/1192/1192 61/1193/1193 109/1194/1194
f 62/1195/1195 110/1196/1196 109/1197/1197
f 62/1198/1198 63/1199/1199 111/1200/1200
f 63/1201/1201 64/1202/1202 112/1203/1203
f 64/1204/1204 65/1205/1205 113/1206/1206
f 66/1207/1207 114/1208/1208 113/1209/1209
f 67/1210/1210 115/1211/1211 114/1212/1212
f 68/1213/1213 116/1214/1214 115/1215/1215
f 69/1216/1216 117/1217/1217 116/1218/1218
f 69/1219/1219 70/1220/1220 118/1221/1221
f 70/1222/1222 71/1223/1223 119/1224/1224
f 71/1225/1225 72/1226/1226 120/1227/1227
f 72/1228/1228 73/1229/1229 121/1230/1230
f 73/1231/1231 74/1232/1232 122/1233/1233
f 75/1234/1234 123/1235/1235 122/1236/1236
f 75/1237/1237 76/1238/1238 124/1239/1239
f 77/1240/1240 125/1241/1241 124/1242/1242
f 77/1243/1243 78/1244/1244 126/1245/1245
f 79/1246/1246 127/1247/1247 126/1248/1248
f 79/1249/1249 80/1250/1250 128/1251/1251
f 81/1252/1252 129/1253/1253 128/1254/1254
f 82/1255/1255 130/1256/1256 129/1257/1257
f 82/1258/1258 83/1259/1259 131/1260/1260
f 83/1261/1261 84/1262/1262 132/1263/1263
f 84/1264/1264 85/1265/1265 133/1266/1266
f 86/1267/1267 134/1268/1268 133/1269/1269
f 87/1270/1270 135/1271/1271 134/1272/1272
f 88/1273/1273 136/1274/1274 135/1275/1275
f 88/1276/1276 89/1277/1277 137/1278/1278
f 89/1279/1279 90/1280/1280 138/1281/1281
f 91/1282/1282 139/1283/1283 138/1284/1284
f 91/1285/1285 92/1286/1286 140/1287/1287
f 93/1288/1288 141/1289/1289 140/1290/1290
f 93/1291/1291 94/1292/1292 142/1293/1293
f 95/1294/1294 143/1295/1295 142/1296/1296
f 95/1297/1297 96/1298/1298 144/1299/1299
f 96/1300/1300 49/1301/1301 97/1302/1302
f 97/1303/1303 98/1304/1304 146/1305/1305
f 98/1306/1306 99/1307/1307 147/1308/1308
f 99/1309/1309 100/1310/1310 148/1311/1311
f 100/1312/1312 101/1313/1313 149/1314/1314
f 101/1315/1315 102/1316/1316 150/1317/1317
f 103/1318/1318 151/1319/1319 150/1320/1320
f 104/1321/1321 152/1322/1322 151/1323/1323
f 105/1324/1324 153/1325/1325 152/1326/1326
f 106/1327/1327 154/1328/1328 153/1329/1329
f 106/1330/1330 107/1331/1331 155/1332/1332
f 107/1333/1333 108/1334/1334 156/1335/1335
f 108/1336/1336 109/1337/1337 157/1338/1338
f 110/1339/1339 158/1340/1340 157/1341/1341
f 111/1342/1342 159/1343/1343 158/1344/1344
f 112/1345/1345 160/1346/1346 159/1347/1347
f 112/1348/1348 113/1349/1349 161/1350/1350
f 113/1351/1351 114/1352/1352 162/1353/1353
f 114/1354/1354 115/1355/1355 163/1356/1356
f 115/1357/1357 116/1358/1358 164/1359/1359
f 117/1360/1360 165/1361/1361 164/1362/1362
f 118/1363/1363 166/1364/1364 165/1365/1365
f 119/1366/1366 167/1367/1367 166/1368/1368
f 120/1369/1369 168/1370/1370 167/1371/1371
f 120/1372/1372 121/1373/1373 169/1374/1374
f 122/1375/1375 170/1376/1376 169/1377/1377
f 123/1378/1378 171/1379/1379 170/1380/1380
f 124/1381/1381 172/1382/1382 171/1383/1383
f 124/1384/1384 125/1385/1385 173/1386/1386
f 126/1387/1387 174/1388/1388 173/1389/1389
f 127/1390/1390 175/1391/1391 174/1392/1392
f 128/1393/1393 176/1394/1394 175/1395/1395
f 129/1396/1396 177/1397/1397 176/1398/1398
f 130/1399/1399 178/1400/1400 177/1401/1401
f 131/1402/1402 179/1403/1403 178/1404/1404
f 132/1405/1405 180/1406/1406 179/1407/1407
f 132/1408/1408 133/1409/1409 181/1410/1410
f 134/1411/1411 182/1412/1412 181/1413/1413
f 134/1414/1414 135/1415/1415 183/1416/1416
f 135/1417/1417 136/1418/1418 184/1419/1419
f 136/1420/1420 137/1421/1421 185/1422/1422
f 137/1423/1423 138/1424/1424 186/1425/1425
f 138/1426/1426 139/1427/1427 187/1428/1428
f 139/1429/1429 140/1430/1430 188/1431/1431
f 140/1432/1432 141/1433/1433 189/1434/1434
f 142/1435/1435 190/1436/1436 189/1437/1437
f 142/1438/1438 143/1439/1439 191/1440/1440
f 143/1441/1441 144/1442/1442 192/1443/1443
f 144/1444/1444 97/1445/1445 145/1446/1446
f 146/1447/1447 194/1448/1448 193/1449/1449
f 147/1450/1450 195/1451/1451 194/1452/1452
f 148/1453/1453 196/1454/1454 195/1455/1455
f 149/1456/1456 197/1457/1457 196/1458/1458
f 150/1459/1459 198/1460/1460 197/1461/1461
f 151/1462/1462 199/1463/1463 198/1464/1464
f 152/1465/1465 200/1466/1466 199/1467/1467
f 153/1468/1468 201/1469/1469 200/1470/1470
f 154/1471/1471 202/1472/1472 201/1473/1473
f 155/1474/1474 203/1475/1475 202/1476/1476
f 156/1477/1477 204/1478/1478 203/1479/1479
f 157/1480/1480 205/1481/1481 204/1482/1482
f 158/1483/1483 206/1484/1484 205/1485/1485
f 159/1486/1486 207/1487/1487 206/1488/1488
f 160/1489/1489 208/1490/1490 207/1491/1491
f 161/1492/1492 209/1493/1493 208/1494/1494
f 162/1495/1495 210/1496/1496 209/1497/1497
f 163/1498/1498 211/1499/1499 210/1500/1500
f 164/1501/1501 212/1502/1502 211/1503/1503
f 165/1504/1504 213/1505/1505 212/1506/1506
f 166/1507/1507 214/1508/1508 213/1509/1509
f 167/1510/1510 215/1511/1511 214/1512/1512
f 168/1513/1513 216/1514/1514 215/1515/1515
f 169/1516/1516 217/1517/1517 216/1518/1518
f 170/1519/1519 218/1520/1520 217/1521/1521
f 171/1522/1522 219/1523/1523 218/1524/1524
f 172/1525/1525 220/1526/1526 219/1527/1527
f 173/1528/1528 221/1529/1529 220/1530/1530
f 174/1531/1531 222/1532/1532 221/1533/1533
f 175/1534/1534 223/1535/1535 222/1536/1536
f 176/1537/1537 224/1538/1538 223/1539/1539
f 177/1540/1540 225/1541/1541 224/1542/1542
f 178/1543/1543 226/1544/1544 225/1545/1545
f 179/1546/1546 227/1547/1547 226/1548/1548
f 180/1549/1549 228/1550/1550 227/1551/1551
f 181/1552/1552 229/1553/1553 228/1554/1554
f 182/1555/1555 230/1556/1556 229/1557/1557
f 183/1558/1558 231/1559/1559 230/1560/1560
f 184/1561/1561 232/1562/1562 231/1563/1563
f 185/1564/1564 233/1565/1565 232/1566/1566
f 186/1567/1567 234/1568/1568 233/1569/1569
f 187/1570/1570 235/1571/1571 234/1572/1572
f 188/1573/1573 236/1574/1574 235/1575/1575
f 189/1576/1576 237/1577/1577 236/1578/1578
f 190/1579/1579 238/1580/1580 237/1581/1581
f 191/1582/1582 239/1583/1583 238/1584/1584
f 192/1585/1585 240/1586/1586 239/1587/1587
f 145/1588/1588 193/1589/1589 240/1590/1590
f 194/1591/1591 242/1592/1592 241/1593/1593
f 195/1594/1594 243/1595/1595 242/1596/1596
f 196/1597/1597 244/1598/1598 243/1599/1599
f 197/1600/1600 245/1601/1601 244/1602/1602
f 198/1603/1603 246/1604/1604 245/1605/1605
f 198/1606/1606 199/1607/1607 247/1608/1608
f 199/1609/1609 200/1610/1610 248/1611/1611
f 200/1612/1612 201/1613/1613 249/1614/1614
f 201/1615/1615 202/1616/1616 250/1617/1617
f 203/1618/1618 251/1619/1619 250/1620/1620
f 204/1621/1621 252/1622/1622 251/1623/1623
f 205/1624/1624 253/1625/1625 252/1626/1626
f 205/1627/1627 206/1628/1628 254/1629/1629
f 206/1630/1630 207/1631/1631 255/1632/1632
f 207/1633/1633 208/1634/1634 256/1635/1635
f 209/1636/1636 257/1637/1637 256/1638/1638
f 210/1639/1639 258/1640/1640 257/1641/1641
f 211/1642/1642 259/1643/1643 258/1644/1644
f 212/1645/1645 260/1646/1646 259/1647/1647
f 212/1648/1648 213/1649/1649 261/1650/1650
f 213/1651/1651 214/1652/1652 262/1653/1653
f 214/1654/1654 215/1655/1655 263/1656/1656
f 215/1657/1657 216/1658/1658 264/1659/1659
f 217/1660/1660 265/1661/1661 264/1662/1662
f 217/1663/1663 218/1664/1664 266/1665/1665
f 218/1666/1666 219/1667/1667 267/1668/1668
f 219/1669/1669 220/1670/1670 268/1671/1671
f 221/1672/1672 269/1673/1673 268/1674/1674
f 221/1675/1675 222/1676/1676 270/1677/1677
f 222/1678/1678 223/1679/1679 271/1680/1680
f 223/1681/1681 224/1682/1682 272/1683/1683
f 224/1684/1684 225/1685/1685 273/1686/1686
f 225/1687/1687 226/1688/1688 274/1689/1689
f 226/1690/1690 227/1691/1691 275/1692/1692
f 227/1693/1693 228/1694/1694 276/1695/1695
f 229/1696/1696 277/1697/1697 276/1698/1698
f 229/1699/1699 230/1700/1700 278/1701/1701
f 231/1702/1702 279/1703/1703 278/1704/1704
f 232/1705/1705 280/1706/1706 279/1707/1707
f 233/1708/1708 281/1709/1709 280/1710/1710
f 234/1711/1711 282/1712/1712 281/1713/1713
f 235/1714/1714 283/1715/1715 282/1716/1716
f 236/1717/1717 284/1718/1718 283/1719/1719
f 237/1720/1720 285/1721/1721 284/1722/1722
f 237/1723/1723 238/1724/1724 286/1725/1725
f 239/1726/1726 287/1727/1727 286/1728/1728
f 240/1729/1729 288/1730/1730 287/1731/1731
f 193/1732/1732 241/1733/1733 288/1734/1734
f 241/1735/1735 242/1736/1736 290/1737/1737
f 242/1738/1738 243/1739/1739 291/1740/1740
f 243/1741/1741 244/1742/1742 292/1743/1743
f 244/1744/1744 245/1745/1745 293/1746/1746
f 246/1747/1747 294/1748/1748 293/1749/1749
f 247/1750/1750 295/1751/1751 294/1752/1752
f 248/1753/1753 296/1754/1754 295/1755/1755
f 249/1756/1756 297/1757/1757 296/1758/1758
f 249/1759/1759 250/1760/1760 298/1761/1761
f 250/1762/1762 251/1763/1763 299/1764/1764
f 251/1765/1765 252/1766/1766 300/1767/1767
f 253/1768/1768 301/1769/1769 300/1770/1770
f 253/1771/1771 254/1772/1772 302/1773/1773
f 255/1774/1774 303/1775/1775 302/1776/1776
f 256/1777/1777 304/1778/1778 303/1779/1779
f 257/1780/1780 305/1781/1781 304/1782/1782
f 257/1783/1783 258/1784/1784 306/1785/1785
f 258/1786/1786 259/1787/1787 307/1788/1788
f 259/1789/1789 260/1790/1790 308/1791/1791
f 260/1792/1792 261/1793/1793 309/1794/1794
f 262/1795/1795 310/1796/1796 309/1797/1797
f 263/1798/1798 311/1799/1799 310/1800/1800
f 264/1801/1801 312/1802/1802 311/1803/1803
f 265/1804/1804 313/1805/1805 312/1806/1806
f 266/1807/1807 314/1808/1808 313/1809/1809
f 266/1810/1810 267/1811/1811 315/1812/1812
f 268/1813/1813 316/1814/1814 315/1815/1815
f 268/1816/1816 269/1817/1817 317/1818/1818
f 270/1819/1819 318/1820/1820 317/1821/1821
f 270/1822/1822 271/1823/1823 319/1824/1824
f 272/1825/1825 320/1826/1826 319/1827/1827
f 272/1828/1828 273/1829/1829 321/1830/1830
f 273/1831/1831 274/1832/1832 322/1833/1833
f 275/1834/1834 323/1835/1835 322/1836/1836
f 276/1837/1837 324/1838/1838 323/1839/1839
f 277/1840/1840 325/1841/1841 324/1842/1842
f 277/1843/1843 278/1844/1844 326/1845/1845
f 278/1846/1846 279/1847/1847 327/1848/1848
f 279/1849/1849 280/1850/1850 328/1851/1851
f 281/1852/1852 329/1853/1853 328/1854/1854
f 282/1855/1855 330/1856/1856 329/1857/1857
f 282/1858/1858 283/1859/1859 331/1860/1860
f 284/1861/1861 332/1862/1862 331/1863/1863
f 284/1864/1864 285/1865/1865 333/1866/1866
f 286/1867/1867 334/1868/1868 333/1869/1869
f 286/1870/1870 287/1871/1871 335/1872/1872
f 288/1873/1873 336/1874/1874 335/1875/1875
f 241/1876/1876 289/1877/1877 336/1878/1878
f 290/1879/1879 338/1880/1880 337/1881/1881
f 291/1882/1882 339/1883/1883 338/1884/1884
f 292/1885/1885 340/1886/1886 339/1887/1887
f 293/1888/1888 341/1889/1889 340/1890/1890
f 294/1891/1891 342/1892/1892 341/1893/1893
f 294/1894/1894 295/1895/1895 343/1896/1896
f 296/1897/1897 344/1898/1898 343/1899/1899
f 297/1900/1900 345/1901/1901 344/1902/1902
f 298/1903/1903 346/1904/1904 345/1905/1905
f 298/1906/1906 299/1907/1907 347/1908/1908
f 300/1909/1909 348/1910/1910 347/1911/1911
f 301/1912/1912 349/1913/1913 348/1914/1914
f 302/1915/1915 350/1916/1916 349/1917/1917
f 302/1918/1918 303/1919/1919 351/1920/1920
f 304/1921/1921 352/1922/1922 351/1923/1923
f 304/1924/1924 305/1925/1925 353/1926/1926
f 305/1927/1927 306/1928/1928 354/1929/1929
f 306/1930/1930 307/1931/1931 355/1932/1932
f 308/1933/1933 356/1934/1934 355/1935/1935
f 308/1936/1936 309/1937/1937 357/1938/1938
f 309/1939/1939 310/1940/1940 358/1941/1941
f 310/1942/1942 311/1943/1943 359/1944/1944
f 311/1945/1945 312/1946/1946 360/1947/1947
f 313/1948/1948 361/1949/1949 360/1950/1950
f 313/1951/1951 314/1952/1952 362/1953/1953
f 314/1954/1954 315/1955/1955 363/1956/1956
f 316/1957/1957 364/1958/1958 363/1959/1959
f 317/1960/1960 365/1961/1961 364/1962/1962
f 318/1963/1963 366/1964/1964 365/1965/1965
f 318/1966/1966 319/1967/1967 367/1968/1968
f 319/1969/1969 320/1970/1970 368/1971/1971
f 321/1972/1972 369/1973/1973 368/1974/1974
f 321/1975/1975 322/1976/1976 370/1977/1977
f 322/1978/1978 323/1979/1979 371/1980/1980
f 323/1981/1981 324/1982/1982 372/1983/1983
f 325/1984/1984 373/1985/1985 372/1986/1986
f 326/1987/1987 374/1988/1988 373/1989/1989
f 327/1990/1990 375/1991/1991 374/1992/1992
f 328/1993/1993 376/1994/1994 375/1995/1995
f 329/1996/1996 377/1997/1997 376/1998/1998
f 329/1999/1999 330/2000/2000 378/2001/2001
f 331/2002/2002 379/2003/2003 378/2004/2004
f 332/2005/2005 380/2006/2006 379/2007/2007
f 332/2008/2008 333/2009/2009 381/2010/2010
f 333/2011/2011 334/2012/2012 382/2013/2013
f 334/2014/2014 335/2015/2015 383/2016/2016
f 336/2017/2017 384/2018/2018 383/2019/2019
f 289/2020/2020 337/2021/2021 384/2022/2022
f 1/2023/2023 48/2024/2024 25/2025/2025
f 48/2026/2026 47/2027/2027 41/2028/2028
f 25/2029/2029 48/2030/2030 41/2031/2031
f 47/2032/2032 46/2033/2033 45/2034/2034
f 45/2035/2035 44/2036/2036 41/2037/2037
f 44/2038/2038 43/2039/2039 41/2040/2040
f 43/2041/2041 42/2042/2042 41/2043/2043
f 41/2044/2044 40/2045/2045 39/2046/2046
f 39/2047/2047 38/2048/2048 41/2049/2049
f 38/2050/2050 37/2051/2051 41/2052/2052
f 37/2053/2053 36/2054/2054 33/2055/2055
f 36/2056/2056 35/2057/2057 33/2058/2058
f 35/2059/2059 34/2060/2060 33/2061/2061
f 33/2062/2062 32/2063/2063 31/2064/2064
f 31/2065/2065 30/2066/2066 33/2067/2067
f 30/2068/2068 29/2069/2069 33/2070/2070
f 29/2071/2071 28/2072/2072 27/2073/2073
f 27/2074/2074 26/2075/2075 29/2076/2076
f 26/2077/2077 25/2078/2078 29/2079/2079
f 25/2080/2080 24/2081/2081 1/2082/2082
f 24/2083/2083 23/2084/2084 17/2085/2085
f 1/2086/2086 24/2087/2087 13/2088/2088
f 23/2089/2089 22/2090/2090 21/2091/2091
f 21/2092/2092 20/2093/2093 17/2094/2094
f 20/2095/2095 19/2096/2096 17/2097/2097
f 19/2098/2098 18/2099/2099 17/2100/2100
f 17/2101/2101 16/2102/2102 13/2103/2103
f 16/2104/2104 15/2105/2105 13/2106/2106
f 15/2107/2107 14/2108/2108 13/2109/2109
f 13/2110/2110 12/2111/2111 1/2112/2112
f 12/2113/2113 11/2114/2114 9/2115/2115
f 11/2116/2116 10/2117/2117 9/2118/2118
f 9/2119/2119 8/2120/2120 7/2121/2121
f 7/2122/2122 6/2123/2123 9/2124/2124
f 6/2125/2125 5/2126/2126 9/2127/2127
f 5/2128/2128 4/2129/2129 3/2130/2130
f 3/2131/2131 2/2132/2132 1/2133/2133
f 47/2134/2134 45/2135/2135 41/2136/2136
f 23/2137/2137 21/2138/2138 17/2139/2139
f 24/2140/2140 17/2141/2141 13/2142/2142
f 12/2143/2143 9/2144/2144 1/2145/2145
f 5/2146/2146 3/2147/2147 9/2148/2148
f 3/2149/2149 1/2150/2150 9/2151/2151
f 41/2152/2152 37/2153/2153 33/2154/2154
f 33/2155/2155 29/2156/2156 25/2157/2157
f 384/2158/2158 337/2159/2159 361/2160/2160
f 337/2161/2161 338/2162/2162 344/2163/2163
f 360/2164/2164 337/2165/2165 344/2166/2166
f 338/2167/2167 339/2168/2168 340/2169/2169
f 340/2170/2170 341/2171/2171 344/2172/2172
f 341/2173/2173 342/2174/2174 344/2175/2175
f 342/2176/2176 343/2177/2177 344/2178/2178
f 344/2179/2179 345/2180/2180 348/2181/2181
f 345/2182/2182 346/2183/2183 348/2184/2184
f 346/2185/2185 347/2186/2186 348/2187/2187
f 348/2188/2188 349/2189/2189 352/2190/2190
f 349/2191/2191 350/2192/2192 352/2193/2193
f 350/2194/2194 351/2195/2195 352/2196/2196
f 352/2197/2197 353/2198/2198 356/2199/2199
f 353/2200/2200 354/2201/2201 356/2202/2202
f 354/2203/2203 355/2204/2204 356/2205/2205
f 356/2206/2206 357/2207/2207 358/2208/2208
f 358/2209/2209 359/2210/2210 356/2211/2211
f 359/2212/2212 360/2213/2213 356/2214/2214
f 360/2215/2215 361/2216/2216 337/2217/2217
f 361/2218/2218 362/2219/2219 368/2220/2220
f 384/2221/2221 361/2222/2222 372/2223/2223
f 362/2224/2224 363/2225/2225 364/2226/2226
f 364/2227/2227 365/2228/2228 368/2229/2229
f 365/2230/2230 366/2231/2231 368/2232/2232
f 366/2233/2233 367/2234/2234 368/2235/2235
f 368/2236/2236 369/2237/2237 372/2238/2238
f 369/2239/2239 370/2240/2240 372/2241/2241
f 370/2242/2242 371/2243/2243 372/2244/2244
f 372/2245/2245 373/2246/2246 384/2247/2247
f 373/2248/2248 374/2249/2249 376/2250/2250
f 374/2251/2251 375/2252/2252 376/2253/2253
f 376/2254/2254 377/2255/2255 380/2256/2256
f 377/2257/2257 378/2258/2258 380/2259/2259
f 378/2260/2260 379/2261/2261 380/2262/2262
f 380/2263/2263 381/2264/2264 384/2265/2265
f 381/2266/2266 382/2267/2267 384/2268/2268
f 382/2269/2269 383/2270/2270 384/2271/2271
f 338/2272/2272 340/2273/2273 344/2274/2274
f 362/2275/2275 364/2276/2276 368/2277/2277
f 361/2278/2278 368/2279/2279 372/2280/2280
f 373/2281/2281 376/2282/2282 384/2283/2283
f 344/2284/2284 348/2285/2285 352/2286/2286
f 352/2287/2287 356/2288/2288 360/2289/2289
f 376/2290/2290 380/2291/2291 384/2292/2292
