# Original procedural X5 mesh; meters; +X front, +Y left, +Z up
o machined_ring_edge_1
v 0.0146500003 0.0147000002 0.1040000021
v 0.0146500003 0.0146822939 0.1047213003
v 0.0146500003 0.0146292159 0.1054408550
v 0.0146500003 0.0145408949 0.1061569452
v 0.0146500003 0.0144175440 0.1068678349
v 0.0146500003 0.0142594604 0.1075718105
v 0.0146500003 0.0140670240 0.1082671881
v 0.0146500003 0.0138406977 0.1089522839
v 0.0146500003 0.0135810291 0.1096254513
v 0.0146500003 0.0132886432 0.1102850586
v 0.0146500003 0.0129642440 0.1109295413
v 0.0146500003 0.0126086110 0.1115573198
v 0.0146500003 0.0122226030 0.1121668890
v 0.0146500003 0.0118071511 0.1127567887
v 0.0146500003 0.0113632539 0.1133255884
v 0.0146500003 0.0108919814 0.1138719246
v 0.0146500003 0.0103944698 0.1143944785
v 0.0146500003 0.0098719168 0.1148919910
v 0.0146500003 0.0093255816 0.1153632551
v 0.0146500003 0.0087567801 0.1158071607
v 0.0146500003 0.0081668831 0.1162226051
v 0.0146500003 0.0075573106 0.1166086197
v 0.0146500003 0.0069295322 0.1169642434
v 0.0146500003 0.0062850602 0.1172886491
v 0.0146500003 0.0056254468 0.1175810397
v 0.0146500003 0.0049522812 0.1178407073
v 0.0146500003 0.0042671850 0.1180670261
v 0.0146500003 0.0035718088 0.1182594672
v 0.0146500003 0.0028678279 0.1184175462
v 0.0146500003 0.0021569382 0.1185408980
v 0.0146500003 0.0014408519 0.1186292171
v 0.0146500003 0.0007212948 0.1186823025
v 0.0146500003 0.0000000000 0.1187000051
v 0.0146500003 -0.0007212948 0.1186823025
v 0.0146500003 -0.0014408519 0.1186292171
v 0.0146500003 -0.0021569382 0.1185408980
v 0.0146500003 -0.0028678279 0.1184175462
v 0.0146500003 -0.0035718088 0.1182594672
v 0.0146500003 -0.0042671850 0.1180670261
v 0.0146500003 -0.0049522812 0.1178407073
v 0.0146500003 -0.0056254468 0.1175810397
v 0.0146500003 -0.0062850602 0.1172886491
v 0.0146500003 -0.0069295322 0.1169642434
v 0.0146500003 -0.0075573106 0.1166086197
v 0.0146500003 -0.0081668831 0.1162226051
v 0.0146500003 -0.0087567801 0.1158071607
v 0.0146500003 -0.0093255816 0.1153632551
v 0.0146500003 -0.0098719168 0.1148919910
v 0.0146500003 -0.0103944698 0.1143944785
v 0.0146500003 -0.0108919814 0.1138719246
v 0.0146500003 -0.0113632539 0.1133255884
v 0.0146500003 -0.0118071511 0.1127567887
v 0.0146500003 -0.0122226030 0.1121668890
v 0.0146500003 -0.0126086110 0.1115573198
v 0.0146500003 -0.0129642440 0.1109295413
v 0.0146500003 -0.0132886432 0.1102850586
v 0.0146500003 -0.0135810291 0.1096254513
v 0.0146500003 -0.0138406977 0.1089522839
v 0.0146500003 -0.0140670240 0.1082671881
v 0.0146500003 -0.0142594604 0.1075718105
v 0.0146500003 -0.0144175440 0.1068678349
v 0.0146500003 -0.0145408949 0.1061569452
v 0.0146500003 -0.0146292159 0.1054408550
v 0.0146500003 -0.0146822939 0.1047213003
v 0.0146500003 -0.0147000002 0.1040000021
v 0.0146500003 -0.0146822939 0.1032787040
v 0.0146500003 -0.0146292159 0.1025591567
v 0.0146500003 -0.0145408949 0.1018430665
v 0.0146500003 -0.0144175440 0.1011321768
v 0.0146500003 -0.0142594604 0.1004281938
v 0.0146500003 -0.0140670240 0.0997328237
v 0.0146500003 -0.0138406977 0.0990477279
v 0.0146500003 -0.0135810291 0.0983745605
v 0.0146500003 -0.0132886432 0.0977149457
v 0.0146500003 -0.0129642440 0.0970704705
v 0.0146500003 -0.0126086110 0.0964426920
v 0.0146500003 -0.0122226030 0.0958331227
v 0.0146500003 -0.0118071511 0.0952432230
v 0.0146500003 -0.0113632539 0.0946744233
v 0.0146500003 -0.0108919814 0.0941280872
v 0.0146500003 -0.0103944698 0.0936055332
v 0.0146500003 -0.0098719168 0.0931080207
v 0.0146500003 -0.0093255816 0.0926367566
v 0.0146500003 -0.0087567801 0.0921928510
v 0.0146500003 -0.0081668831 0.0917773992
v 0.0146500003 -0.0075573106 0.0913913921
v 0.0146500003 -0.0069295322 0.0910357609
v 0.0146500003 -0.0062850602 0.0907113627
v 0.0146500003 -0.0056254468 0.0904189721
v 0.0146500003 -0.0049522812 0.0901593044
v 0.0146500003 -0.0042671850 0.0899329782
v 0.0146500003 -0.0035718088 0.0897405446
v 0.0146500003 -0.0028678279 0.0895824656
v 0.0146500003 -0.0021569382 0.0894591138
v 0.0146500003 -0.0014408519 0.0893707946
v 0.0146500003 -0.0007212948 0.0893177092
v 0.0146500003 -0.0000000000 0.0893000066
v 0.0146500003 0.0007212948 0.0893177092
v 0.0146500003 0.0014408519 0.0893707946
v 0.0146500003 0.0021569382 0.0894591138
v 0.0146500003 0.0028678279 0.0895824656
v 0.0146500003 0.0035718088 0.0897405446
v 0.0146500003 0.0042671850 0.0899329782
v 0.0146500003 0.0049522812 0.0901593044
v 0.0146500003 0.0056254468 0.0904189721
v 0.0146500003 0.0062850602 0.0907113627
v 0.0146500003 0.0069295322 0.0910357609
v 0.0146500003 0.0075573106 0.0913913921
v 0.0146500003 0.0081668831 0.0917773992
v 0.0146500003 0.0087567801 0.0921928510
v 0.0146500003 0.0093255816 0.0926367566
v 0.0146500003 0.0098719168 0.0931080207
v 0.0146500003 0.0103944698 0.0936055332
v 0.0146500003 0.0108919814 0.0941280872
v 0.0146500003 0.0113632539 0.0946744233
v 0.0146500003 0.0118071511 0.0952432230
v 0.0146500003 0.0122226030 0.0958331227
v 0.0146500003 0.0126086110 0.0964426920
v 0.0146500003 0.0129642440 0.0970704705
v 0.0146500003 0.0132886432 0.0977149457
v 0.0146500003 0.0135810291 0.0983745605
v 0.0146500003 0.0138406977 0.0990477279
v 0.0146500003 0.0140670240 0.0997328237
v 0.0146500003 0.0142594604 0.1004281938
v 0.0146500003 0.0144175440 0.1011321768
v 0.0146500003 0.0145408949 0.1018430665
v 0.0146500003 0.0146292159 0.1025591567
v 0.0146500003 0.0146822939 0.1032787040
v 0.0147500010 0.0147800008 0.1040000021
v 0.0147500010 0.0147621976 0.1047252268
v 0.0147500010 0.0147088310 0.1054487005
v 0.0147500010 0.0146200294 0.1061686799
v 0.0147500010 0.0144960070 0.1068834439
v 0.0147500010 0.0143370628 0.1075912490
v 0.0147500010 0.0141435796 0.1082904115
v 0.0147500010 0.0139160221 0.1089792401
v 0.0147500010 0.0136549408 0.1096560657
v 0.0147500010 0.0133609623 0.1103192717
v 0.0147500010 0.0130347973 0.1109672487
v 0.0147500010 0.0126772299 0.1115984470
v 0.0147500010 0.0122891208 0.1122113317
v 0.0147500010 0.0118714077 0.1128044426
v 0.0147500010 0.0114250956 0.1133763418
v 0.0147500010 0.0109512582 0.1139256507
v 0.0147500010 0.0104510393 0.1144510433
v 0.0147500010 0.0099256411 0.1149512604
v 0.0147500010 0.0093763331 0.1154251024
v 0.0147500010 0.0088044358 0.1158714145
v 0.0147500010 0.0082113286 0.1162891313
v 0.0147500010 0.0075984392 0.1166772395
v 0.0147500010 0.0069672442 0.1170348004
v 0.0147500010 0.0063192649 0.1173609644
v 0.0147500010 0.0056560612 0.1176549420
v 0.0147500010 0.0049792319 0.1179160252
v 0.0147500010 0.0042904080 0.1181435809
v 0.0147500010 0.0035912474 0.1183370650
v 0.0147500010 0.0028834352 0.1184960082
v 0.0147500010 0.0021686766 0.1186200306
v 0.0147500010 0.0014486933 0.1187088341
v 0.0147500010 0.0007252202 0.1187622026
v 0.0147500010 0.0000000000 0.1187800020
v 0.0147500010 -0.0007252202 0.1187622026
v 0.0147500010 -0.0014486933 0.1187088341
v 0.0147500010 -0.0021686766 0.1186200306
v 0.0147500010 -0.0028834352 0.1184960082
v 0.0147500010 -0.0035912474 0.1183370650
v 0.0147500010 -0.0042904080 0.1181435809
v 0.0147500010 -0.0049792319 0.1179160252
v 0.0147500010 -0.0056560612 0.1176549420
v 0.0147500010 -0.0063192649 0.1173609644
v 0.0147500010 -0.0069672442 0.1170348004
v 0.0147500010 -0.0075984392 0.1166772395
v 0.0147500010 -0.0082113286 0.1162891313
v 0.0147500010 -0.0088044358 0.1158714145
v 0.0147500010 -0.0093763331 0.1154251024
v 0.0147500010 -0.0099256411 0.1149512604
v 0.0147500010 -0.0104510393 0.1144510433
v 0.0147500010 -0.0109512582 0.1139256507
v 0.0147500010 -0.0114250956 0.1133763418
v 0.0147500010 -0.0118714077 0.1128044426
v 0.0147500010 -0.0122891208 0.1122113317
v 0.0147500010 -0.0126772299 0.1115984470
v 0.0147500010 -0.0130347973 0.1109672487
v 0.0147500010 -0.0133609623 0.1103192717
v 0.0147500010 -0.0136549408 0.1096560657
v 0.0147500010 -0.0139160221 0.1089792401
v 0.0147500010 -0.0141435796 0.1082904115
v 0.0147500010 -0.0143370628 0.1075912490
v 0.0147500010 -0.0144960070 0.1068834439
v 0.0147500010 -0.0146200294 0.1061686799
v 0.0147500010 -0.0147088310 0.1054487005
v 0.0147500010 -0.0147621976 0.1047252268
v 0.0147500010 -0.0147800008 0.1040000021
v 0.0147500010 -0.0147621976 0.1032747850
v 0.0147500010 -0.0147088310 0.1025513113
v 0.0147500010 -0.0146200294 0.1018313244
v 0.0147500010 -0.0144960070 0.1011165679
v 0.0147500010 -0.0143370628 0.1004087552
v 0.0147500010 -0.0141435796 0.0997096002
v 0.0147500010 -0.0139160221 0.0990207717
v 0.0147500010 -0.0136549408 0.0983439460
v 0.0147500010 -0.0133609623 0.0976807401
v 0.0147500010 -0.0130347973 0.0970327556
v 0.0147500010 -0.0126772299 0.0964015648
v 0.0147500010 -0.0122891208 0.0957886800
v 0.0147500010 -0.0118714077 0.0951955691
v 0.0147500010 -0.0114250956 0.0946236700
v 0.0147500010 -0.0109512582 0.0940743610
v 0.0147500010 -0.0104510393 0.0935489684
v 0.0147500010 -0.0099256411 0.0930487514
v 0.0147500010 -0.0093763331 0.0925749093
v 0.0147500010 -0.0088044358 0.0921285972
v 0.0147500010 -0.0082113286 0.0917108804
v 0.0147500010 -0.0075984392 0.0913227722
v 0.0147500010 -0.0069672442 0.0909652039
v 0.0147500010 -0.0063192649 0.0906390399
v 0.0147500010 -0.0056560612 0.0903450698
v 0.0147500010 -0.0049792319 0.0900839791
v 0.0147500010 -0.0042904080 0.0898564234
v 0.0147500010 -0.0035912474 0.0896629468
v 0.0147500010 -0.0028834352 0.0895040035
v 0.0147500010 -0.0021686766 0.0893799812
v 0.0147500010 -0.0014486933 0.0892911702
v 0.0147500010 -0.0007252202 0.0892378017
v 0.0147500010 -0.0000000000 0.0892200023
v 0.0147500010 0.0007252202 0.0892378017
v 0.0147500010 0.0014486933 0.0892911702
v 0.0147500010 0.0021686766 0.0893799812
v 0.0147500010 0.0028834352 0.0895040035
v 0.0147500010 0.0035912474 0.0896629468
v 0.0147500010 0.0042904080 0.0898564234
v 0.0147500010 0.0049792319 0.0900839791
v 0.0147500010 0.0056560612 0.0903450698
v 0.0147500010 0.0063192649 0.0906390399
v 0.0147500010 0.0069672442 0.0909652039
v 0.0147500010 0.0075984392 0.0913227722
v 0.0147500010 0.0082113286 0.0917108804
v 0.0147500010 0.0088044358 0.0921285972
v 0.0147500010 0.0093763331 0.0925749093
v 0.0147500010 0.0099256411 0.0930487514
v 0.0147500010 0.0104510393 0.0935489684
v 0.0147500010 0.0109512582 0.0940743610
v 0.0147500010 0.0114250956 0.0946236700
v 0.0147500010 0.0118714077 0.0951955691
v 0.0147500010 0.0122891208 0.0957886800
v 0.0147500010 0.0126772299 0.0964015648
v 0.0147500010 0.0130347973 0.0970327556
v 0.0147500010 0.0133609623 0.0976807401
v 0.0147500010 0.0136549408 0.0983439460
v 0.0147500010 0.0139160221 0.0990207717
v 0.0147500010 0.0141435796 0.0997096002
v 0.0147500010 0.0143370628 0.1004087552
v 0.0147500010 0.0144960070 0.1011165679
v 0.0147500010 0.0146200294 0.1018313244
v 0.0147500010 0.0147088310 0.1025513113
v 0.0147500010 0.0147621976 0.1032747850
v 0.0148900002 0.0146500003 0.1040000021
v 0.0148900002 0.0146323545 0.1047188491
v 0.0148900002 0.0145794572 0.1054359525
v 0.0148900002 0.0144914370 0.1061496064
v 0.0148900002 0.0143685052 0.1068580747
v 0.0148900002 0.0142109580 0.1075596660
v 0.0148900002 0.0140191764 0.1082526743
v 0.0148900002 0.0137936212 0.1089354455
v 0.0148900002 0.0135348355 0.1096063182
v 0.0148900002 0.0132434443 0.1102636829
v 0.0148900002 0.0129201477 0.1109059677
v 0.0148900002 0.0125657246 0.1115316153
v 0.0148900002 0.0121810306 0.1121391132
v 0.0148900002 0.0117669916 0.1127270013
v 0.0148900002 0.0113246040 0.1132938638
v 0.0148900002 0.0108549343 0.1138383448
v 0.0148900002 0.0103591150 0.1143591180
v 0.0148900002 0.0098383389 0.1148549393
v 0.0148900002 0.0092938617 0.1153246090
v 0.0148900002 0.0087269945 0.1157669947
v 0.0148900002 0.0081391046 0.1161810383
v 0.0148900002 0.0075316057 0.1165657341
v 0.0148900002 0.0069059622 0.1169201583
v 0.0148900002 0.0062636822 0.1172434539
v 0.0148900002 0.0056063128 0.1175348386
v 0.0148900002 0.0049354364 0.1177936196
v 0.0148900002 0.0042526703 0.1180191785
v 0.0148900002 0.0035596599 0.1182109639
v 0.0148900002 0.0028580735 0.1183685139
v 0.0148900002 0.0021496015 0.1184914485
v 0.0148900002 0.0014359512 0.1185794547
v 0.0148900002 0.0007188414 0.1186323613
v 0.0148900002 0.0000000000 0.1186500043
v 0.0148900002 -0.0007188414 0.1186323613
v 0.0148900002 -0.0014359512 0.1185794547
v 0.0148900002 -0.0021496015 0.1184914485
v 0.0148900002 -0.0028580735 0.1183685139
v 0.0148900002 -0.0035596599 0.1182109639
v 0.0148900002 -0.0042526703 0.1180191785
v 0.0148900002 -0.0049354364 0.1177936196
v 0.0148900002 -0.0056063128 0.1175348386
v 0.0148900002 -0.0062636822 0.1172434539
v 0.0148900002 -0.0069059622 0.1169201583
v 0.0148900002 -0.0075316057 0.1165657341
v 0.0148900002 -0.0081391046 0.1161810383
v 0.0148900002 -0.0087269945 0.1157669947
v 0.0148900002 -0.0092938617 0.1153246090
v 0.0148900002 -0.0098383389 0.1148549393
v 0.0148900002 -0.0103591150 0.1143591180
v 0.0148900002 -0.0108549343 0.1138383448
v 0.0148900002 -0.0113246040 0.1132938638
v 0.0148900002 -0.0117669916 0.1127270013
v 0.0148900002 -0.0121810306 0.1121391132
v 0.0148900002 -0.0125657246 0.1115316153
v 0.0148900002 -0.0129201477 0.1109059677
v 0.0148900002 -0.0132434443 0.1102636829
v 0.0148900002 -0.0135348355 0.1096063182
v 0.0148900002 -0.0137936212 0.1089354455
v 0.0148900002 -0.0140191764 0.1082526743
v 0.0148900002 -0.0142109580 0.1075596660
v 0.0148900002 -0.0143685052 0.1068580747
v 0.0148900002 -0.0144914370 0.1061496064
v 0.0148900002 -0.0145794572 0.1054359525
v 0.0148900002 -0.0146323545 0.1047188491
v 0.0148900002 -0.0146500003 0.1040000021
v 0.0148900002 -0.0146323545 0.1032811627
v 0.0148900002 -0.0145794572 0.1025640517
v 0.0148900002 -0.0144914370 0.1018503979
v 0.0148900002 -0.0143685052 0.1011419371
v 0.0148900002 -0.0142109580 0.1004403457
v 0.0148900002 -0.0140191764 0.0997473374
v 0.0148900002 -0.0137936212 0.0990645662
v 0.0148900002 -0.0135348355 0.0983936861
v 0.0148900002 -0.0132434443 0.0977363288
v 0.0148900002 -0.0129201477 0.0970940441
v 0.0148900002 -0.0125657246 0.0964683965
v 0.0148900002 -0.0121810306 0.0958608985
v 0.0148900002 -0.0117669916 0.0952730104
v 0.0148900002 -0.0113246040 0.0947061405
v 0.0148900002 -0.0108549343 0.0941616669
v 0.0148900002 -0.0103591150 0.0936408862
v 0.0148900002 -0.0098383389 0.0931450725
v 0.0148900002 -0.0092938617 0.0926754028
v 0.0148900002 -0.0087269945 0.0922330171
v 0.0148900002 -0.0081391046 0.0918189734
v 0.0148900002 -0.0075316057 0.0914342776
v 0.0148900002 -0.0069059622 0.0910798535
v 0.0148900002 -0.0062636822 0.0907565579
v 0.0148900002 -0.0056063128 0.0904651657
v 0.0148900002 -0.0049354364 0.0902063847
v 0.0148900002 -0.0042526703 0.0899808332
v 0.0148900002 -0.0035596599 0.0897890404
v 0.0148900002 -0.0028580735 0.0896314979
v 0.0148900002 -0.0021496015 0.0895085633
v 0.0148900002 -0.0014359512 0.0894205496
v 0.0148900002 -0.0007188414 0.0893676504
v 0.0148900002 -0.0000000000 0.0893500000
v 0.0148900002 0.0007188414 0.0893676504
v 0.0148900002 0.0014359512 0.0894205496
v 0.0148900002 0.0021496015 0.0895085633
v 0.0148900002 0.0028580735 0.0896314979
v 0.0148900002 0.0035596599 0.0897890404
v 0.0148900002 0.0042526703 0.0899808332
v 0.0148900002 0.0049354364 0.0902063847
v 0.0148900002 0.0056063128 0.0904651657
v 0.0148900002 0.0062636822 0.0907565579
v 0.0148900002 0.0069059622 0.0910798535
v 0.0148900002 0.0075316057 0.0914342776
v 0.0148900002 0.0081391046 0.0918189734
v 0.0148900002 0.0087269945 0.0922330171
v 0.0148900002 0.0092938617 0.0926754028
v 0.0148900002 0.0098383389 0.0931450725
v 0.0148900002 0.0103591150 0.0936408862
v 0.0148900002 0.0108549343 0.0941616669
v 0.0148900002 0.0113246040 0.0947061405
v 0.0148900002 0.0117669916 0.0952730104
v 0.0148900002 0.0121810306 0.0958608985
v 0.0148900002 0.0125657246 0.0964683965
v 0.0148900002 0.0129201477 0.0970940441
v 0.0148900002 0.0132434443 0.0977363288
v 0.0148900002 0.0135348355 0.0983936861
v 0.0148900002 0.0137936212 0.0990645662
v 0.0148900002 0.0140191764 0.0997473374
v 0.0148900002 0.0142109580 0.1004403457
v 0.0148900002 0.0143685052 0.1011419371
v 0.0148900002 0.0144914370 0.1018503979
v 0.0148900002 0.0145794572 0.1025640517
v 0.0148900002 0.0146323545 0.1032811627
v 0.0148900002 0.0145000005 0.1040000021
v 0.0148900002 0.0144825354 0.1047114804
v 0.0148900002 0.0144301793 0.1054212525
v 0.0148900002 0.0143430606 0.1061275974
v 0.0148900002 0.0142213879 0.1068288162
v 0.0148900002 0.0140654538 0.1075232178
v 0.0148900002 0.0138756353 0.1082091331
v 0.0148900002 0.0136523889 0.1088849083
v 0.0148900002 0.0133962538 0.1095489189
v 0.0148900002 0.0131078446 0.1101995558
v 0.0148900002 0.0127878590 0.1108352542
v 0.0148900002 0.0124370661 0.1114544943
v 0.0148900002 0.0120563107 0.1120557785
v 0.0148900002 0.0116465101 0.1126376465
v 0.0148900002 0.0112086525 0.1131987050
v 0.0148900002 0.0107437922 0.1137376055
v 0.0148900002 0.0102530485 0.1142530590
v 0.0148900002 0.0097376052 0.1147437915
v 0.0148900002 0.0091987029 0.1152086556
v 0.0148900002 0.0086376406 0.1156465113
v 0.0148900002 0.0080557680 0.1160563156
v 0.0148900002 0.0074544903 0.1164370701
v 0.0148900002 0.0068352530 0.1167878658
v 0.0148900002 0.0061995490 0.1171078458
v 0.0148900002 0.0055489098 0.1173962578
v 0.0148900002 0.0048849033 0.1176523939
v 0.0148900002 0.0042091282 0.1178756356
v 0.0148900002 0.0035232129 0.1180654615
v 0.0148900002 0.0028288099 0.1182213947
v 0.0148900002 0.0021275920 0.1183430701
v 0.0148900002 0.0014212487 0.1184301823
v 0.0148900002 0.0007114813 0.1184825450
v 0.0148900002 0.0000000000 0.1185000092
v 0.0148900002 -0.0007114813 0.1184825450
v 0.0148900002 -0.0014212487 0.1184301823
v 0.0148900002 -0.0021275920 0.1183430701
v 0.0148900002 -0.0028288099 0.1182213947
v 0.0148900002 -0.0035232129 0.1180654615
v 0.0148900002 -0.0042091282 0.1178756356
v 0.0148900002 -0.0048849033 0.1176523939
v 0.0148900002 -0.0055489098 0.1173962578
v 0.0148900002 -0.0061995490 0.1171078458
v 0.0148900002 -0.0068352530 0.1167878658
v 0.0148900002 -0.0074544903 0.1164370701
v 0.0148900002 -0.0080557680 0.1160563156
v 0.0148900002 -0.0086376406 0.1156465113
v 0.0148900002 -0.0091987029 0.1152086556
v 0.0148900002 -0.0097376052 0.1147437915
v 0.0148900002 -0.0102530485 0.1142530590
v 0.0148900002 -0.0107437922 0.1137376055
v 0.0148900002 -0.0112086525 0.1131987050
v 0.0148900002 -0.0116465101 0.1126376465
v 0.0148900002 -0.0120563107 0.1120557785
v 0.0148900002 -0.0124370661 0.1114544943
v 0.0148900002 -0.0127878590 0.1108352542
v 0.0148900002 -0.0131078446 0.1101995558
v 0.0148900002 -0.0133962538 0.1095489189
v 0.0148900002 -0.0136523889 0.1088849083
v 0.0148900002 -0.0138756353 0.1082091331
v 0.0148900002 -0.0140654538 0.1075232178
v 0.0148900002 -0.0142213879 0.1068288162
v 0.0148900002 -0.0143430606 0.1061275974
v 0.0148900002 -0.0144301793 0.1054212525
v 0.0148900002 -0.0144825354 0.1047114804
v 0.0148900002 -0.0145000005 0.1040000021
v 0.0148900002 -0.0144825354 0.1032885239
v 0.0148900002 -0.0144301793 0.1025787592
v 0.0148900002 -0.0143430606 0.1018724144
v 0.0148900002 -0.0142213879 0.1011711955
v 0.0148900002 -0.0140654538 0.1004767865
v 0.0148900002 -0.0138756353 0.0997908786
v 0.0148900002 -0.0136523889 0.0991151035
v 0.0148900002 -0.0133962538 0.0984510928
v 0.0148900002 -0.0131078446 0.0978004560
v 0.0148900002 -0.0127878590 0.0971647501
v 0.0148900002 -0.0124370661 0.0965455174
v 0.0148900002 -0.0120563107 0.0959442332
v 0.0148900002 -0.0116465101 0.0953623652
v 0.0148900002 -0.0112086525 0.0948013067
v 0.0148900002 -0.0107437922 0.0942623988
v 0.0148900002 -0.0102530485 0.0937469527
v 0.0148900002 -0.0097376052 0.0932562128
v 0.0148900002 -0.0091987029 0.0927913561
v 0.0148900002 -0.0086376406 0.0923535004
v 0.0148900002 -0.0080557680 0.0919436887
v 0.0148900002 -0.0074544903 0.0915629417
v 0.0148900002 -0.0068352530 0.0912121460
v 0.0148900002 -0.0061995490 0.0908921659
v 0.0148900002 -0.0055489098 0.0906037465
v 0.0148900002 -0.0048849033 0.0903476179
v 0.0148900002 -0.0042091282 0.0901243687
v 0.0148900002 -0.0035232129 0.0899345502
v 0.0148900002 -0.0028288099 0.0897786170
v 0.0148900002 -0.0021275920 0.0896569416
v 0.0148900002 -0.0014212487 0.0895698294
v 0.0148900002 -0.0007114813 0.0895174667
v 0.0148900002 -0.0000000000 0.0895000026
v 0.0148900002 0.0007114813 0.0895174667
v 0.0148900002 0.0014212487 0.0895698294
v 0.0148900002 0.0021275920 0.0896569416
v 0.0148900002 0.0028288099 0.0897786170
v 0.0148900002 0.0035232129 0.0899345502
v 0.0148900002 0.0042091282 0.0901243687
v 0.0148900002 0.0048849033 0.0903476179
v 0.0148900002 0.0055489098 0.0906037465
v 0.0148900002 0.0061995490 0.0908921659
v 0.0148900002 0.0068352530 0.0912121460
v 0.0148900002 0.0074544903 0.0915629417
v 0.0148900002 0.0080557680 0.0919436887
v 0.0148900002 0.0086376406 0.0923535004
v 0.0148900002 0.0091987029 0.0927913561
v 0.0148900002 0.0097376052 0.0932562128
v 0.0148900002 0.0102530485 0.0937469527
v 0.0148900002 0.0107437922 0.0942623988
v 0.0148900002 0.0112086525 0.0948013067
v 0.0148900002 0.0116465101 0.0953623652
v 0.0148900002 0.0120563107 0.0959442332
v 0.0148900002 0.0124370661 0.0965455174
v 0.0148900002 0.0127878590 0.0971647501
v 0.0148900002 0.0131078446 0.0978004560
v 0.0148900002 0.0133962538 0.0984510928
v 0.0148900002 0.0136523889 0.0991151035
v 0.0148900002 0.0138756353 0.0997908786
v 0.0148900002 0.0140654538 0.1004767865
v 0.0148900002 0.0142213879 0.1011711955
v 0.0148900002 0.0143430606 0.1018724144
v 0.0148900002 0.0144301793 0.1025787592
v 0.0148900002 0.0144825354 0.1032885239
vt 0.31918031 0.84113497
vt 0.32130435 0.83534139
vt 0.31956521 0.83534139
vt 0.31802642 0.84691447
vt 0.32091734 0.84116650
vt 0.31918031 0.84113497
vt 0.31610641 0.85266620
vt 0.31975719 0.84697753
vt 0.31802642 0.84691447
vt 0.31610641 0.85266620
vt 0.31513059 0.85850155
vt 0.31782672 0.85276049
vt 0.30998826 0.86403060
vt 0.31513059 0.85850155
vt 0.31342486 0.85837620
vt 0.30580488 0.86961597
vt 0.31167528 0.86418676
vt 0.30998826 0.86403060
vt 0.30088472 0.87511873
vt 0.30746913 0.86980247
vt 0.30580488 0.86961597
vt 0.29523978 0.88052571
vt 0.30252221 0.87533528
vt 0.30088472 0.87511873
vt 0.28888354 0.88582379
vt 0.29684654 0.88077164
vt 0.29523978 0.88052571
vt 0.28183138 0.89100033
vt 0.29045570 0.88609856
vt 0.28888354 0.88582379
vt 0.28183138 0.89100033
vt 0.27559197 0.89637309
vt 0.28336516 0.89130318
vt 0.27410024 0.89604270
vt 0.26715481 0.90129584
vt 0.27559197 0.89637309
vt 0.26570877 0.90093887
vt 0.25807407 0.90605980
vt 0.26715481 0.90129584
vt 0.25667721 0.90567702
vt 0.24837165 0.91065335
vt 0.25807407 0.90605980
vt 0.23678221 0.91463393
vt 0.24837165 0.91065335
vt 0.24702726 0.91024572
vt 0.23678221 0.91463393
vt 0.22719650 0.91928548
vt 0.23807083 0.91506547
vt 0.22596674 0.91883117
vt 0.21577480 0.92330331
vt 0.22719650 0.91928548
vt 0.21460688 0.92282724
vt 0.20383333 0.92710924
vt 0.21577480 0.92330331
vt 0.19036478 0.93017799
vt 0.20383333 0.92710924
vt 0.20273003 0.92661250
vt 0.17754094 0.93351489
vt 0.19140078 0.93069410
vt 0.19036478 0.93017799
vt 0.16428936 0.93661541
vt 0.17850715 0.93404925
vt 0.17754094 0.93351489
vt 0.15064201 0.93947184
vt 0.16518345 0.93716657
vt 0.16428936 0.93661541
vt 0.15064201 0.93947184
vt 0.13737532 0.94265836
vt 0.15146182 0.94003856
vt 0.13663174 0.94207752
vt 0.12295786 0.94501960
vt 0.13737532 0.94265836
vt 0.12229232 0.94442600
vt 0.10824417 0.94711667
vt 0.12295786 0.94501960
vt 0.10765829 0.94651169
vt 0.09326974 0.94894445
vt 0.10824417 0.94711667
vt 0.09276489 0.94832951
vt 0.07807060 0.95049852
vt 0.09326974 0.94894445
vt 0.07764801 0.94987524
vt 0.06268337 0.95177519
vt 0.07807060 0.95049852
vt 0.06234409 0.95114493
vt 0.04714514 0.95277131
vt 0.06268337 0.95177519
vt 0.03132287 0.95284510
vt 0.04714514 0.95277131
vt 0.04688996 0.95213574
vt 0.01568032 0.95327151
vt 0.03149333 0.95348459
vt 0.03132287 0.95284510
vt 0.01568032 0.95327151
vt 0.00000000 0.95405626
vt 0.01576566 0.95391327
vt -0.01568032 0.95327151
vt 0.00000000 0.95405626
vt 0.00000000 0.95341372
vt -0.01568032 0.95327151
vt -0.03149333 0.95348459
vt -0.01576566 0.95391327
vt -0.03132287 0.95284510
vt -0.04714514 0.95277131
vt -0.03149333 0.95348459
vt -0.06234409 0.95114493
vt -0.04714514 0.95277131
vt -0.04688996 0.95213574
vt -0.07764801 0.94987524
vt -0.06268337 0.95177519
vt -0.06234409 0.95114493
vt -0.09276489 0.94832951
vt -0.07807060 0.95049852
vt -0.07764801 0.94987524
vt -0.10765829 0.94651169
vt -0.09326974 0.94894445
vt -0.09276489 0.94832951
vt -0.12229232 0.94442600
vt -0.10824417 0.94711667
vt -0.10765829 0.94651169
vt -0.13663174 0.94207752
vt -0.12295786 0.94501960
vt -0.12229232 0.94442600
vt -0.15064201 0.93947184
vt -0.13737532 0.94265836
vt -0.13663174 0.94207752
vt -0.15064201 0.93947184
vt -0.16518345 0.93716657
vt -0.15146182 0.94003856
vt -0.16428936 0.93661541
vt -0.17850715 0.93404925
vt -0.16518345 0.93716657
vt -0.17754094 0.93351489
vt -0.19140078 0.93069410
vt -0.17850715 0.93404925
vt -0.19036478 0.93017799
vt -0.20383333 0.92710924
vt -0.19140078 0.93069410
vt -0.21460688 0.92282724
vt -0.20383333 0.92710924
vt -0.20273003 0.92661250
vt -0.22596674 0.91883117
vt -0.21577480 0.92330331
vt -0.21460688 0.92282724
vt -0.23678221 0.91463393
vt -0.22719650 0.91928548
vt -0.22596674 0.91883117
vt -0.23678221 0.91463393
vt -0.24837165 0.91065335
vt -0.23807083 0.91506547
vt -0.25667721 0.90567702
vt -0.24837165 0.91065335
vt -0.24702726 0.91024572
vt -0.26570877 0.90093887
vt -0.25807407 0.90605980
vt -0.25667721 0.90567702
vt -0.27410024 0.89604270
vt -0.26715481 0.90129584
vt -0.26570877 0.90093887
vt -0.28183138 0.89100033
vt -0.27559197 0.89637309
vt -0.27410024 0.89604270
vt -0.28183138 0.89100033
vt -0.29045570 0.88609856
vt -0.28336516 0.89130318
vt -0.28888354 0.88582379
vt -0.29684654 0.88077164
vt -0.29045570 0.88609856
vt -0.29523978 0.88052571
vt -0.30252221 0.87533528
vt -0.29684654 0.88077164
vt -0.30088472 0.87511873
vt -0.30746913 0.86980247
vt -0.30252221 0.87533528
vt -0.30580488 0.86961597
vt -0.31167528 0.86418676
vt -0.30746913 0.86980247
vt -0.30998826 0.86403060
vt -0.31513059 0.85850155
vt -0.31167528 0.86418676
vt -0.31610641 0.85266620
vt -0.31513059 0.85850155
vt -0.31342486 0.85837620
vt -0.31610641 0.85266620
vt -0.31975719 0.84697753
vt -0.31782672 0.85276049
vt -0.31802642 0.84691447
vt -0.32091734 0.84116650
vt -0.31975719 0.84697753
vt -0.31918031 0.84113497
vt -0.32130435 0.83534139
vt -0.32091734 0.84116650
vt -0.31956521 0.83534139
vt -0.32091734 0.82951635
vt -0.32130435 0.83534139
vt -0.31918031 0.82954782
vt -0.31975719 0.82370532
vt -0.32091734 0.82951635
vt -0.31610641 0.81801659
vt -0.31975719 0.82370532
vt -0.31802642 0.82376832
vt -0.31342486 0.81230664
vt -0.31782672 0.81792229
vt -0.31610641 0.81801659
vt -0.30998826 0.80665219
vt -0.31513059 0.81218129
vt -0.31342486 0.81230664
vt -0.30580488 0.80106688
vt -0.31167528 0.80649602
vt -0.30998826 0.80665219
vt -0.30088472 0.79556406
vt -0.30746913 0.80088031
vt -0.30580488 0.80106688
vt -0.29523978 0.79015714
vt -0.30252221 0.79534757
vt -0.30088472 0.79556406
vt -0.28888354 0.78485900
vt -0.29684654 0.78991121
vt -0.29523978 0.79015714
vt -0.28183138 0.77968252
vt -0.29045570 0.78458428
vt -0.28888354 0.78485900
vt -0.27410024 0.77464008
vt -0.28336516 0.77937955
vt -0.28183138 0.77968252
vt -0.27410024 0.77464008
vt -0.26715481 0.76938701
vt -0.27559197 0.77430975
vt -0.26570877 0.76974398
vt -0.25807407 0.76462305
vt -0.26715481 0.76938701
vt -0.25667721 0.76500583
vt -0.24837165 0.76002949
vt -0.25807407 0.76462305
vt -0.23678221 0.75604892
vt -0.24837165 0.76002949
vt -0.24702726 0.76043713
vt -0.23678221 0.75604892
vt -0.22719650 0.75139731
vt -0.23807083 0.75561738
vt -0.22596674 0.75185168
vt -0.21577480 0.74737954
vt -0.22719650 0.75139731
vt -0.21460688 0.74785560
vt -0.20383333 0.74357355
vt -0.21577480 0.74737954
vt -0.19036478 0.74050480
vt -0.20383333 0.74357355
vt -0.20273003 0.74407035
vt -0.19036478 0.74050480
vt -0.17850715 0.73663360
vt -0.19140078 0.73998874
vt -0.16428936 0.73406738
vt -0.17850715 0.73663360
vt -0.17754094 0.73716784
vt -0.15064201 0.73121095
vt -0.16518345 0.73351622
vt -0.16428936 0.73406738
vt -0.13663174 0.72860533
vt -0.15146182 0.73064423
vt -0.15064201 0.73121095
vt -0.13663174 0.72860533
vt -0.12295786 0.72566319
vt -0.13737532 0.72802442
vt -0.12229232 0.72625679
vt -0.10824417 0.72356611
vt -0.12295786 0.72566319
vt -0.09276489 0.72235322
vt -0.10824417 0.72356611
vt -0.10765829 0.72417110
vt -0.09276489 0.72235322
vt -0.07807060 0.72018433
vt -0.09326974 0.72173834
vt -0.07764801 0.72080761
vt -0.06268337 0.71890765
vt -0.07807060 0.72018433
vt -0.06234409 0.71953785
vt -0.04714514 0.71791148
vt -0.06268337 0.71890765
vt -0.03132287 0.71783769
vt -0.04714514 0.71791148
vt -0.04688996 0.71854711
vt -0.01568032 0.71741134
vt -0.03149333 0.71719813
vt -0.03132287 0.71783769
vt -0.01568032 0.71741134
vt -0.00000000 0.71662652
vt -0.01576566 0.71676952
vt 0.01568032 0.71741134
vt -0.00000000 0.71662652
vt -0.00000000 0.71726912
vt 0.01568032 0.71741134
vt 0.03149333 0.71719813
vt 0.01576566 0.71676952
vt 0.03132287 0.71783769
vt 0.04714514 0.71791148
vt 0.03149333 0.71719813
vt 0.06234409 0.71953785
vt 0.04714514 0.71791148
vt 0.04688996 0.71854711
vt 0.07764801 0.72080761
vt 0.06268337 0.71890765
vt 0.06234409 0.71953785
vt 0.09276489 0.72235322
vt 0.07807060 0.72018433
vt 0.07764801 0.72080761
vt 0.09276489 0.72235322
vt 0.10824417 0.72356611
vt 0.09326974 0.72173834
vt 0.12229232 0.72625679
vt 0.10824417 0.72356611
vt 0.10765829 0.72417110
vt 0.13663174 0.72860533
vt 0.12295786 0.72566319
vt 0.12229232 0.72625679
vt 0.13663174 0.72860533
vt 0.15146182 0.73064423
vt 0.13737532 0.72802442
vt 0.15064201 0.73121095
vt 0.16518345 0.73351622
vt 0.15146182 0.73064423
vt 0.16428936 0.73406738
vt 0.17850715 0.73663360
vt 0.16518345 0.73351622
vt 0.19036478 0.74050480
vt 0.17850715 0.73663360
vt 0.17754094 0.73716784
vt 0.19036478 0.74050480
vt 0.20383333 0.74357355
vt 0.19140078 0.73998874
vt 0.21460688 0.74785560
vt 0.20383333 0.74357355
vt 0.20273003 0.74407035
vt 0.22596674 0.75185168
vt 0.21577480 0.74737954
vt 0.21460688 0.74785560
vt 0.23678221 0.75604892
vt 0.22719650 0.75139731
vt 0.22596674 0.75185168
vt 0.23678221 0.75604892
vt 0.24837165 0.76002949
vt 0.23807083 0.75561738
vt 0.25667721 0.76500583
vt 0.24837165 0.76002949
vt 0.24702726 0.76043713
vt 0.26570877 0.76974398
vt 0.25807407 0.76462305
vt 0.25667721 0.76500583
vt 0.27410024 0.77464008
vt 0.26715481 0.76938701
vt 0.26570877 0.76974398
vt 0.27410024 0.77464008
vt 0.28336516 0.77937955
vt 0.27559197 0.77430975
vt 0.28183138 0.77968252
vt 0.29045570 0.78458428
vt 0.28336516 0.77937955
vt 0.28888354 0.78485900
vt 0.29684654 0.78991121
vt 0.29045570 0.78458428
vt 0.29523978 0.79015714
vt 0.30252221 0.79534757
vt 0.29684654 0.78991121
vt 0.30088472 0.79556406
vt 0.30746913 0.80088031
vt 0.30252221 0.79534757
vt 0.30580488 0.80106688
vt 0.31167528 0.80649602
vt 0.30746913 0.80088031
vt 0.30998826 0.80665219
vt 0.31513059 0.81218129
vt 0.31167528 0.80649602
vt 0.31342486 0.81230664
vt 0.31782672 0.81792229
vt 0.31513059 0.81218129
vt 0.31610641 0.81801659
vt 0.31975719 0.82370532
vt 0.31782672 0.81792229
vt 0.31918031 0.82954782
vt 0.31975719 0.82370532
vt 0.31802642 0.82376832
vt 0.31956521 0.83534139
vt 0.32091734 0.82951635
vt 0.31918031 0.82954782
vt 0.32091734 0.84116650
vt 0.31847826 0.83534139
vt 0.32130435 0.83534139
vt 0.32091734 0.84116650
vt 0.31694472 0.84687513
vt 0.31809467 0.84111524
vt 0.31975719 0.84697753
vt 0.31503123 0.85260731
vt 0.31694472 0.84687513
vt 0.31782672 0.85276049
vt 0.31235880 0.85829777
vt 0.31503123 0.85260731
vt 0.31513059 0.85850155
vt 0.30893388 0.86393309
vt 0.31235880 0.85829777
vt 0.30746913 0.86980247
vt 0.30893388 0.86393309
vt 0.31167528 0.86418676
vt 0.30252221 0.87533528
vt 0.30476472 0.86949939
vt 0.30746913 0.86980247
vt 0.29684654 0.88077164
vt 0.29986134 0.87498349
vt 0.30252221 0.87533528
vt 0.29684654 0.88077164
vt 0.28790095 0.88565207
vt 0.29423556 0.88037205
vt 0.29045570 0.88609856
vt 0.28087276 0.89081097
vt 0.28790095 0.88565207
vt 0.27559197 0.89637309
vt 0.28087276 0.89081097
vt 0.28336516 0.89130318
vt 0.26715481 0.90129584
vt 0.27316794 0.89583629
vt 0.27559197 0.89637309
vt 0.25807407 0.90605980
vt 0.26480502 0.90071577
vt 0.26715481 0.90129584
vt 0.25807407 0.90605980
vt 0.24618705 0.90999085
vt 0.25580415 0.90543777
vt 0.24837165 0.91065335
vt 0.23597683 0.91436422
vt 0.24618705 0.90999085
vt 0.23807083 0.91506547
vt 0.22519815 0.91854715
vt 0.23597683 0.91436422
vt 0.21577480 0.92330331
vt 0.22519815 0.91854715
vt 0.22719650 0.91928548
vt 0.21577480 0.92330331
vt 0.20204048 0.92630208
vt 0.21387693 0.92252964
vt 0.20383333 0.92710924
vt 0.18971728 0.92985541
vt 0.20204048 0.92630208
vt 0.19140078 0.93069410
vt 0.17693706 0.93318105
vt 0.18971728 0.92985541
vt 0.17850715 0.93404925
vt 0.16373056 0.93627095
vt 0.17693706 0.93318105
vt 0.15146182 0.94003856
vt 0.16373056 0.93627095
vt 0.16518345 0.93716657
vt 0.13737532 0.94265836
vt 0.15012962 0.93911773
vt 0.15146182 0.94003856
vt 0.12295786 0.94501960
vt 0.13616700 0.94171447
vt 0.13737532 0.94265836
vt 0.12295786 0.94501960
vt 0.10729209 0.94613349
vt 0.12187637 0.94405490
vt 0.10824417 0.94711667
vt 0.09244935 0.94794524
vt 0.10729209 0.94613349
vt 0.07807060 0.95049852
vt 0.09244935 0.94794524
vt 0.09326974 0.94894445
vt 0.06268337 0.95177519
vt 0.07738391 0.94948566
vt 0.07807060 0.95049852
vt 0.04714514 0.95277131
vt 0.06213203 0.95075113
vt 0.06268337 0.95177519
vt 0.03149333 0.95348459
vt 0.04673047 0.95173854
vt 0.04714514 0.95277131
vt 0.03149333 0.95348459
vt 0.01562699 0.95287037
vt 0.03121633 0.95244545
vt 0.00000000 0.95405626
vt 0.01562699 0.95287037
vt 0.01576566 0.95391327
vt 0.00000000 0.95405626
vt -0.01562699 0.95287037
vt 0.00000000 0.95301211
vt -0.03149333 0.95348459
vt -0.01562699 0.95287037
vt -0.01576566 0.95391327
vt -0.03149333 0.95348459
vt -0.04673047 0.95173854
vt -0.03121633 0.95244545
vt -0.04714514 0.95277131
vt -0.06213203 0.95075113
vt -0.04673047 0.95173854
vt -0.06268337 0.95177519
vt -0.07738391 0.94948566
vt -0.06213203 0.95075113
vt -0.07807060 0.95049852
vt -0.09244935 0.94794524
vt -0.07738391 0.94948566
vt -0.10824417 0.94711667
vt -0.09244935 0.94794524
vt -0.09326974 0.94894445
vt -0.12295786 0.94501960
vt -0.10729209 0.94613349
vt -0.10824417 0.94711667
vt -0.12295786 0.94501960
vt -0.13616700 0.94171447
vt -0.12187637 0.94405490
vt -0.13737532 0.94265836
vt -0.15012962 0.93911773
vt -0.13616700 0.94171447
vt -0.15146182 0.94003856
vt -0.16373056 0.93627095
vt -0.15012962 0.93911773
vt -0.17850715 0.93404925
vt -0.16373056 0.93627095
vt -0.16518345 0.93716657
vt -0.19140078 0.93069410
vt -0.17693706 0.93318105
vt -0.17850715 0.93404925
vt -0.20383333 0.92710924
vt -0.18971728 0.92985541
vt -0.19140078 0.93069410
vt -0.21577480 0.92330331
vt -0.20204048 0.92630208
vt -0.20383333 0.92710924
vt -0.21577480 0.92330331
vt -0.22519815 0.91854715
vt -0.21387693 0.92252964
vt -0.23807083 0.91506547
vt -0.22519815 0.91854715
vt -0.22719650 0.91928548
vt -0.24837165 0.91065335
vt -0.23597683 0.91436422
vt -0.23807083 0.91506547
vt -0.25807407 0.90605980
vt -0.24618705 0.90999085
vt -0.24837165 0.91065335
vt -0.25807407 0.90605980
vt -0.26480502 0.90071577
vt -0.25580415 0.90543777
vt -0.26715481 0.90129584
vt -0.27316794 0.89583629
vt -0.26480502 0.90071577
vt -0.27559197 0.89637309
vt -0.28087276 0.89081097
vt -0.27316794 0.89583629
vt -0.29045570 0.88609856
vt -0.28087276 0.89081097
vt -0.28336516 0.89130318
vt -0.29684654 0.88077164
vt -0.28790095 0.88565207
vt -0.29045570 0.88609856
vt -0.29684654 0.88077164
vt -0.29986134 0.87498349
vt -0.29423556 0.88037205
vt -0.30252221 0.87533528
vt -0.30476472 0.86949939
vt -0.29986134 0.87498349
vt -0.30746913 0.86980247
vt -0.30893388 0.86393309
vt -0.30476472 0.86949939
vt -0.31513059 0.85850155
vt -0.30893388 0.86393309
vt -0.31167528 0.86418676
vt -0.31782672 0.85276049
vt -0.31235880 0.85829777
vt -0.31513059 0.85850155
vt -0.31975719 0.84697753
vt -0.31503123 0.85260731
vt -0.31782672 0.85276049
vt -0.32091734 0.84116650
vt -0.31694472 0.84687513
vt -0.31975719 0.84697753
vt -0.32091734 0.84116650
vt -0.31847826 0.83534139
vt -0.31809467 0.84111524
vt -0.32091734 0.82951635
vt -0.31847826 0.83534139
vt -0.32130435 0.83534139
vt -0.31975719 0.82370532
vt -0.31809467 0.82956755
vt -0.32091734 0.82951635
vt -0.31782672 0.81792229
vt -0.31694472 0.82380766
vt -0.31975719 0.82370532
vt -0.31782672 0.81792229
vt -0.31235880 0.81238502
vt -0.31503123 0.81807548
vt -0.31513059 0.81218129
vt -0.30893388 0.80674976
vt -0.31235880 0.81238502
vt -0.31167528 0.80649602
vt -0.30476472 0.80118346
vt -0.30893388 0.80674976
vt -0.30252221 0.79534757
vt -0.30476472 0.80118346
vt -0.30746913 0.80088031
vt -0.29684654 0.78991121
vt -0.29986134 0.79569930
vt -0.30252221 0.79534757
vt -0.29045570 0.78458428
vt -0.29423556 0.79031074
vt -0.29684654 0.78991121
vt -0.29045570 0.78458428
vt -0.28087276 0.77987182
vt -0.28790095 0.78503078
vt -0.28336516 0.77937955
vt -0.27316794 0.77484655
vt -0.28087276 0.77987182
vt -0.26715481 0.76938701
vt -0.27316794 0.77484655
vt -0.27559197 0.77430975
vt -0.25807407 0.76462305
vt -0.26480502 0.76996708
vt -0.26715481 0.76938701
vt -0.25807407 0.76462305
vt -0.24618705 0.76069188
vt -0.25580415 0.76524508
vt -0.24837165 0.76002949
vt -0.23597683 0.75631863
vt -0.24618705 0.76069188
vt -0.22719650 0.75139731
vt -0.23597683 0.75631863
vt -0.23807083 0.75561738
vt -0.21577480 0.74737954
vt -0.22519815 0.75213563
vt -0.22719650 0.75139731
vt -0.21577480 0.74737954
vt -0.20204048 0.74438077
vt -0.21387693 0.74815321
vt -0.20383333 0.74357355
vt -0.18971728 0.74082744
vt -0.20204048 0.74438077
vt -0.19140078 0.73998874
vt -0.17693706 0.73750180
vt -0.18971728 0.74082744
vt -0.17850715 0.73663360
vt -0.16373056 0.73441190
vt -0.17693706 0.73750180
vt -0.16518345 0.73351622
vt -0.15012962 0.73156512
vt -0.16373056 0.73441190
vt -0.13737532 0.72802442
vt -0.15012962 0.73156512
vt -0.15146182 0.73064423
vt -0.12295786 0.72566319
vt -0.13616700 0.72896832
vt -0.13737532 0.72802442
vt -0.12295786 0.72566319
vt -0.10729209 0.72454929
vt -0.12187637 0.72662783
vt -0.10824417 0.72356611
vt -0.09244935 0.72273761
vt -0.10729209 0.72454929
vt -0.07807060 0.72018433
vt -0.09244935 0.72273761
vt -0.09326974 0.72173834
vt -0.06268337 0.71890765
vt -0.07738391 0.72119713
vt -0.07807060 0.72018433
vt -0.04714514 0.71791148
vt -0.06213203 0.71993172
vt -0.06268337 0.71890765
vt -0.03149333 0.71719813
vt -0.04673047 0.71894431
vt -0.04714514 0.71791148
vt -0.03149333 0.71719813
vt -0.01562699 0.71781248
vt -0.03121633 0.71823734
vt -0.01576566 0.71676952
vt -0.00000000 0.71767068
vt -0.01562699 0.71781248
vt 0.01576566 0.71676952
vt -0.00000000 0.71767068
vt -0.00000000 0.71662652
vt 0.03149333 0.71719813
vt 0.01562699 0.71781248
vt 0.01576566 0.71676952
vt 0.03149333 0.71719813
vt 0.04673047 0.71894431
vt 0.03121633 0.71823734
vt 0.04714514 0.71791148
vt 0.06213203 0.71993172
vt 0.04673047 0.71894431
vt 0.06268337 0.71890765
vt 0.07738391 0.72119713
vt 0.06213203 0.71993172
vt 0.07807060 0.72018433
vt 0.09244935 0.72273761
vt 0.07738391 0.72119713
vt 0.10824417 0.72356611
vt 0.09244935 0.72273761
vt 0.09326974 0.72173834
vt 0.12295786 0.72566319
vt 0.10729209 0.72454929
vt 0.10824417 0.72356611
vt 0.12295786 0.72566319
vt 0.13616700 0.72896832
vt 0.12187637 0.72662783
vt 0.13737532 0.72802442
vt 0.15012962 0.73156512
vt 0.13616700 0.72896832
vt 0.16518345 0.73351622
vt 0.15012962 0.73156512
vt 0.15146182 0.73064423
vt 0.17850715 0.73663360
vt 0.16373056 0.73441190
vt 0.16518345 0.73351622
vt 0.19140078 0.73998874
vt 0.17693706 0.73750180
vt 0.17850715 0.73663360
vt 0.20383333 0.74357355
vt 0.18971728 0.74082744
vt 0.19140078 0.73998874
vt 0.21577480 0.74737954
vt 0.20204048 0.74438077
vt 0.20383333 0.74357355
vt 0.21577480 0.74737954
vt 0.22519815 0.75213563
vt 0.21387693 0.74815321
vt 0.22719650 0.75139731
vt 0.23597683 0.75631863
vt 0.22519815 0.75213563
vt 0.24837165 0.76002949
vt 0.23597683 0.75631863
vt 0.23807083 0.75561738
vt 0.25807407 0.76462305
vt 0.24618705 0.76069188
vt 0.24837165 0.76002949
vt 0.25807407 0.76462305
vt 0.26480502 0.76996708
vt 0.25580415 0.76524508
vt 0.26715481 0.76938701
vt 0.27316794 0.77484655
vt 0.26480502 0.76996708
vt 0.28336516 0.77937955
vt 0.27316794 0.77484655
vt 0.27559197 0.77430975
vt 0.29045570 0.78458428
vt 0.28087276 0.77987182
vt 0.28336516 0.77937955
vt 0.29045570 0.78458428
vt 0.29423556 0.79031074
vt 0.28790095 0.78503078
vt 0.29684654 0.78991121
vt 0.29986134 0.79569930
vt 0.29423556 0.79031074
vt 0.30252221 0.79534757
vt 0.30476472 0.80118346
vt 0.29986134 0.79569930
vt 0.31167528 0.80649602
vt 0.30476472 0.80118346
vt 0.30746913 0.80088031
vt 0.31513059 0.81218129
vt 0.30893388 0.80674976
vt 0.31167528 0.80649602
vt 0.31782672 0.81792229
vt 0.31235880 0.81238502
vt 0.31513059 0.81218129
vt 0.31782672 0.81792229
vt 0.31694472 0.82380766
vt 0.31503123 0.81807548
vt 0.31975719 0.82370532
vt 0.31809467 0.82956755
vt 0.31694472 0.82380766
vt 0.32091734 0.82951635
vt 0.31847826 0.83534139
vt 0.31809467 0.82956755
vt 0.31847826 0.83534139
vt 0.31483772 0.84105605
vt 0.31521741 0.83534139
vt 0.31809467 0.84111524
vt 0.31369954 0.84675705
vt 0.31483772 0.84105605
vt 0.31503123 0.85260731
vt 0.31369954 0.84675705
vt 0.31694472 0.84687513
vt 0.31235880 0.85829777
vt 0.31180567 0.85243052
vt 0.31503123 0.85260731
vt 0.30893388 0.86393309
vt 0.30916062 0.85806280
vt 0.31235880 0.85829777
vt 0.30476472 0.86949939
vt 0.30577073 0.86364031
vt 0.30893388 0.86393309
vt 0.30476472 0.86949939
vt 0.29679108 0.87457758
vt 0.30164424 0.86914968
vt 0.29986134 0.87498349
vt 0.29122290 0.87991101
vt 0.29679108 0.87457758
vt 0.28790095 0.88565207
vt 0.29122290 0.87991101
vt 0.29423556 0.88037205
vt 0.28087276 0.89081097
vt 0.28495315 0.88513702
vt 0.28790095 0.88565207
vt 0.28087276 0.89081097
vt 0.27037099 0.89521682
vt 0.27799693 0.89024299
vt 0.27316794 0.89583629
vt 0.26209372 0.90004641
vt 0.27037099 0.89521682
vt 0.25580415 0.90543777
vt 0.26209372 0.90004641
vt 0.26480502 0.90071577
vt 0.24618705 0.90999085
vt 0.25318500 0.90472007
vt 0.25580415 0.90543777
vt 0.24618705 0.90999085
vt 0.23356070 0.91355509
vt 0.24366637 0.90922654
vt 0.22519815 0.91854715
vt 0.23356070 0.91355509
vt 0.23597683 0.91436422
vt 0.21387693 0.92252964
vt 0.22289236 0.91769522
vt 0.22519815 0.91854715
vt 0.21387693 0.92252964
vt 0.19997180 0.92537075
vt 0.21168707 0.92163688
vt 0.20204048 0.92630208
vt 0.18777479 0.92888767
vt 0.19997180 0.92537075
vt 0.18971728 0.92985541
vt 0.17512539 0.93217921
vt 0.18777479 0.92888767
vt 0.17693706 0.93318105
vt 0.16205414 0.93523753
vt 0.17512539 0.93217921
vt 0.16373056 0.93627095
vt 0.14859246 0.93805516
vt 0.16205414 0.93523753
vt 0.15012962 0.93911773
vt 0.13477281 0.94062525
vt 0.14859246 0.93805516
vt 0.13616700 0.94171447
vt 0.12062848 0.94294184
vt 0.13477281 0.94062525
vt 0.10729209 0.94613349
vt 0.12062848 0.94294184
vt 0.12187637 0.94405490
vt 0.09244935 0.94794524
vt 0.10619355 0.94499916
vt 0.10729209 0.94613349
vt 0.09244935 0.94794524
vt 0.07659158 0.94831693
vt 0.09150279 0.94679224
vt 0.07738391 0.94948566
vt 0.06149587 0.94956946
vt 0.07659158 0.94831693
vt 0.06213203 0.95075113
vt 0.04625200 0.95054674
vt 0.06149587 0.94956946
vt 0.03121633 0.95244545
vt 0.04625200 0.95054674
vt 0.04673047 0.95173854
vt 0.03121633 0.95244545
vt 0.01546699 0.95166701
vt 0.03089671 0.95124644
vt 0.00000000 0.95301211
vt 0.01546699 0.95166701
vt 0.01562699 0.95287037
vt 0.00000000 0.95301211
vt -0.01546699 0.95166701
vt 0.00000000 0.95180732
vt -0.03121633 0.95244545
vt -0.01546699 0.95166701
vt -0.01562699 0.95287037
vt -0.03121633 0.95244545
vt -0.04625200 0.95054674
vt -0.03089671 0.95124644
vt -0.06213203 0.95075113
vt -0.04625200 0.95054674
vt -0.04673047 0.95173854
vt -0.07738391 0.94948566
vt -0.06149587 0.94956946
vt -0.06213203 0.95075113
vt -0.09244935 0.94794524
vt -0.07659158 0.94831693
vt -0.07738391 0.94948566
vt -0.09244935 0.94794524
vt -0.10619355 0.94499916
vt -0.09150279 0.94679224
vt -0.10729209 0.94613349
vt -0.12062848 0.94294184
vt -0.10619355 0.94499916
vt -0.13616700 0.94171447
vt -0.12062848 0.94294184
vt -0.12187637 0.94405490
vt -0.15012962 0.93911773
vt -0.13477281 0.94062525
vt -0.13616700 0.94171447
vt -0.16373056 0.93627095
vt -0.14859246 0.93805516
vt -0.15012962 0.93911773
vt -0.17693706 0.93318105
vt -0.16205414 0.93523753
vt -0.16373056 0.93627095
vt -0.18971728 0.92985541
vt -0.17512539 0.93217921
vt -0.17693706 0.93318105
vt -0.20204048 0.92630208
vt -0.18777479 0.92888767
vt -0.18971728 0.92985541
vt -0.21387693 0.92252964
vt -0.19997180 0.92537075
vt -0.20204048 0.92630208
vt -0.21387693 0.92252964
vt -0.22289236 0.91769522
vt -0.21168707 0.92163688
vt -0.22519815 0.91854715
vt -0.23356070 0.91355509
vt -0.22289236 0.91769522
vt -0.24618705 0.90999085
vt -0.23356070 0.91355509
vt -0.23597683 0.91436422
vt -0.24618705 0.90999085
vt -0.25318500 0.90472007
vt -0.24366637 0.90922654
vt -0.25580415 0.90543777
vt -0.26209372 0.90004641
vt -0.25318500 0.90472007
vt -0.27316794 0.89583629
vt -0.26209372 0.90004641
vt -0.26480502 0.90071577
vt -0.28087276 0.89081097
vt -0.27037099 0.89521682
vt -0.27316794 0.89583629
vt -0.28087276 0.89081097
vt -0.28495315 0.88513702
vt -0.27799693 0.89024299
vt -0.28790095 0.88565207
vt -0.29122290 0.87991101
vt -0.28495315 0.88513702
vt -0.29986134 0.87498349
vt -0.29122290 0.87991101
vt -0.29423556 0.88037205
vt -0.30476472 0.86949939
vt -0.29679108 0.87457758
vt -0.29986134 0.87498349
vt -0.30476472 0.86949939
vt -0.30577073 0.86364031
vt -0.30164424 0.86914968
vt -0.30893388 0.86393309
vt -0.30916062 0.85806280
vt -0.30577073 0.86364031
vt -0.31235880 0.85829777
vt -0.31180567 0.85243052
vt -0.30916062 0.85806280
vt -0.31503123 0.85260731
vt -0.31369954 0.84675705
vt -0.31180567 0.85243052
vt -0.31809467 0.84111524
vt -0.31369954 0.84675705
vt -0.31694472 0.84687513
vt -0.31847826 0.83534139
vt -0.31483772 0.84105605
vt -0.31809467 0.84111524
vt -0.31847826 0.83534139
vt -0.31483772 0.82962668
vt -0.31521741 0.83534139
vt -0.31809467 0.82956755
vt -0.31369954 0.82392579
vt -0.31483772 0.82962668
vt -0.31694472 0.82380766
vt -0.31180567 0.81825233
vt -0.31369954 0.82392579
vt -0.31503123 0.81807548
vt -0.30916062 0.81262004
vt -0.31180567 0.81825233
vt -0.30893388 0.80674976
vt -0.30916062 0.81262004
vt -0.31235880 0.81238502
vt -0.30476472 0.80118346
vt -0.30577073 0.80704248
vt -0.30893388 0.80674976
vt -0.30476472 0.80118346
vt -0.29679108 0.79610527
vt -0.30164424 0.80153316
vt -0.29986134 0.79569930
vt -0.29122290 0.79077184
vt -0.29679108 0.79610527
vt -0.28790095 0.78503078
vt -0.29122290 0.79077184
vt -0.29423556 0.79031074
vt -0.28087276 0.77987182
vt -0.28495315 0.78554583
vt -0.28790095 0.78503078
vt -0.28087276 0.77987182
vt -0.27037099 0.77546602
vt -0.27799693 0.78043973
vt -0.27316794 0.77484655
vt -0.26209372 0.77063644
vt -0.27037099 0.77546602
vt -0.25580415 0.76524508
vt -0.26209372 0.77063644
vt -0.26480502 0.76996708
vt -0.25580415 0.76524508
vt -0.24366637 0.76145625
vt -0.25318500 0.76596278
vt -0.24618705 0.76069188
vt -0.23356070 0.75712770
vt -0.24366637 0.76145625
vt -0.22519815 0.75213563
vt -0.23356070 0.75712770
vt -0.23597683 0.75631863
vt -0.21387693 0.74815321
vt -0.22289236 0.75298756
vt -0.22519815 0.75213563
vt -0.20204048 0.74438077
vt -0.21168707 0.74904591
vt -0.21387693 0.74815321
vt -0.20204048 0.74438077
vt -0.18777479 0.74179518
vt -0.19997180 0.74531209
vt -0.18971728 0.74082744
vt -0.17512539 0.73850352
vt -0.18777479 0.74179518
vt -0.16373056 0.73441190
vt -0.17512539 0.73850352
vt -0.17693706 0.73750180
vt -0.16373056 0.73441190
vt -0.14859246 0.73262769
vt -0.16205414 0.73544532
vt -0.15012962 0.73156512
vt -0.13477281 0.73005754
vt -0.14859246 0.73262769
vt -0.13616700 0.72896832
vt -0.12062848 0.72774094
vt -0.13477281 0.73005754
vt -0.10729209 0.72454929
vt -0.12062848 0.72774094
vt -0.12187637 0.72662783
vt -0.09244935 0.72273761
vt -0.10619355 0.72568369
vt -0.10729209 0.72454929
vt -0.09244935 0.72273761
vt -0.07659158 0.72236586
vt -0.09150279 0.72389048
vt -0.07738391 0.72119713
vt -0.06149587 0.72111338
vt -0.07659158 0.72236586
vt -0.06213203 0.71993172
vt -0.04625200 0.72013611
vt -0.06149587 0.72111338
vt -0.03121633 0.71823734
vt -0.04625200 0.72013611
vt -0.04673047 0.71894431
vt -0.03121633 0.71823734
vt -0.01546699 0.71901578
vt -0.03089671 0.71943641
vt -0.01562699 0.71781248
vt -0.00000000 0.71887553
vt -0.01546699 0.71901578
vt 0.01562699 0.71781248
vt -0.00000000 0.71887553
vt -0.00000000 0.71767068
vt 0.03121633 0.71823734
vt 0.01546699 0.71901578
vt 0.01562699 0.71781248
vt 0.03121633 0.71823734
vt 0.04625200 0.72013611
vt 0.03089671 0.71943641
vt 0.06213203 0.71993172
vt 0.04625200 0.72013611
vt 0.04673047 0.71894431
vt 0.07738391 0.72119713
vt 0.06149587 0.72111338
vt 0.06213203 0.71993172
vt 0.09244935 0.72273761
vt 0.07659158 0.72236586
vt 0.07738391 0.72119713
vt 0.09244935 0.72273761
vt 0.10619355 0.72568369
vt 0.09150279 0.72389048
vt 0.10729209 0.72454929
vt 0.12062848 0.72774094
vt 0.10619355 0.72568369
vt 0.13616700 0.72896832
vt 0.12062848 0.72774094
vt 0.12187637 0.72662783
vt 0.15012962 0.73156512
vt 0.13477281 0.73005754
vt 0.13616700 0.72896832
vt 0.16373056 0.73441190
vt 0.14859246 0.73262769
vt 0.15012962 0.73156512
vt 0.16373056 0.73441190
vt 0.17512539 0.73850352
vt 0.16205414 0.73544532
vt 0.18971728 0.74082744
vt 0.17512539 0.73850352
vt 0.17693706 0.73750180
vt 0.20204048 0.74438077
vt 0.18777479 0.74179518
vt 0.18971728 0.74082744
vt 0.20204048 0.74438077
vt 0.21168707 0.74904591
vt 0.19997180 0.74531209
vt 0.21387693 0.74815321
vt 0.22289236 0.75298756
vt 0.21168707 0.74904591
vt 0.22519815 0.75213563
vt 0.23356070 0.75712770
vt 0.22289236 0.75298756
vt 0.24618705 0.76069188
vt 0.23356070 0.75712770
vt 0.23597683 0.75631863
vt 0.25580415 0.76524508
vt 0.24366637 0.76145625
vt 0.24618705 0.76069188
vt 0.25580415 0.76524508
vt 0.26209372 0.77063644
vt 0.25318500 0.76596278
vt 0.27316794 0.77484655
vt 0.26209372 0.77063644
vt 0.26480502 0.76996708
vt 0.28087276 0.77987182
vt 0.27037099 0.77546602
vt 0.27316794 0.77484655
vt 0.28087276 0.77987182
vt 0.28495315 0.78554583
vt 0.27799693 0.78043973
vt 0.28790095 0.78503078
vt 0.29122290 0.79077184
vt 0.28495315 0.78554583
vt 0.29986134 0.79569930
vt 0.29122290 0.79077184
vt 0.29423556 0.79031074
vt 0.30476472 0.80118346
vt 0.29679108 0.79610527
vt 0.29986134 0.79569930
vt 0.30476472 0.80118346
vt 0.30577073 0.80704248
vt 0.30164424 0.80153316
vt 0.30893388 0.80674976
vt 0.30916062 0.81262004
vt 0.30577073 0.80704248
vt 0.31503123 0.81807548
vt 0.30916062 0.81262004
vt 0.31235880 0.81238502
vt 0.31694472 0.82380766
vt 0.31180567 0.81825233
vt 0.31503123 0.81807548
vt 0.31809467 0.82956755
vt 0.31369954 0.82392579
vt 0.31694472 0.82380766
vt 0.31847826 0.83534139
vt 0.31483772 0.82962668
vt 0.31809467 0.82956755
vt -0.00000000 0.71726912
vt -0.31956521 0.83534139
vt 0.00000000 0.95341372
vt 0.21168707 0.74904591
vt 0.31483772 0.82962668
vt -0.31483772 0.84105605
vt 0.31918031 0.84113497
vt 0.32091734 0.84116650
vt 0.32130435 0.83534139
vt 0.31802642 0.84691447
vt 0.31975719 0.84697753
vt 0.32091734 0.84116650
vt 0.31610641 0.85266620
vt 0.31782672 0.85276049
vt 0.31975719 0.84697753
vt 0.31610641 0.85266620
vt 0.31342486 0.85837620
vt 0.31513059 0.85850155
vt 0.30998826 0.86403060
vt 0.31167528 0.86418676
vt 0.31513059 0.85850155
vt 0.30580488 0.86961597
vt 0.30746913 0.86980247
vt 0.31167528 0.86418676
vt 0.30088472 0.87511873
vt 0.30252221 0.87533528
vt 0.30746913 0.86980247
vt 0.29523978 0.88052571
vt 0.29684654 0.88077164
vt 0.30252221 0.87533528
vt 0.28888354 0.88582379
vt 0.29045570 0.88609856
vt 0.29684654 0.88077164
vt 0.28183138 0.89100033
vt 0.28336516 0.89130318
vt 0.29045570 0.88609856
vt 0.28183138 0.89100033
vt 0.27410024 0.89604270
vt 0.27559197 0.89637309
vt 0.27410024 0.89604270
vt 0.26570877 0.90093887
vt 0.26715481 0.90129584
vt 0.26570877 0.90093887
vt 0.25667721 0.90567702
vt 0.25807407 0.90605980
vt 0.25667721 0.90567702
vt 0.24702726 0.91024572
vt 0.24837165 0.91065335
vt 0.23678221 0.91463393
vt 0.23807083 0.91506547
vt 0.24837165 0.91065335
vt 0.23678221 0.91463393
vt 0.22596674 0.91883117
vt 0.22719650 0.91928548
vt 0.22596674 0.91883117
vt 0.21460688 0.92282724
vt 0.21577480 0.92330331
vt 0.21460688 0.92282724
vt 0.20273003 0.92661250
vt 0.20383333 0.92710924
vt 0.19036478 0.93017799
vt 0.19140078 0.93069410
vt 0.20383333 0.92710924
vt 0.17754094 0.93351489
vt 0.17850715 0.93404925
vt 0.19140078 0.93069410
vt 0.16428936 0.93661541
vt 0.16518345 0.93716657
vt 0.17850715 0.93404925
vt 0.15064201 0.93947184
vt 0.15146182 0.94003856
vt 0.16518345 0.93716657
vt 0.15064201 0.93947184
vt 0.13663174 0.94207752
vt 0.13737532 0.94265836
vt 0.13663174 0.94207752
vt 0.12229232 0.94442600
vt 0.12295786 0.94501960
vt 0.12229232 0.94442600
vt 0.10765829 0.94651169
vt 0.10824417 0.94711667
vt 0.10765829 0.94651169
vt 0.09276489 0.94832951
vt 0.09326974 0.94894445
vt 0.09276489 0.94832951
vt 0.07764801 0.94987524
vt 0.07807060 0.95049852
vt 0.07764801 0.94987524
vt 0.06234409 0.95114493
vt 0.06268337 0.95177519
vt 0.06234409 0.95114493
vt 0.04688996 0.95213574
vt 0.04714514 0.95277131
vt 0.03132287 0.95284510
vt 0.03149333 0.95348459
vt 0.04714514 0.95277131
vt 0.01568032 0.95327151
vt 0.01576566 0.95391327
vt 0.03149333 0.95348459
vt 0.01568032 0.95327151
vt 0.00000000 0.95341372
vt 0.00000000 0.95405626
vt -0.01568032 0.95327151
vt -0.01576566 0.95391327
vt 0.00000000 0.95405626
vt -0.01568032 0.95327151
vt -0.03132287 0.95284510
vt -0.03149333 0.95348459
vt -0.03132287 0.95284510
vt -0.04688996 0.95213574
vt -0.04714514 0.95277131
vt -0.06234409 0.95114493
vt -0.06268337 0.95177519
vt -0.04714514 0.95277131
vt -0.07764801 0.94987524
vt -0.07807060 0.95049852
vt -0.06268337 0.95177519
vt -0.09276489 0.94832951
vt -0.09326974 0.94894445
vt -0.07807060 0.95049852
vt -0.10765829 0.94651169
vt -0.10824417 0.94711667
vt -0.09326974 0.94894445
vt -0.12229232 0.94442600
vt -0.12295786 0.94501960
vt -0.10824417 0.94711667
vt -0.13663174 0.94207752
vt -0.13737532 0.94265836
vt -0.12295786 0.94501960
vt -0.15064201 0.93947184
vt -0.15146182 0.94003856
vt -0.13737532 0.94265836
vt -0.15064201 0.93947184
vt -0.16428936 0.93661541
vt -0.16518345 0.93716657
vt -0.16428936 0.93661541
vt -0.17754094 0.93351489
vt -0.17850715 0.93404925
vt -0.17754094 0.93351489
vt -0.19036478 0.93017799
vt -0.19140078 0.93069410
vt -0.19036478 0.93017799
vt -0.20273003 0.92661250
vt -0.20383333 0.92710924
vt -0.21460688 0.92282724
vt -0.21577480 0.92330331
vt -0.20383333 0.92710924
vt -0.22596674 0.91883117
vt -0.22719650 0.91928548
vt -0.21577480 0.92330331
vt -0.23678221 0.91463393
vt -0.23807083 0.91506547
vt -0.22719650 0.91928548
vt -0.23678221 0.91463393
vt -0.24702726 0.91024572
vt -0.24837165 0.91065335
vt -0.25667721 0.90567702
vt -0.25807407 0.90605980
vt -0.24837165 0.91065335
vt -0.26570877 0.90093887
vt -0.26715481 0.90129584
vt -0.25807407 0.90605980
vt -0.27410024 0.89604270
vt -0.27559197 0.89637309
vt -0.26715481 0.90129584
vt -0.28183138 0.89100033
vt -0.28336516 0.89130318
vt -0.27559197 0.89637309
vt -0.28183138 0.89100033
vt -0.28888354 0.88582379
vt -0.29045570 0.88609856
vt -0.28888354 0.88582379
vt -0.29523978 0.88052571
vt -0.29684654 0.88077164
vt -0.29523978 0.88052571
vt -0.30088472 0.87511873
vt -0.30252221 0.87533528
vt -0.30088472 0.87511873
vt -0.30580488 0.86961597
vt -0.30746913 0.86980247
vt -0.30580488 0.86961597
vt -0.30998826 0.86403060
vt -0.31167528 0.86418676
vt -0.30998826 0.86403060
vt -0.31342486 0.85837620
vt -0.31513059 0.85850155
vt -0.31610641 0.85266620
vt -0.31782672 0.85276049
vt -0.31513059 0.85850155
vt -0.31610641 0.85266620
vt -0.31802642 0.84691447
vt -0.31975719 0.84697753
vt -0.31802642 0.84691447
vt -0.31918031 0.84113497
vt -0.32091734 0.84116650
vt -0.31918031 0.84113497
vt -0.31956521 0.83534139
vt -0.32130435 0.83534139
vt -0.31956521 0.83534139
vt -0.31918031 0.82954782
vt -0.32091734 0.82951635
vt -0.31918031 0.82954782
vt -0.31802642 0.82376832
vt -0.31975719 0.82370532
vt -0.31610641 0.81801659
vt -0.31782672 0.81792229
vt -0.31975719 0.82370532
vt -0.31342486 0.81230664
vt -0.31513059 0.81218129
vt -0.31782672 0.81792229
vt -0.30998826 0.80665219
vt -0.31167528 0.80649602
vt -0.31513059 0.81218129
vt -0.30580488 0.80106688
vt -0.30746913 0.80088031
vt -0.31167528 0.80649602
vt -0.30088472 0.79556406
vt -0.30252221 0.79534757
vt -0.30746913 0.80088031
vt -0.29523978 0.79015714
vt -0.29684654 0.78991121
vt -0.30252221 0.79534757
vt -0.28888354 0.78485900
vt -0.29045570 0.78458428
vt -0.29684654 0.78991121
vt -0.28183138 0.77968252
vt -0.28336516 0.77937955
vt -0.29045570 0.78458428
vt -0.27410024 0.77464008
vt -0.27559197 0.77430975
vt -0.28336516 0.77937955
vt -0.27410024 0.77464008
vt -0.26570877 0.76974398
vt -0.26715481 0.76938701
vt -0.26570877 0.76974398
vt -0.25667721 0.76500583
vt -0.25807407 0.76462305
vt -0.25667721 0.76500583
vt -0.24702726 0.76043713
vt -0.24837165 0.76002949
vt -0.23678221 0.75604892
vt -0.23807083 0.75561738
vt -0.24837165 0.76002949
vt -0.23678221 0.75604892
vt -0.22596674 0.75185168
vt -0.22719650 0.75139731
vt -0.22596674 0.75185168
vt -0.21460688 0.74785560
vt -0.21577480 0.74737954
vt -0.21460688 0.74785560
vt -0.20273003 0.74407035
vt -0.20383333 0.74357355
vt -0.19036478 0.74050480
vt -0.19140078 0.73998874
vt -0.20383333 0.74357355
vt -0.19036478 0.74050480
vt -0.17754094 0.73716784
vt -0.17850715 0.73663360
vt -0.16428936 0.73406738
vt -0.16518345 0.73351622
vt -0.17850715 0.73663360
vt -0.15064201 0.73121095
vt -0.15146182 0.73064423
vt -0.16518345 0.73351622
vt -0.13663174 0.72860533
vt -0.13737532 0.72802442
vt -0.15146182 0.73064423
vt -0.13663174 0.72860533
vt -0.12229232 0.72625679
vt -0.12295786 0.72566319
vt -0.12229232 0.72625679
vt -0.10765829 0.72417110
vt -0.10824417 0.72356611
vt -0.09276489 0.72235322
vt -0.09326974 0.72173834
vt -0.10824417 0.72356611
vt -0.09276489 0.72235322
vt -0.07764801 0.72080761
vt -0.07807060 0.72018433
vt -0.07764801 0.72080761
vt -0.06234409 0.71953785
vt -0.06268337 0.71890765
vt -0.06234409 0.71953785
vt -0.04688996 0.71854711
vt -0.04714514 0.71791148
vt -0.03132287 0.71783769
vt -0.03149333 0.71719813
vt -0.04714514 0.71791148
vt -0.01568032 0.71741134
vt -0.01576566 0.71676952
vt -0.03149333 0.71719813
vt -0.01568032 0.71741134
vt -0.00000000 0.71726912
vt -0.00000000 0.71662652
vt 0.01568032 0.71741134
vt 0.01576566 0.71676952
vt -0.00000000 0.71662652
vt 0.01568032 0.71741134
vt 0.03132287 0.71783769
vt 0.03149333 0.71719813
vt 0.03132287 0.71783769
vt 0.04688996 0.71854711
vt 0.04714514 0.71791148
vt 0.06234409 0.71953785
vt 0.06268337 0.71890765
vt 0.04714514 0.71791148
vt 0.07764801 0.72080761
vt 0.07807060 0.72018433
vt 0.06268337 0.71890765
vt 0.09276489 0.72235322
vt 0.09326974 0.72173834
vt 0.07807060 0.72018433
vt 0.09276489 0.72235322
vt 0.10765829 0.72417110
vt 0.10824417 0.72356611
vt 0.12229232 0.72625679
vt 0.12295786 0.72566319
vt 0.10824417 0.72356611
vt 0.13663174 0.72860533
vt 0.13737532 0.72802442
vt 0.12295786 0.72566319
vt 0.13663174 0.72860533
vt 0.15064201 0.73121095
vt 0.15146182 0.73064423
vt 0.15064201 0.73121095
vt 0.16428936 0.73406738
vt 0.16518345 0.73351622
vt 0.16428936 0.73406738
vt 0.17754094 0.73716784
vt 0.17850715 0.73663360
vt 0.19036478 0.74050480
vt 0.19140078 0.73998874
vt 0.17850715 0.73663360
vt 0.19036478 0.74050480
vt 0.20273003 0.74407035
vt 0.20383333 0.74357355
vt 0.21460688 0.74785560
vt 0.21577480 0.74737954
vt 0.20383333 0.74357355
vt 0.22596674 0.75185168
vt 0.22719650 0.75139731
vt 0.21577480 0.74737954
vt 0.23678221 0.75604892
vt 0.23807083 0.75561738
vt 0.22719650 0.75139731
vt 0.23678221 0.75604892
vt 0.24702726 0.76043713
vt 0.24837165 0.76002949
vt 0.25667721 0.76500583
vt 0.25807407 0.76462305
vt 0.24837165 0.76002949
vt 0.26570877 0.76974398
vt 0.26715481 0.76938701
vt 0.25807407 0.76462305
vt 0.27410024 0.77464008
vt 0.27559197 0.77430975
vt 0.26715481 0.76938701
vt 0.27410024 0.77464008
vt 0.28183138 0.77968252
vt 0.28336516 0.77937955
vt 0.28183138 0.77968252
vt 0.28888354 0.78485900
vt 0.29045570 0.78458428
vt 0.28888354 0.78485900
vt 0.29523978 0.79015714
vt 0.29684654 0.78991121
vt 0.29523978 0.79015714
vt 0.30088472 0.79556406
vt 0.30252221 0.79534757
vt 0.30088472 0.79556406
vt 0.30580488 0.80106688
vt 0.30746913 0.80088031
vt 0.30580488 0.80106688
vt 0.30998826 0.80665219
vt 0.31167528 0.80649602
vt 0.30998826 0.80665219
vt 0.31342486 0.81230664
vt 0.31513059 0.81218129
vt 0.31342486 0.81230664
vt 0.31610641 0.81801659
vt 0.31782672 0.81792229
vt 0.31610641 0.81801659
vt 0.31802642 0.82376832
vt 0.31975719 0.82370532
vt 0.31918031 0.82954782
vt 0.32091734 0.82951635
vt 0.31975719 0.82370532
vt 0.31956521 0.83534139
vt 0.32130435 0.83534139
vt 0.32091734 0.82951635
vt 0.32091734 0.84116650
vt 0.31809467 0.84111524
vt 0.31847826 0.83534139
vt 0.32091734 0.84116650
vt 0.31975719 0.84697753
vt 0.31694472 0.84687513
vt 0.31975719 0.84697753
vt 0.31782672 0.85276049
vt 0.31503123 0.85260731
vt 0.31782672 0.85276049
vt 0.31513059 0.85850155
vt 0.31235880 0.85829777
vt 0.31513059 0.85850155
vt 0.31167528 0.86418676
vt 0.30893388 0.86393309
vt 0.30746913 0.86980247
vt 0.30476472 0.86949939
vt 0.30893388 0.86393309
vt 0.30252221 0.87533528
vt 0.29986134 0.87498349
vt 0.30476472 0.86949939
vt 0.29684654 0.88077164
vt 0.29423556 0.88037205
vt 0.29986134 0.87498349
vt 0.29684654 0.88077164
vt 0.29045570 0.88609856
vt 0.28790095 0.88565207
vt 0.29045570 0.88609856
vt 0.28336516 0.89130318
vt 0.28087276 0.89081097
vt 0.27559197 0.89637309
vt 0.27316794 0.89583629
vt 0.28087276 0.89081097
vt 0.26715481 0.90129584
vt 0.26480502 0.90071577
vt 0.27316794 0.89583629
vt 0.25807407 0.90605980
vt 0.25580415 0.90543777
vt 0.26480502 0.90071577
vt 0.25807407 0.90605980
vt 0.24837165 0.91065335
vt 0.24618705 0.90999085
vt 0.24837165 0.91065335
vt 0.23807083 0.91506547
vt 0.23597683 0.91436422
vt 0.23807083 0.91506547
vt 0.22719650 0.91928548
vt 0.22519815 0.91854715
vt 0.21577480 0.92330331
vt 0.21387693 0.92252964
vt 0.22519815 0.91854715
vt 0.21577480 0.92330331
vt 0.20383333 0.92710924
vt 0.20204048 0.92630208
vt 0.20383333 0.92710924
vt 0.19140078 0.93069410
vt 0.18971728 0.92985541
vt 0.19140078 0.93069410
vt 0.17850715 0.93404925
vt 0.17693706 0.93318105
vt 0.17850715 0.93404925
vt 0.16518345 0.93716657
vt 0.16373056 0.93627095
vt 0.15146182 0.94003856
vt 0.15012962 0.93911773
vt 0.16373056 0.93627095
vt 0.13737532 0.94265836
vt 0.13616700 0.94171447
vt 0.15012962 0.93911773
vt 0.12295786 0.94501960
vt 0.12187637 0.94405490
vt 0.13616700 0.94171447
vt 0.12295786 0.94501960
vt 0.10824417 0.94711667
vt 0.10729209 0.94613349
vt 0.10824417 0.94711667
vt 0.09326974 0.94894445
vt 0.09244935 0.94794524
vt 0.07807060 0.95049852
vt 0.07738391 0.94948566
vt 0.09244935 0.94794524
vt 0.06268337 0.95177519
vt 0.06213203 0.95075113
vt 0.07738391 0.94948566
vt 0.04714514 0.95277131
vt 0.04673047 0.95173854
vt 0.06213203 0.95075113
vt 0.03149333 0.95348459
vt 0.03121633 0.95244545
vt 0.04673047 0.95173854
vt 0.03149333 0.95348459
vt 0.01576566 0.95391327
vt 0.01562699 0.95287037
vt 0.00000000 0.95405626
vt 0.00000000 0.95301211
vt 0.01562699 0.95287037
vt 0.00000000 0.95405626
vt -0.01576566 0.95391327
vt -0.01562699 0.95287037
vt -0.03149333 0.95348459
vt -0.03121633 0.95244545
vt -0.01562699 0.95287037
vt -0.03149333 0.95348459
vt -0.04714514 0.95277131
vt -0.04673047 0.95173854
vt -0.04714514 0.95277131
vt -0.06268337 0.95177519
vt -0.06213203 0.95075113
vt -0.06268337 0.95177519
vt -0.07807060 0.95049852
vt -0.07738391 0.94948566
vt -0.07807060 0.95049852
vt -0.09326974 0.94894445
vt -0.09244935 0.94794524
vt -0.10824417 0.94711667
vt -0.10729209 0.94613349
vt -0.09244935 0.94794524
vt -0.12295786 0.94501960
vt -0.12187637 0.94405490
vt -0.10729209 0.94613349
vt -0.12295786 0.94501960
vt -0.13737532 0.94265836
vt -0.13616700 0.94171447
vt -0.13737532 0.94265836
vt -0.15146182 0.94003856
vt -0.15012962 0.93911773
vt -0.15146182 0.94003856
vt -0.16518345 0.93716657
vt -0.16373056 0.93627095
vt -0.17850715 0.93404925
vt -0.17693706 0.93318105
vt -0.16373056 0.93627095
vt -0.19140078 0.93069410
vt -0.18971728 0.92985541
vt -0.17693706 0.93318105
vt -0.20383333 0.92710924
vt -0.20204048 0.92630208
vt -0.18971728 0.92985541
vt -0.21577480 0.92330331
vt -0.21387693 0.92252964
vt -0.20204048 0.92630208
vt -0.21577480 0.92330331
vt -0.22719650 0.91928548
vt -0.22519815 0.91854715
vt -0.23807083 0.91506547
vt -0.23597683 0.91436422
vt -0.22519815 0.91854715
vt -0.24837165 0.91065335
vt -0.24618705 0.90999085
vt -0.23597683 0.91436422
vt -0.25807407 0.90605980
vt -0.25580415 0.90543777
vt -0.24618705 0.90999085
vt -0.25807407 0.90605980
vt -0.26715481 0.90129584
vt -0.26480502 0.90071577
vt -0.26715481 0.90129584
vt -0.27559197 0.89637309
vt -0.27316794 0.89583629
vt -0.27559197 0.89637309
vt -0.28336516 0.89130318
vt -0.28087276 0.89081097
vt -0.29045570 0.88609856
vt -0.28790095 0.88565207
vt -0.28087276 0.89081097
vt -0.29684654 0.88077164
vt -0.29423556 0.88037205
vt -0.28790095 0.88565207
vt -0.29684654 0.88077164
vt -0.30252221 0.87533528
vt -0.29986134 0.87498349
vt -0.30252221 0.87533528
vt -0.30746913 0.86980247
vt -0.30476472 0.86949939
vt -0.30746913 0.86980247
vt -0.31167528 0.86418676
vt -0.30893388 0.86393309
vt -0.31513059 0.85850155
vt -0.31235880 0.85829777
vt -0.30893388 0.86393309
vt -0.31782672 0.85276049
vt -0.31503123 0.85260731
vt -0.31235880 0.85829777
vt -0.31975719 0.84697753
vt -0.31694472 0.84687513
vt -0.31503123 0.85260731
vt -0.32091734 0.84116650
vt -0.31809467 0.84111524
vt -0.31694472 0.84687513
vt -0.32091734 0.84116650
vt -0.32130435 0.83534139
vt -0.31847826 0.83534139
vt -0.32091734 0.82951635
vt -0.31809467 0.82956755
vt -0.31847826 0.83534139
vt -0.31975719 0.82370532
vt -0.31694472 0.82380766
vt -0.31809467 0.82956755
vt -0.31782672 0.81792229
vt -0.31503123 0.81807548
vt -0.31694472 0.82380766
vt -0.31782672 0.81792229
vt -0.31513059 0.81218129
vt -0.31235880 0.81238502
vt -0.31513059 0.81218129
vt -0.31167528 0.80649602
vt -0.30893388 0.80674976
vt -0.31167528 0.80649602
vt -0.30746913 0.80088031
vt -0.30476472 0.80118346
vt -0.30252221 0.79534757
vt -0.29986134 0.79569930
vt -0.30476472 0.80118346
vt -0.29684654 0.78991121
vt -0.29423556 0.79031074
vt -0.29986134 0.79569930
vt -0.29045570 0.78458428
vt -0.28790095 0.78503078
vt -0.29423556 0.79031074
vt -0.29045570 0.78458428
vt -0.28336516 0.77937955
vt -0.28087276 0.77987182
vt -0.28336516 0.77937955
vt -0.27559197 0.77430975
vt -0.27316794 0.77484655
vt -0.26715481 0.76938701
vt -0.26480502 0.76996708
vt -0.27316794 0.77484655
vt -0.25807407 0.76462305
vt -0.25580415 0.76524508
vt -0.26480502 0.76996708
vt -0.25807407 0.76462305
vt -0.24837165 0.76002949
vt -0.24618705 0.76069188
vt -0.24837165 0.76002949
vt -0.23807083 0.75561738
vt -0.23597683 0.75631863
vt -0.22719650 0.75139731
vt -0.22519815 0.75213563
vt -0.23597683 0.75631863
vt -0.21577480 0.74737954
vt -0.21387693 0.74815321
vt -0.22519815 0.75213563
vt -0.21577480 0.74737954
vt -0.20383333 0.74357355
vt -0.20204048 0.74438077
vt -0.20383333 0.74357355
vt -0.19140078 0.73998874
vt -0.18971728 0.74082744
vt -0.19140078 0.73998874
vt -0.17850715 0.73663360
vt -0.17693706 0.73750180
vt -0.17850715 0.73663360
vt -0.16518345 0.73351622
vt -0.16373056 0.73441190
vt -0.16518345 0.73351622
vt -0.15146182 0.73064423
vt -0.15012962 0.73156512
vt -0.13737532 0.72802442
vt -0.13616700 0.72896832
vt -0.15012962 0.73156512
vt -0.12295786 0.72566319
vt -0.12187637 0.72662783
vt -0.13616700 0.72896832
vt -0.12295786 0.72566319
vt -0.10824417 0.72356611
vt -0.10729209 0.72454929
vt -0.10824417 0.72356611
vt -0.09326974 0.72173834
vt -0.09244935 0.72273761
vt -0.07807060 0.72018433
vt -0.07738391 0.72119713
vt -0.09244935 0.72273761
vt -0.06268337 0.71890765
vt -0.06213203 0.71993172
vt -0.07738391 0.72119713
vt -0.04714514 0.71791148
vt -0.04673047 0.71894431
vt -0.06213203 0.71993172
vt -0.03149333 0.71719813
vt -0.03121633 0.71823734
vt -0.04673047 0.71894431
vt -0.03149333 0.71719813
vt -0.01576566 0.71676952
vt -0.01562699 0.71781248
vt -0.01576566 0.71676952
vt -0.00000000 0.71662652
vt -0.00000000 0.71767068
vt 0.01576566 0.71676952
vt 0.01562699 0.71781248
vt -0.00000000 0.71767068
vt 0.03149333 0.71719813
vt 0.03121633 0.71823734
vt 0.01562699 0.71781248
vt 0.03149333 0.71719813
vt 0.04714514 0.71791148
vt 0.04673047 0.71894431
vt 0.04714514 0.71791148
vt 0.06268337 0.71890765
vt 0.06213203 0.71993172
vt 0.06268337 0.71890765
vt 0.07807060 0.72018433
vt 0.07738391 0.72119713
vt 0.07807060 0.72018433
vt 0.09326974 0.72173834
vt 0.09244935 0.72273761
vt 0.10824417 0.72356611
vt 0.10729209 0.72454929
vt 0.09244935 0.72273761
vt 0.12295786 0.72566319
vt 0.12187637 0.72662783
vt 0.10729209 0.72454929
vt 0.12295786 0.72566319
vt 0.13737532 0.72802442
vt 0.13616700 0.72896832
vt 0.13737532 0.72802442
vt 0.15146182 0.73064423
vt 0.15012962 0.73156512
vt 0.16518345 0.73351622
vt 0.16373056 0.73441190
vt 0.15012962 0.73156512
vt 0.17850715 0.73663360
vt 0.17693706 0.73750180
vt 0.16373056 0.73441190
vt 0.19140078 0.73998874
vt 0.18971728 0.74082744
vt 0.17693706 0.73750180
vt 0.20383333 0.74357355
vt 0.20204048 0.74438077
vt 0.18971728 0.74082744
vt 0.21577480 0.74737954
vt 0.21387693 0.74815321
vt 0.20204048 0.74438077
vt 0.21577480 0.74737954
vt 0.22719650 0.75139731
vt 0.22519815 0.75213563
vt 0.22719650 0.75139731
vt 0.23807083 0.75561738
vt 0.23597683 0.75631863
vt 0.24837165 0.76002949
vt 0.24618705 0.76069188
vt 0.23597683 0.75631863
vt 0.25807407 0.76462305
vt 0.25580415 0.76524508
vt 0.24618705 0.76069188
vt 0.25807407 0.76462305
vt 0.26715481 0.76938701
vt 0.26480502 0.76996708
vt 0.26715481 0.76938701
vt 0.27559197 0.77430975
vt 0.27316794 0.77484655
vt 0.28336516 0.77937955
vt 0.28087276 0.77987182
vt 0.27316794 0.77484655
vt 0.29045570 0.78458428
vt 0.28790095 0.78503078
vt 0.28087276 0.77987182
vt 0.29045570 0.78458428
vt 0.29684654 0.78991121
vt 0.29423556 0.79031074
vt 0.29684654 0.78991121
vt 0.30252221 0.79534757
vt 0.29986134 0.79569930
vt 0.30252221 0.79534757
vt 0.30746913 0.80088031
vt 0.30476472 0.80118346
vt 0.31167528 0.80649602
vt 0.30893388 0.80674976
vt 0.30476472 0.80118346
vt 0.31513059 0.81218129
vt 0.31235880 0.81238502
vt 0.30893388 0.80674976
vt 0.31782672 0.81792229
vt 0.31503123 0.81807548
vt 0.31235880 0.81238502
vt 0.31782672 0.81792229
vt 0.31975719 0.82370532
vt 0.31694472 0.82380766
vt 0.31975719 0.82370532
vt 0.32091734 0.82951635
vt 0.31809467 0.82956755
vt 0.32091734 0.82951635
vt 0.32130435 0.83534139
vt 0.31847826 0.83534139
vt 0.31847826 0.83534139
vt 0.31809467 0.84111524
vt 0.31483772 0.84105605
vt 0.31809467 0.84111524
vt 0.31694472 0.84687513
vt 0.31369954 0.84675705
vt 0.31503123 0.85260731
vt 0.31180567 0.85243052
vt 0.31369954 0.84675705
vt 0.31235880 0.85829777
vt 0.30916062 0.85806280
vt 0.31180567 0.85243052
vt 0.30893388 0.86393309
vt 0.30577073 0.86364031
vt 0.30916062 0.85806280
vt 0.30476472 0.86949939
vt 0.30164424 0.86914968
vt 0.30577073 0.86364031
vt 0.30476472 0.86949939
vt 0.29986134 0.87498349
vt 0.29679108 0.87457758
vt 0.29986134 0.87498349
vt 0.29423556 0.88037205
vt 0.29122290 0.87991101
vt 0.28790095 0.88565207
vt 0.28495315 0.88513702
vt 0.29122290 0.87991101
vt 0.28087276 0.89081097
vt 0.27799693 0.89024299
vt 0.28495315 0.88513702
vt 0.28087276 0.89081097
vt 0.27316794 0.89583629
vt 0.27037099 0.89521682
vt 0.27316794 0.89583629
vt 0.26480502 0.90071577
vt 0.26209372 0.90004641
vt 0.25580415 0.90543777
vt 0.25318500 0.90472007
vt 0.26209372 0.90004641
vt 0.24618705 0.90999085
vt 0.24366637 0.90922654
vt 0.25318500 0.90472007
vt 0.24618705 0.90999085
vt 0.23597683 0.91436422
vt 0.23356070 0.91355509
vt 0.22519815 0.91854715
vt 0.22289236 0.91769522
vt 0.23356070 0.91355509
vt 0.21387693 0.92252964
vt 0.21168707 0.92163688
vt 0.22289236 0.91769522
vt 0.21387693 0.92252964
vt 0.20204048 0.92630208
vt 0.19997180 0.92537075
vt 0.20204048 0.92630208
vt 0.18971728 0.92985541
vt 0.18777479 0.92888767
vt 0.18971728 0.92985541
vt 0.17693706 0.93318105
vt 0.17512539 0.93217921
vt 0.17693706 0.93318105
vt 0.16373056 0.93627095
vt 0.16205414 0.93523753
vt 0.16373056 0.93627095
vt 0.15012962 0.93911773
vt 0.14859246 0.93805516
vt 0.15012962 0.93911773
vt 0.13616700 0.94171447
vt 0.13477281 0.94062525
vt 0.13616700 0.94171447
vt 0.12187637 0.94405490
vt 0.12062848 0.94294184
vt 0.10729209 0.94613349
vt 0.10619355 0.94499916
vt 0.12062848 0.94294184
vt 0.09244935 0.94794524
vt 0.09150279 0.94679224
vt 0.10619355 0.94499916
vt 0.09244935 0.94794524
vt 0.07738391 0.94948566
vt 0.07659158 0.94831693
vt 0.07738391 0.94948566
vt 0.06213203 0.95075113
vt 0.06149587 0.94956946
vt 0.06213203 0.95075113
vt 0.04673047 0.95173854
vt 0.04625200 0.95054674
vt 0.03121633 0.95244545
vt 0.03089671 0.95124644
vt 0.04625200 0.95054674
vt 0.03121633 0.95244545
vt 0.01562699 0.95287037
vt 0.01546699 0.95166701
vt 0.00000000 0.95301211
vt 0.00000000 0.95180732
vt 0.01546699 0.95166701
vt 0.00000000 0.95301211
vt -0.01562699 0.95287037
vt -0.01546699 0.95166701
vt -0.03121633 0.95244545
vt -0.03089671 0.95124644
vt -0.01546699 0.95166701
vt -0.03121633 0.95244545
vt -0.04673047 0.95173854
vt -0.04625200 0.95054674
vt -0.06213203 0.95075113
vt -0.06149587 0.94956946
vt -0.04625200 0.95054674
vt -0.07738391 0.94948566
vt -0.07659158 0.94831693
vt -0.06149587 0.94956946
vt -0.09244935 0.94794524
vt -0.09150279 0.94679224
vt -0.07659158 0.94831693
vt -0.09244935 0.94794524
vt -0.10729209 0.94613349
vt -0.10619355 0.94499916
vt -0.10729209 0.94613349
vt -0.12187637 0.94405490
vt -0.12062848 0.94294184
vt -0.13616700 0.94171447
vt -0.13477281 0.94062525
vt -0.12062848 0.94294184
vt -0.15012962 0.93911773
vt -0.14859246 0.93805516
vt -0.13477281 0.94062525
vt -0.16373056 0.93627095
vt -0.16205414 0.93523753
vt -0.14859246 0.93805516
vt -0.17693706 0.93318105
vt -0.17512539 0.93217921
vt -0.16205414 0.93523753
vt -0.18971728 0.92985541
vt -0.18777479 0.92888767
vt -0.17512539 0.93217921
vt -0.20204048 0.92630208
vt -0.19997180 0.92537075
vt -0.18777479 0.92888767
vt -0.21387693 0.92252964
vt -0.21168707 0.92163688
vt -0.19997180 0.92537075
vt -0.21387693 0.92252964
vt -0.22519815 0.91854715
vt -0.22289236 0.91769522
vt -0.22519815 0.91854715
vt -0.23597683 0.91436422
vt -0.23356070 0.91355509
vt -0.24618705 0.90999085
vt -0.24366637 0.90922654
vt -0.23356070 0.91355509
vt -0.24618705 0.90999085
vt -0.25580415 0.90543777
vt -0.25318500 0.90472007
vt -0.25580415 0.90543777
vt -0.26480502 0.90071577
vt -0.26209372 0.90004641
vt -0.27316794 0.89583629
vt -0.27037099 0.89521682
vt -0.26209372 0.90004641
vt -0.28087276 0.89081097
vt -0.27799693 0.89024299
vt -0.27037099 0.89521682
vt -0.28087276 0.89081097
vt -0.28790095 0.88565207
vt -0.28495315 0.88513702
vt -0.28790095 0.88565207
vt -0.29423556 0.88037205
vt -0.29122290 0.87991101
vt -0.29986134 0.87498349
vt -0.29679108 0.87457758
vt -0.29122290 0.87991101
vt -0.30476472 0.86949939
vt -0.30164424 0.86914968
vt -0.29679108 0.87457758
vt -0.30476472 0.86949939
vt -0.30893388 0.86393309
vt -0.30577073 0.86364031
vt -0.30893388 0.86393309
vt -0.31235880 0.85829777
vt -0.30916062 0.85806280
vt -0.31235880 0.85829777
vt -0.31503123 0.85260731
vt -0.31180567 0.85243052
vt -0.31503123 0.85260731
vt -0.31694472 0.84687513
vt -0.31369954 0.84675705
vt -0.31809467 0.84111524
vt -0.31483772 0.84105605
vt -0.31369954 0.84675705
vt -0.31847826 0.83534139
vt -0.31521741 0.83534139
vt -0.31483772 0.84105605
vt -0.31847826 0.83534139
vt -0.31809467 0.82956755
vt -0.31483772 0.82962668
vt -0.31809467 0.82956755
vt -0.31694472 0.82380766
vt -0.31369954 0.82392579
vt -0.31694472 0.82380766
vt -0.31503123 0.81807548
vt -0.31180567 0.81825233
vt -0.31503123 0.81807548
vt -0.31235880 0.81238502
vt -0.30916062 0.81262004
vt -0.30893388 0.80674976
vt -0.30577073 0.80704248
vt -0.30916062 0.81262004
vt -0.30476472 0.80118346
vt -0.30164424 0.80153316
vt -0.30577073 0.80704248
vt -0.30476472 0.80118346
vt -0.29986134 0.79569930
vt -0.29679108 0.79610527
vt -0.29986134 0.79569930
vt -0.29423556 0.79031074
vt -0.29122290 0.79077184
vt -0.28790095 0.78503078
vt -0.28495315 0.78554583
vt -0.29122290 0.79077184
vt -0.28087276 0.77987182
vt -0.27799693 0.78043973
vt -0.28495315 0.78554583
vt -0.28087276 0.77987182
vt -0.27316794 0.77484655
vt -0.27037099 0.77546602
vt -0.27316794 0.77484655
vt -0.26480502 0.76996708
vt -0.26209372 0.77063644
vt -0.25580415 0.76524508
vt -0.25318500 0.76596278
vt -0.26209372 0.77063644
vt -0.25580415 0.76524508
vt -0.24618705 0.76069188
vt -0.24366637 0.76145625
vt -0.24618705 0.76069188
vt -0.23597683 0.75631863
vt -0.23356070 0.75712770
vt -0.22519815 0.75213563
vt -0.22289236 0.75298756
vt -0.23356070 0.75712770
vt -0.21387693 0.74815321
vt -0.21168707 0.74904591
vt -0.22289236 0.75298756
vt -0.20204048 0.74438077
vt -0.19997180 0.74531209
vt -0.21168707 0.74904591
vt -0.20204048 0.74438077
vt -0.18971728 0.74082744
vt -0.18777479 0.74179518
vt -0.18971728 0.74082744
vt -0.17693706 0.73750180
vt -0.17512539 0.73850352
vt -0.16373056 0.73441190
vt -0.16205414 0.73544532
vt -0.17512539 0.73850352
vt -0.16373056 0.73441190
vt -0.15012962 0.73156512
vt -0.14859246 0.73262769
vt -0.15012962 0.73156512
vt -0.13616700 0.72896832
vt -0.13477281 0.73005754
vt -0.13616700 0.72896832
vt -0.12187637 0.72662783
vt -0.12062848 0.72774094
vt -0.10729209 0.72454929
vt -0.10619355 0.72568369
vt -0.12062848 0.72774094
vt -0.09244935 0.72273761
vt -0.09150279 0.72389048
vt -0.10619355 0.72568369
vt -0.09244935 0.72273761
vt -0.07738391 0.72119713
vt -0.07659158 0.72236586
vt -0.07738391 0.72119713
vt -0.06213203 0.71993172
vt -0.06149587 0.72111338
vt -0.06213203 0.71993172
vt -0.04673047 0.71894431
vt -0.04625200 0.72013611
vt -0.03121633 0.71823734
vt -0.03089671 0.71943641
vt -0.04625200 0.72013611
vt -0.03121633 0.71823734
vt -0.01562699 0.71781248
vt -0.01546699 0.71901578
vt -0.01562699 0.71781248
vt -0.00000000 0.71767068
vt -0.00000000 0.71887553
vt 0.01562699 0.71781248
vt 0.01546699 0.71901578
vt -0.00000000 0.71887553
vt 0.03121633 0.71823734
vt 0.03089671 0.71943641
vt 0.01546699 0.71901578
vt 0.03121633 0.71823734
vt 0.04673047 0.71894431
vt 0.04625200 0.72013611
vt 0.06213203 0.71993172
vt 0.06149587 0.72111338
vt 0.04625200 0.72013611
vt 0.07738391 0.72119713
vt 0.07659158 0.72236586
vt 0.06149587 0.72111338
vt 0.09244935 0.72273761
vt 0.09150279 0.72389048
vt 0.07659158 0.72236586
vt 0.09244935 0.72273761
vt 0.10729209 0.72454929
vt 0.10619355 0.72568369
vt 0.10729209 0.72454929
vt 0.12187637 0.72662783
vt 0.12062848 0.72774094
vt 0.13616700 0.72896832
vt 0.13477281 0.73005754
vt 0.12062848 0.72774094
vt 0.15012962 0.73156512
vt 0.14859246 0.73262769
vt 0.13477281 0.73005754
vt 0.16373056 0.73441190
vt 0.16205414 0.73544532
vt 0.14859246 0.73262769
vt 0.16373056 0.73441190
vt 0.17693706 0.73750180
vt 0.17512539 0.73850352
vt 0.18971728 0.74082744
vt 0.18777479 0.74179518
vt 0.17512539 0.73850352
vt 0.20204048 0.74438077
vt 0.19997180 0.74531209
vt 0.18777479 0.74179518
vt 0.20204048 0.74438077
vt 0.21387693 0.74815321
vt 0.21168707 0.74904591
vt 0.21387693 0.74815321
vt 0.22519815 0.75213563
vt 0.22289236 0.75298756
vt 0.22519815 0.75213563
vt 0.23597683 0.75631863
vt 0.23356070 0.75712770
vt 0.24618705 0.76069188
vt 0.24366637 0.76145625
vt 0.23356070 0.75712770
vt 0.25580415 0.76524508
vt 0.25318500 0.76596278
vt 0.24366637 0.76145625
vt 0.25580415 0.76524508
vt 0.26480502 0.76996708
vt 0.26209372 0.77063644
vt 0.27316794 0.77484655
vt 0.27037099 0.77546602
vt 0.26209372 0.77063644
vt 0.28087276 0.77987182
vt 0.27799693 0.78043973
vt 0.27037099 0.77546602
vt 0.28087276 0.77987182
vt 0.28790095 0.78503078
vt 0.28495315 0.78554583
vt 0.28790095 0.78503078
vt 0.29423556 0.79031074
vt 0.29122290 0.79077184
vt 0.29986134 0.79569930
vt 0.29679108 0.79610527
vt 0.29122290 0.79077184
vt 0.30476472 0.80118346
vt 0.30164424 0.80153316
vt 0.29679108 0.79610527
vt 0.30476472 0.80118346
vt 0.30893388 0.80674976
vt 0.30577073 0.80704248
vt 0.30893388 0.80674976
vt 0.31235880 0.81238502
vt 0.30916062 0.81262004
vt 0.31503123 0.81807548
vt 0.31180567 0.81825233
vt 0.30916062 0.81262004
vt 0.31694472 0.82380766
vt 0.31369954 0.82392579
vt 0.31180567 0.81825233
vt 0.31809467 0.82956755
vt 0.31483772 0.82962668
vt 0.31369954 0.82392579
vt 0.31847826 0.83534139
vt 0.31521741 0.83534139
vt 0.31483772 0.82962668
vt 0.31956521 0.83534139
vt 0.31918031 0.82954782
vt 0.31802642 0.82376832
vt 0.31802642 0.82376832
vt 0.31610641 0.81801659
vt 0.31342486 0.81230664
vt 0.31342486 0.81230664
vt 0.30998826 0.80665219
vt 0.30580488 0.80106688
vt 0.30580488 0.80106688
vt 0.30088472 0.79556406
vt 0.31342486 0.81230664
vt 0.30088472 0.79556406
vt 0.29523978 0.79015714
vt 0.31342486 0.81230664
vt 0.29523978 0.79015714
vt 0.28888354 0.78485900
vt 0.26570877 0.76974398
vt 0.28888354 0.78485900
vt 0.28183138 0.77968252
vt 0.26570877 0.76974398
vt 0.28183138 0.77968252
vt 0.27410024 0.77464008
vt 0.26570877 0.76974398
vt 0.26570877 0.76974398
vt 0.25667721 0.76500583
vt 0.24702726 0.76043713
vt 0.24702726 0.76043713
vt 0.23678221 0.75604892
vt 0.26570877 0.76974398
vt 0.23678221 0.75604892
vt 0.22596674 0.75185168
vt 0.26570877 0.76974398
vt 0.22596674 0.75185168
vt 0.21460688 0.74785560
vt 0.20273003 0.74407035
vt 0.20273003 0.74407035
vt 0.19036478 0.74050480
vt 0.17754094 0.73716784
vt 0.17754094 0.73716784
vt 0.16428936 0.73406738
vt 0.15064201 0.73121095
vt 0.15064201 0.73121095
vt 0.13663174 0.72860533
vt 0.17754094 0.73716784
vt 0.13663174 0.72860533
vt 0.12229232 0.72625679
vt 0.17754094 0.73716784
vt 0.12229232 0.72625679
vt 0.10765829 0.72417110
vt 0.06234409 0.71953785
vt 0.10765829 0.72417110
vt 0.09276489 0.72235322
vt 0.06234409 0.71953785
vt 0.09276489 0.72235322
vt 0.07764801 0.72080761
vt 0.06234409 0.71953785
vt 0.06234409 0.71953785
vt 0.04688996 0.71854711
vt 0.03132287 0.71783769
vt 0.03132287 0.71783769
vt 0.01568032 0.71741134
vt -0.00000000 0.71726912
vt -0.00000000 0.71726912
vt -0.01568032 0.71741134
vt -0.03132287 0.71783769
vt -0.03132287 0.71783769
vt -0.04688996 0.71854711
vt -0.06234409 0.71953785
vt -0.06234409 0.71953785
vt -0.07764801 0.72080761
vt -0.09276489 0.72235322
vt -0.09276489 0.72235322
vt -0.10765829 0.72417110
vt -0.06234409 0.71953785
vt -0.10765829 0.72417110
vt -0.12229232 0.72625679
vt -0.06234409 0.71953785
vt -0.12229232 0.72625679
vt -0.13663174 0.72860533
vt -0.17754094 0.73716784
vt -0.13663174 0.72860533
vt -0.15064201 0.73121095
vt -0.17754094 0.73716784
vt -0.15064201 0.73121095
vt -0.16428936 0.73406738
vt -0.17754094 0.73716784
vt -0.17754094 0.73716784
vt -0.19036478 0.74050480
vt -0.20273003 0.74407035
vt -0.20273003 0.74407035
vt -0.21460688 0.74785560
vt -0.22596674 0.75185168
vt -0.22596674 0.75185168
vt -0.23678221 0.75604892
vt -0.26570877 0.76974398
vt -0.23678221 0.75604892
vt -0.24702726 0.76043713
vt -0.26570877 0.76974398
vt -0.24702726 0.76043713
vt -0.25667721 0.76500583
vt -0.26570877 0.76974398
vt -0.26570877 0.76974398
vt -0.27410024 0.77464008
vt -0.28183138 0.77968252
vt -0.28183138 0.77968252
vt -0.28888354 0.78485900
vt -0.26570877 0.76974398
vt -0.28888354 0.78485900
vt -0.29523978 0.79015714
vt -0.26570877 0.76974398
vt -0.29523978 0.79015714
vt -0.30088472 0.79556406
vt -0.31342486 0.81230664
vt -0.30088472 0.79556406
vt -0.30580488 0.80106688
vt -0.31342486 0.81230664
vt -0.30580488 0.80106688
vt -0.30998826 0.80665219
vt -0.31342486 0.81230664
vt -0.31342486 0.81230664
vt -0.31610641 0.81801659
vt -0.31802642 0.82376832
vt -0.31802642 0.82376832
vt -0.31918031 0.82954782
vt -0.31956521 0.83534139
vt -0.31956521 0.83534139
vt -0.31918031 0.84113497
vt -0.31802642 0.84691447
vt -0.31802642 0.84691447
vt -0.31610641 0.85266620
vt -0.31342486 0.85837620
vt -0.31342486 0.85837620
vt -0.30998826 0.86403060
vt -0.30580488 0.86961597
vt -0.30580488 0.86961597
vt -0.30088472 0.87511873
vt -0.31342486 0.85837620
vt -0.30088472 0.87511873
vt -0.29523978 0.88052571
vt -0.31342486 0.85837620
vt -0.29523978 0.88052571
vt -0.28888354 0.88582379
vt -0.26570877 0.90093887
vt -0.28888354 0.88582379
vt -0.28183138 0.89100033
vt -0.26570877 0.90093887
vt -0.28183138 0.89100033
vt -0.27410024 0.89604270
vt -0.26570877 0.90093887
vt -0.26570877 0.90093887
vt -0.25667721 0.90567702
vt -0.24702726 0.91024572
vt -0.24702726 0.91024572
vt -0.23678221 0.91463393
vt -0.26570877 0.90093887
vt -0.23678221 0.91463393
vt -0.22596674 0.91883117
vt -0.26570877 0.90093887
vt -0.22596674 0.91883117
vt -0.21460688 0.92282724
vt -0.20273003 0.92661250
vt -0.20273003 0.92661250
vt -0.19036478 0.93017799
vt -0.17754094 0.93351489
vt -0.17754094 0.93351489
vt -0.16428936 0.93661541
vt -0.15064201 0.93947184
vt -0.15064201 0.93947184
vt -0.13663174 0.94207752
vt -0.12229232 0.94442600
vt -0.12229232 0.94442600
vt -0.10765829 0.94651169
vt -0.09276489 0.94832951
vt -0.09276489 0.94832951
vt -0.07764801 0.94987524
vt -0.06234409 0.95114493
vt -0.06234409 0.95114493
vt -0.04688996 0.95213574
vt -0.03132287 0.95284510
vt -0.03132287 0.95284510
vt -0.01568032 0.95327151
vt 0.00000000 0.95341372
vt 0.00000000 0.95341372
vt 0.01568032 0.95327151
vt 0.03132287 0.95284510
vt 0.03132287 0.95284510
vt 0.04688996 0.95213574
vt 0.06234409 0.95114493
vt 0.06234409 0.95114493
vt 0.07764801 0.94987524
vt 0.09276489 0.94832951
vt 0.09276489 0.94832951
vt 0.10765829 0.94651169
vt 0.12229232 0.94442600
vt 0.12229232 0.94442600
vt 0.13663174 0.94207752
vt 0.15064201 0.93947184
vt 0.15064201 0.93947184
vt 0.16428936 0.93661541
vt 0.17754094 0.93351489
vt 0.17754094 0.93351489
vt 0.19036478 0.93017799
vt 0.20273003 0.92661250
vt 0.20273003 0.92661250
vt 0.21460688 0.92282724
vt 0.22596674 0.91883117
vt 0.22596674 0.91883117
vt 0.23678221 0.91463393
vt 0.26570877 0.90093887
vt 0.23678221 0.91463393
vt 0.24702726 0.91024572
vt 0.26570877 0.90093887
vt 0.24702726 0.91024572
vt 0.25667721 0.90567702
vt 0.26570877 0.90093887
vt 0.26570877 0.90093887
vt 0.27410024 0.89604270
vt 0.28183138 0.89100033
vt 0.28183138 0.89100033
vt 0.28888354 0.88582379
vt 0.26570877 0.90093887
vt 0.28888354 0.88582379
vt 0.29523978 0.88052571
vt 0.26570877 0.90093887
vt 0.29523978 0.88052571
vt 0.30088472 0.87511873
vt 0.31342486 0.85837620
vt 0.30088472 0.87511873
vt 0.30580488 0.86961597
vt 0.31342486 0.85837620
vt 0.30580488 0.86961597
vt 0.30998826 0.86403060
vt 0.31342486 0.85837620
vt 0.31342486 0.85837620
vt 0.31610641 0.85266620
vt 0.31802642 0.84691447
vt 0.31802642 0.84691447
vt 0.31918031 0.84113497
vt 0.31956521 0.83534139
vt 0.31956521 0.83534139
vt 0.31802642 0.82376832
vt 0.29523978 0.79015714
vt 0.31802642 0.82376832
vt 0.31342486 0.81230664
vt 0.29523978 0.79015714
vt 0.22596674 0.75185168
vt 0.20273003 0.74407035
vt 0.12229232 0.72625679
vt 0.20273003 0.74407035
vt 0.17754094 0.73716784
vt 0.12229232 0.72625679
vt 0.06234409 0.71953785
vt 0.03132287 0.71783769
vt -0.00000000 0.71726912
vt -0.00000000 0.71726912
vt -0.03132287 0.71783769
vt -0.06234409 0.71953785
vt -0.17754094 0.73716784
vt -0.20273003 0.74407035
vt -0.12229232 0.72625679
vt -0.20273003 0.74407035
vt -0.22596674 0.75185168
vt -0.12229232 0.72625679
vt -0.31342486 0.81230664
vt -0.31802642 0.82376832
vt -0.29523978 0.79015714
vt -0.31802642 0.82376832
vt -0.31956521 0.83534139
vt -0.29523978 0.79015714
vt -0.31956521 0.83534139
vt -0.31802642 0.84691447
vt -0.29523978 0.88052571
vt -0.31802642 0.84691447
vt -0.31342486 0.85837620
vt -0.29523978 0.88052571
vt -0.22596674 0.91883117
vt -0.20273003 0.92661250
vt -0.17754094 0.93351489
vt -0.17754094 0.93351489
vt -0.15064201 0.93947184
vt -0.12229232 0.94442600
vt -0.12229232 0.94442600
vt -0.09276489 0.94832951
vt 0.00000000 0.95341372
vt -0.09276489 0.94832951
vt -0.06234409 0.95114493
vt 0.00000000 0.95341372
vt -0.06234409 0.95114493
vt -0.03132287 0.95284510
vt 0.00000000 0.95341372
vt 0.00000000 0.95341372
vt 0.03132287 0.95284510
vt 0.06234409 0.95114493
vt 0.06234409 0.95114493
vt 0.09276489 0.94832951
vt 0.00000000 0.95341372
vt 0.09276489 0.94832951
vt 0.12229232 0.94442600
vt 0.00000000 0.95341372
vt 0.12229232 0.94442600
vt 0.15064201 0.93947184
vt 0.17754094 0.93351489
vt 0.17754094 0.93351489
vt 0.20273003 0.92661250
vt 0.22596674 0.91883117
vt 0.31342486 0.85837620
vt 0.31802642 0.84691447
vt 0.29523978 0.88052571
vt 0.31802642 0.84691447
vt 0.31956521 0.83534139
vt 0.29523978 0.88052571
vt 0.29523978 0.79015714
vt 0.26570877 0.76974398
vt 0.22596674 0.75185168
vt 0.12229232 0.72625679
vt 0.06234409 0.71953785
vt 0.22596674 0.75185168
vt 0.06234409 0.71953785
vt -0.00000000 0.71726912
vt 0.22596674 0.75185168
vt -0.00000000 0.71726912
vt -0.06234409 0.71953785
vt -0.22596674 0.75185168
vt -0.06234409 0.71953785
vt -0.12229232 0.72625679
vt -0.22596674 0.75185168
vt -0.22596674 0.75185168
vt -0.26570877 0.76974398
vt -0.29523978 0.79015714
vt -0.29523978 0.88052571
vt -0.26570877 0.90093887
vt -0.22596674 0.91883117
vt -0.22596674 0.91883117
vt -0.17754094 0.93351489
vt 0.00000000 0.95341372
vt -0.17754094 0.93351489
vt -0.12229232 0.94442600
vt 0.00000000 0.95341372
vt 0.12229232 0.94442600
vt 0.17754094 0.93351489
vt 0.00000000 0.95341372
vt 0.17754094 0.93351489
vt 0.22596674 0.91883117
vt 0.00000000 0.95341372
vt 0.22596674 0.91883117
vt 0.26570877 0.90093887
vt 0.29523978 0.88052571
vt 0.31956521 0.83534139
vt 0.29523978 0.79015714
vt -0.00000000 0.71726912
vt 0.29523978 0.79015714
vt 0.22596674 0.75185168
vt -0.00000000 0.71726912
vt -0.22596674 0.75185168
vt -0.29523978 0.79015714
vt -0.00000000 0.71726912
vt -0.29523978 0.79015714
vt -0.31956521 0.83534139
vt -0.00000000 0.71726912
vt -0.31956521 0.83534139
vt -0.29523978 0.88052571
vt 0.00000000 0.95341372
vt -0.29523978 0.88052571
vt -0.22596674 0.91883117
vt 0.00000000 0.95341372
vt 0.22596674 0.91883117
vt 0.29523978 0.88052571
vt 0.00000000 0.95341372
vt 0.29523978 0.88052571
vt 0.31956521 0.83534139
vt 0.00000000 0.95341372
vt 0.31956521 0.83534139
vt -0.00000000 0.71726912
vt 0.00000000 0.95341372
vt 0.31483772 0.82962668
vt 0.31521741 0.83534139
vt 0.31180567 0.85243052
vt 0.31521741 0.83534139
vt 0.31483772 0.84105605
vt 0.31180567 0.85243052
vt 0.31483772 0.84105605
vt 0.31369954 0.84675705
vt 0.31180567 0.85243052
vt 0.31180567 0.85243052
vt 0.30916062 0.85806280
vt 0.30577073 0.86364031
vt 0.30577073 0.86364031
vt 0.30164424 0.86914968
vt 0.29679108 0.87457758
vt 0.29679108 0.87457758
vt 0.29122290 0.87991101
vt 0.28495315 0.88513702
vt 0.28495315 0.88513702
vt 0.27799693 0.89024299
vt 0.29679108 0.87457758
vt 0.27799693 0.89024299
vt 0.27037099 0.89521682
vt 0.29679108 0.87457758
vt 0.27037099 0.89521682
vt 0.26209372 0.90004641
vt 0.25318500 0.90472007
vt 0.25318500 0.90472007
vt 0.24366637 0.90922654
vt 0.27037099 0.89521682
vt 0.24366637 0.90922654
vt 0.23356070 0.91355509
vt 0.27037099 0.89521682
vt 0.23356070 0.91355509
vt 0.22289236 0.91769522
vt 0.21168707 0.92163688
vt 0.21168707 0.92163688
vt 0.19997180 0.92537075
vt 0.18777479 0.92888767
vt 0.18777479 0.92888767
vt 0.17512539 0.93217921
vt 0.16205414 0.93523753
vt 0.16205414 0.93523753
vt 0.14859246 0.93805516
vt 0.13477281 0.94062525
vt 0.13477281 0.94062525
vt 0.12062848 0.94294184
vt 0.10619355 0.94499916
vt 0.10619355 0.94499916
vt 0.09150279 0.94679224
vt 0.13477281 0.94062525
vt 0.09150279 0.94679224
vt 0.07659158 0.94831693
vt 0.13477281 0.94062525
vt 0.07659158 0.94831693
vt 0.06149587 0.94956946
vt 0.04625200 0.95054674
vt 0.04625200 0.95054674
vt 0.03089671 0.95124644
vt 0.07659158 0.94831693
vt 0.03089671 0.95124644
vt 0.01546699 0.95166701
vt 0.07659158 0.94831693
vt 0.01546699 0.95166701
vt 0.00000000 0.95180732
vt -0.01546699 0.95166701
vt -0.01546699 0.95166701
vt -0.03089671 0.95124644
vt 0.01546699 0.95166701
vt -0.03089671 0.95124644
vt -0.04625200 0.95054674
vt 0.01546699 0.95166701
vt -0.04625200 0.95054674
vt -0.06149587 0.94956946
vt -0.07659158 0.94831693
vt -0.07659158 0.94831693
vt -0.09150279 0.94679224
vt -0.04625200 0.95054674
vt -0.09150279 0.94679224
vt -0.10619355 0.94499916
vt -0.04625200 0.95054674
vt -0.10619355 0.94499916
vt -0.12062848 0.94294184
vt -0.13477281 0.94062525
vt -0.13477281 0.94062525
vt -0.14859246 0.93805516
vt -0.16205414 0.93523753
vt -0.16205414 0.93523753
vt -0.17512539 0.93217921
vt -0.18777479 0.92888767
vt -0.18777479 0.92888767
vt -0.19997180 0.92537075
vt -0.21168707 0.92163688
vt -0.21168707 0.92163688
vt -0.22289236 0.91769522
vt -0.23356070 0.91355509
vt -0.23356070 0.91355509
vt -0.24366637 0.90922654
vt -0.25318500 0.90472007
vt -0.25318500 0.90472007
vt -0.26209372 0.90004641
vt -0.27037099 0.89521682
vt -0.27037099 0.89521682
vt -0.27799693 0.89024299
vt -0.25318500 0.90472007
vt -0.27799693 0.89024299
vt -0.28495315 0.88513702
vt -0.25318500 0.90472007
vt -0.28495315 0.88513702
vt -0.29122290 0.87991101
vt -0.29679108 0.87457758
vt -0.29679108 0.87457758
vt -0.30164424 0.86914968
vt -0.30577073 0.86364031
vt -0.30577073 0.86364031
vt -0.30916062 0.85806280
vt -0.31180567 0.85243052
vt -0.31180567 0.85243052
vt -0.31369954 0.84675705
vt -0.30577073 0.86364031
vt -0.31369954 0.84675705
vt -0.31483772 0.84105605
vt -0.30577073 0.86364031
vt -0.31483772 0.84105605
vt -0.31521741 0.83534139
vt -0.31483772 0.82962668
vt -0.31483772 0.82962668
vt -0.31369954 0.82392579
vt -0.31483772 0.84105605
vt -0.31369954 0.82392579
vt -0.31180567 0.81825233
vt -0.31483772 0.84105605
vt -0.31180567 0.81825233
vt -0.30916062 0.81262004
vt -0.30577073 0.80704248
vt -0.30577073 0.80704248
vt -0.30164424 0.80153316
vt -0.31180567 0.81825233
vt -0.30164424 0.80153316
vt -0.29679108 0.79610527
vt -0.31180567 0.81825233
vt -0.29679108 0.79610527
vt -0.29122290 0.79077184
vt -0.28495315 0.78554583
vt -0.28495315 0.78554583
vt -0.27799693 0.78043973
vt -0.27037099 0.77546602
vt -0.27037099 0.77546602
vt -0.26209372 0.77063644
vt -0.25318500 0.76596278
vt -0.25318500 0.76596278
vt -0.24366637 0.76145625
vt -0.27037099 0.77546602
vt -0.24366637 0.76145625
vt -0.23356070 0.75712770
vt -0.27037099 0.77546602
vt -0.23356070 0.75712770
vt -0.22289236 0.75298756
vt -0.21168707 0.74904591
vt -0.21168707 0.74904591
vt -0.19997180 0.74531209
vt -0.23356070 0.75712770
vt -0.19997180 0.74531209
vt -0.18777479 0.74179518
vt -0.23356070 0.75712770
vt -0.18777479 0.74179518
vt -0.17512539 0.73850352
vt -0.16205414 0.73544532
vt -0.16205414 0.73544532
vt -0.14859246 0.73262769
vt -0.13477281 0.73005754
vt -0.13477281 0.73005754
vt -0.12062848 0.72774094
vt -0.10619355 0.72568369
vt -0.10619355 0.72568369
vt -0.09150279 0.72389048
vt -0.07659158 0.72236586
vt -0.07659158 0.72236586
vt -0.06149587 0.72111338
vt -0.04625200 0.72013611
vt -0.04625200 0.72013611
vt -0.03089671 0.71943641
vt -0.07659158 0.72236586
vt -0.03089671 0.71943641
vt -0.01546699 0.71901578
vt -0.07659158 0.72236586
vt -0.01546699 0.71901578
vt -0.00000000 0.71887553
vt 0.01546699 0.71901578
vt 0.01546699 0.71901578
vt 0.03089671 0.71943641
vt -0.01546699 0.71901578
vt 0.03089671 0.71943641
vt 0.04625200 0.72013611
vt -0.01546699 0.71901578
vt 0.04625200 0.72013611
vt 0.06149587 0.72111338
vt 0.10619355 0.72568369
vt 0.06149587 0.72111338
vt 0.07659158 0.72236586
vt 0.10619355 0.72568369
vt 0.07659158 0.72236586
vt 0.09150279 0.72389048
vt 0.10619355 0.72568369
vt 0.10619355 0.72568369
vt 0.12062848 0.72774094
vt 0.13477281 0.73005754
vt 0.13477281 0.73005754
vt 0.14859246 0.73262769
vt 0.16205414 0.73544532
vt 0.16205414 0.73544532
vt 0.17512539 0.73850352
vt 0.18777479 0.74179518
vt 0.18777479 0.74179518
vt 0.19997180 0.74531209
vt 0.16205414 0.73544532
vt 0.19997180 0.74531209
vt 0.21168707 0.74904591
vt 0.16205414 0.73544532
vt 0.21168707 0.74904591
vt 0.22289236 0.75298756
vt 0.23356070 0.75712770
vt 0.23356070 0.75712770
vt 0.24366637 0.76145625
vt 0.21168707 0.74904591
vt 0.24366637 0.76145625
vt 0.25318500 0.76596278
vt 0.21168707 0.74904591
vt 0.25318500 0.76596278
vt 0.26209372 0.77063644
vt 0.27037099 0.77546602
vt 0.27037099 0.77546602
vt 0.27799693 0.78043973
vt 0.28495315 0.78554583
vt 0.28495315 0.78554583
vt 0.29122290 0.79077184
vt 0.29679108 0.79610527
vt 0.29679108 0.79610527
vt 0.30164424 0.80153316
vt 0.30577073 0.80704248
vt 0.30577073 0.80704248
vt 0.30916062 0.81262004
vt 0.31180567 0.81825233
vt 0.31180567 0.81825233
vt 0.31369954 0.82392579
vt 0.30577073 0.80704248
vt 0.31369954 0.82392579
vt 0.31483772 0.82962668
vt 0.30577073 0.80704248
vt 0.31180567 0.85243052
vt 0.30577073 0.86364031
vt 0.31483772 0.82962668
vt 0.30577073 0.86364031
vt 0.29679108 0.87457758
vt 0.31483772 0.82962668
vt 0.23356070 0.91355509
vt 0.21168707 0.92163688
vt 0.13477281 0.94062525
vt 0.21168707 0.92163688
vt 0.18777479 0.92888767
vt 0.13477281 0.94062525
vt 0.18777479 0.92888767
vt 0.16205414 0.93523753
vt 0.13477281 0.94062525
vt -0.10619355 0.94499916
vt -0.13477281 0.94062525
vt -0.21168707 0.92163688
vt -0.13477281 0.94062525
vt -0.16205414 0.93523753
vt -0.21168707 0.92163688
vt -0.16205414 0.93523753
vt -0.18777479 0.92888767
vt -0.21168707 0.92163688
vt -0.21168707 0.92163688
vt -0.23356070 0.91355509
vt -0.28495315 0.88513702
vt -0.23356070 0.91355509
vt -0.25318500 0.90472007
vt -0.28495315 0.88513702
vt -0.28495315 0.88513702
vt -0.29679108 0.87457758
vt -0.30577073 0.86364031
vt -0.29679108 0.79610527
vt -0.28495315 0.78554583
vt -0.27037099 0.77546602
vt -0.18777479 0.74179518
vt -0.16205414 0.73544532
vt -0.13477281 0.73005754
vt -0.13477281 0.73005754
vt -0.10619355 0.72568369
vt -0.01546699 0.71901578
vt -0.10619355 0.72568369
vt -0.07659158 0.72236586
vt -0.01546699 0.71901578
vt 0.10619355 0.72568369
vt 0.13477281 0.73005754
vt 0.21168707 0.74904591
vt 0.13477281 0.73005754
vt 0.16205414 0.73544532
vt 0.21168707 0.74904591
vt 0.25318500 0.76596278
vt 0.27037099 0.77546602
vt 0.21168707 0.74904591
vt 0.27037099 0.77546602
vt 0.28495315 0.78554583
vt 0.21168707 0.74904591
vt 0.28495315 0.78554583
vt 0.29679108 0.79610527
vt 0.31483772 0.82962668
vt 0.29679108 0.79610527
vt 0.30577073 0.80704248
vt 0.31483772 0.82962668
vt 0.29679108 0.87457758
vt 0.27037099 0.89521682
vt 0.23356070 0.91355509
vt 0.13477281 0.94062525
vt 0.07659158 0.94831693
vt 0.01546699 0.95166701
vt 0.01546699 0.95166701
vt -0.04625200 0.95054674
vt -0.10619355 0.94499916
vt -0.28495315 0.88513702
vt -0.30577073 0.86364031
vt -0.21168707 0.92163688
vt -0.30577073 0.86364031
vt -0.31483772 0.84105605
vt -0.21168707 0.92163688
vt -0.31483772 0.84105605
vt -0.31180567 0.81825233
vt -0.29679108 0.79610527
vt -0.29679108 0.79610527
vt -0.27037099 0.77546602
vt -0.23356070 0.75712770
vt -0.23356070 0.75712770
vt -0.18777479 0.74179518
vt -0.13477281 0.73005754
vt -0.01546699 0.71901578
vt 0.04625200 0.72013611
vt 0.10619355 0.72568369
vt 0.31483772 0.82962668
vt 0.29679108 0.87457758
vt 0.23356070 0.91355509
vt 0.23356070 0.91355509
vt 0.13477281 0.94062525
vt 0.01546699 0.95166701
vt 0.01546699 0.95166701
vt -0.10619355 0.94499916
vt -0.21168707 0.92163688
vt -0.31483772 0.84105605
vt -0.29679108 0.79610527
vt -0.23356070 0.75712770
vt -0.23356070 0.75712770
vt -0.13477281 0.73005754
vt -0.31483772 0.84105605
vt -0.13477281 0.73005754
vt -0.01546699 0.71901578
vt -0.31483772 0.84105605
vt -0.01546699 0.71901578
vt 0.10619355 0.72568369
vt 0.21168707 0.74904591
vt 0.21168707 0.74904591
vt 0.28495315 0.78554583
vt 0.31483772 0.82962668
vt 0.31483772 0.82962668
vt 0.23356070 0.91355509
vt -0.31483772 0.84105605
vt 0.23356070 0.91355509
vt 0.01546699 0.95166701
vt -0.31483772 0.84105605
vt 0.01546699 0.95166701
vt -0.21168707 0.92163688
vt -0.31483772 0.84105605
vt -0.01546699 0.71901578
vt 0.21168707 0.74904591
vt -0.31483772 0.84105605
vn -0.89867210 0.43809271 0.02152395
vn 0.03645238 0.99933535 -0.00000099
vn -0.89865434 0.43865749 -0.00000050
vn -0.89865255 0.43654895 0.04299500
vn 0.03642299 0.99813271 0.04903555
vn -0.89867210 0.43809271 0.02152395
vn -0.89865637 0.43390536 0.06436453
vn 0.03644653 0.99452358 0.09795187
vn -0.89865255 0.43654895 0.04299500
vn -0.89865637 0.43390536 0.06436453
vn 0.03644645 0.98013353 0.19496138
vn 0.03642911 0.98851997 0.14663310
vn -0.89864111 0.42553994 0.10658304
vn 0.03644645 0.98013353 0.19496138
vn -0.89865643 0.43022472 0.08557667
vn -0.89865696 0.41976419 0.12733322
vn 0.03645261 0.96938592 0.24282116
vn -0.89864111 0.42553994 0.10658304
vn -0.89866489 0.41299218 0.14777954
vn 0.03643686 0.95630562 0.29008946
vn -0.89865696 0.41976419 0.12733322
vn -0.89865512 0.40526462 0.16786753
vn 0.03643301 0.94091845 0.33666769
vn -0.89866489 0.41299218 0.14777954
vn -0.89866513 0.39652231 0.18753943
vn 0.03640014 0.92326665 0.38243133
vn -0.89865512 0.40526462 0.16786753
vn -0.89866650 0.38683355 0.20678069
vn 0.03642606 0.90338987 0.42727023
vn -0.89866513 0.39652231 0.18753943
vn -0.89866650 0.38683355 0.20678069
vn 0.03642849 0.85715729 0.51376486
vn 0.03645139 0.88133413 0.47108549
vn -0.89865619 0.37624443 0.22551550
vn 0.03644087 0.83091915 0.55519843
vn 0.03642849 0.85715729 0.51376486
vn -0.89865071 0.36473852 0.24370624
vn 0.03640672 0.80267608 0.59530306
vn 0.03644087 0.83091915 0.55519843
vn -0.89864695 0.35235992 0.26129681
vn 0.03647714 0.77249813 0.63396847
vn 0.03640672 0.80267608 0.59530306
vn -0.89865202 0.32502514 0.29458997
vn 0.03647714 0.77249813 0.63396847
vn -0.89866072 0.33906698 0.27828482
vn -0.89865202 0.32502514 0.29458997
vn 0.03645713 0.70663208 0.70664132
vn 0.03643826 0.74045753 0.67111462
vn -0.89864790 0.31018615 0.31018779
vn 0.03642486 0.67111439 0.74045855
vn 0.03645713 0.70663208 0.70664132
vn -0.89865541 0.29458293 0.32502207
vn 0.03643283 0.63397223 0.77249718
vn 0.03642486 0.67111439 0.74045855
vn -0.89865822 0.26130161 0.35232779
vn 0.03643283 0.63397223 0.77249718
vn -0.89866740 0.27826485 0.33906567
vn -0.89866304 0.24369863 0.36471301
vn 0.03641761 0.59530401 0.80267489
vn -0.89865822 0.26130161 0.35232779
vn -0.89863282 0.22554862 0.37628034
vn 0.03642937 0.55520636 0.83091444
vn -0.89866304 0.24369863 0.36471301
vn -0.89866889 0.20676406 0.38683704
vn 0.03650029 0.51375437 0.85716051
vn -0.89863282 0.22554862 0.37628034
vn -0.89866889 0.20676406 0.38683704
vn 0.03651032 0.42726785 0.90338755
vn 0.03637060 0.47107819 0.88134128
vn -0.89862055 0.18758051 0.39660391
vn 0.03640327 0.38243008 0.92326707
vn 0.03651032 0.42726785 0.90338755
vn -0.89865470 0.16786747 0.40526569
vn 0.03647783 0.33666518 0.94091767
vn 0.03640327 0.38243008 0.92326707
vn -0.89863926 0.14779659 0.41304204
vn 0.03644555 0.29008746 0.95630586
vn 0.03647783 0.33666518 0.94091767
vn -0.89866507 0.12732865 0.41974825
vn 0.03644854 0.24281819 0.96938682
vn 0.03644555 0.29008746 0.95630586
vn -0.89864576 0.10658024 0.42553070
vn 0.03644190 0.19496310 0.98013330
vn 0.03644854 0.24281819 0.96938682
vn -0.89865631 0.08557808 0.43022460
vn 0.03638479 0.14663307 0.98852164
vn 0.03644190 0.19496310 0.98013330
vn -0.89865440 0.04299849 0.43654498
vn 0.03638479 0.14663307 0.98852164
vn -0.89865971 0.06436300 0.43389863
vn -0.89865702 0.02152085 0.43812370
vn 0.03645590 0.09795548 0.99452287
vn -0.89865440 0.04299849 0.43654498
vn -0.89865702 0.02152085 0.43812370
vn 0.03645652 -0.00000000 0.99933523
vn 0.03644882 0.04903257 0.99813193
vn -0.89865702 -0.02152207 0.43812370
vn 0.03645652 -0.00000000 0.99933523
vn -0.89863753 -0.00000000 0.43869185
vn -0.89865702 -0.02152207 0.43812370
vn 0.03645590 -0.09795547 0.99452287
vn 0.03644882 -0.04903258 0.99813193
vn -0.89865428 -0.04299909 0.43654492
vn 0.03638480 -0.14663309 0.98852164
vn 0.03645590 -0.09795547 0.99452287
vn -0.89865625 -0.08557811 0.43022463
vn 0.03638480 -0.14663309 0.98852164
vn -0.89865971 -0.06436300 0.43389863
vn -0.89864576 -0.10658024 0.42553070
vn 0.03644190 -0.19496310 0.98013330
vn -0.89865625 -0.08557811 0.43022463
vn -0.89866513 -0.12732789 0.41974828
vn 0.03644855 -0.24281816 0.96938682
vn -0.89864576 -0.10658024 0.42553070
vn -0.89863926 -0.14779659 0.41304204
vn 0.03644555 -0.29008746 0.95630586
vn -0.89866513 -0.12732789 0.41974828
vn -0.89865470 -0.16786742 0.40526575
vn 0.03647783 -0.33666518 0.94091767
vn -0.89863926 -0.14779659 0.41304204
vn -0.89862055 -0.18758051 0.39660391
vn 0.03640325 -0.38243002 0.92326713
vn -0.89865470 -0.16786742 0.40526575
vn -0.89866889 -0.20676406 0.38683704
vn 0.03651033 -0.42726788 0.90338761
vn -0.89862055 -0.18758051 0.39660391
vn -0.89866889 -0.20676406 0.38683704
vn 0.03650028 -0.51375437 0.85716051
vn 0.03637059 -0.47107825 0.88134128
vn -0.89863282 -0.22554864 0.37628034
vn 0.03642936 -0.55520642 0.83091444
vn 0.03650028 -0.51375437 0.85716051
vn -0.89866304 -0.24369863 0.36471304
vn 0.03641760 -0.59530401 0.80267483
vn 0.03642936 -0.55520642 0.83091444
vn -0.89865822 -0.26130161 0.35232779
vn 0.03643284 -0.63397229 0.77249718
vn 0.03641760 -0.59530401 0.80267483
vn -0.89865541 -0.29458293 0.32502207
vn 0.03643284 -0.63397229 0.77249718
vn -0.89866740 -0.27826485 0.33906567
vn -0.89864796 -0.31018600 0.31018782
vn 0.03642487 -0.67111439 0.74045849
vn -0.89865541 -0.29458293 0.32502207
vn -0.89865202 -0.32502511 0.29459000
vn 0.03645713 -0.70663214 0.70664132
vn -0.89864796 -0.31018600 0.31018782
vn -0.89865202 -0.32502511 0.29459000
vn 0.03647714 -0.77249807 0.63396853
vn 0.03643825 -0.74045748 0.67111468
vn -0.89864695 -0.35235995 0.26129678
vn 0.03647714 -0.77249807 0.63396853
vn -0.89866072 -0.33906698 0.27828482
vn -0.89865071 -0.36473840 0.24370624
vn 0.03640671 -0.80267602 0.59530306
vn -0.89864695 -0.35235995 0.26129678
vn -0.89865619 -0.37624443 0.22551548
vn 0.03644087 -0.83091915 0.55519843
vn -0.89865071 -0.36473840 0.24370624
vn -0.89866650 -0.38683355 0.20678067
vn 0.03642847 -0.85715729 0.51376486
vn -0.89865619 -0.37624443 0.22551548
vn -0.89866650 -0.38683355 0.20678067
vn 0.03642605 -0.90338987 0.42727017
vn 0.03645138 -0.88133413 0.47108540
vn -0.89866972 -0.39651144 0.18754035
vn 0.03640015 -0.92326665 0.38243133
vn 0.03642605 -0.90338987 0.42727017
vn -0.89865530 -0.40526423 0.16786754
vn 0.03643301 -0.94091845 0.33666772
vn 0.03640015 -0.92326665 0.38243133
vn -0.89866495 -0.41299227 0.14777957
vn 0.03643688 -0.95630568 0.29008946
vn 0.03643301 -0.94091845 0.33666772
vn -0.89865696 -0.41976419 0.12733322
vn 0.03645262 -0.96938592 0.24282117
vn 0.03643688 -0.95630568 0.29008946
vn -0.89864111 -0.42553994 0.10658302
vn 0.03644647 -0.98013353 0.19496138
vn 0.03645262 -0.96938592 0.24282117
vn -0.89865637 -0.43390536 0.06436453
vn 0.03644647 -0.98013353 0.19496138
vn -0.89865643 -0.43022472 0.08557667
vn -0.89865637 -0.43390536 0.06436453
vn 0.03644653 -0.99452358 0.09795187
vn 0.03642911 -0.98851997 0.14663312
vn -0.89865506 -0.43654391 0.04299512
vn 0.03642301 -0.99813271 0.04903555
vn 0.03644653 -0.99452358 0.09795187
vn -0.89867204 -0.43809271 0.02152395
vn 0.03645238 -0.99933535 -0.00000099
vn 0.03642301 -0.99813271 0.04903555
vn -0.89865440 -0.43865731 -0.00000050
vn 0.03644124 -0.99813199 -0.04903537
vn 0.03645238 -0.99933535 -0.00000099
vn -0.89866996 -0.43809706 -0.02152389
vn 0.03644868 -0.99452347 -0.09795205
vn 0.03644124 -0.99813199 -0.04903537
vn -0.89866126 -0.43389553 -0.06436254
vn 0.03644868 -0.99452347 -0.09795205
vn -0.89865494 -0.43654400 -0.04299550
vn -0.89865667 -0.43022397 -0.08557689
vn 0.03641065 -0.98852050 -0.14663395
vn -0.89866126 -0.43389553 -0.06436254
vn -0.89864147 -0.42553955 -0.10658173
vn 0.03643933 -0.98013377 -0.19496155
vn -0.89865667 -0.43022397 -0.08557689
vn -0.89866048 -0.41975677 -0.12733205
vn 0.03644710 -0.96938688 -0.24281836
vn -0.89864147 -0.42553955 -0.10658173
vn -0.89866495 -0.41299236 -0.14777891
vn 0.03643747 -0.95630473 -0.29009217
vn -0.89866048 -0.41975677 -0.12733205
vn -0.89865196 -0.40527073 -0.16786982
vn 0.03644144 -0.94091839 -0.33666679
vn -0.89866495 -0.41299236 -0.14777891
vn -0.89865661 -0.39653844 -0.18754624
vn 0.03642809 -0.92326653 -0.38242882
vn -0.89865196 -0.40527073 -0.16786982
vn -0.89865899 -0.38684830 -0.20678566
vn 0.03642641 -0.90339041 -0.42726901
vn -0.89865661 -0.39653844 -0.18754624
vn -0.89865345 -0.37624839 -0.22551964
vn 0.03645717 -0.88133609 -0.47108129
vn -0.89865899 -0.38684830 -0.20678566
vn -0.89865345 -0.37624839 -0.22551964
vn 0.03642738 -0.83091927 -0.55519921
vn 0.03643810 -0.85715431 -0.51376915
vn -0.89865649 -0.36472815 -0.24370015
vn 0.03643573 -0.80267525 -0.59530240
vn 0.03642738 -0.83091927 -0.55519921
vn -0.89864260 -0.35236713 -0.26130241
vn 0.03642809 -0.77249819 -0.63397127
vn 0.03643573 -0.80267525 -0.59530240
vn -0.89866424 -0.32500657 -0.29457319
vn 0.03642809 -0.77249819 -0.63397127
vn -0.89866757 -0.33905599 -0.27827612
vn -0.89866424 -0.32500657 -0.29457319
vn 0.03643706 -0.70663536 -0.70663905
vn 0.03645257 -0.74045378 -0.67111802
vn -0.89864755 -0.31018665 -0.31018835
vn 0.03643575 -0.67111355 -0.74045867
vn 0.03643706 -0.70663536 -0.70663905
vn -0.89864719 -0.29459420 -0.32503468
vn 0.03641789 -0.63397276 -0.77249748
vn 0.03643575 -0.67111355 -0.74045867
vn -0.89865798 -0.26130453 -0.35232630
vn 0.03641789 -0.63397276 -0.77249748
vn -0.89867389 -0.27825648 -0.33905548
vn -0.89865798 -0.26130453 -0.35232630
vn 0.03644140 -0.55520248 -0.83091652
vn 0.03644674 -0.59530634 -0.80267173
vn -0.89866841 -0.22551259 -0.37621689
vn 0.03644140 -0.55520248 -0.83091652
vn -0.89865327 -0.24370618 -0.36473227
vn -0.89866555 -0.20677105 -0.38684100
vn 0.03641884 -0.51375937 -0.85716099
vn -0.89866841 -0.22551259 -0.37621689
vn -0.89867026 -0.18753251 -0.39651391
vn 0.03642964 -0.47108302 -0.88133633
vn -0.89866555 -0.20677105 -0.38684100
vn -0.89867026 -0.18753251 -0.39651391
vn 0.03643252 -0.38243255 -0.92326486
vn 0.03640267 -0.42726290 -0.90339428
vn -0.89864588 -0.16787682 -0.40528145
vn 0.03649006 -0.33666846 -0.94091600
vn 0.03643252 -0.38243255 -0.92326486
vn -0.89864320 -0.12734970 -0.41978857
vn 0.03649006 -0.33666846 -0.94091600
vn -0.89864624 -0.14778569 -0.41303077
vn -0.89864320 -0.12734970 -0.41978857
vn 0.03639125 -0.24281897 -0.96938884
vn 0.03647889 -0.29008219 -0.95630622
vn -0.89867616 -0.10656325 -0.42547083
vn 0.03645019 -0.19495951 -0.98013383
vn 0.03639125 -0.24281897 -0.96938884
vn -0.89863616 -0.08558486 -0.43026537
vn 0.03640274 -0.14663601 -0.98852044
vn 0.03645019 -0.19495951 -0.98013383
vn -0.89866465 -0.04299694 -0.43652394
vn 0.03640274 -0.14663601 -0.98852044
vn -0.89865971 -0.06436186 -0.43389878
vn -0.89865714 -0.02152067 -0.43812355
vn 0.03642041 -0.09795678 -0.99452400
vn -0.89866465 -0.04299694 -0.43652394
vn -0.89865714 -0.02152067 -0.43812355
vn 0.03639216 -0.00000000 -0.99933755
vn 0.03642616 -0.04903593 -0.99813265
vn -0.89865714 0.02152189 -0.43812349
vn 0.03639216 -0.00000000 -0.99933755
vn -0.89866704 0.00000004 -0.43863142
vn -0.89865714 0.02152189 -0.43812349
vn 0.03642042 0.09795678 -0.99452400
vn 0.03642617 0.04903593 -0.99813265
vn -0.89866459 0.04299754 -0.43652391
vn 0.03640274 0.14663602 -0.98852044
vn 0.03642042 0.09795678 -0.99452400
vn -0.89863616 0.08558520 -0.43026537
vn 0.03640274 0.14663602 -0.98852044
vn -0.89865971 0.06436186 -0.43389878
vn -0.89867610 0.10656324 -0.42547083
vn 0.03645019 0.19495952 -0.98013383
vn -0.89863616 0.08558520 -0.43026537
vn -0.89864391 0.12734334 -0.41978890
vn 0.03639124 0.24281897 -0.96938884
vn -0.89867610 0.10656324 -0.42547083
vn -0.89864391 0.12734334 -0.41978890
vn 0.03649006 0.33666846 -0.94091594
vn 0.03647889 0.29008219 -0.95630622
vn -0.89864582 0.16787677 -0.40528145
vn 0.03649006 0.33666846 -0.94091594
vn -0.89864624 0.14778557 -0.41303071
vn -0.89867026 0.18753253 -0.39651391
vn 0.03643253 0.38243246 -0.92326486
vn -0.89864582 0.16787677 -0.40528145
vn -0.89867026 0.18753253 -0.39651391
vn 0.03642964 0.47108296 -0.88133633
vn 0.03640268 0.42726290 -0.90339428
vn -0.89866555 0.20677102 -0.38684097
vn 0.03641884 0.51375937 -0.85716105
vn 0.03642964 0.47108296 -0.88133633
vn -0.89866841 0.22551259 -0.37621692
vn 0.03644139 0.55520242 -0.83091652
vn 0.03641884 0.51375937 -0.85716105
vn -0.89865798 0.26130450 -0.35232630
vn 0.03644139 0.55520242 -0.83091652
vn -0.89865398 0.24370319 -0.36473256
vn -0.89865798 0.26130450 -0.35232630
vn 0.03641791 0.63397276 -0.77249748
vn 0.03644673 0.59530634 -0.80267179
vn -0.89864719 0.29459420 -0.32503468
vn 0.03641791 0.63397276 -0.77249748
vn -0.89867383 0.27825639 -0.33905551
vn -0.89864761 0.31018651 -0.31018838
vn 0.03643575 0.67111361 -0.74045867
vn -0.89864719 0.29459420 -0.32503468
vn -0.89866424 0.32500657 -0.29457316
vn 0.03643708 0.70663536 -0.70663911
vn -0.89864761 0.31018651 -0.31018838
vn -0.89866424 0.32500657 -0.29457316
vn 0.03642809 0.77249819 -0.63397127
vn 0.03645257 0.74045378 -0.67111802
vn -0.89864260 0.35236713 -0.26130241
vn 0.03642809 0.77249819 -0.63397127
vn -0.89866757 0.33905599 -0.27827612
vn -0.89865649 0.36472806 -0.24370015
vn 0.03643575 0.80267519 -0.59530246
vn -0.89864260 0.35236713 -0.26130241
vn -0.89865345 0.37624839 -0.22551966
vn 0.03642738 0.83091927 -0.55519921
vn -0.89865649 0.36472806 -0.24370015
vn -0.89865345 0.37624839 -0.22551966
vn 0.03645717 0.88133609 -0.47108129
vn 0.03643810 0.85715431 -0.51376915
vn -0.89865899 0.38684827 -0.20678565
vn 0.03642641 0.90339041 -0.42726901
vn 0.03645717 0.88133609 -0.47108129
vn -0.89866114 0.39652765 -0.18754719
vn 0.03642808 0.92326653 -0.38242882
vn 0.03642641 0.90339041 -0.42726901
vn -0.89865214 0.40527046 -0.16786984
vn 0.03644143 0.94091845 -0.33666676
vn 0.03642808 0.92326653 -0.38242882
vn -0.89866495 0.41299236 -0.14777893
vn 0.03643749 0.95630473 -0.29009217
vn 0.03644143 0.94091845 -0.33666676
vn -0.89866060 0.41975677 -0.12733206
vn 0.03644709 0.96938688 -0.24281836
vn 0.03643749 0.95630473 -0.29009217
vn -0.89864147 0.42553955 -0.10658172
vn 0.03643933 0.98013377 -0.19496155
vn 0.03644709 0.96938688 -0.24281836
vn -0.89865667 0.43022397 -0.08557689
vn 0.03641066 0.98852050 -0.14663395
vn 0.03643933 0.98013377 -0.19496155
vn -0.89866126 0.43389553 -0.06436254
vn 0.03644866 0.99452347 -0.09795204
vn 0.03641066 0.98852050 -0.14663395
vn -0.89866996 0.43809706 -0.02152389
vn 0.03644866 0.99452347 -0.09795204
vn -0.89865494 0.43654403 -0.04299550
vn -0.89865434 0.43865749 -0.00000050
vn 0.03644123 0.99813199 -0.04903536
vn -0.89866996 0.43809706 -0.02152389
vn 0.03642299 0.99813271 0.04903555
vn 0.91434520 0.40493554 -0.00000015
vn 0.03645238 0.99933535 -0.00000099
vn 0.03642299 0.99813271 0.04903555
vn 0.91434789 0.40297955 0.03968978
vn 0.91434288 0.40445322 0.01986992
vn 0.03644653 0.99452358 0.09795187
vn 0.91434354 0.40055650 0.05941663
vn 0.91434789 0.40297955 0.03968978
vn 0.03642911 0.98851997 0.14663310
vn 0.91434813 0.39714795 0.07899889
vn 0.91434354 0.40055650 0.05941663
vn 0.03644645 0.98013353 0.19496138
vn 0.91434741 0.39279509 0.09839129
vn 0.91434813 0.39714795 0.07899889
vn 0.03643686 0.95630562 0.29008946
vn 0.91434741 0.39279509 0.09839129
vn 0.03645261 0.96938592 0.24282116
vn 0.03643301 0.94091845 0.33666769
vn 0.91434306 0.38750488 0.11754487
vn 0.03643686 0.95630562 0.29008946
vn 0.03640014 0.92326665 0.38243133
vn 0.91434431 0.38126624 0.13642016
vn 0.03643301 0.94091845 0.33666769
vn 0.03640014 0.92326665 0.38243133
vn 0.91434664 0.36605591 0.17312813
vn 0.91434175 0.37411916 0.15496476
vn 0.03642606 0.90338987 0.42727023
vn 0.91434687 0.35711744 0.19088453
vn 0.91434664 0.36605591 0.17312813
vn 0.03642849 0.85715729 0.51376486
vn 0.91434687 0.35711744 0.19088453
vn 0.03645139 0.88133413 0.47108549
vn 0.03644087 0.83091915 0.55519843
vn 0.91433978 0.34733573 0.20818408
vn 0.03642849 0.85715729 0.51376486
vn 0.03640672 0.80267608 0.59530306
vn 0.91434747 0.33668649 0.22496849
vn 0.03644087 0.83091915 0.55519843
vn 0.03640672 0.80267608 0.59530306
vn 0.91435254 0.31300974 0.25687394
vn 0.91433829 0.32526091 0.24122760
vn 0.03647714 0.77249813 0.63396847
vn 0.91435039 0.30002832 0.27193078
vn 0.91435254 0.31300974 0.25687394
vn 0.03643826 0.74045753 0.67111462
vn 0.91434741 0.28632718 0.28633109
vn 0.91435039 0.30002832 0.27193078
vn 0.03642486 0.67111439 0.74045855
vn 0.91434741 0.28632718 0.28633109
vn 0.03645713 0.70663208 0.70664132
vn 0.03642486 0.67111439 0.74045855
vn 0.91434944 0.25688231 0.31301209
vn 0.91434062 0.27194646 0.30004391
vn 0.03643283 0.63397223 0.77249718
vn 0.91433835 0.24123009 0.32525879
vn 0.91434944 0.25688231 0.31301209
vn 0.03641761 0.59530401 0.80267489
vn 0.91434693 0.22496955 0.33668739
vn 0.91433835 0.24123009 0.32525879
vn 0.03642937 0.55520636 0.83091444
vn 0.91434926 0.20817155 0.34731823
vn 0.91434693 0.22496955 0.33668739
vn 0.03637060 0.47107819 0.88134128
vn 0.91434926 0.20817155 0.34731823
vn 0.03650029 0.51375437 0.85716051
vn 0.03651032 0.42726785 0.90338755
vn 0.91433316 0.19089770 0.35714549
vn 0.03637060 0.47107819 0.88134128
vn 0.03640327 0.38243008 0.92326707
vn 0.91434193 0.17313343 0.36606520
vn 0.03651032 0.42726785 0.90338755
vn 0.03640327 0.38243008 0.92326707
vn 0.91434598 0.13642050 0.38126221
vn 0.91433400 0.15497153 0.37413520
vn 0.03647783 0.33666518 0.94091767
vn 0.91434777 0.11754412 0.38749382
vn 0.91434598 0.13642050 0.38126221
vn 0.03644854 0.24281819 0.96938682
vn 0.91434777 0.11754412 0.38749382
vn 0.03644555 0.29008746 0.95630586
vn 0.03644190 0.19496310 0.98013330
vn 0.91434097 0.09839384 0.39280948
vn 0.03644854 0.24281819 0.96938682
vn 0.03638479 0.14663307 0.98852164
vn 0.91434836 0.07899933 0.39714760
vn 0.03644190 0.19496310 0.98013330
vn 0.03645590 0.09795548 0.99452287
vn 0.91432780 0.05942181 0.40059158
vn 0.03638479 0.14663307 0.98852164
vn 0.03645590 0.09795548 0.99452287
vn 0.91435140 0.01986649 0.40443397
vn 0.91435480 0.03968751 0.40296435
vn 0.03645652 -0.00000000 0.99933523
vn 0.91435140 0.01986649 0.40443397
vn 0.03644882 0.04903257 0.99813193
vn 0.03645652 -0.00000000 0.99933523
vn 0.91435140 -0.01986649 0.40443397
vn 0.91434574 0.00000000 0.40493441
vn 0.03645590 -0.09795547 0.99452287
vn 0.91435140 -0.01986649 0.40443397
vn 0.03644882 -0.04903258 0.99813193
vn 0.03645590 -0.09795547 0.99452287
vn 0.91432780 -0.05942181 0.40059158
vn 0.91435480 -0.03968751 0.40296435
vn 0.03638480 -0.14663309 0.98852164
vn 0.91434836 -0.07899933 0.39714757
vn 0.91432780 -0.05942181 0.40059158
vn 0.03644190 -0.19496310 0.98013330
vn 0.91434097 -0.09839384 0.39280954
vn 0.91434836 -0.07899933 0.39714757
vn 0.03644855 -0.24281816 0.96938682
vn 0.91434789 -0.11754413 0.38749382
vn 0.91434097 -0.09839384 0.39280954
vn 0.03647783 -0.33666518 0.94091767
vn 0.91434789 -0.11754413 0.38749382
vn 0.03644555 -0.29008746 0.95630586
vn 0.03640325 -0.38243002 0.92326713
vn 0.91434598 -0.13642049 0.38126221
vn 0.03647783 -0.33666518 0.94091767
vn 0.03640325 -0.38243002 0.92326713
vn 0.91434193 -0.17313343 0.36606520
vn 0.91433400 -0.15497153 0.37413517
vn 0.03651033 -0.42726788 0.90338761
vn 0.91433316 -0.19089773 0.35714552
vn 0.91434193 -0.17313343 0.36606520
vn 0.03637059 -0.47107825 0.88134128
vn 0.91434926 -0.20817153 0.34731823
vn 0.91433316 -0.19089773 0.35714552
vn 0.03642936 -0.55520642 0.83091444
vn 0.91434926 -0.20817153 0.34731823
vn 0.03650028 -0.51375437 0.85716051
vn 0.03641760 -0.59530401 0.80267483
vn 0.91434693 -0.22496954 0.33668736
vn 0.03642936 -0.55520642 0.83091444
vn 0.03643284 -0.63397229 0.77249718
vn 0.91433847 -0.24123010 0.32525882
vn 0.03641760 -0.59530401 0.80267483
vn 0.03642487 -0.67111439 0.74045849
vn 0.91434944 -0.25688231 0.31301209
vn 0.03643284 -0.63397229 0.77249718
vn 0.03642487 -0.67111439 0.74045849
vn 0.91434741 -0.28632715 0.28633109
vn 0.91434062 -0.27194646 0.30004391
vn 0.03643825 -0.74045748 0.67111468
vn 0.91434741 -0.28632715 0.28633109
vn 0.03645713 -0.70663214 0.70664132
vn 0.03647714 -0.77249807 0.63396853
vn 0.91435039 -0.30002832 0.27193078
vn 0.03643825 -0.74045748 0.67111468
vn 0.03640671 -0.80267602 0.59530306
vn 0.91435254 -0.31300974 0.25687397
vn 0.03647714 -0.77249807 0.63396853
vn 0.03640671 -0.80267602 0.59530306
vn 0.91434747 -0.33668652 0.22496848
vn 0.91433829 -0.32526094 0.24122760
vn 0.03644087 -0.83091915 0.55519843
vn 0.91433978 -0.34733573 0.20818405
vn 0.91434747 -0.33668652 0.22496848
vn 0.03642847 -0.85715729 0.51376486
vn 0.91434687 -0.35711744 0.19088453
vn 0.91433978 -0.34733573 0.20818405
vn 0.03642605 -0.90338987 0.42727017
vn 0.91434687 -0.35711744 0.19088453
vn 0.03645138 -0.88133413 0.47108540
vn 0.03640015 -0.92326665 0.38243133
vn 0.91434664 -0.36605588 0.17312813
vn 0.03642605 -0.90338987 0.42727017
vn 0.03640015 -0.92326665 0.38243133
vn 0.91434431 -0.38126621 0.13642018
vn 0.91434169 -0.37411916 0.15496476
vn 0.03643301 -0.94091845 0.33666772
vn 0.91434306 -0.38750485 0.11754487
vn 0.91434431 -0.38126621 0.13642018
vn 0.03643688 -0.95630568 0.29008946
vn 0.91434735 -0.39279503 0.09839129
vn 0.91434306 -0.38750485 0.11754487
vn 0.03644647 -0.98013353 0.19496138
vn 0.91434735 -0.39279503 0.09839129
vn 0.03645262 -0.96938592 0.24282117
vn 0.03642911 -0.98851997 0.14663312
vn 0.91434813 -0.39714795 0.07899889
vn 0.03644647 -0.98013353 0.19496138
vn 0.03644653 -0.99452358 0.09795187
vn 0.91434354 -0.40055650 0.05941663
vn 0.03642911 -0.98851997 0.14663312
vn 0.03642301 -0.99813271 0.04903555
vn 0.91434789 -0.40297955 0.03968978
vn 0.03644653 -0.99452358 0.09795187
vn 0.03642301 -0.99813271 0.04903555
vn 0.91434520 -0.40493554 -0.00000015
vn 0.91434288 -0.40445322 0.01986992
vn 0.03644124 -0.99813199 -0.04903537
vn 0.91434520 -0.40493554 -0.00000015
vn 0.03645238 -0.99933535 -0.00000099
vn 0.03644868 -0.99452347 -0.09795205
vn 0.91434526 -0.40444779 -0.01986986
vn 0.03644124 -0.99813199 -0.04903537
vn 0.03641065 -0.98852050 -0.14663395
vn 0.91434544 -0.40298513 -0.03969002
vn 0.03644868 -0.99452347 -0.09795205
vn 0.03641065 -0.98852050 -0.14663395
vn 0.91434789 -0.39714885 -0.07899849
vn 0.91434294 -0.40055785 -0.05941761
vn 0.03643933 -0.98013377 -0.19496155
vn 0.91434973 -0.39279011 -0.09838906
vn 0.91434789 -0.39714885 -0.07899849
vn 0.03644710 -0.96938688 -0.24281836
vn 0.91434222 -0.38750607 -0.11754745
vn 0.91434973 -0.39279011 -0.09838906
vn 0.03644144 -0.94091839 -0.33666679
vn 0.91434222 -0.38750607 -0.11754745
vn 0.03643747 -0.95630473 -0.29009217
vn 0.03642809 -0.92326653 -0.38242882
vn 0.91434550 -0.38126382 -0.13641901
vn 0.03644144 -0.94091839 -0.33666679
vn 0.03642641 -0.90339041 -0.42726901
vn 0.91434485 -0.37411311 -0.15496078
vn 0.03642809 -0.92326653 -0.38242882
vn 0.03642641 -0.90339041 -0.42726901
vn 0.91434819 -0.35711595 -0.19088084
vn 0.91434497 -0.36605892 -0.17313074
vn 0.03645717 -0.88133609 -0.47108129
vn 0.91434199 -0.34733048 -0.20818342
vn 0.91434819 -0.35711595 -0.19088084
vn 0.03642738 -0.83091927 -0.55519921
vn 0.91434199 -0.34733048 -0.20818342
vn 0.03643810 -0.85715431 -0.51376915
vn 0.03643573 -0.80267525 -0.59530240
vn 0.91434431 -0.33669257 -0.22497228
vn 0.03642738 -0.83091927 -0.55519921
vn 0.03643573 -0.80267525 -0.59530240
vn 0.91433811 -0.31303370 -0.25689626
vn 0.91434467 -0.32524928 -0.24121925
vn 0.03642809 -0.77249819 -0.63397127
vn 0.91435903 -0.30001125 -0.27192053
vn 0.91433811 -0.31303370 -0.25689626
vn 0.03643706 -0.70663536 -0.70663905
vn 0.91435903 -0.30001125 -0.27192053
vn 0.03645257 -0.74045378 -0.67111802
vn 0.03643575 -0.67111355 -0.74045867
vn 0.91434145 -0.28633964 -0.28633785
vn 0.03643706 -0.70663536 -0.70663905
vn 0.03643575 -0.67111355 -0.74045867
vn 0.91434479 -0.25688943 -0.31301990
vn 0.91433918 -0.27194852 -0.30004635
vn 0.03641789 -0.63397276 -0.77249748
vn 0.91435415 -0.24120925 -0.32523006
vn 0.91434479 -0.25688943 -0.31301990
vn 0.03644674 -0.59530634 -0.80267173
vn 0.91434467 -0.22497229 -0.33669177
vn 0.91435415 -0.24120925 -0.32523006
vn 0.03644140 -0.55520248 -0.83091652
vn 0.91435093 -0.20817068 -0.34731439
vn 0.91434467 -0.22497229 -0.33669177
vn 0.03641884 -0.51375937 -0.85716099
vn 0.91434729 -0.19088280 -0.35711738
vn 0.91435093 -0.20817068 -0.34731439
vn 0.03640267 -0.42726290 -0.90339428
vn 0.91434729 -0.19088280 -0.35711738
vn 0.03642964 -0.47108302 -0.88133633
vn 0.03643252 -0.38243255 -0.92326486
vn 0.91434890 -0.17312731 -0.36605072
vn 0.03640267 -0.42726290 -0.90339428
vn 0.03643252 -0.38243255 -0.92326486
vn 0.91435665 -0.13641226 -0.38123956
vn 0.91434175 -0.15496382 -0.37411952
vn 0.03649006 -0.33666846 -0.94091600
vn 0.91435009 -0.11754126 -0.38748923
vn 0.91435665 -0.13641226 -0.38123956
vn 0.03639125 -0.24281897 -0.96938884
vn 0.91435009 -0.11754126 -0.38748923
vn 0.03647889 -0.29008219 -0.95630622
vn 0.03645019 -0.19495951 -0.98013383
vn 0.91434252 -0.09839496 -0.39280549
vn 0.03639125 -0.24281897 -0.96938884
vn 0.03640274 -0.14663601 -0.98852044
vn 0.91433287 -0.07900435 -0.39718217
vn 0.03645019 -0.19495951 -0.98013383
vn 0.03642041 -0.09795678 -0.99452400
vn 0.91433454 -0.05942244 -0.40057626
vn 0.03640274 -0.14663601 -0.98852044
vn 0.03642041 -0.09795678 -0.99452400
vn 0.91434777 -0.01987045 -0.40444183
vn 0.91435385 -0.03968764 -0.40296653
vn 0.03642616 -0.04903593 -0.99813265
vn 0.91433847 0.00000000 -0.40495086
vn 0.91434777 -0.01987045 -0.40444183
vn 0.03642617 0.04903593 -0.99813265
vn 0.91433847 0.00000000 -0.40495086
vn 0.03639216 -0.00000000 -0.99933755
vn 0.03642042 0.09795678 -0.99452400
vn 0.91434789 0.01987045 -0.40444183
vn 0.03642617 0.04903593 -0.99813265
vn 0.03642042 0.09795678 -0.99452400
vn 0.91433454 0.05942244 -0.40057629
vn 0.91435385 0.03968764 -0.40296653
vn 0.03640274 0.14663602 -0.98852044
vn 0.91433287 0.07900435 -0.39718217
vn 0.91433454 0.05942244 -0.40057629
vn 0.03645019 0.19495952 -0.98013383
vn 0.91434252 0.09839495 -0.39280552
vn 0.91433287 0.07900435 -0.39718217
vn 0.03639124 0.24281897 -0.96938884
vn 0.91435009 0.11754128 -0.38748926
vn 0.91434252 0.09839495 -0.39280552
vn 0.03649006 0.33666846 -0.94091594
vn 0.91435009 0.11754128 -0.38748926
vn 0.03647889 0.29008219 -0.95630622
vn 0.03643253 0.38243246 -0.92326486
vn 0.91435665 0.13641226 -0.38123956
vn 0.03649006 0.33666846 -0.94091594
vn 0.03643253 0.38243246 -0.92326486
vn 0.91434890 0.17312731 -0.36605072
vn 0.91434175 0.15496382 -0.37411952
vn 0.03640268 0.42726290 -0.90339428
vn 0.91434729 0.19088282 -0.35711738
vn 0.91434890 0.17312731 -0.36605072
vn 0.03641884 0.51375937 -0.85716105
vn 0.91434729 0.19088282 -0.35711738
vn 0.03642964 0.47108296 -0.88133633
vn 0.03644139 0.55520242 -0.83091652
vn 0.91435099 0.20817071 -0.34731442
vn 0.03641884 0.51375937 -0.85716105
vn 0.03644673 0.59530634 -0.80267179
vn 0.91434467 0.22497229 -0.33669174
vn 0.03644139 0.55520242 -0.83091652
vn 0.03641791 0.63397276 -0.77249748
vn 0.91435409 0.24120927 -0.32523006
vn 0.03644673 0.59530634 -0.80267179
vn 0.03643575 0.67111361 -0.74045867
vn 0.91434479 0.25688937 -0.31301987
vn 0.03641791 0.63397276 -0.77249748
vn 0.03643575 0.67111361 -0.74045867
vn 0.91434145 0.28633961 -0.28633785
vn 0.91433918 0.27194852 -0.30004635
vn 0.03643708 0.70663536 -0.70663911
vn 0.91435903 0.30001125 -0.27192053
vn 0.91434145 0.28633961 -0.28633785
vn 0.03642809 0.77249819 -0.63397127
vn 0.91435903 0.30001125 -0.27192053
vn 0.03645257 0.74045378 -0.67111802
vn 0.03643575 0.80267519 -0.59530246
vn 0.91433811 0.31303370 -0.25689626
vn 0.03642809 0.77249819 -0.63397127
vn 0.03643575 0.80267519 -0.59530246
vn 0.91434431 0.33669257 -0.22497228
vn 0.91434467 0.32524928 -0.24121925
vn 0.03642738 0.83091927 -0.55519921
vn 0.91434199 0.34733045 -0.20818342
vn 0.91434431 0.33669257 -0.22497228
vn 0.03645717 0.88133609 -0.47108129
vn 0.91434199 0.34733045 -0.20818342
vn 0.03643810 0.85715431 -0.51376915
vn 0.03642641 0.90339041 -0.42726901
vn 0.91434824 0.35711598 -0.19088086
vn 0.03645717 0.88133609 -0.47108129
vn 0.03642641 0.90339041 -0.42726901
vn 0.91434485 0.37411314 -0.15496080
vn 0.91434497 0.36605892 -0.17313074
vn 0.03642808 0.92326653 -0.38242882
vn 0.91434556 0.38126379 -0.13641903
vn 0.91434485 0.37411314 -0.15496080
vn 0.03644143 0.94091845 -0.33666676
vn 0.91434222 0.38750610 -0.11754747
vn 0.91434556 0.38126379 -0.13641903
vn 0.03644709 0.96938688 -0.24281836
vn 0.91434222 0.38750610 -0.11754747
vn 0.03643749 0.95630473 -0.29009217
vn 0.03643933 0.98013377 -0.19496155
vn 0.91434973 0.39279011 -0.09838906
vn 0.03644709 0.96938688 -0.24281836
vn 0.03641066 0.98852050 -0.14663395
vn 0.91434789 0.39714885 -0.07899849
vn 0.03643933 0.98013377 -0.19496155
vn 0.03641066 0.98852050 -0.14663395
vn 0.91434544 0.40298510 -0.03969001
vn 0.91434294 0.40055785 -0.05941761
vn 0.03644866 0.99452347 -0.09795204
vn 0.91434526 0.40444779 -0.01986986
vn 0.91434544 0.40298510 -0.03969001
vn 0.03644123 0.99813199 -0.04903536
vn 0.91434520 0.40493554 -0.00000015
vn 0.91434526 0.40444779 -0.01986986
vn 0.91434520 0.40493554 -0.00000015
vn 1.00000000 0.00002428 0.00000000
vn 1.00000000 0.00000038 0.00000000
vn 0.91434288 0.40445322 0.01986992
vn 1.00000000 0.00000373 0.00000000
vn 1.00000000 0.00002428 0.00000000
vn 0.91434354 0.40055650 0.05941663
vn 1.00000000 0.00000373 0.00000000
vn 0.91434789 0.40297955 0.03968978
vn 0.91434813 0.39714795 0.07899889
vn 1.00000000 0.00000103 0.00000000
vn 0.91434354 0.40055650 0.05941663
vn 0.91434741 0.39279509 0.09839129
vn 1.00000000 -0.00000400 0.00000000
vn 0.91434813 0.39714795 0.07899889
vn 0.91434306 0.38750488 0.11754487
vn 1.00000000 0.00000781 0.00000000
vn 0.91434741 0.39279509 0.09839129
vn 0.91434306 0.38750488 0.11754487
vn 1.00000000 -0.00000145 0.00000000
vn 1.00000000 -0.00003170 0.00000000
vn 0.91434431 0.38126624 0.13642016
vn 1.00000000 -0.00000000 0.00000000
vn 1.00000000 -0.00000145 0.00000000
vn 0.91434664 0.36605591 0.17312813
vn 1.00000000 -0.00000000 0.00000000
vn 0.91434175 0.37411916 0.15496476
vn 0.91434687 0.35711744 0.19088453
vn 1.00000000 0.00000280 0.00000000
vn 0.91434664 0.36605591 0.17312813
vn 0.91434687 0.35711744 0.19088453
vn 1.00000000 0.00000171 0.00000000
vn 1.00000000 0.00000000 0.00000000
vn 0.91433978 0.34733573 0.20818408
vn 1.00000000 -0.00003863 0.00000000
vn 1.00000000 0.00000171 0.00000000
vn 0.91433829 0.32526091 0.24122760
vn 1.00000000 -0.00003863 0.00000000
vn 0.91434747 0.33668649 0.22496849
vn 0.91435254 0.31300974 0.25687394
vn 1.00000000 0.00000497 0.00000000
vn 0.91433829 0.32526091 0.24122760
vn 0.91435254 0.31300974 0.25687394
vn 1.00000000 -0.00000320 0.00000000
vn 1.00000000 0.00000433 0.00000000
vn 0.91434741 0.28632718 0.28633109
vn 1.00000000 -0.00000320 0.00000000
vn 0.91435039 0.30002832 0.27193078
vn 0.91434062 0.27194646 0.30004391
vn 1.00000000 0.00000047 0.00000000
vn 0.91434741 0.28632718 0.28633109
vn 0.91434062 0.27194646 0.30004391
vn 1.00000000 -0.00001849 0.00000000
vn 1.00000000 -0.00000014 0.00000000
vn 0.91434944 0.25688231 0.31301209
vn 1.00000000 -0.00000029 0.00000000
vn 1.00000000 -0.00001849 0.00000000
vn 0.91433835 0.24123009 0.32525879
vn 1.00000000 -0.00001801 0.00000000
vn 1.00000000 -0.00000029 0.00000000
vn 0.91434693 0.22496955 0.33668739
vn 1.00000000 -0.00000216 0.00000000
vn 1.00000000 -0.00001801 0.00000000
vn 0.91434926 0.20817155 0.34731823
vn 1.00000000 0.00001774 0.00000000
vn 1.00000000 -0.00000216 0.00000000
vn 0.91433316 0.19089770 0.35714549
vn 1.00000000 -0.00000082 0.00000000
vn 1.00000000 0.00001774 0.00000000
vn 0.91434193 0.17313343 0.36606520
vn 1.00000000 0.00001788 0.00000000
vn 1.00000000 -0.00000082 0.00000000
vn 0.91434598 0.13642050 0.38126221
vn 1.00000000 0.00001788 0.00000000
vn 0.91433400 0.15497153 0.37413520
vn 0.91434777 0.11754412 0.38749382
vn 1.00000000 0.00000122 0.00000000
vn 0.91434598 0.13642050 0.38126221
vn 0.91434777 0.11754412 0.38749382
vn 1.00000000 -0.00000094 0.00000000
vn 1.00000000 0.00000000 0.00000000
vn 0.91434097 0.09839384 0.39280948
vn 1.00000000 -0.00000451 0.00000000
vn 1.00000000 -0.00000094 0.00000000
vn 0.91434836 0.07899933 0.39714760
vn 1.00000000 0.00000003 0.00000000
vn 1.00000000 -0.00000451 0.00000000
vn 0.91435480 0.03968751 0.40296435
vn 1.00000000 0.00000003 0.00000000
vn 0.91432780 0.05942181 0.40059158
vn 0.91435480 0.03968751 0.40296435
vn 1.00000000 -0.00000089 0.00000000
vn 1.00000000 0.00000323 0.00000000
vn 0.91434574 0.00000000 0.40493441
vn 1.00000000 -0.00000089 0.00000000
vn 0.91435140 0.01986649 0.40443397
vn 0.91434574 0.00000000 0.40493441
vn 1.00000000 0.00000097 0.00000000
vn 1.00000000 0.00000000 0.00000000
vn 0.91435480 -0.03968751 0.40296435
vn 1.00000000 0.00000097 0.00000000
vn 0.91435140 -0.01986649 0.40443397
vn 0.91435480 -0.03968751 0.40296435
vn 1.00000000 -0.00000007 0.00000000
vn 1.00000000 -0.00000027 0.00000000
vn 0.91434836 -0.07899933 0.39714757
vn 1.00000000 -0.00000007 0.00000000
vn 0.91432780 -0.05942181 0.40059158
vn 0.91434097 -0.09839384 0.39280954
vn 1.00000000 0.00000000 0.00000000
vn 0.91434836 -0.07899933 0.39714757
vn 0.91434789 -0.11754413 0.38749382
vn 1.00000000 0.00000093 0.00000000
vn 0.91434097 -0.09839384 0.39280954
vn 0.91434789 -0.11754413 0.38749382
vn 1.00000000 -0.00000122 0.00000000
vn 1.00000000 0.00000000 0.00000000
vn 0.91434598 -0.13642049 0.38126221
vn 1.00000000 -0.00001788 0.00000000
vn 1.00000000 -0.00000122 0.00000000
vn 0.91434193 -0.17313343 0.36606520
vn 1.00000000 -0.00001788 0.00000000
vn 0.91433400 -0.15497153 0.37413517
vn 0.91433316 -0.19089773 0.35714552
vn 1.00000000 0.00000095 0.00000000
vn 0.91434193 -0.17313343 0.36606520
vn 0.91434926 -0.20817153 0.34731823
vn 1.00000000 -0.00001774 0.00000000
vn 0.91433316 -0.19089773 0.35714552
vn 0.91434693 -0.22496954 0.33668736
vn 1.00000000 0.00000216 0.00000000
vn 0.91434926 -0.20817153 0.34731823
vn 0.91433847 -0.24123010 0.32525882
vn 1.00000000 0.00001801 0.00000000
vn 0.91434693 -0.22496954 0.33668736
vn 0.91434944 -0.25688231 0.31301209
vn 1.00000000 0.00000029 0.00000000
vn 0.91433847 -0.24123010 0.32525882
vn 0.91434062 -0.27194646 0.30004391
vn 1.00000000 0.00001849 0.00000000
vn 0.91434944 -0.25688231 0.31301209
vn 0.91434062 -0.27194646 0.30004391
vn 1.00000000 -0.00000047 0.00000000
vn 1.00000000 0.00000014 0.00000000
vn 0.91434741 -0.28632715 0.28633109
vn 1.00000000 0.00000345 0.00000000
vn 1.00000000 -0.00000047 0.00000000
vn 0.91435254 -0.31300974 0.25687397
vn 1.00000000 0.00000345 0.00000000
vn 0.91435039 -0.30002832 0.27193078
vn 0.91435254 -0.31300974 0.25687397
vn 1.00000000 -0.00000488 0.00000000
vn 1.00000000 0.00003169 0.00000000
vn 0.91433829 -0.32526094 0.24122760
vn 1.00000000 0.00003863 0.00000000
vn 1.00000000 -0.00000488 0.00000000
vn 0.91433978 -0.34733573 0.20818405
vn 1.00000000 0.00003863 0.00000000
vn 0.91434747 -0.33668652 0.22496848
vn 0.91434687 -0.35711744 0.19088453
vn 1.00000000 -0.00002555 0.00000000
vn 0.91433978 -0.34733573 0.20818405
vn 0.91434687 -0.35711744 0.19088453
vn 1.00000000 -0.00000294 0.00000000
vn 1.00000000 -0.00000038 0.00000000
vn 0.91434664 -0.36605588 0.17312813
vn 1.00000000 0.00000000 0.00000000
vn 1.00000000 -0.00000294 0.00000000
vn 0.91434431 -0.38126621 0.13642018
vn 1.00000000 0.00000000 0.00000000
vn 0.91434169 -0.37411916 0.15496476
vn 0.91434306 -0.38750485 0.11754487
vn 1.00000000 -0.00000766 0.00000000
vn 0.91434431 -0.38126621 0.13642018
vn 0.91434306 -0.38750485 0.11754487
vn 1.00000000 -0.00000218 0.00000000
vn 1.00000000 0.00003170 0.00000000
vn 0.91434735 -0.39279503 0.09839129
vn 1.00000000 0.00000400 0.00000000
vn 1.00000000 -0.00000218 0.00000000
vn 0.91434813 -0.39714795 0.07899889
vn 1.00000000 -0.00000084 0.00000000
vn 1.00000000 0.00000400 0.00000000
vn 0.91434354 -0.40055650 0.05941663
vn 1.00000000 -0.00000373 0.00000000
vn 1.00000000 -0.00000084 0.00000000
vn 0.91434288 -0.40445322 0.01986992
vn 1.00000000 -0.00000373 0.00000000
vn 0.91434789 -0.40297955 0.03968978
vn 0.91434520 -0.40493554 -0.00000015
vn 1.00000000 -0.00000058 0.00000000
vn 0.91434288 -0.40445322 0.01986992
vn 0.91434520 -0.40493554 -0.00000015
vn 1.00000000 -0.00000050 0.00000000
vn 1.00000000 0.00000000 0.00000000
vn 0.91434526 -0.40444779 -0.01986986
vn 1.00000000 -0.00002485 0.00000000
vn 1.00000000 -0.00000050 0.00000000
vn 0.91434544 -0.40298513 -0.03969002
vn 1.00000000 0.00000351 0.00000000
vn 1.00000000 -0.00002485 0.00000000
vn 0.91434294 -0.40055785 -0.05941761
vn 1.00000000 0.00000000 0.00000000
vn 1.00000000 0.00000351 0.00000000
vn 0.91434973 -0.39279011 -0.09838906
vn 1.00000000 0.00000000 0.00000000
vn 0.91434789 -0.39714885 -0.07899849
vn 0.91434222 -0.38750607 -0.11754745
vn 1.00000000 -0.00005001 0.00000000
vn 0.91434973 -0.39279011 -0.09838906
vn 0.91434222 -0.38750607 -0.11754745
vn 1.00000000 0.00000165 0.00000000
vn 1.00000000 0.00001859 0.00000000
vn 0.91434550 -0.38126382 -0.13641901
vn 1.00000000 -0.00000000 0.00000000
vn 1.00000000 0.00000165 0.00000000
vn 0.91434497 -0.36605892 -0.17313074
vn 1.00000000 -0.00000000 0.00000000
vn 0.91434485 -0.37411311 -0.15496078
vn 0.91434819 -0.35711595 -0.19088084
vn 1.00000000 -0.00000251 0.00000000
vn 0.91434497 -0.36605892 -0.17313074
vn 0.91434819 -0.35711595 -0.19088084
vn 1.00000000 0.00000074 0.00000000
vn 1.00000000 0.00003602 0.00000000
vn 0.91434199 -0.34733048 -0.20818342
vn 1.00000000 0.00003862 0.00000000
vn 1.00000000 0.00000074 0.00000000
vn 0.91434467 -0.32524928 -0.24121925
vn 1.00000000 0.00003862 0.00000000
vn 0.91434431 -0.33669257 -0.22497228
vn 0.91434467 -0.32524928 -0.24121925
vn 1.00000000 -0.00000526 0.00000000
vn 1.00000000 -0.00000404 0.00000000
vn 0.91433811 -0.31303370 -0.25689626
vn 1.00000000 0.00000284 0.00000000
vn 1.00000000 -0.00000526 0.00000000
vn 0.91434145 -0.28633964 -0.28633785
vn 1.00000000 0.00000284 0.00000000
vn 0.91435903 -0.30001125 -0.27192053
vn 0.91433918 -0.27194852 -0.30004635
vn 1.00000000 -0.00000047 0.00000000
vn 0.91434145 -0.28633964 -0.28633785
vn 0.91434479 -0.25688943 -0.31301990
vn 1.00000000 0.00000000 0.00000000
vn 0.91433918 -0.27194852 -0.30004635
vn 0.91434479 -0.25688943 -0.31301990
vn 1.00000000 0.00000094 0.00000000
vn 1.00000000 -0.00001184 0.00000000
vn 0.91435415 -0.24120925 -0.32523006
vn 1.00000000 0.00001800 0.00000000
vn 1.00000000 0.00000094 0.00000000
vn 0.91435093 -0.20817068 -0.34731439
vn 1.00000000 0.00001800 0.00000000
vn 0.91434467 -0.22497229 -0.33669177
vn 0.91435093 -0.20817068 -0.34731439
vn 1.00000000 -0.00001773 0.00000000
vn 1.00000000 0.00000216 0.00000000
vn 0.91434729 -0.19088280 -0.35711738
vn 1.00000000 -0.00000123 0.00000000
vn 1.00000000 -0.00001773 0.00000000
vn 0.91434890 -0.17312731 -0.36605072
vn 1.00000000 -0.00001721 0.00000000
vn 1.00000000 -0.00000123 0.00000000
vn 0.91435665 -0.13641226 -0.38123956
vn 1.00000000 -0.00001721 0.00000000
vn 0.91434175 -0.15496382 -0.37411952
vn 0.91435009 -0.11754126 -0.38748923
vn 1.00000000 -0.00000115 0.00000000
vn 0.91435665 -0.13641226 -0.38123956
vn 0.91435009 -0.11754126 -0.38748923
vn 1.00000000 0.00000102 0.00000000
vn 1.00000000 0.00000900 0.00000000
vn 0.91434252 -0.09839496 -0.39280549
vn 1.00000000 0.00000450 0.00000000
vn 1.00000000 0.00000102 0.00000000
vn 0.91433287 -0.07900435 -0.39718217
vn 1.00000000 -0.00000003 0.00000000
vn 1.00000000 0.00000450 0.00000000
vn 0.91435385 -0.03968764 -0.40296653
vn 1.00000000 -0.00000003 0.00000000
vn 0.91433454 -0.05942244 -0.40057626
vn 0.91435385 -0.03968764 -0.40296653
vn 1.00000000 0.00000005 0.00000000
vn 1.00000000 -0.00000269 0.00000000
vn 0.91434777 -0.01987045 -0.40444183
vn 1.00000000 0.00000000 0.00000000
vn 1.00000000 0.00000005 0.00000000
vn 0.91434789 0.01987045 -0.40444183
vn 1.00000000 0.00000000 0.00000000
vn 0.91433847 0.00000000 -0.40495086
vn 0.91435385 0.03968764 -0.40296653
vn 1.00000000 -0.00000011 0.00000000
vn 0.91434789 0.01987045 -0.40444183
vn 0.91435385 0.03968764 -0.40296653
vn 1.00000000 0.00000007 0.00000000
vn 1.00000000 -0.00000027 0.00000000
vn 0.91433287 0.07900435 -0.39718217
vn 1.00000000 0.00000007 0.00000000
vn 0.91433454 0.05942244 -0.40057629
vn 0.91434252 0.09839495 -0.39280552
vn 1.00000000 0.00000000 0.00000000
vn 0.91433287 0.07900435 -0.39718217
vn 0.91435009 0.11754128 -0.38748926
vn 1.00000000 -0.00000100 0.00000000
vn 0.91434252 0.09839495 -0.39280552
vn 0.91435009 0.11754128 -0.38748926
vn 1.00000000 0.00000141 0.00000000
vn 1.00000000 -0.00000900 0.00000000
vn 0.91435665 0.13641226 -0.38123956
vn 1.00000000 0.00001721 0.00000000
vn 1.00000000 0.00000141 0.00000000
vn 0.91434890 0.17312731 -0.36605072
vn 1.00000000 0.00001721 0.00000000
vn 0.91434175 0.15496382 -0.37411952
vn 0.91434729 0.19088282 -0.35711738
vn 1.00000000 0.00000112 0.00000000
vn 0.91434890 0.17312731 -0.36605072
vn 0.91435099 0.20817071 -0.34731442
vn 1.00000000 0.00001773 0.00000000
vn 0.91434729 0.19088282 -0.35711738
vn 0.91435099 0.20817071 -0.34731442
vn 1.00000000 -0.00001800 0.00000000
vn 1.00000000 -0.00000509 0.00000000
vn 0.91435409 0.24120927 -0.32523006
vn 1.00000000 -0.00001800 0.00000000
vn 0.91434467 0.22497229 -0.33669174
vn 0.91434479 0.25688937 -0.31301987
vn 1.00000000 -0.00000014 0.00000000
vn 0.91435409 0.24120927 -0.32523006
vn 0.91434479 0.25688937 -0.31301987
vn 1.00000000 -0.00000022 0.00000000
vn 1.00000000 0.00000000 0.00000000
vn 0.91433918 0.27194852 -0.30004635
vn 1.00000000 0.00000047 0.00000000
vn 1.00000000 -0.00000022 0.00000000
vn 0.91434145 0.28633961 -0.28633785
vn 1.00000000 -0.00002702 0.00000000
vn 1.00000000 0.00000047 0.00000000
vn 0.91433811 0.31303370 -0.25689626
vn 1.00000000 -0.00002702 0.00000000
vn 0.91435903 0.30001125 -0.27192053
vn 0.91434467 0.32524928 -0.24121925
vn 1.00000000 0.00000488 0.00000000
vn 0.91433811 0.31303370 -0.25689626
vn 0.91434467 0.32524928 -0.24121925
vn 1.00000000 -0.00003862 0.00000000
vn 1.00000000 0.00000988 0.00000000
vn 0.91434199 0.34733045 -0.20818342
vn 1.00000000 -0.00003862 0.00000000
vn 0.91434431 0.33669257 -0.22497228
vn 0.91434824 0.35711598 -0.19088086
vn 1.00000000 -0.00000416 0.00000000
vn 0.91434199 0.34733045 -0.20818342
vn 0.91434824 0.35711598 -0.19088086
vn 1.00000000 0.00000251 0.00000000
vn 1.00000000 -0.00003602 0.00000000
vn 0.91434497 0.36605892 -0.17313074
vn 1.00000000 0.00000000 0.00000000
vn 1.00000000 0.00000251 0.00000000
vn 0.91434556 0.38126379 -0.13641903
vn 1.00000000 0.00000000 0.00000000
vn 0.91434485 0.37411314 -0.15496080
vn 0.91434222 0.38750610 -0.11754747
vn 1.00000000 0.00000456 0.00000000
vn 0.91434556 0.38126379 -0.13641903
vn 0.91434222 0.38750610 -0.11754747
vn 1.00000000 0.00000204 0.00000000
vn 1.00000000 -0.00003170 0.00000000
vn 0.91434973 0.39279011 -0.09838906
vn 1.00000000 -0.00000000 0.00000000
vn 1.00000000 0.00000204 0.00000000
vn 0.91434294 0.40055785 -0.05941761
vn 1.00000000 -0.00000000 0.00000000
vn 0.91434789 0.39714885 -0.07899849
vn 0.91434544 0.40298510 -0.03969001
vn 1.00000000 -0.00000211 0.00000000
vn 0.91434294 0.40055785 -0.05941761
vn 0.91434526 0.40444779 -0.01986986
vn 1.00000000 0.00000117 0.00000000
vn 0.91434544 0.40298510 -0.03969001
vn 0.91434520 0.40493554 -0.00000015
vn 1.00000000 0.00000065 0.00000000
vn 0.91434526 0.40444779 -0.01986986
vn -0.89866704 0.00000004 -0.43863142
vn -0.89865440 -0.43865731 -0.00000050
vn -0.89863753 -0.00000000 0.43869185
vn 1.00000000 -0.00000022 0.00000000
vn 1.00000000 0.00000065 0.00000000
vn 1.00000000 -0.00000058 0.00000000
vn -0.89867210 0.43809271 0.02152395
vn 0.03642299 0.99813271 0.04903555
vn 0.03645238 0.99933535 -0.00000099
vn -0.89865255 0.43654895 0.04299500
vn 0.03644653 0.99452358 0.09795187
vn 0.03642299 0.99813271 0.04903555
vn -0.89865637 0.43390536 0.06436453
vn 0.03642911 0.98851997 0.14663310
vn 0.03644653 0.99452358 0.09795187
vn -0.89865637 0.43390536 0.06436453
vn -0.89865643 0.43022472 0.08557667
vn 0.03644645 0.98013353 0.19496138
vn -0.89864111 0.42553994 0.10658304
vn 0.03645261 0.96938592 0.24282116
vn 0.03644645 0.98013353 0.19496138
vn -0.89865696 0.41976419 0.12733322
vn 0.03643686 0.95630562 0.29008946
vn 0.03645261 0.96938592 0.24282116
vn -0.89866489 0.41299218 0.14777954
vn 0.03643301 0.94091845 0.33666769
vn 0.03643686 0.95630562 0.29008946
vn -0.89865512 0.40526462 0.16786753
vn 0.03640014 0.92326665 0.38243133
vn 0.03643301 0.94091845 0.33666769
vn -0.89866513 0.39652231 0.18753943
vn 0.03642606 0.90338987 0.42727023
vn 0.03640014 0.92326665 0.38243133
vn -0.89866650 0.38683355 0.20678069
vn 0.03645139 0.88133413 0.47108549
vn 0.03642606 0.90338987 0.42727023
vn -0.89866650 0.38683355 0.20678069
vn -0.89865619 0.37624443 0.22551550
vn 0.03642849 0.85715729 0.51376486
vn -0.89865619 0.37624443 0.22551550
vn -0.89865071 0.36473852 0.24370624
vn 0.03644087 0.83091915 0.55519843
vn -0.89865071 0.36473852 0.24370624
vn -0.89864695 0.35235992 0.26129681
vn 0.03640672 0.80267608 0.59530306
vn -0.89864695 0.35235992 0.26129681
vn -0.89866072 0.33906698 0.27828482
vn 0.03647714 0.77249813 0.63396847
vn -0.89865202 0.32502514 0.29458997
vn 0.03643826 0.74045753 0.67111462
vn 0.03647714 0.77249813 0.63396847
vn -0.89865202 0.32502514 0.29458997
vn -0.89864790 0.31018615 0.31018779
vn 0.03645713 0.70663208 0.70664132
vn -0.89864790 0.31018615 0.31018779
vn -0.89865541 0.29458293 0.32502207
vn 0.03642486 0.67111439 0.74045855
vn -0.89865541 0.29458293 0.32502207
vn -0.89866740 0.27826485 0.33906567
vn 0.03643283 0.63397223 0.77249718
vn -0.89865822 0.26130161 0.35232779
vn 0.03641761 0.59530401 0.80267489
vn 0.03643283 0.63397223 0.77249718
vn -0.89866304 0.24369863 0.36471301
vn 0.03642937 0.55520636 0.83091444
vn 0.03641761 0.59530401 0.80267489
vn -0.89863282 0.22554862 0.37628034
vn 0.03650029 0.51375437 0.85716051
vn 0.03642937 0.55520636 0.83091444
vn -0.89866889 0.20676406 0.38683704
vn 0.03637060 0.47107819 0.88134128
vn 0.03650029 0.51375437 0.85716051
vn -0.89866889 0.20676406 0.38683704
vn -0.89862055 0.18758051 0.39660391
vn 0.03651032 0.42726785 0.90338755
vn -0.89862055 0.18758051 0.39660391
vn -0.89865470 0.16786747 0.40526569
vn 0.03640327 0.38243008 0.92326707
vn -0.89865470 0.16786747 0.40526569
vn -0.89863926 0.14779659 0.41304204
vn 0.03647783 0.33666518 0.94091767
vn -0.89863926 0.14779659 0.41304204
vn -0.89866507 0.12732865 0.41974825
vn 0.03644555 0.29008746 0.95630586
vn -0.89866507 0.12732865 0.41974825
vn -0.89864576 0.10658024 0.42553070
vn 0.03644854 0.24281819 0.96938682
vn -0.89864576 0.10658024 0.42553070
vn -0.89865631 0.08557808 0.43022460
vn 0.03644190 0.19496310 0.98013330
vn -0.89865631 0.08557808 0.43022460
vn -0.89865971 0.06436300 0.43389863
vn 0.03638479 0.14663307 0.98852164
vn -0.89865440 0.04299849 0.43654498
vn 0.03645590 0.09795548 0.99452287
vn 0.03638479 0.14663307 0.98852164
vn -0.89865702 0.02152085 0.43812370
vn 0.03644882 0.04903257 0.99813193
vn 0.03645590 0.09795548 0.99452287
vn -0.89865702 0.02152085 0.43812370
vn -0.89863753 -0.00000000 0.43869185
vn 0.03645652 -0.00000000 0.99933523
vn -0.89865702 -0.02152207 0.43812370
vn 0.03644882 -0.04903258 0.99813193
vn 0.03645652 -0.00000000 0.99933523
vn -0.89865702 -0.02152207 0.43812370
vn -0.89865428 -0.04299909 0.43654492
vn 0.03645590 -0.09795547 0.99452287
vn -0.89865428 -0.04299909 0.43654492
vn -0.89865971 -0.06436300 0.43389863
vn 0.03638480 -0.14663309 0.98852164
vn -0.89865625 -0.08557811 0.43022463
vn 0.03644190 -0.19496310 0.98013330
vn 0.03638480 -0.14663309 0.98852164
vn -0.89864576 -0.10658024 0.42553070
vn 0.03644855 -0.24281816 0.96938682
vn 0.03644190 -0.19496310 0.98013330
vn -0.89866513 -0.12732789 0.41974828
vn 0.03644555 -0.29008746 0.95630586
vn 0.03644855 -0.24281816 0.96938682
vn -0.89863926 -0.14779659 0.41304204
vn 0.03647783 -0.33666518 0.94091767
vn 0.03644555 -0.29008746 0.95630586
vn -0.89865470 -0.16786742 0.40526575
vn 0.03640325 -0.38243002 0.92326713
vn 0.03647783 -0.33666518 0.94091767
vn -0.89862055 -0.18758051 0.39660391
vn 0.03651033 -0.42726788 0.90338761
vn 0.03640325 -0.38243002 0.92326713
vn -0.89866889 -0.20676406 0.38683704
vn 0.03637059 -0.47107825 0.88134128
vn 0.03651033 -0.42726788 0.90338761
vn -0.89866889 -0.20676406 0.38683704
vn -0.89863282 -0.22554864 0.37628034
vn 0.03650028 -0.51375437 0.85716051
vn -0.89863282 -0.22554864 0.37628034
vn -0.89866304 -0.24369863 0.36471304
vn 0.03642936 -0.55520642 0.83091444
vn -0.89866304 -0.24369863 0.36471304
vn -0.89865822 -0.26130161 0.35232779
vn 0.03641760 -0.59530401 0.80267483
vn -0.89865822 -0.26130161 0.35232779
vn -0.89866740 -0.27826485 0.33906567
vn 0.03643284 -0.63397229 0.77249718
vn -0.89865541 -0.29458293 0.32502207
vn 0.03642487 -0.67111439 0.74045849
vn 0.03643284 -0.63397229 0.77249718
vn -0.89864796 -0.31018600 0.31018782
vn 0.03645713 -0.70663214 0.70664132
vn 0.03642487 -0.67111439 0.74045849
vn -0.89865202 -0.32502511 0.29459000
vn 0.03643825 -0.74045748 0.67111468
vn 0.03645713 -0.70663214 0.70664132
vn -0.89865202 -0.32502511 0.29459000
vn -0.89866072 -0.33906698 0.27828482
vn 0.03647714 -0.77249807 0.63396853
vn -0.89864695 -0.35235995 0.26129678
vn 0.03640671 -0.80267602 0.59530306
vn 0.03647714 -0.77249807 0.63396853
vn -0.89865071 -0.36473840 0.24370624
vn 0.03644087 -0.83091915 0.55519843
vn 0.03640671 -0.80267602 0.59530306
vn -0.89865619 -0.37624443 0.22551548
vn 0.03642847 -0.85715729 0.51376486
vn 0.03644087 -0.83091915 0.55519843
vn -0.89866650 -0.38683355 0.20678067
vn 0.03645138 -0.88133413 0.47108540
vn 0.03642847 -0.85715729 0.51376486
vn -0.89866650 -0.38683355 0.20678067
vn -0.89866972 -0.39651144 0.18754035
vn 0.03642605 -0.90338987 0.42727017
vn -0.89866972 -0.39651144 0.18754035
vn -0.89865530 -0.40526423 0.16786754
vn 0.03640015 -0.92326665 0.38243133
vn -0.89865530 -0.40526423 0.16786754
vn -0.89866495 -0.41299227 0.14777957
vn 0.03643301 -0.94091845 0.33666772
vn -0.89866495 -0.41299227 0.14777957
vn -0.89865696 -0.41976419 0.12733322
vn 0.03643688 -0.95630568 0.29008946
vn -0.89865696 -0.41976419 0.12733322
vn -0.89864111 -0.42553994 0.10658302
vn 0.03645262 -0.96938592 0.24282117
vn -0.89864111 -0.42553994 0.10658302
vn -0.89865643 -0.43022472 0.08557667
vn 0.03644647 -0.98013353 0.19496138
vn -0.89865637 -0.43390536 0.06436453
vn 0.03642911 -0.98851997 0.14663312
vn 0.03644647 -0.98013353 0.19496138
vn -0.89865637 -0.43390536 0.06436453
vn -0.89865506 -0.43654391 0.04299512
vn 0.03644653 -0.99452358 0.09795187
vn -0.89865506 -0.43654391 0.04299512
vn -0.89867204 -0.43809271 0.02152395
vn 0.03642301 -0.99813271 0.04903555
vn -0.89867204 -0.43809271 0.02152395
vn -0.89865440 -0.43865731 -0.00000050
vn 0.03645238 -0.99933535 -0.00000099
vn -0.89865440 -0.43865731 -0.00000050
vn -0.89866996 -0.43809706 -0.02152389
vn 0.03644124 -0.99813199 -0.04903537
vn -0.89866996 -0.43809706 -0.02152389
vn -0.89865494 -0.43654400 -0.04299550
vn 0.03644868 -0.99452347 -0.09795205
vn -0.89866126 -0.43389553 -0.06436254
vn 0.03641065 -0.98852050 -0.14663395
vn 0.03644868 -0.99452347 -0.09795205
vn -0.89865667 -0.43022397 -0.08557689
vn 0.03643933 -0.98013377 -0.19496155
vn 0.03641065 -0.98852050 -0.14663395
vn -0.89864147 -0.42553955 -0.10658173
vn 0.03644710 -0.96938688 -0.24281836
vn 0.03643933 -0.98013377 -0.19496155
vn -0.89866048 -0.41975677 -0.12733205
vn 0.03643747 -0.95630473 -0.29009217
vn 0.03644710 -0.96938688 -0.24281836
vn -0.89866495 -0.41299236 -0.14777891
vn 0.03644144 -0.94091839 -0.33666679
vn 0.03643747 -0.95630473 -0.29009217
vn -0.89865196 -0.40527073 -0.16786982
vn 0.03642809 -0.92326653 -0.38242882
vn 0.03644144 -0.94091839 -0.33666679
vn -0.89865661 -0.39653844 -0.18754624
vn 0.03642641 -0.90339041 -0.42726901
vn 0.03642809 -0.92326653 -0.38242882
vn -0.89865899 -0.38684830 -0.20678566
vn 0.03645717 -0.88133609 -0.47108129
vn 0.03642641 -0.90339041 -0.42726901
vn -0.89865345 -0.37624839 -0.22551964
vn 0.03643810 -0.85715431 -0.51376915
vn 0.03645717 -0.88133609 -0.47108129
vn -0.89865345 -0.37624839 -0.22551964
vn -0.89865649 -0.36472815 -0.24370015
vn 0.03642738 -0.83091927 -0.55519921
vn -0.89865649 -0.36472815 -0.24370015
vn -0.89864260 -0.35236713 -0.26130241
vn 0.03643573 -0.80267525 -0.59530240
vn -0.89864260 -0.35236713 -0.26130241
vn -0.89866757 -0.33905599 -0.27827612
vn 0.03642809 -0.77249819 -0.63397127
vn -0.89866424 -0.32500657 -0.29457319
vn 0.03645257 -0.74045378 -0.67111802
vn 0.03642809 -0.77249819 -0.63397127
vn -0.89866424 -0.32500657 -0.29457319
vn -0.89864755 -0.31018665 -0.31018835
vn 0.03643706 -0.70663536 -0.70663905
vn -0.89864755 -0.31018665 -0.31018835
vn -0.89864719 -0.29459420 -0.32503468
vn 0.03643575 -0.67111355 -0.74045867
vn -0.89864719 -0.29459420 -0.32503468
vn -0.89867389 -0.27825648 -0.33905548
vn 0.03641789 -0.63397276 -0.77249748
vn -0.89865798 -0.26130453 -0.35232630
vn 0.03644674 -0.59530634 -0.80267173
vn 0.03641789 -0.63397276 -0.77249748
vn -0.89865798 -0.26130453 -0.35232630
vn -0.89865327 -0.24370618 -0.36473227
vn 0.03644140 -0.55520248 -0.83091652
vn -0.89866841 -0.22551259 -0.37621689
vn 0.03641884 -0.51375937 -0.85716099
vn 0.03644140 -0.55520248 -0.83091652
vn -0.89866555 -0.20677105 -0.38684100
vn 0.03642964 -0.47108302 -0.88133633
vn 0.03641884 -0.51375937 -0.85716099
vn -0.89867026 -0.18753251 -0.39651391
vn 0.03640267 -0.42726290 -0.90339428
vn 0.03642964 -0.47108302 -0.88133633
vn -0.89867026 -0.18753251 -0.39651391
vn -0.89864588 -0.16787682 -0.40528145
vn 0.03643252 -0.38243255 -0.92326486
vn -0.89864588 -0.16787682 -0.40528145
vn -0.89864624 -0.14778569 -0.41303077
vn 0.03649006 -0.33666846 -0.94091600
vn -0.89864320 -0.12734970 -0.41978857
vn 0.03647889 -0.29008219 -0.95630622
vn 0.03649006 -0.33666846 -0.94091600
vn -0.89864320 -0.12734970 -0.41978857
vn -0.89867616 -0.10656325 -0.42547083
vn 0.03639125 -0.24281897 -0.96938884
vn -0.89867616 -0.10656325 -0.42547083
vn -0.89863616 -0.08558486 -0.43026537
vn 0.03645019 -0.19495951 -0.98013383
vn -0.89863616 -0.08558486 -0.43026537
vn -0.89865971 -0.06436186 -0.43389878
vn 0.03640274 -0.14663601 -0.98852044
vn -0.89866465 -0.04299694 -0.43652394
vn 0.03642041 -0.09795678 -0.99452400
vn 0.03640274 -0.14663601 -0.98852044
vn -0.89865714 -0.02152067 -0.43812355
vn 0.03642616 -0.04903593 -0.99813265
vn 0.03642041 -0.09795678 -0.99452400
vn -0.89865714 -0.02152067 -0.43812355
vn -0.89866704 0.00000004 -0.43863142
vn 0.03639216 -0.00000000 -0.99933755
vn -0.89865714 0.02152189 -0.43812349
vn 0.03642617 0.04903593 -0.99813265
vn 0.03639216 -0.00000000 -0.99933755
vn -0.89865714 0.02152189 -0.43812349
vn -0.89866459 0.04299754 -0.43652391
vn 0.03642042 0.09795678 -0.99452400
vn -0.89866459 0.04299754 -0.43652391
vn -0.89865971 0.06436186 -0.43389878
vn 0.03640274 0.14663602 -0.98852044
vn -0.89863616 0.08558520 -0.43026537
vn 0.03645019 0.19495952 -0.98013383
vn 0.03640274 0.14663602 -0.98852044
vn -0.89867610 0.10656324 -0.42547083
vn 0.03639124 0.24281897 -0.96938884
vn 0.03645019 0.19495952 -0.98013383
vn -0.89864391 0.12734334 -0.41978890
vn 0.03647889 0.29008219 -0.95630622
vn 0.03639124 0.24281897 -0.96938884
vn -0.89864391 0.12734334 -0.41978890
vn -0.89864624 0.14778557 -0.41303071
vn 0.03649006 0.33666846 -0.94091594
vn -0.89864582 0.16787677 -0.40528145
vn 0.03643253 0.38243246 -0.92326486
vn 0.03649006 0.33666846 -0.94091594
vn -0.89867026 0.18753253 -0.39651391
vn 0.03640268 0.42726290 -0.90339428
vn 0.03643253 0.38243246 -0.92326486
vn -0.89867026 0.18753253 -0.39651391
vn -0.89866555 0.20677102 -0.38684097
vn 0.03642964 0.47108296 -0.88133633
vn -0.89866555 0.20677102 -0.38684097
vn -0.89866841 0.22551259 -0.37621692
vn 0.03641884 0.51375937 -0.85716105
vn -0.89866841 0.22551259 -0.37621692
vn -0.89865398 0.24370319 -0.36473256
vn 0.03644139 0.55520242 -0.83091652
vn -0.89865798 0.26130450 -0.35232630
vn 0.03644673 0.59530634 -0.80267179
vn 0.03644139 0.55520242 -0.83091652
vn -0.89865798 0.26130450 -0.35232630
vn -0.89867383 0.27825639 -0.33905551
vn 0.03641791 0.63397276 -0.77249748
vn -0.89864719 0.29459420 -0.32503468
vn 0.03643575 0.67111361 -0.74045867
vn 0.03641791 0.63397276 -0.77249748
vn -0.89864761 0.31018651 -0.31018838
vn 0.03643708 0.70663536 -0.70663911
vn 0.03643575 0.67111361 -0.74045867
vn -0.89866424 0.32500657 -0.29457316
vn 0.03645257 0.74045378 -0.67111802
vn 0.03643708 0.70663536 -0.70663911
vn -0.89866424 0.32500657 -0.29457316
vn -0.89866757 0.33905599 -0.27827612
vn 0.03642809 0.77249819 -0.63397127
vn -0.89864260 0.35236713 -0.26130241
vn 0.03643575 0.80267519 -0.59530246
vn 0.03642809 0.77249819 -0.63397127
vn -0.89865649 0.36472806 -0.24370015
vn 0.03642738 0.83091927 -0.55519921
vn 0.03643575 0.80267519 -0.59530246
vn -0.89865345 0.37624839 -0.22551966
vn 0.03643810 0.85715431 -0.51376915
vn 0.03642738 0.83091927 -0.55519921
vn -0.89865345 0.37624839 -0.22551966
vn -0.89865899 0.38684827 -0.20678565
vn 0.03645717 0.88133609 -0.47108129
vn -0.89865899 0.38684827 -0.20678565
vn -0.89866114 0.39652765 -0.18754719
vn 0.03642641 0.90339041 -0.42726901
vn -0.89866114 0.39652765 -0.18754719
vn -0.89865214 0.40527046 -0.16786984
vn 0.03642808 0.92326653 -0.38242882
vn -0.89865214 0.40527046 -0.16786984
vn -0.89866495 0.41299236 -0.14777893
vn 0.03644143 0.94091845 -0.33666676
vn -0.89866495 0.41299236 -0.14777893
vn -0.89866060 0.41975677 -0.12733206
vn 0.03643749 0.95630473 -0.29009217
vn -0.89866060 0.41975677 -0.12733206
vn -0.89864147 0.42553955 -0.10658172
vn 0.03644709 0.96938688 -0.24281836
vn -0.89864147 0.42553955 -0.10658172
vn -0.89865667 0.43022397 -0.08557689
vn 0.03643933 0.98013377 -0.19496155
vn -0.89865667 0.43022397 -0.08557689
vn -0.89866126 0.43389553 -0.06436254
vn 0.03641066 0.98852050 -0.14663395
vn -0.89866126 0.43389553 -0.06436254
vn -0.89865494 0.43654403 -0.04299550
vn 0.03644866 0.99452347 -0.09795204
vn -0.89866996 0.43809706 -0.02152389
vn 0.03644123 0.99813199 -0.04903536
vn 0.03644866 0.99452347 -0.09795204
vn -0.89865434 0.43865749 -0.00000050
vn 0.03645238 0.99933535 -0.00000099
vn 0.03644123 0.99813199 -0.04903536
vn 0.03642299 0.99813271 0.04903555
vn 0.91434288 0.40445322 0.01986992
vn 0.91434520 0.40493554 -0.00000015
vn 0.03642299 0.99813271 0.04903555
vn 0.03644653 0.99452358 0.09795187
vn 0.91434789 0.40297955 0.03968978
vn 0.03644653 0.99452358 0.09795187
vn 0.03642911 0.98851997 0.14663310
vn 0.91434354 0.40055650 0.05941663
vn 0.03642911 0.98851997 0.14663310
vn 0.03644645 0.98013353 0.19496138
vn 0.91434813 0.39714795 0.07899889
vn 0.03644645 0.98013353 0.19496138
vn 0.03645261 0.96938592 0.24282116
vn 0.91434741 0.39279509 0.09839129
vn 0.03643686 0.95630562 0.29008946
vn 0.91434306 0.38750488 0.11754487
vn 0.91434741 0.39279509 0.09839129
vn 0.03643301 0.94091845 0.33666769
vn 0.91434431 0.38126624 0.13642016
vn 0.91434306 0.38750488 0.11754487
vn 0.03640014 0.92326665 0.38243133
vn 0.91434175 0.37411916 0.15496476
vn 0.91434431 0.38126624 0.13642016
vn 0.03640014 0.92326665 0.38243133
vn 0.03642606 0.90338987 0.42727023
vn 0.91434664 0.36605591 0.17312813
vn 0.03642606 0.90338987 0.42727023
vn 0.03645139 0.88133413 0.47108549
vn 0.91434687 0.35711744 0.19088453
vn 0.03642849 0.85715729 0.51376486
vn 0.91433978 0.34733573 0.20818408
vn 0.91434687 0.35711744 0.19088453
vn 0.03644087 0.83091915 0.55519843
vn 0.91434747 0.33668649 0.22496849
vn 0.91433978 0.34733573 0.20818408
vn 0.03640672 0.80267608 0.59530306
vn 0.91433829 0.32526091 0.24122760
vn 0.91434747 0.33668649 0.22496849
vn 0.03640672 0.80267608 0.59530306
vn 0.03647714 0.77249813 0.63396847
vn 0.91435254 0.31300974 0.25687394
vn 0.03647714 0.77249813 0.63396847
vn 0.03643826 0.74045753 0.67111462
vn 0.91435039 0.30002832 0.27193078
vn 0.03643826 0.74045753 0.67111462
vn 0.03645713 0.70663208 0.70664132
vn 0.91434741 0.28632718 0.28633109
vn 0.03642486 0.67111439 0.74045855
vn 0.91434062 0.27194646 0.30004391
vn 0.91434741 0.28632718 0.28633109
vn 0.03642486 0.67111439 0.74045855
vn 0.03643283 0.63397223 0.77249718
vn 0.91434944 0.25688231 0.31301209
vn 0.03643283 0.63397223 0.77249718
vn 0.03641761 0.59530401 0.80267489
vn 0.91433835 0.24123009 0.32525879
vn 0.03641761 0.59530401 0.80267489
vn 0.03642937 0.55520636 0.83091444
vn 0.91434693 0.22496955 0.33668739
vn 0.03642937 0.55520636 0.83091444
vn 0.03650029 0.51375437 0.85716051
vn 0.91434926 0.20817155 0.34731823
vn 0.03637060 0.47107819 0.88134128
vn 0.91433316 0.19089770 0.35714549
vn 0.91434926 0.20817155 0.34731823
vn 0.03651032 0.42726785 0.90338755
vn 0.91434193 0.17313343 0.36606520
vn 0.91433316 0.19089770 0.35714549
vn 0.03640327 0.38243008 0.92326707
vn 0.91433400 0.15497153 0.37413520
vn 0.91434193 0.17313343 0.36606520
vn 0.03640327 0.38243008 0.92326707
vn 0.03647783 0.33666518 0.94091767
vn 0.91434598 0.13642050 0.38126221
vn 0.03647783 0.33666518 0.94091767
vn 0.03644555 0.29008746 0.95630586
vn 0.91434777 0.11754412 0.38749382
vn 0.03644854 0.24281819 0.96938682
vn 0.91434097 0.09839384 0.39280948
vn 0.91434777 0.11754412 0.38749382
vn 0.03644190 0.19496310 0.98013330
vn 0.91434836 0.07899933 0.39714760
vn 0.91434097 0.09839384 0.39280948
vn 0.03638479 0.14663307 0.98852164
vn 0.91432780 0.05942181 0.40059158
vn 0.91434836 0.07899933 0.39714760
vn 0.03645590 0.09795548 0.99452287
vn 0.91435480 0.03968751 0.40296435
vn 0.91432780 0.05942181 0.40059158
vn 0.03645590 0.09795548 0.99452287
vn 0.03644882 0.04903257 0.99813193
vn 0.91435140 0.01986649 0.40443397
vn 0.03645652 -0.00000000 0.99933523
vn 0.91434574 0.00000000 0.40493441
vn 0.91435140 0.01986649 0.40443397
vn 0.03645652 -0.00000000 0.99933523
vn 0.03644882 -0.04903258 0.99813193
vn 0.91435140 -0.01986649 0.40443397
vn 0.03645590 -0.09795547 0.99452287
vn 0.91435480 -0.03968751 0.40296435
vn 0.91435140 -0.01986649 0.40443397
vn 0.03645590 -0.09795547 0.99452287
vn 0.03638480 -0.14663309 0.98852164
vn 0.91432780 -0.05942181 0.40059158
vn 0.03638480 -0.14663309 0.98852164
vn 0.03644190 -0.19496310 0.98013330
vn 0.91434836 -0.07899933 0.39714757
vn 0.03644190 -0.19496310 0.98013330
vn 0.03644855 -0.24281816 0.96938682
vn 0.91434097 -0.09839384 0.39280954
vn 0.03644855 -0.24281816 0.96938682
vn 0.03644555 -0.29008746 0.95630586
vn 0.91434789 -0.11754413 0.38749382
vn 0.03647783 -0.33666518 0.94091767
vn 0.91434598 -0.13642049 0.38126221
vn 0.91434789 -0.11754413 0.38749382
vn 0.03640325 -0.38243002 0.92326713
vn 0.91433400 -0.15497153 0.37413517
vn 0.91434598 -0.13642049 0.38126221
vn 0.03640325 -0.38243002 0.92326713
vn 0.03651033 -0.42726788 0.90338761
vn 0.91434193 -0.17313343 0.36606520
vn 0.03651033 -0.42726788 0.90338761
vn 0.03637059 -0.47107825 0.88134128
vn 0.91433316 -0.19089773 0.35714552
vn 0.03637059 -0.47107825 0.88134128
vn 0.03650028 -0.51375437 0.85716051
vn 0.91434926 -0.20817153 0.34731823
vn 0.03642936 -0.55520642 0.83091444
vn 0.91434693 -0.22496954 0.33668736
vn 0.91434926 -0.20817153 0.34731823
vn 0.03641760 -0.59530401 0.80267483
vn 0.91433847 -0.24123010 0.32525882
vn 0.91434693 -0.22496954 0.33668736
vn 0.03643284 -0.63397229 0.77249718
vn 0.91434944 -0.25688231 0.31301209
vn 0.91433847 -0.24123010 0.32525882
vn 0.03642487 -0.67111439 0.74045849
vn 0.91434062 -0.27194646 0.30004391
vn 0.91434944 -0.25688231 0.31301209
vn 0.03642487 -0.67111439 0.74045849
vn 0.03645713 -0.70663214 0.70664132
vn 0.91434741 -0.28632715 0.28633109
vn 0.03643825 -0.74045748 0.67111468
vn 0.91435039 -0.30002832 0.27193078
vn 0.91434741 -0.28632715 0.28633109
vn 0.03647714 -0.77249807 0.63396853
vn 0.91435254 -0.31300974 0.25687397
vn 0.91435039 -0.30002832 0.27193078
vn 0.03640671 -0.80267602 0.59530306
vn 0.91433829 -0.32526094 0.24122760
vn 0.91435254 -0.31300974 0.25687397
vn 0.03640671 -0.80267602 0.59530306
vn 0.03644087 -0.83091915 0.55519843
vn 0.91434747 -0.33668652 0.22496848
vn 0.03644087 -0.83091915 0.55519843
vn 0.03642847 -0.85715729 0.51376486
vn 0.91433978 -0.34733573 0.20818405
vn 0.03642847 -0.85715729 0.51376486
vn 0.03645138 -0.88133413 0.47108540
vn 0.91434687 -0.35711744 0.19088453
vn 0.03642605 -0.90338987 0.42727017
vn 0.91434664 -0.36605588 0.17312813
vn 0.91434687 -0.35711744 0.19088453
vn 0.03640015 -0.92326665 0.38243133
vn 0.91434169 -0.37411916 0.15496476
vn 0.91434664 -0.36605588 0.17312813
vn 0.03640015 -0.92326665 0.38243133
vn 0.03643301 -0.94091845 0.33666772
vn 0.91434431 -0.38126621 0.13642018
vn 0.03643301 -0.94091845 0.33666772
vn 0.03643688 -0.95630568 0.29008946
vn 0.91434306 -0.38750485 0.11754487
vn 0.03643688 -0.95630568 0.29008946
vn 0.03645262 -0.96938592 0.24282117
vn 0.91434735 -0.39279503 0.09839129
vn 0.03644647 -0.98013353 0.19496138
vn 0.91434813 -0.39714795 0.07899889
vn 0.91434735 -0.39279503 0.09839129
vn 0.03642911 -0.98851997 0.14663312
vn 0.91434354 -0.40055650 0.05941663
vn 0.91434813 -0.39714795 0.07899889
vn 0.03644653 -0.99452358 0.09795187
vn 0.91434789 -0.40297955 0.03968978
vn 0.91434354 -0.40055650 0.05941663
vn 0.03642301 -0.99813271 0.04903555
vn 0.91434288 -0.40445322 0.01986992
vn 0.91434789 -0.40297955 0.03968978
vn 0.03642301 -0.99813271 0.04903555
vn 0.03645238 -0.99933535 -0.00000099
vn 0.91434520 -0.40493554 -0.00000015
vn 0.03644124 -0.99813199 -0.04903537
vn 0.91434526 -0.40444779 -0.01986986
vn 0.91434520 -0.40493554 -0.00000015
vn 0.03644868 -0.99452347 -0.09795205
vn 0.91434544 -0.40298513 -0.03969002
vn 0.91434526 -0.40444779 -0.01986986
vn 0.03641065 -0.98852050 -0.14663395
vn 0.91434294 -0.40055785 -0.05941761
vn 0.91434544 -0.40298513 -0.03969002
vn 0.03641065 -0.98852050 -0.14663395
vn 0.03643933 -0.98013377 -0.19496155
vn 0.91434789 -0.39714885 -0.07899849
vn 0.03643933 -0.98013377 -0.19496155
vn 0.03644710 -0.96938688 -0.24281836
vn 0.91434973 -0.39279011 -0.09838906
vn 0.03644710 -0.96938688 -0.24281836
vn 0.03643747 -0.95630473 -0.29009217
vn 0.91434222 -0.38750607 -0.11754745
vn 0.03644144 -0.94091839 -0.33666679
vn 0.91434550 -0.38126382 -0.13641901
vn 0.91434222 -0.38750607 -0.11754745
vn 0.03642809 -0.92326653 -0.38242882
vn 0.91434485 -0.37411311 -0.15496078
vn 0.91434550 -0.38126382 -0.13641901
vn 0.03642641 -0.90339041 -0.42726901
vn 0.91434497 -0.36605892 -0.17313074
vn 0.91434485 -0.37411311 -0.15496078
vn 0.03642641 -0.90339041 -0.42726901
vn 0.03645717 -0.88133609 -0.47108129
vn 0.91434819 -0.35711595 -0.19088084
vn 0.03645717 -0.88133609 -0.47108129
vn 0.03643810 -0.85715431 -0.51376915
vn 0.91434199 -0.34733048 -0.20818342
vn 0.03642738 -0.83091927 -0.55519921
vn 0.91434431 -0.33669257 -0.22497228
vn 0.91434199 -0.34733048 -0.20818342
vn 0.03643573 -0.80267525 -0.59530240
vn 0.91434467 -0.32524928 -0.24121925
vn 0.91434431 -0.33669257 -0.22497228
vn 0.03643573 -0.80267525 -0.59530240
vn 0.03642809 -0.77249819 -0.63397127
vn 0.91433811 -0.31303370 -0.25689626
vn 0.03642809 -0.77249819 -0.63397127
vn 0.03645257 -0.74045378 -0.67111802
vn 0.91435903 -0.30001125 -0.27192053
vn 0.03643706 -0.70663536 -0.70663905
vn 0.91434145 -0.28633964 -0.28633785
vn 0.91435903 -0.30001125 -0.27192053
vn 0.03643575 -0.67111355 -0.74045867
vn 0.91433918 -0.27194852 -0.30004635
vn 0.91434145 -0.28633964 -0.28633785
vn 0.03643575 -0.67111355 -0.74045867
vn 0.03641789 -0.63397276 -0.77249748
vn 0.91434479 -0.25688943 -0.31301990
vn 0.03641789 -0.63397276 -0.77249748
vn 0.03644674 -0.59530634 -0.80267173
vn 0.91435415 -0.24120925 -0.32523006
vn 0.03644674 -0.59530634 -0.80267173
vn 0.03644140 -0.55520248 -0.83091652
vn 0.91434467 -0.22497229 -0.33669177
vn 0.03644140 -0.55520248 -0.83091652
vn 0.03641884 -0.51375937 -0.85716099
vn 0.91435093 -0.20817068 -0.34731439
vn 0.03641884 -0.51375937 -0.85716099
vn 0.03642964 -0.47108302 -0.88133633
vn 0.91434729 -0.19088280 -0.35711738
vn 0.03640267 -0.42726290 -0.90339428
vn 0.91434890 -0.17312731 -0.36605072
vn 0.91434729 -0.19088280 -0.35711738
vn 0.03643252 -0.38243255 -0.92326486
vn 0.91434175 -0.15496382 -0.37411952
vn 0.91434890 -0.17312731 -0.36605072
vn 0.03643252 -0.38243255 -0.92326486
vn 0.03649006 -0.33666846 -0.94091600
vn 0.91435665 -0.13641226 -0.38123956
vn 0.03649006 -0.33666846 -0.94091600
vn 0.03647889 -0.29008219 -0.95630622
vn 0.91435009 -0.11754126 -0.38748923
vn 0.03639125 -0.24281897 -0.96938884
vn 0.91434252 -0.09839496 -0.39280549
vn 0.91435009 -0.11754126 -0.38748923
vn 0.03645019 -0.19495951 -0.98013383
vn 0.91433287 -0.07900435 -0.39718217
vn 0.91434252 -0.09839496 -0.39280549
vn 0.03640274 -0.14663601 -0.98852044
vn 0.91433454 -0.05942244 -0.40057626
vn 0.91433287 -0.07900435 -0.39718217
vn 0.03642041 -0.09795678 -0.99452400
vn 0.91435385 -0.03968764 -0.40296653
vn 0.91433454 -0.05942244 -0.40057626
vn 0.03642041 -0.09795678 -0.99452400
vn 0.03642616 -0.04903593 -0.99813265
vn 0.91434777 -0.01987045 -0.40444183
vn 0.03642616 -0.04903593 -0.99813265
vn 0.03639216 -0.00000000 -0.99933755
vn 0.91433847 0.00000000 -0.40495086
vn 0.03642617 0.04903593 -0.99813265
vn 0.91434789 0.01987045 -0.40444183
vn 0.91433847 0.00000000 -0.40495086
vn 0.03642042 0.09795678 -0.99452400
vn 0.91435385 0.03968764 -0.40296653
vn 0.91434789 0.01987045 -0.40444183
vn 0.03642042 0.09795678 -0.99452400
vn 0.03640274 0.14663602 -0.98852044
vn 0.91433454 0.05942244 -0.40057629
vn 0.03640274 0.14663602 -0.98852044
vn 0.03645019 0.19495952 -0.98013383
vn 0.91433287 0.07900435 -0.39718217
vn 0.03645019 0.19495952 -0.98013383
vn 0.03639124 0.24281897 -0.96938884
vn 0.91434252 0.09839495 -0.39280552
vn 0.03639124 0.24281897 -0.96938884
vn 0.03647889 0.29008219 -0.95630622
vn 0.91435009 0.11754128 -0.38748926
vn 0.03649006 0.33666846 -0.94091594
vn 0.91435665 0.13641226 -0.38123956
vn 0.91435009 0.11754128 -0.38748926
vn 0.03643253 0.38243246 -0.92326486
vn 0.91434175 0.15496382 -0.37411952
vn 0.91435665 0.13641226 -0.38123956
vn 0.03643253 0.38243246 -0.92326486
vn 0.03640268 0.42726290 -0.90339428
vn 0.91434890 0.17312731 -0.36605072
vn 0.03640268 0.42726290 -0.90339428
vn 0.03642964 0.47108296 -0.88133633
vn 0.91434729 0.19088282 -0.35711738
vn 0.03641884 0.51375937 -0.85716105
vn 0.91435099 0.20817071 -0.34731442
vn 0.91434729 0.19088282 -0.35711738
vn 0.03644139 0.55520242 -0.83091652
vn 0.91434467 0.22497229 -0.33669174
vn 0.91435099 0.20817071 -0.34731442
vn 0.03644673 0.59530634 -0.80267179
vn 0.91435409 0.24120927 -0.32523006
vn 0.91434467 0.22497229 -0.33669174
vn 0.03641791 0.63397276 -0.77249748
vn 0.91434479 0.25688937 -0.31301987
vn 0.91435409 0.24120927 -0.32523006
vn 0.03643575 0.67111361 -0.74045867
vn 0.91433918 0.27194852 -0.30004635
vn 0.91434479 0.25688937 -0.31301987
vn 0.03643575 0.67111361 -0.74045867
vn 0.03643708 0.70663536 -0.70663911
vn 0.91434145 0.28633961 -0.28633785
vn 0.03643708 0.70663536 -0.70663911
vn 0.03645257 0.74045378 -0.67111802
vn 0.91435903 0.30001125 -0.27192053
vn 0.03642809 0.77249819 -0.63397127
vn 0.91433811 0.31303370 -0.25689626
vn 0.91435903 0.30001125 -0.27192053
vn 0.03643575 0.80267519 -0.59530246
vn 0.91434467 0.32524928 -0.24121925
vn 0.91433811 0.31303370 -0.25689626
vn 0.03643575 0.80267519 -0.59530246
vn 0.03642738 0.83091927 -0.55519921
vn 0.91434431 0.33669257 -0.22497228
vn 0.03642738 0.83091927 -0.55519921
vn 0.03643810 0.85715431 -0.51376915
vn 0.91434199 0.34733045 -0.20818342
vn 0.03645717 0.88133609 -0.47108129
vn 0.91434824 0.35711598 -0.19088086
vn 0.91434199 0.34733045 -0.20818342
vn 0.03642641 0.90339041 -0.42726901
vn 0.91434497 0.36605892 -0.17313074
vn 0.91434824 0.35711598 -0.19088086
vn 0.03642641 0.90339041 -0.42726901
vn 0.03642808 0.92326653 -0.38242882
vn 0.91434485 0.37411314 -0.15496080
vn 0.03642808 0.92326653 -0.38242882
vn 0.03644143 0.94091845 -0.33666676
vn 0.91434556 0.38126379 -0.13641903
vn 0.03644143 0.94091845 -0.33666676
vn 0.03643749 0.95630473 -0.29009217
vn 0.91434222 0.38750610 -0.11754747
vn 0.03644709 0.96938688 -0.24281836
vn 0.91434973 0.39279011 -0.09838906
vn 0.91434222 0.38750610 -0.11754747
vn 0.03643933 0.98013377 -0.19496155
vn 0.91434789 0.39714885 -0.07899849
vn 0.91434973 0.39279011 -0.09838906
vn 0.03641066 0.98852050 -0.14663395
vn 0.91434294 0.40055785 -0.05941761
vn 0.91434789 0.39714885 -0.07899849
vn 0.03641066 0.98852050 -0.14663395
vn 0.03644866 0.99452347 -0.09795204
vn 0.91434544 0.40298510 -0.03969001
vn 0.03644866 0.99452347 -0.09795204
vn 0.03644123 0.99813199 -0.04903536
vn 0.91434526 0.40444779 -0.01986986
vn 0.03644123 0.99813199 -0.04903536
vn 0.03645238 0.99933535 -0.00000099
vn 0.91434520 0.40493554 -0.00000015
vn 0.91434520 0.40493554 -0.00000015
vn 0.91434288 0.40445322 0.01986992
vn 1.00000000 0.00002428 0.00000000
vn 0.91434288 0.40445322 0.01986992
vn 0.91434789 0.40297955 0.03968978
vn 1.00000000 0.00000373 0.00000000
vn 0.91434354 0.40055650 0.05941663
vn 1.00000000 0.00000103 0.00000000
vn 1.00000000 0.00000373 0.00000000
vn 0.91434813 0.39714795 0.07899889
vn 1.00000000 -0.00000400 0.00000000
vn 1.00000000 0.00000103 0.00000000
vn 0.91434741 0.39279509 0.09839129
vn 1.00000000 0.00000781 0.00000000
vn 1.00000000 -0.00000400 0.00000000
vn 0.91434306 0.38750488 0.11754487
vn 1.00000000 -0.00003170 0.00000000
vn 1.00000000 0.00000781 0.00000000
vn 0.91434306 0.38750488 0.11754487
vn 0.91434431 0.38126624 0.13642016
vn 1.00000000 -0.00000145 0.00000000
vn 0.91434431 0.38126624 0.13642016
vn 0.91434175 0.37411916 0.15496476
vn 1.00000000 -0.00000000 0.00000000
vn 0.91434664 0.36605591 0.17312813
vn 1.00000000 0.00000280 0.00000000
vn 1.00000000 -0.00000000 0.00000000
vn 0.91434687 0.35711744 0.19088453
vn 1.00000000 0.00000000 0.00000000
vn 1.00000000 0.00000280 0.00000000
vn 0.91434687 0.35711744 0.19088453
vn 0.91433978 0.34733573 0.20818408
vn 1.00000000 0.00000171 0.00000000
vn 0.91433978 0.34733573 0.20818408
vn 0.91434747 0.33668649 0.22496849
vn 1.00000000 -0.00003863 0.00000000
vn 0.91433829 0.32526091 0.24122760
vn 1.00000000 0.00000497 0.00000000
vn 1.00000000 -0.00003863 0.00000000
vn 0.91435254 0.31300974 0.25687394
vn 1.00000000 0.00000433 0.00000000
vn 1.00000000 0.00000497 0.00000000
vn 0.91435254 0.31300974 0.25687394
vn 0.91435039 0.30002832 0.27193078
vn 1.00000000 -0.00000320 0.00000000
vn 0.91434741 0.28632718 0.28633109
vn 1.00000000 0.00000047 0.00000000
vn 1.00000000 -0.00000320 0.00000000
vn 0.91434062 0.27194646 0.30004391
vn 1.00000000 -0.00000014 0.00000000
vn 1.00000000 0.00000047 0.00000000
vn 0.91434062 0.27194646 0.30004391
vn 0.91434944 0.25688231 0.31301209
vn 1.00000000 -0.00001849 0.00000000
vn 0.91434944 0.25688231 0.31301209
vn 0.91433835 0.24123009 0.32525879
vn 1.00000000 -0.00000029 0.00000000
vn 0.91433835 0.24123009 0.32525879
vn 0.91434693 0.22496955 0.33668739
vn 1.00000000 -0.00001801 0.00000000
vn 0.91434693 0.22496955 0.33668739
vn 0.91434926 0.20817155 0.34731823
vn 1.00000000 -0.00000216 0.00000000
vn 0.91434926 0.20817155 0.34731823
vn 0.91433316 0.19089770 0.35714549
vn 1.00000000 0.00001774 0.00000000
vn 0.91433316 0.19089770 0.35714549
vn 0.91434193 0.17313343 0.36606520
vn 1.00000000 -0.00000082 0.00000000
vn 0.91434193 0.17313343 0.36606520
vn 0.91433400 0.15497153 0.37413520
vn 1.00000000 0.00001788 0.00000000
vn 0.91434598 0.13642050 0.38126221
vn 1.00000000 0.00000122 0.00000000
vn 1.00000000 0.00001788 0.00000000
vn 0.91434777 0.11754412 0.38749382
vn 1.00000000 0.00000000 0.00000000
vn 1.00000000 0.00000122 0.00000000
vn 0.91434777 0.11754412 0.38749382
vn 0.91434097 0.09839384 0.39280948
vn 1.00000000 -0.00000094 0.00000000
vn 0.91434097 0.09839384 0.39280948
vn 0.91434836 0.07899933 0.39714760
vn 1.00000000 -0.00000451 0.00000000
vn 0.91434836 0.07899933 0.39714760
vn 0.91432780 0.05942181 0.40059158
vn 1.00000000 0.00000003 0.00000000
vn 0.91435480 0.03968751 0.40296435
vn 1.00000000 0.00000323 0.00000000
vn 1.00000000 0.00000003 0.00000000
vn 0.91435480 0.03968751 0.40296435
vn 0.91435140 0.01986649 0.40443397
vn 1.00000000 -0.00000089 0.00000000
vn 0.91434574 0.00000000 0.40493441
vn 1.00000000 0.00000000 0.00000000
vn 1.00000000 -0.00000089 0.00000000
vn 0.91434574 0.00000000 0.40493441
vn 0.91435140 -0.01986649 0.40443397
vn 1.00000000 0.00000097 0.00000000
vn 0.91435480 -0.03968751 0.40296435
vn 1.00000000 -0.00000027 0.00000000
vn 1.00000000 0.00000097 0.00000000
vn 0.91435480 -0.03968751 0.40296435
vn 0.91432780 -0.05942181 0.40059158
vn 1.00000000 -0.00000007 0.00000000
vn 0.91434836 -0.07899933 0.39714757
vn 1.00000000 0.00000000 0.00000000
vn 1.00000000 -0.00000007 0.00000000
vn 0.91434097 -0.09839384 0.39280954
vn 1.00000000 0.00000093 0.00000000
vn 1.00000000 0.00000000 0.00000000
vn 0.91434789 -0.11754413 0.38749382
vn 1.00000000 0.00000000 0.00000000
vn 1.00000000 0.00000093 0.00000000
vn 0.91434789 -0.11754413 0.38749382
vn 0.91434598 -0.13642049 0.38126221
vn 1.00000000 -0.00000122 0.00000000
vn 0.91434598 -0.13642049 0.38126221
vn 0.91433400 -0.15497153 0.37413517
vn 1.00000000 -0.00001788 0.00000000
vn 0.91434193 -0.17313343 0.36606520
vn 1.00000000 0.00000095 0.00000000
vn 1.00000000 -0.00001788 0.00000000
vn 0.91433316 -0.19089773 0.35714552
vn 1.00000000 -0.00001774 0.00000000
vn 1.00000000 0.00000095 0.00000000
vn 0.91434926 -0.20817153 0.34731823
vn 1.00000000 0.00000216 0.00000000
vn 1.00000000 -0.00001774 0.00000000
vn 0.91434693 -0.22496954 0.33668736
vn 1.00000000 0.00001801 0.00000000
vn 1.00000000 0.00000216 0.00000000
vn 0.91433847 -0.24123010 0.32525882
vn 1.00000000 0.00000029 0.00000000
vn 1.00000000 0.00001801 0.00000000
vn 0.91434944 -0.25688231 0.31301209
vn 1.00000000 0.00001849 0.00000000
vn 1.00000000 0.00000029 0.00000000
vn 0.91434062 -0.27194646 0.30004391
vn 1.00000000 0.00000014 0.00000000
vn 1.00000000 0.00001849 0.00000000
vn 0.91434062 -0.27194646 0.30004391
vn 0.91434741 -0.28632715 0.28633109
vn 1.00000000 -0.00000047 0.00000000
vn 0.91434741 -0.28632715 0.28633109
vn 0.91435039 -0.30002832 0.27193078
vn 1.00000000 0.00000345 0.00000000
vn 0.91435254 -0.31300974 0.25687397
vn 1.00000000 0.00003169 0.00000000
vn 1.00000000 0.00000345 0.00000000
vn 0.91435254 -0.31300974 0.25687397
vn 0.91433829 -0.32526094 0.24122760
vn 1.00000000 -0.00000488 0.00000000
vn 0.91433829 -0.32526094 0.24122760
vn 0.91434747 -0.33668652 0.22496848
vn 1.00000000 0.00003863 0.00000000
vn 0.91433978 -0.34733573 0.20818405
vn 1.00000000 -0.00002555 0.00000000
vn 1.00000000 0.00003863 0.00000000
vn 0.91434687 -0.35711744 0.19088453
vn 1.00000000 -0.00000038 0.00000000
vn 1.00000000 -0.00002555 0.00000000
vn 0.91434687 -0.35711744 0.19088453
vn 0.91434664 -0.36605588 0.17312813
vn 1.00000000 -0.00000294 0.00000000
vn 0.91434664 -0.36605588 0.17312813
vn 0.91434169 -0.37411916 0.15496476
vn 1.00000000 0.00000000 0.00000000
vn 0.91434431 -0.38126621 0.13642018
vn 1.00000000 -0.00000766 0.00000000
vn 1.00000000 0.00000000 0.00000000
vn 0.91434306 -0.38750485 0.11754487
vn 1.00000000 0.00003170 0.00000000
vn 1.00000000 -0.00000766 0.00000000
vn 0.91434306 -0.38750485 0.11754487
vn 0.91434735 -0.39279503 0.09839129
vn 1.00000000 -0.00000218 0.00000000
vn 0.91434735 -0.39279503 0.09839129
vn 0.91434813 -0.39714795 0.07899889
vn 1.00000000 0.00000400 0.00000000
vn 0.91434813 -0.39714795 0.07899889
vn 0.91434354 -0.40055650 0.05941663
vn 1.00000000 -0.00000084 0.00000000
vn 0.91434354 -0.40055650 0.05941663
vn 0.91434789 -0.40297955 0.03968978
vn 1.00000000 -0.00000373 0.00000000
vn 0.91434288 -0.40445322 0.01986992
vn 1.00000000 -0.00000058 0.00000000
vn 1.00000000 -0.00000373 0.00000000
vn 0.91434520 -0.40493554 -0.00000015
vn 1.00000000 0.00000000 0.00000000
vn 1.00000000 -0.00000058 0.00000000
vn 0.91434520 -0.40493554 -0.00000015
vn 0.91434526 -0.40444779 -0.01986986
vn 1.00000000 -0.00000050 0.00000000
vn 0.91434526 -0.40444779 -0.01986986
vn 0.91434544 -0.40298513 -0.03969002
vn 1.00000000 -0.00002485 0.00000000
vn 0.91434544 -0.40298513 -0.03969002
vn 0.91434294 -0.40055785 -0.05941761
vn 1.00000000 0.00000351 0.00000000
vn 0.91434294 -0.40055785 -0.05941761
vn 0.91434789 -0.39714885 -0.07899849
vn 1.00000000 0.00000000 0.00000000
vn 0.91434973 -0.39279011 -0.09838906
vn 1.00000000 -0.00005001 0.00000000
vn 1.00000000 0.00000000 0.00000000
vn 0.91434222 -0.38750607 -0.11754745
vn 1.00000000 0.00001859 0.00000000
vn 1.00000000 -0.00005001 0.00000000
vn 0.91434222 -0.38750607 -0.11754745
vn 0.91434550 -0.38126382 -0.13641901
vn 1.00000000 0.00000165 0.00000000
vn 0.91434550 -0.38126382 -0.13641901
vn 0.91434485 -0.37411311 -0.15496078
vn 1.00000000 -0.00000000 0.00000000
vn 0.91434497 -0.36605892 -0.17313074
vn 1.00000000 -0.00000251 0.00000000
vn 1.00000000 -0.00000000 0.00000000
vn 0.91434819 -0.35711595 -0.19088084
vn 1.00000000 0.00003602 0.00000000
vn 1.00000000 -0.00000251 0.00000000
vn 0.91434819 -0.35711595 -0.19088084
vn 0.91434199 -0.34733048 -0.20818342
vn 1.00000000 0.00000074 0.00000000
vn 0.91434199 -0.34733048 -0.20818342
vn 0.91434431 -0.33669257 -0.22497228
vn 1.00000000 0.00003862 0.00000000
vn 0.91434467 -0.32524928 -0.24121925
vn 1.00000000 -0.00000404 0.00000000
vn 1.00000000 0.00003862 0.00000000
vn 0.91434467 -0.32524928 -0.24121925
vn 0.91433811 -0.31303370 -0.25689626
vn 1.00000000 -0.00000526 0.00000000
vn 0.91433811 -0.31303370 -0.25689626
vn 0.91435903 -0.30001125 -0.27192053
vn 1.00000000 0.00000284 0.00000000
vn 0.91434145 -0.28633964 -0.28633785
vn 1.00000000 -0.00000047 0.00000000
vn 1.00000000 0.00000284 0.00000000
vn 0.91433918 -0.27194852 -0.30004635
vn 1.00000000 0.00000000 0.00000000
vn 1.00000000 -0.00000047 0.00000000
vn 0.91434479 -0.25688943 -0.31301990
vn 1.00000000 -0.00001184 0.00000000
vn 1.00000000 0.00000000 0.00000000
vn 0.91434479 -0.25688943 -0.31301990
vn 0.91435415 -0.24120925 -0.32523006
vn 1.00000000 0.00000094 0.00000000
vn 0.91435415 -0.24120925 -0.32523006
vn 0.91434467 -0.22497229 -0.33669177
vn 1.00000000 0.00001800 0.00000000
vn 0.91435093 -0.20817068 -0.34731439
vn 1.00000000 0.00000216 0.00000000
vn 1.00000000 0.00001800 0.00000000
vn 0.91435093 -0.20817068 -0.34731439
vn 0.91434729 -0.19088280 -0.35711738
vn 1.00000000 -0.00001773 0.00000000
vn 0.91434729 -0.19088280 -0.35711738
vn 0.91434890 -0.17312731 -0.36605072
vn 1.00000000 -0.00000123 0.00000000
vn 0.91434890 -0.17312731 -0.36605072
vn 0.91434175 -0.15496382 -0.37411952
vn 1.00000000 -0.00001721 0.00000000
vn 0.91435665 -0.13641226 -0.38123956
vn 1.00000000 -0.00000115 0.00000000
vn 1.00000000 -0.00001721 0.00000000
vn 0.91435009 -0.11754126 -0.38748923
vn 1.00000000 0.00000900 0.00000000
vn 1.00000000 -0.00000115 0.00000000
vn 0.91435009 -0.11754126 -0.38748923
vn 0.91434252 -0.09839496 -0.39280549
vn 1.00000000 0.00000102 0.00000000
vn 0.91434252 -0.09839496 -0.39280549
vn 0.91433287 -0.07900435 -0.39718217
vn 1.00000000 0.00000450 0.00000000
vn 0.91433287 -0.07900435 -0.39718217
vn 0.91433454 -0.05942244 -0.40057626
vn 1.00000000 -0.00000003 0.00000000
vn 0.91435385 -0.03968764 -0.40296653
vn 1.00000000 -0.00000269 0.00000000
vn 1.00000000 -0.00000003 0.00000000
vn 0.91435385 -0.03968764 -0.40296653
vn 0.91434777 -0.01987045 -0.40444183
vn 1.00000000 0.00000005 0.00000000
vn 0.91434777 -0.01987045 -0.40444183
vn 0.91433847 0.00000000 -0.40495086
vn 1.00000000 0.00000000 0.00000000
vn 0.91434789 0.01987045 -0.40444183
vn 1.00000000 -0.00000011 0.00000000
vn 1.00000000 0.00000000 0.00000000
vn 0.91435385 0.03968764 -0.40296653
vn 1.00000000 -0.00000027 0.00000000
vn 1.00000000 -0.00000011 0.00000000
vn 0.91435385 0.03968764 -0.40296653
vn 0.91433454 0.05942244 -0.40057629
vn 1.00000000 0.00000007 0.00000000
vn 0.91433287 0.07900435 -0.39718217
vn 1.00000000 0.00000000 0.00000000
vn 1.00000000 0.00000007 0.00000000
vn 0.91434252 0.09839495 -0.39280552
vn 1.00000000 -0.00000100 0.00000000
vn 1.00000000 0.00000000 0.00000000
vn 0.91435009 0.11754128 -0.38748926
vn 1.00000000 -0.00000900 0.00000000
vn 1.00000000 -0.00000100 0.00000000
vn 0.91435009 0.11754128 -0.38748926
vn 0.91435665 0.13641226 -0.38123956
vn 1.00000000 0.00000141 0.00000000
vn 0.91435665 0.13641226 -0.38123956
vn 0.91434175 0.15496382 -0.37411952
vn 1.00000000 0.00001721 0.00000000
vn 0.91434890 0.17312731 -0.36605072
vn 1.00000000 0.00000112 0.00000000
vn 1.00000000 0.00001721 0.00000000
vn 0.91434729 0.19088282 -0.35711738
vn 1.00000000 0.00001773 0.00000000
vn 1.00000000 0.00000112 0.00000000
vn 0.91435099 0.20817071 -0.34731442
vn 1.00000000 -0.00000509 0.00000000
vn 1.00000000 0.00001773 0.00000000
vn 0.91435099 0.20817071 -0.34731442
vn 0.91434467 0.22497229 -0.33669174
vn 1.00000000 -0.00001800 0.00000000
vn 0.91435409 0.24120927 -0.32523006
vn 1.00000000 -0.00000014 0.00000000
vn 1.00000000 -0.00001800 0.00000000
vn 0.91434479 0.25688937 -0.31301987
vn 1.00000000 0.00000000 0.00000000
vn 1.00000000 -0.00000014 0.00000000
vn 0.91434479 0.25688937 -0.31301987
vn 0.91433918 0.27194852 -0.30004635
vn 1.00000000 -0.00000022 0.00000000
vn 0.91433918 0.27194852 -0.30004635
vn 0.91434145 0.28633961 -0.28633785
vn 1.00000000 0.00000047 0.00000000
vn 0.91434145 0.28633961 -0.28633785
vn 0.91435903 0.30001125 -0.27192053
vn 1.00000000 -0.00002702 0.00000000
vn 0.91433811 0.31303370 -0.25689626
vn 1.00000000 0.00000488 0.00000000
vn 1.00000000 -0.00002702 0.00000000
vn 0.91434467 0.32524928 -0.24121925
vn 1.00000000 0.00000988 0.00000000
vn 1.00000000 0.00000488 0.00000000
vn 0.91434467 0.32524928 -0.24121925
vn 0.91434431 0.33669257 -0.22497228
vn 1.00000000 -0.00003862 0.00000000
vn 0.91434199 0.34733045 -0.20818342
vn 1.00000000 -0.00000416 0.00000000
vn 1.00000000 -0.00003862 0.00000000
vn 0.91434824 0.35711598 -0.19088086
vn 1.00000000 -0.00003602 0.00000000
vn 1.00000000 -0.00000416 0.00000000
vn 0.91434824 0.35711598 -0.19088086
vn 0.91434497 0.36605892 -0.17313074
vn 1.00000000 0.00000251 0.00000000
vn 0.91434497 0.36605892 -0.17313074
vn 0.91434485 0.37411314 -0.15496080
vn 1.00000000 0.00000000 0.00000000
vn 0.91434556 0.38126379 -0.13641903
vn 1.00000000 0.00000456 0.00000000
vn 1.00000000 0.00000000 0.00000000
vn 0.91434222 0.38750610 -0.11754747
vn 1.00000000 -0.00003170 0.00000000
vn 1.00000000 0.00000456 0.00000000
vn 0.91434222 0.38750610 -0.11754747
vn 0.91434973 0.39279011 -0.09838906
vn 1.00000000 0.00000204 0.00000000
vn 0.91434973 0.39279011 -0.09838906
vn 0.91434789 0.39714885 -0.07899849
vn 1.00000000 -0.00000000 0.00000000
vn 0.91434294 0.40055785 -0.05941761
vn 1.00000000 -0.00000211 0.00000000
vn 1.00000000 -0.00000000 0.00000000
vn 0.91434544 0.40298510 -0.03969001
vn 1.00000000 0.00000117 0.00000000
vn 1.00000000 -0.00000211 0.00000000
vn 0.91434526 0.40444779 -0.01986986
vn 1.00000000 0.00000065 0.00000000
vn 1.00000000 0.00000117 0.00000000
vn 0.91434520 0.40493554 -0.00000015
vn 1.00000000 0.00000038 0.00000000
vn 1.00000000 0.00000065 0.00000000
vn -0.89865434 0.43865749 -0.00000050
vn -0.89866996 0.43809706 -0.02152389
vn -0.89865494 0.43654403 -0.04299550
vn -0.89865494 0.43654403 -0.04299550
vn -0.89866126 0.43389553 -0.06436254
vn -0.89865667 0.43022397 -0.08557689
vn -0.89865667 0.43022397 -0.08557689
vn -0.89864147 0.42553955 -0.10658172
vn -0.89866060 0.41975677 -0.12733206
vn -0.89866060 0.41975677 -0.12733206
vn -0.89866495 0.41299236 -0.14777893
vn -0.89865667 0.43022397 -0.08557689
vn -0.89866495 0.41299236 -0.14777893
vn -0.89865214 0.40527046 -0.16786984
vn -0.89865667 0.43022397 -0.08557689
vn -0.89865214 0.40527046 -0.16786984
vn -0.89866114 0.39652765 -0.18754719
vn -0.89865649 0.36472806 -0.24370015
vn -0.89866114 0.39652765 -0.18754719
vn -0.89865899 0.38684827 -0.20678565
vn -0.89865649 0.36472806 -0.24370015
vn -0.89865899 0.38684827 -0.20678565
vn -0.89865345 0.37624839 -0.22551966
vn -0.89865649 0.36472806 -0.24370015
vn -0.89865649 0.36472806 -0.24370015
vn -0.89864260 0.35236713 -0.26130241
vn -0.89866757 0.33905599 -0.27827612
vn -0.89866757 0.33905599 -0.27827612
vn -0.89866424 0.32500657 -0.29457316
vn -0.89865649 0.36472806 -0.24370015
vn -0.89866424 0.32500657 -0.29457316
vn -0.89864761 0.31018651 -0.31018838
vn -0.89865649 0.36472806 -0.24370015
vn -0.89864761 0.31018651 -0.31018838
vn -0.89864719 0.29459420 -0.32503468
vn -0.89867383 0.27825639 -0.33905551
vn -0.89867383 0.27825639 -0.33905551
vn -0.89865798 0.26130450 -0.35232630
vn -0.89865398 0.24370319 -0.36473256
vn -0.89865398 0.24370319 -0.36473256
vn -0.89866841 0.22551259 -0.37621692
vn -0.89866555 0.20677102 -0.38684097
vn -0.89866555 0.20677102 -0.38684097
vn -0.89867026 0.18753253 -0.39651391
vn -0.89865398 0.24370319 -0.36473256
vn -0.89867026 0.18753253 -0.39651391
vn -0.89864582 0.16787677 -0.40528145
vn -0.89865398 0.24370319 -0.36473256
vn -0.89864582 0.16787677 -0.40528145
vn -0.89864624 0.14778557 -0.41303071
vn -0.89863616 0.08558520 -0.43026537
vn -0.89864624 0.14778557 -0.41303071
vn -0.89864391 0.12734334 -0.41978890
vn -0.89863616 0.08558520 -0.43026537
vn -0.89864391 0.12734334 -0.41978890
vn -0.89867610 0.10656324 -0.42547083
vn -0.89863616 0.08558520 -0.43026537
vn -0.89863616 0.08558520 -0.43026537
vn -0.89865971 0.06436186 -0.43389878
vn -0.89866459 0.04299754 -0.43652391
vn -0.89866459 0.04299754 -0.43652391
vn -0.89865714 0.02152189 -0.43812349
vn -0.89866704 0.00000004 -0.43863142
vn -0.89866704 0.00000004 -0.43863142
vn -0.89865714 -0.02152067 -0.43812355
vn -0.89866465 -0.04299694 -0.43652394
vn -0.89866465 -0.04299694 -0.43652394
vn -0.89865971 -0.06436186 -0.43389878
vn -0.89863616 -0.08558486 -0.43026537
vn -0.89863616 -0.08558486 -0.43026537
vn -0.89867616 -0.10656325 -0.42547083
vn -0.89864320 -0.12734970 -0.41978857
vn -0.89864320 -0.12734970 -0.41978857
vn -0.89864624 -0.14778569 -0.41303077
vn -0.89863616 -0.08558486 -0.43026537
vn -0.89864624 -0.14778569 -0.41303077
vn -0.89864588 -0.16787682 -0.40528145
vn -0.89863616 -0.08558486 -0.43026537
vn -0.89864588 -0.16787682 -0.40528145
vn -0.89867026 -0.18753251 -0.39651391
vn -0.89865327 -0.24370618 -0.36473227
vn -0.89867026 -0.18753251 -0.39651391
vn -0.89866555 -0.20677105 -0.38684100
vn -0.89865327 -0.24370618 -0.36473227
vn -0.89866555 -0.20677105 -0.38684100
vn -0.89866841 -0.22551259 -0.37621689
vn -0.89865327 -0.24370618 -0.36473227
vn -0.89865327 -0.24370618 -0.36473227
vn -0.89865798 -0.26130453 -0.35232630
vn -0.89867389 -0.27825648 -0.33905548
vn -0.89867389 -0.27825648 -0.33905548
vn -0.89864719 -0.29459420 -0.32503468
vn -0.89864755 -0.31018665 -0.31018835
vn -0.89864755 -0.31018665 -0.31018835
vn -0.89866424 -0.32500657 -0.29457319
vn -0.89865649 -0.36472815 -0.24370015
vn -0.89866424 -0.32500657 -0.29457319
vn -0.89866757 -0.33905599 -0.27827612
vn -0.89865649 -0.36472815 -0.24370015
vn -0.89866757 -0.33905599 -0.27827612
vn -0.89864260 -0.35236713 -0.26130241
vn -0.89865649 -0.36472815 -0.24370015
vn -0.89865649 -0.36472815 -0.24370015
vn -0.89865345 -0.37624839 -0.22551964
vn -0.89865899 -0.38684830 -0.20678566
vn -0.89865899 -0.38684830 -0.20678566
vn -0.89865661 -0.39653844 -0.18754624
vn -0.89865649 -0.36472815 -0.24370015
vn -0.89865661 -0.39653844 -0.18754624
vn -0.89865196 -0.40527073 -0.16786982
vn -0.89865649 -0.36472815 -0.24370015
vn -0.89865196 -0.40527073 -0.16786982
vn -0.89866495 -0.41299236 -0.14777891
vn -0.89865667 -0.43022397 -0.08557689
vn -0.89866495 -0.41299236 -0.14777891
vn -0.89866048 -0.41975677 -0.12733205
vn -0.89865667 -0.43022397 -0.08557689
vn -0.89866048 -0.41975677 -0.12733205
vn -0.89864147 -0.42553955 -0.10658173
vn -0.89865667 -0.43022397 -0.08557689
vn -0.89865667 -0.43022397 -0.08557689
vn -0.89866126 -0.43389553 -0.06436254
vn -0.89865494 -0.43654400 -0.04299550
vn -0.89865494 -0.43654400 -0.04299550
vn -0.89866996 -0.43809706 -0.02152389
vn -0.89865440 -0.43865731 -0.00000050
vn -0.89865440 -0.43865731 -0.00000050
vn -0.89867204 -0.43809271 0.02152395
vn -0.89865506 -0.43654391 0.04299512
vn -0.89865506 -0.43654391 0.04299512
vn -0.89865637 -0.43390536 0.06436453
vn -0.89865643 -0.43022472 0.08557667
vn -0.89865643 -0.43022472 0.08557667
vn -0.89864111 -0.42553994 0.10658302
vn -0.89865696 -0.41976419 0.12733322
vn -0.89865696 -0.41976419 0.12733322
vn -0.89866495 -0.41299227 0.14777957
vn -0.89865643 -0.43022472 0.08557667
vn -0.89866495 -0.41299227 0.14777957
vn -0.89865530 -0.40526423 0.16786754
vn -0.89865643 -0.43022472 0.08557667
vn -0.89865530 -0.40526423 0.16786754
vn -0.89866972 -0.39651144 0.18754035
vn -0.89865071 -0.36473840 0.24370624
vn -0.89866972 -0.39651144 0.18754035
vn -0.89866650 -0.38683355 0.20678067
vn -0.89865071 -0.36473840 0.24370624
vn -0.89866650 -0.38683355 0.20678067
vn -0.89865619 -0.37624443 0.22551548
vn -0.89865071 -0.36473840 0.24370624
vn -0.89865071 -0.36473840 0.24370624
vn -0.89864695 -0.35235995 0.26129678
vn -0.89866072 -0.33906698 0.27828482
vn -0.89866072 -0.33906698 0.27828482
vn -0.89865202 -0.32502511 0.29459000
vn -0.89865071 -0.36473840 0.24370624
vn -0.89865202 -0.32502511 0.29459000
vn -0.89864796 -0.31018600 0.31018782
vn -0.89865071 -0.36473840 0.24370624
vn -0.89864796 -0.31018600 0.31018782
vn -0.89865541 -0.29458293 0.32502207
vn -0.89866740 -0.27826485 0.33906567
vn -0.89866740 -0.27826485 0.33906567
vn -0.89865822 -0.26130161 0.35232779
vn -0.89866304 -0.24369863 0.36471304
vn -0.89866304 -0.24369863 0.36471304
vn -0.89863282 -0.22554864 0.37628034
vn -0.89866889 -0.20676406 0.38683704
vn -0.89866889 -0.20676406 0.38683704
vn -0.89862055 -0.18758051 0.39660391
vn -0.89865470 -0.16786742 0.40526575
vn -0.89865470 -0.16786742 0.40526575
vn -0.89863926 -0.14779659 0.41304204
vn -0.89866513 -0.12732789 0.41974828
vn -0.89866513 -0.12732789 0.41974828
vn -0.89864576 -0.10658024 0.42553070
vn -0.89865625 -0.08557811 0.43022463
vn -0.89865625 -0.08557811 0.43022463
vn -0.89865971 -0.06436300 0.43389863
vn -0.89865428 -0.04299909 0.43654492
vn -0.89865428 -0.04299909 0.43654492
vn -0.89865702 -0.02152207 0.43812370
vn -0.89863753 -0.00000000 0.43869185
vn -0.89863753 -0.00000000 0.43869185
vn -0.89865702 0.02152085 0.43812370
vn -0.89865440 0.04299849 0.43654498
vn -0.89865440 0.04299849 0.43654498
vn -0.89865971 0.06436300 0.43389863
vn -0.89865631 0.08557808 0.43022460
vn -0.89865631 0.08557808 0.43022460
vn -0.89864576 0.10658024 0.42553070
vn -0.89866507 0.12732865 0.41974825
vn -0.89866507 0.12732865 0.41974825
vn -0.89863926 0.14779659 0.41304204
vn -0.89865470 0.16786747 0.40526569
vn -0.89865470 0.16786747 0.40526569
vn -0.89862055 0.18758051 0.39660391
vn -0.89866889 0.20676406 0.38683704
vn -0.89866889 0.20676406 0.38683704
vn -0.89863282 0.22554862 0.37628034
vn -0.89866304 0.24369863 0.36471301
vn -0.89866304 0.24369863 0.36471301
vn -0.89865822 0.26130161 0.35232779
vn -0.89866740 0.27826485 0.33906567
vn -0.89866740 0.27826485 0.33906567
vn -0.89865541 0.29458293 0.32502207
vn -0.89864790 0.31018615 0.31018779
vn -0.89864790 0.31018615 0.31018779
vn -0.89865202 0.32502514 0.29458997
vn -0.89865071 0.36473852 0.24370624
vn -0.89865202 0.32502514 0.29458997
vn -0.89866072 0.33906698 0.27828482
vn -0.89865071 0.36473852 0.24370624
vn -0.89866072 0.33906698 0.27828482
vn -0.89864695 0.35235992 0.26129681
vn -0.89865071 0.36473852 0.24370624
vn -0.89865071 0.36473852 0.24370624
vn -0.89865619 0.37624443 0.22551550
vn -0.89866650 0.38683355 0.20678069
vn -0.89866650 0.38683355 0.20678069
vn -0.89866513 0.39652231 0.18753943
vn -0.89865071 0.36473852 0.24370624
vn -0.89866513 0.39652231 0.18753943
vn -0.89865512 0.40526462 0.16786753
vn -0.89865071 0.36473852 0.24370624
vn -0.89865512 0.40526462 0.16786753
vn -0.89866489 0.41299218 0.14777954
vn -0.89865643 0.43022472 0.08557667
vn -0.89866489 0.41299218 0.14777954
vn -0.89865696 0.41976419 0.12733322
vn -0.89865643 0.43022472 0.08557667
vn -0.89865696 0.41976419 0.12733322
vn -0.89864111 0.42553994 0.10658304
vn -0.89865643 0.43022472 0.08557667
vn -0.89865643 0.43022472 0.08557667
vn -0.89865637 0.43390536 0.06436453
vn -0.89865255 0.43654895 0.04299500
vn -0.89865255 0.43654895 0.04299500
vn -0.89867210 0.43809271 0.02152395
vn -0.89865434 0.43865749 -0.00000050
vn -0.89865434 0.43865749 -0.00000050
vn -0.89865494 0.43654403 -0.04299550
vn -0.89865214 0.40527046 -0.16786984
vn -0.89865494 0.43654403 -0.04299550
vn -0.89865667 0.43022397 -0.08557689
vn -0.89865214 0.40527046 -0.16786984
vn -0.89864761 0.31018651 -0.31018838
vn -0.89867383 0.27825639 -0.33905551
vn -0.89864582 0.16787677 -0.40528145
vn -0.89867383 0.27825639 -0.33905551
vn -0.89865398 0.24370319 -0.36473256
vn -0.89864582 0.16787677 -0.40528145
vn -0.89863616 0.08558520 -0.43026537
vn -0.89866459 0.04299754 -0.43652391
vn -0.89866704 0.00000004 -0.43863142
vn -0.89866704 0.00000004 -0.43863142
vn -0.89866465 -0.04299694 -0.43652394
vn -0.89863616 -0.08558486 -0.43026537
vn -0.89865327 -0.24370618 -0.36473227
vn -0.89867389 -0.27825648 -0.33905548
vn -0.89864588 -0.16787682 -0.40528145
vn -0.89867389 -0.27825648 -0.33905548
vn -0.89864755 -0.31018665 -0.31018835
vn -0.89864588 -0.16787682 -0.40528145
vn -0.89865667 -0.43022397 -0.08557689
vn -0.89865494 -0.43654400 -0.04299550
vn -0.89865196 -0.40527073 -0.16786982
vn -0.89865494 -0.43654400 -0.04299550
vn -0.89865440 -0.43865731 -0.00000050
vn -0.89865196 -0.40527073 -0.16786982
vn -0.89865440 -0.43865731 -0.00000050
vn -0.89865506 -0.43654391 0.04299512
vn -0.89865530 -0.40526423 0.16786754
vn -0.89865506 -0.43654391 0.04299512
vn -0.89865643 -0.43022472 0.08557667
vn -0.89865530 -0.40526423 0.16786754
vn -0.89864796 -0.31018600 0.31018782
vn -0.89866740 -0.27826485 0.33906567
vn -0.89866304 -0.24369863 0.36471304
vn -0.89866304 -0.24369863 0.36471304
vn -0.89866889 -0.20676406 0.38683704
vn -0.89865470 -0.16786742 0.40526575
vn -0.89865470 -0.16786742 0.40526575
vn -0.89866513 -0.12732789 0.41974828
vn -0.89863753 -0.00000000 0.43869185
vn -0.89866513 -0.12732789 0.41974828
vn -0.89865625 -0.08557811 0.43022463
vn -0.89863753 -0.00000000 0.43869185
vn -0.89865625 -0.08557811 0.43022463
vn -0.89865428 -0.04299909 0.43654492
vn -0.89863753 -0.00000000 0.43869185
vn -0.89863753 -0.00000000 0.43869185
vn -0.89865440 0.04299849 0.43654498
vn -0.89865631 0.08557808 0.43022460
vn -0.89865631 0.08557808 0.43022460
vn -0.89866507 0.12732865 0.41974825
vn -0.89863753 -0.00000000 0.43869185
vn -0.89866507 0.12732865 0.41974825
vn -0.89865470 0.16786747 0.40526569
vn -0.89863753 -0.00000000 0.43869185
vn -0.89865470 0.16786747 0.40526569
vn -0.89866889 0.20676406 0.38683704
vn -0.89866304 0.24369863 0.36471301
vn -0.89866304 0.24369863 0.36471301
vn -0.89866740 0.27826485 0.33906567
vn -0.89864790 0.31018615 0.31018779
vn -0.89865643 0.43022472 0.08557667
vn -0.89865255 0.43654895 0.04299500
vn -0.89865512 0.40526462 0.16786753
vn -0.89865255 0.43654895 0.04299500
vn -0.89865434 0.43865749 -0.00000050
vn -0.89865512 0.40526462 0.16786753
vn -0.89865214 0.40527046 -0.16786984
vn -0.89865649 0.36472806 -0.24370015
vn -0.89864761 0.31018651 -0.31018838
vn -0.89864582 0.16787677 -0.40528145
vn -0.89863616 0.08558520 -0.43026537
vn -0.89864761 0.31018651 -0.31018838
vn -0.89863616 0.08558520 -0.43026537
vn -0.89866704 0.00000004 -0.43863142
vn -0.89864761 0.31018651 -0.31018838
vn -0.89866704 0.00000004 -0.43863142
vn -0.89863616 -0.08558486 -0.43026537
vn -0.89864755 -0.31018665 -0.31018835
vn -0.89863616 -0.08558486 -0.43026537
vn -0.89864588 -0.16787682 -0.40528145
vn -0.89864755 -0.31018665 -0.31018835
vn -0.89864755 -0.31018665 -0.31018835
vn -0.89865649 -0.36472815 -0.24370015
vn -0.89865196 -0.40527073 -0.16786982
vn -0.89865530 -0.40526423 0.16786754
vn -0.89865071 -0.36473840 0.24370624
vn -0.89864796 -0.31018600 0.31018782
vn -0.89864796 -0.31018600 0.31018782
vn -0.89866304 -0.24369863 0.36471304
vn -0.89863753 -0.00000000 0.43869185
vn -0.89866304 -0.24369863 0.36471304
vn -0.89865470 -0.16786742 0.40526575
vn -0.89863753 -0.00000000 0.43869185
vn -0.89865470 0.16786747 0.40526569
vn -0.89866304 0.24369863 0.36471301
vn -0.89863753 -0.00000000 0.43869185
vn -0.89866304 0.24369863 0.36471301
vn -0.89864790 0.31018615 0.31018779
vn -0.89863753 -0.00000000 0.43869185
vn -0.89864790 0.31018615 0.31018779
vn -0.89865071 0.36473852 0.24370624
vn -0.89865512 0.40526462 0.16786753
vn -0.89865434 0.43865749 -0.00000050
vn -0.89865214 0.40527046 -0.16786984
vn -0.89866704 0.00000004 -0.43863142
vn -0.89865214 0.40527046 -0.16786984
vn -0.89864761 0.31018651 -0.31018838
vn -0.89866704 0.00000004 -0.43863142
vn -0.89864755 -0.31018665 -0.31018835
vn -0.89865196 -0.40527073 -0.16786982
vn -0.89866704 0.00000004 -0.43863142
vn -0.89865196 -0.40527073 -0.16786982
vn -0.89865440 -0.43865731 -0.00000050
vn -0.89866704 0.00000004 -0.43863142
vn -0.89865440 -0.43865731 -0.00000050
vn -0.89865530 -0.40526423 0.16786754
vn -0.89863753 -0.00000000 0.43869185
vn -0.89865530 -0.40526423 0.16786754
vn -0.89864796 -0.31018600 0.31018782
vn -0.89863753 -0.00000000 0.43869185
vn -0.89864790 0.31018615 0.31018779
vn -0.89865512 0.40526462 0.16786753
vn -0.89863753 -0.00000000 0.43869185
vn -0.89865512 0.40526462 0.16786753
vn -0.89865434 0.43865749 -0.00000050
vn -0.89863753 -0.00000000 0.43869185
vn -0.89865434 0.43865749 -0.00000050
vn -0.89866704 0.00000004 -0.43863142
vn -0.89863753 -0.00000000 0.43869185
vn 1.00000000 0.00000065 0.00000000
vn 1.00000000 0.00000038 0.00000000
vn 1.00000000 0.00000103 0.00000000
vn 1.00000000 0.00000038 0.00000000
vn 1.00000000 0.00002428 0.00000000
vn 1.00000000 0.00000103 0.00000000
vn 1.00000000 0.00002428 0.00000000
vn 1.00000000 0.00000373 0.00000000
vn 1.00000000 0.00000103 0.00000000
vn 1.00000000 0.00000103 0.00000000
vn 1.00000000 -0.00000400 0.00000000
vn 1.00000000 0.00000781 0.00000000
vn 1.00000000 0.00000781 0.00000000
vn 1.00000000 -0.00003170 0.00000000
vn 1.00000000 -0.00000145 0.00000000
vn 1.00000000 -0.00000145 0.00000000
vn 1.00000000 -0.00000000 0.00000000
vn 1.00000000 0.00000280 0.00000000
vn 1.00000000 0.00000280 0.00000000
vn 1.00000000 0.00000000 0.00000000
vn 1.00000000 -0.00000145 0.00000000
vn 1.00000000 0.00000000 0.00000000
vn 1.00000000 0.00000171 0.00000000
vn 1.00000000 -0.00000145 0.00000000
vn 1.00000000 0.00000171 0.00000000
vn 1.00000000 -0.00003863 0.00000000
vn 1.00000000 0.00000497 0.00000000
vn 1.00000000 0.00000497 0.00000000
vn 1.00000000 0.00000433 0.00000000
vn 1.00000000 0.00000171 0.00000000
vn 1.00000000 0.00000433 0.00000000
vn 1.00000000 -0.00000320 0.00000000
vn 1.00000000 0.00000171 0.00000000
vn 1.00000000 -0.00000320 0.00000000
vn 1.00000000 0.00000047 0.00000000
vn 1.00000000 -0.00000014 0.00000000
vn 1.00000000 -0.00000014 0.00000000
vn 1.00000000 -0.00001849 0.00000000
vn 1.00000000 -0.00000029 0.00000000
vn 1.00000000 -0.00000029 0.00000000
vn 1.00000000 -0.00001801 0.00000000
vn 1.00000000 -0.00000216 0.00000000
vn 1.00000000 -0.00000216 0.00000000
vn 1.00000000 0.00001774 0.00000000
vn 1.00000000 -0.00000082 0.00000000
vn 1.00000000 -0.00000082 0.00000000
vn 1.00000000 0.00001788 0.00000000
vn 1.00000000 0.00000122 0.00000000
vn 1.00000000 0.00000122 0.00000000
vn 1.00000000 0.00000000 0.00000000
vn 1.00000000 -0.00000082 0.00000000
vn 1.00000000 0.00000000 0.00000000
vn 1.00000000 -0.00000094 0.00000000
vn 1.00000000 -0.00000082 0.00000000
vn 1.00000000 -0.00000094 0.00000000
vn 1.00000000 -0.00000451 0.00000000
vn 1.00000000 0.00000003 0.00000000
vn 1.00000000 0.00000003 0.00000000
vn 1.00000000 0.00000323 0.00000000
vn 1.00000000 -0.00000094 0.00000000
vn 1.00000000 0.00000323 0.00000000
vn 1.00000000 -0.00000089 0.00000000
vn 1.00000000 -0.00000094 0.00000000
vn 1.00000000 -0.00000089 0.00000000
vn 1.00000000 0.00000000 0.00000000
vn 1.00000000 0.00000097 0.00000000
vn 1.00000000 0.00000097 0.00000000
vn 1.00000000 -0.00000027 0.00000000
vn 1.00000000 -0.00000089 0.00000000
vn 1.00000000 -0.00000027 0.00000000
vn 1.00000000 -0.00000007 0.00000000
vn 1.00000000 -0.00000089 0.00000000
vn 1.00000000 -0.00000007 0.00000000
vn 1.00000000 0.00000000 0.00000000
vn 1.00000000 0.00000093 0.00000000
vn 1.00000000 0.00000093 0.00000000
vn 1.00000000 0.00000000 0.00000000
vn 1.00000000 -0.00000007 0.00000000
vn 1.00000000 0.00000000 0.00000000
vn 1.00000000 -0.00000122 0.00000000
vn 1.00000000 -0.00000007 0.00000000
vn 1.00000000 -0.00000122 0.00000000
vn 1.00000000 -0.00001788 0.00000000
vn 1.00000000 0.00000095 0.00000000
vn 1.00000000 0.00000095 0.00000000
vn 1.00000000 -0.00001774 0.00000000
vn 1.00000000 0.00000216 0.00000000
vn 1.00000000 0.00000216 0.00000000
vn 1.00000000 0.00001801 0.00000000
vn 1.00000000 0.00000029 0.00000000
vn 1.00000000 0.00000029 0.00000000
vn 1.00000000 0.00001849 0.00000000
vn 1.00000000 0.00000014 0.00000000
vn 1.00000000 0.00000014 0.00000000
vn 1.00000000 -0.00000047 0.00000000
vn 1.00000000 0.00000345 0.00000000
vn 1.00000000 0.00000345 0.00000000
vn 1.00000000 0.00003169 0.00000000
vn 1.00000000 -0.00000488 0.00000000
vn 1.00000000 -0.00000488 0.00000000
vn 1.00000000 0.00003863 0.00000000
vn 1.00000000 -0.00002555 0.00000000
vn 1.00000000 -0.00002555 0.00000000
vn 1.00000000 -0.00000038 0.00000000
vn 1.00000000 -0.00000488 0.00000000
vn 1.00000000 -0.00000038 0.00000000
vn 1.00000000 -0.00000294 0.00000000
vn 1.00000000 -0.00000488 0.00000000
vn 1.00000000 -0.00000294 0.00000000
vn 1.00000000 0.00000000 0.00000000
vn 1.00000000 -0.00000766 0.00000000
vn 1.00000000 -0.00000766 0.00000000
vn 1.00000000 0.00003170 0.00000000
vn 1.00000000 -0.00000218 0.00000000
vn 1.00000000 -0.00000218 0.00000000
vn 1.00000000 0.00000400 0.00000000
vn 1.00000000 -0.00000084 0.00000000
vn 1.00000000 -0.00000084 0.00000000
vn 1.00000000 -0.00000373 0.00000000
vn 1.00000000 -0.00000218 0.00000000
vn 1.00000000 -0.00000373 0.00000000
vn 1.00000000 -0.00000058 0.00000000
vn 1.00000000 -0.00000218 0.00000000
vn 1.00000000 -0.00000058 0.00000000
vn 1.00000000 0.00000000 0.00000000
vn 1.00000000 -0.00000050 0.00000000
vn 1.00000000 -0.00000050 0.00000000
vn 1.00000000 -0.00002485 0.00000000
vn 1.00000000 -0.00000058 0.00000000
vn 1.00000000 -0.00002485 0.00000000
vn 1.00000000 0.00000351 0.00000000
vn 1.00000000 -0.00000058 0.00000000
vn 1.00000000 0.00000351 0.00000000
vn 1.00000000 0.00000000 0.00000000
vn 1.00000000 -0.00005001 0.00000000
vn 1.00000000 -0.00005001 0.00000000
vn 1.00000000 0.00001859 0.00000000
vn 1.00000000 0.00000351 0.00000000
vn 1.00000000 0.00001859 0.00000000
vn 1.00000000 0.00000165 0.00000000
vn 1.00000000 0.00000351 0.00000000
vn 1.00000000 0.00000165 0.00000000
vn 1.00000000 -0.00000000 0.00000000
vn 1.00000000 -0.00000251 0.00000000
vn 1.00000000 -0.00000251 0.00000000
vn 1.00000000 0.00003602 0.00000000
vn 1.00000000 0.00000074 0.00000000
vn 1.00000000 0.00000074 0.00000000
vn 1.00000000 0.00003862 0.00000000
vn 1.00000000 -0.00000404 0.00000000
vn 1.00000000 -0.00000404 0.00000000
vn 1.00000000 -0.00000526 0.00000000
vn 1.00000000 0.00000074 0.00000000
vn 1.00000000 -0.00000526 0.00000000
vn 1.00000000 0.00000284 0.00000000
vn 1.00000000 0.00000074 0.00000000
vn 1.00000000 0.00000284 0.00000000
vn 1.00000000 -0.00000047 0.00000000
vn 1.00000000 0.00000000 0.00000000
vn 1.00000000 0.00000000 0.00000000
vn 1.00000000 -0.00001184 0.00000000
vn 1.00000000 0.00000284 0.00000000
vn 1.00000000 -0.00001184 0.00000000
vn 1.00000000 0.00000094 0.00000000
vn 1.00000000 0.00000284 0.00000000
vn 1.00000000 0.00000094 0.00000000
vn 1.00000000 0.00001800 0.00000000
vn 1.00000000 0.00000216 0.00000000
vn 1.00000000 0.00000216 0.00000000
vn 1.00000000 -0.00001773 0.00000000
vn 1.00000000 -0.00000123 0.00000000
vn 1.00000000 -0.00000123 0.00000000
vn 1.00000000 -0.00001721 0.00000000
vn 1.00000000 -0.00000115 0.00000000
vn 1.00000000 -0.00000115 0.00000000
vn 1.00000000 0.00000900 0.00000000
vn 1.00000000 0.00000102 0.00000000
vn 1.00000000 0.00000102 0.00000000
vn 1.00000000 0.00000450 0.00000000
vn 1.00000000 -0.00000003 0.00000000
vn 1.00000000 -0.00000003 0.00000000
vn 1.00000000 -0.00000269 0.00000000
vn 1.00000000 0.00000102 0.00000000
vn 1.00000000 -0.00000269 0.00000000
vn 1.00000000 0.00000005 0.00000000
vn 1.00000000 0.00000102 0.00000000
vn 1.00000000 0.00000005 0.00000000
vn 1.00000000 0.00000000 0.00000000
vn 1.00000000 -0.00000011 0.00000000
vn 1.00000000 -0.00000011 0.00000000
vn 1.00000000 -0.00000027 0.00000000
vn 1.00000000 0.00000005 0.00000000
vn 1.00000000 -0.00000027 0.00000000
vn 1.00000000 0.00000007 0.00000000
vn 1.00000000 0.00000005 0.00000000
vn 1.00000000 0.00000007 0.00000000
vn 1.00000000 0.00000000 0.00000000
vn 1.00000000 0.00000141 0.00000000
vn 1.00000000 0.00000000 0.00000000
vn 1.00000000 -0.00000100 0.00000000
vn 1.00000000 0.00000141 0.00000000
vn 1.00000000 -0.00000100 0.00000000
vn 1.00000000 -0.00000900 0.00000000
vn 1.00000000 0.00000141 0.00000000
vn 1.00000000 0.00000141 0.00000000
vn 1.00000000 0.00001721 0.00000000
vn 1.00000000 0.00000112 0.00000000
vn 1.00000000 0.00000112 0.00000000
vn 1.00000000 0.00001773 0.00000000
vn 1.00000000 -0.00000509 0.00000000
vn 1.00000000 -0.00000509 0.00000000
vn 1.00000000 -0.00001800 0.00000000
vn 1.00000000 -0.00000014 0.00000000
vn 1.00000000 -0.00000014 0.00000000
vn 1.00000000 0.00000000 0.00000000
vn 1.00000000 -0.00000509 0.00000000
vn 1.00000000 0.00000000 0.00000000
vn 1.00000000 -0.00000022 0.00000000
vn 1.00000000 -0.00000509 0.00000000
vn 1.00000000 -0.00000022 0.00000000
vn 1.00000000 0.00000047 0.00000000
vn 1.00000000 -0.00002702 0.00000000
vn 1.00000000 -0.00002702 0.00000000
vn 1.00000000 0.00000488 0.00000000
vn 1.00000000 -0.00000022 0.00000000
vn 1.00000000 0.00000488 0.00000000
vn 1.00000000 0.00000988 0.00000000
vn 1.00000000 -0.00000022 0.00000000
vn 1.00000000 0.00000988 0.00000000
vn 1.00000000 -0.00003862 0.00000000
vn 1.00000000 -0.00000416 0.00000000
vn 1.00000000 -0.00000416 0.00000000
vn 1.00000000 -0.00003602 0.00000000
vn 1.00000000 0.00000251 0.00000000
vn 1.00000000 0.00000251 0.00000000
vn 1.00000000 0.00000000 0.00000000
vn 1.00000000 0.00000456 0.00000000
vn 1.00000000 0.00000456 0.00000000
vn 1.00000000 -0.00003170 0.00000000
vn 1.00000000 0.00000204 0.00000000
vn 1.00000000 0.00000204 0.00000000
vn 1.00000000 -0.00000000 0.00000000
vn 1.00000000 -0.00000211 0.00000000
vn 1.00000000 -0.00000211 0.00000000
vn 1.00000000 0.00000117 0.00000000
vn 1.00000000 0.00000204 0.00000000
vn 1.00000000 0.00000117 0.00000000
vn 1.00000000 0.00000065 0.00000000
vn 1.00000000 0.00000204 0.00000000
vn 1.00000000 0.00000103 0.00000000
vn 1.00000000 0.00000781 0.00000000
vn 1.00000000 0.00000065 0.00000000
vn 1.00000000 0.00000781 0.00000000
vn 1.00000000 -0.00000145 0.00000000
vn 1.00000000 0.00000065 0.00000000
vn 1.00000000 -0.00000320 0.00000000
vn 1.00000000 -0.00000014 0.00000000
vn 1.00000000 -0.00000082 0.00000000
vn 1.00000000 -0.00000014 0.00000000
vn 1.00000000 -0.00000029 0.00000000
vn 1.00000000 -0.00000082 0.00000000
vn 1.00000000 -0.00000029 0.00000000
vn 1.00000000 -0.00000216 0.00000000
vn 1.00000000 -0.00000082 0.00000000
vn 1.00000000 -0.00000122 0.00000000
vn 1.00000000 0.00000095 0.00000000
vn 1.00000000 0.00000014 0.00000000
vn 1.00000000 0.00000095 0.00000000
vn 1.00000000 0.00000216 0.00000000
vn 1.00000000 0.00000014 0.00000000
vn 1.00000000 0.00000216 0.00000000
vn 1.00000000 0.00000029 0.00000000
vn 1.00000000 0.00000014 0.00000000
vn 1.00000000 0.00000014 0.00000000
vn 1.00000000 0.00000345 0.00000000
vn 1.00000000 -0.00000294 0.00000000
vn 1.00000000 0.00000345 0.00000000
vn 1.00000000 -0.00000488 0.00000000
vn 1.00000000 -0.00000294 0.00000000
vn 1.00000000 -0.00000294 0.00000000
vn 1.00000000 -0.00000766 0.00000000
vn 1.00000000 -0.00000218 0.00000000
vn 1.00000000 0.00000165 0.00000000
vn 1.00000000 -0.00000251 0.00000000
vn 1.00000000 0.00000074 0.00000000
vn 1.00000000 0.00000094 0.00000000
vn 1.00000000 0.00000216 0.00000000
vn 1.00000000 -0.00000123 0.00000000
vn 1.00000000 -0.00000123 0.00000000
vn 1.00000000 -0.00000115 0.00000000
vn 1.00000000 0.00000005 0.00000000
vn 1.00000000 -0.00000115 0.00000000
vn 1.00000000 0.00000102 0.00000000
vn 1.00000000 0.00000005 0.00000000
vn 1.00000000 0.00000141 0.00000000
vn 1.00000000 0.00000112 0.00000000
vn 1.00000000 -0.00000022 0.00000000
vn 1.00000000 0.00000112 0.00000000
vn 1.00000000 -0.00000509 0.00000000
vn 1.00000000 -0.00000022 0.00000000
vn 1.00000000 0.00000988 0.00000000
vn 1.00000000 -0.00000416 0.00000000
vn 1.00000000 -0.00000022 0.00000000
vn 1.00000000 -0.00000416 0.00000000
vn 1.00000000 0.00000251 0.00000000
vn 1.00000000 -0.00000022 0.00000000
vn 1.00000000 0.00000251 0.00000000
vn 1.00000000 0.00000456 0.00000000
vn 1.00000000 0.00000065 0.00000000
vn 1.00000000 0.00000456 0.00000000
vn 1.00000000 0.00000204 0.00000000
vn 1.00000000 0.00000065 0.00000000
vn 1.00000000 -0.00000145 0.00000000
vn 1.00000000 0.00000171 0.00000000
vn 1.00000000 -0.00000320 0.00000000
vn 1.00000000 -0.00000082 0.00000000
vn 1.00000000 -0.00000094 0.00000000
vn 1.00000000 -0.00000089 0.00000000
vn 1.00000000 -0.00000089 0.00000000
vn 1.00000000 -0.00000007 0.00000000
vn 1.00000000 -0.00000122 0.00000000
vn 1.00000000 -0.00000294 0.00000000
vn 1.00000000 -0.00000218 0.00000000
vn 1.00000000 0.00000014 0.00000000
vn 1.00000000 -0.00000218 0.00000000
vn 1.00000000 -0.00000058 0.00000000
vn 1.00000000 0.00000014 0.00000000
vn 1.00000000 -0.00000058 0.00000000
vn 1.00000000 0.00000351 0.00000000
vn 1.00000000 0.00000165 0.00000000
vn 1.00000000 0.00000165 0.00000000
vn 1.00000000 0.00000074 0.00000000
vn 1.00000000 0.00000284 0.00000000
vn 1.00000000 0.00000284 0.00000000
vn 1.00000000 0.00000094 0.00000000
vn 1.00000000 -0.00000123 0.00000000
vn 1.00000000 0.00000005 0.00000000
vn 1.00000000 0.00000007 0.00000000
vn 1.00000000 0.00000141 0.00000000
vn 1.00000000 0.00000065 0.00000000
vn 1.00000000 -0.00000145 0.00000000
vn 1.00000000 -0.00000320 0.00000000
vn 1.00000000 -0.00000320 0.00000000
vn 1.00000000 -0.00000082 0.00000000
vn 1.00000000 -0.00000089 0.00000000
vn 1.00000000 -0.00000089 0.00000000
vn 1.00000000 -0.00000122 0.00000000
vn 1.00000000 0.00000014 0.00000000
vn 1.00000000 -0.00000058 0.00000000
vn 1.00000000 0.00000165 0.00000000
vn 1.00000000 0.00000284 0.00000000
vn 1.00000000 0.00000284 0.00000000
vn 1.00000000 -0.00000123 0.00000000
vn 1.00000000 -0.00000058 0.00000000
vn 1.00000000 -0.00000123 0.00000000
vn 1.00000000 0.00000005 0.00000000
vn 1.00000000 -0.00000058 0.00000000
vn 1.00000000 0.00000005 0.00000000
vn 1.00000000 0.00000141 0.00000000
vn 1.00000000 -0.00000022 0.00000000
vn 1.00000000 -0.00000022 0.00000000
vn 1.00000000 0.00000251 0.00000000
vn 1.00000000 0.00000065 0.00000000
vn 1.00000000 0.00000065 0.00000000
vn 1.00000000 -0.00000320 0.00000000
vn 1.00000000 -0.00000058 0.00000000
vn 1.00000000 -0.00000320 0.00000000
vn 1.00000000 -0.00000089 0.00000000
vn 1.00000000 -0.00000058 0.00000000
vn 1.00000000 -0.00000089 0.00000000
vn 1.00000000 0.00000014 0.00000000
vn 1.00000000 -0.00000058 0.00000000
vn 1.00000000 0.00000005 0.00000000
vn 1.00000000 -0.00000022 0.00000000
vn 1.00000000 -0.00000058 0.00000000
f 2/1/1 129/2/2 1/3/3
f 3/4/4 130/5/5 2/6/6
f 4/7/7 131/8/8 3/9/9
f 4/10/10 133/11/11 132/12/12
f 6/13/13 133/14/14 5/15/15
f 7/16/16 134/17/17 6/18/18
f 8/19/19 135/20/20 7/21/21
f 9/22/22 136/23/23 8/24/24
f 10/25/25 137/26/26 9/27/27
f 11/28/28 138/29/29 10/30/30
f 11/31/31 140/32/32 139/33/33
f 12/34/34 141/35/35 140/36/36
f 13/37/37 142/38/38 141/39/39
f 14/40/40 143/41/41 142/42/42
f 16/43/43 143/44/44 15/45/45
f 16/46/46 145/47/47 144/48/48
f 17/49/49 146/50/50 145/51/51
f 18/52/52 147/53/53 146/54/54
f 20/55/55 147/56/56 19/57/57
f 21/58/58 148/59/59 20/60/60
f 22/61/61 149/62/62 21/63/63
f 23/64/64 150/65/65 22/66/66
f 23/67/67 152/68/68 151/69/69
f 24/70/70 153/71/71 152/72/72
f 25/73/73 154/74/74 153/75/75
f 26/76/76 155/77/77 154/78/78
f 27/79/79 156/80/80 155/81/81
f 28/82/82 157/83/83 156/84/84
f 29/85/85 158/86/86 157/87/87
f 31/88/88 158/89/89 30/90/90
f 32/91/91 159/92/92 31/93/93
f 32/94/94 161/95/95 160/96/96
f 34/97/97 161/98/98 33/99/99
f 34/100/100 163/101/101 162/102/102
f 35/103/103 164/104/104 163/105/105
f 37/106/106 164/107/107 36/108/108
f 38/109/109 165/110/110 37/111/111
f 39/112/112 166/113/113 38/114/114
f 40/115/115 167/116/116 39/117/117
f 41/118/118 168/119/119 40/120/120
f 42/121/121 169/122/122 41/123/123
f 43/124/124 170/125/125 42/126/126
f 43/127/127 172/128/128 171/129/129
f 44/130/130 173/131/131 172/132/132
f 45/133/133 174/134/134 173/135/135
f 46/136/136 175/137/137 174/138/138
f 48/139/139 175/140/140 47/141/141
f 49/142/142 176/143/143 48/144/144
f 50/145/145 177/146/146 49/147/147
f 50/148/148 179/149/149 178/150/150
f 52/151/151 179/152/152 51/153/153
f 53/154/154 180/155/155 52/156/156
f 54/157/157 181/158/158 53/159/159
f 55/160/160 182/161/161 54/162/162
f 55/163/163 184/164/164 183/165/165
f 56/166/166 185/167/167 184/168/168
f 57/169/169 186/170/170 185/171/171
f 58/172/172 187/173/173 186/174/174
f 59/175/175 188/176/176 187/177/177
f 60/178/178 189/179/179 188/180/180
f 62/181/181 189/182/182 61/183/183
f 62/184/184 191/185/185 190/186/186
f 63/187/187 192/188/188 191/189/189
f 64/190/190 193/191/191 192/192/192
f 65/193/193 194/194/194 193/195/195
f 66/196/196 195/197/197 194/198/198
f 68/199/199 195/200/200 67/201/201
f 69/202/202 196/203/203 68/204/204
f 70/205/205 197/206/206 69/207/207
f 71/208/208 198/209/209 70/210/210
f 72/211/211 199/212/212 71/213/213
f 73/214/214 200/215/215 72/216/216
f 74/217/217 201/218/218 73/219/219
f 75/220/220 202/221/221 74/222/222
f 76/223/223 203/224/224 75/225/225
f 76/226/226 205/227/227 204/228/228
f 77/229/229 206/230/230 205/231/231
f 78/232/232 207/233/233 206/234/234
f 80/235/235 207/236/236 79/237/237
f 80/238/238 209/239/239 208/240/240
f 81/241/241 210/242/242 209/243/243
f 82/244/244 211/245/245 210/246/246
f 84/247/247 211/248/248 83/249/249
f 84/250/250 213/251/251 212/252/252
f 86/253/253 213/254/254 85/255/255
f 87/256/256 214/257/257 86/258/258
f 88/259/259 215/260/260 87/261/261
f 88/262/262 217/263/263 216/264/264
f 89/265/265 218/266/266 217/267/267
f 91/268/268 218/269/269 90/270/270
f 91/271/271 220/272/272 219/273/273
f 92/274/274 221/275/275 220/276/276
f 93/277/277 222/278/278 221/279/279
f 95/280/280 222/281/281 94/282/282
f 96/283/283 223/284/284 95/285/285
f 96/286/286 225/287/287 224/288/288
f 98/289/289 225/290/290 97/291/291
f 98/292/292 227/293/293 226/294/294
f 99/295/295 228/296/296 227/297/297
f 101/298/298 228/299/299 100/300/300
f 102/301/301 229/302/302 101/303/303
f 103/304/304 230/305/305 102/306/306
f 103/307/307 232/308/308 231/309/309
f 105/310/310 232/311/311 104/312/312
f 106/313/313 233/314/314 105/315/315
f 106/316/316 235/317/317 234/318/318
f 107/319/319 236/320/320 235/321/321
f 108/322/322 237/323/323 236/324/324
f 110/325/325 237/326/326 109/327/327
f 110/328/328 239/329/329 238/330/330
f 112/331/331 239/332/332 111/333/333
f 113/334/334 240/335/335 112/336/336
f 114/337/337 241/338/338 113/339/339
f 114/340/340 243/341/341 242/342/342
f 116/343/343 243/344/344 115/345/345
f 117/346/346 244/347/347 116/348/348
f 118/349/349 245/350/350 117/351/351
f 118/352/352 247/353/353 246/354/354
f 119/355/355 248/356/356 247/357/357
f 120/358/358 249/359/359 248/360/360
f 121/361/361 250/362/362 249/363/363
f 122/364/364 251/365/365 250/366/366
f 123/367/367 252/368/368 251/369/369
f 124/370/370 253/371/371 252/372/372
f 125/373/373 254/374/374 253/375/375
f 126/376/376 255/377/377 254/378/378
f 128/379/379 255/380/380 127/381/381
f 1/382/382 256/383/383 128/384/384
f 130/385/385 257/386/386 129/387/387
f 130/388/388 259/389/389 258/390/390
f 131/391/391 260/392/392 259/393/393
f 132/394/394 261/395/395 260/396/396
f 133/397/397 262/398/398 261/399/399
f 135/400/400 262/401/401 134/402/402
f 136/403/403 263/404/404 135/405/405
f 137/406/406 264/407/407 136/408/408
f 137/409/409 266/410/410 265/411/411
f 138/412/412 267/413/413 266/414/414
f 140/415/415 267/416/416 139/417/417
f 141/418/418 268/419/419 140/420/420
f 142/421/421 269/422/422 141/423/423
f 142/424/424 271/425/425 270/426/426
f 143/427/427 272/428/428 271/429/429
f 144/430/430 273/431/431 272/432/432
f 146/433/433 273/434/434 145/435/435
f 146/436/436 275/437/437 274/438/438
f 147/439/439 276/440/440 275/441/441
f 148/442/442 277/443/443 276/444/444
f 149/445/445 278/446/446 277/447/447
f 151/448/448 278/449/449 150/450/450
f 152/451/451 279/452/452 151/453/453
f 153/454/454 280/455/455 152/456/456
f 153/457/457 282/458/458 281/459/459
f 154/460/460 283/461/461 282/462/462
f 156/463/463 283/464/464 155/465/465
f 157/466/466 284/467/467 156/468/468
f 158/469/469 285/470/470 157/471/471
f 159/472/472 286/473/473 158/474/474
f 159/475/475 288/476/476 287/477/477
f 161/478/478 288/479/479 160/480/480
f 161/481/481 290/482/482 289/483/483
f 163/484/484 290/485/485 162/486/486
f 163/487/487 292/488/488 291/489/489
f 164/490/490 293/491/491 292/492/492
f 165/493/493 294/494/494 293/495/495
f 166/496/496 295/497/497 294/498/498
f 168/499/499 295/500/500 167/501/501
f 169/502/502 296/503/503 168/504/504
f 169/505/505 298/506/506 297/507/507
f 170/508/508 299/509/509 298/510/510
f 171/511/511 300/512/512 299/513/513
f 173/514/514 300/515/515 172/516/516
f 174/517/517 301/518/518 173/519/519
f 175/520/520 302/521/521 174/522/522
f 176/523/523 303/524/524 175/525/525
f 176/526/526 305/527/527 304/528/528
f 178/529/529 305/530/530 177/531/531
f 179/532/532 306/533/533 178/534/534
f 180/535/535 307/536/536 179/537/537
f 180/538/538 309/539/539 308/540/540
f 181/541/541 310/542/542 309/543/543
f 182/544/544 311/545/545 310/546/546
f 184/547/547 311/548/548 183/549/549
f 185/550/550 312/551/551 184/552/552
f 185/553/553 314/554/554 313/555/555
f 186/556/556 315/557/557 314/558/558
f 187/559/559 316/560/560 315/561/561
f 189/562/562 316/563/563 188/564/564
f 190/565/565 317/566/566 189/567/567
f 191/568/568 318/569/569 190/570/570
f 192/571/571 319/572/572 191/573/573
f 192/574/574 321/575/575 320/576/576
f 194/577/577 321/578/578 193/579/579
f 195/580/580 322/581/581 194/582/582
f 196/583/583 323/584/584 195/585/585
f 196/586/586 325/587/587 324/588/588
f 197/589/589 326/590/590 325/591/591
f 198/592/592 327/593/593 326/594/594
f 200/595/595 327/596/596 199/597/597
f 201/598/598 328/599/599 200/600/600
f 202/601/601 329/602/602 201/603/603
f 202/604/604 331/605/605 330/606/606
f 203/607/607 332/608/608 331/609/609
f 205/610/610 332/611/611 204/612/612
f 206/613/613 333/614/614 205/615/615
f 206/616/616 335/617/617 334/618/618
f 207/619/619 336/620/620 335/621/621
f 209/622/622 336/623/623 208/624/624
f 210/625/625 337/626/626 209/627/627
f 210/628/628 339/629/629 338/630/630
f 211/631/631 340/632/632 339/633/633
f 212/634/634 341/635/635 340/636/636
f 213/637/637 342/638/638 341/639/639
f 214/640/640 343/641/641 342/642/642
f 216/643/643 343/644/644 215/645/645
f 217/646/646 344/647/647 216/648/648
f 217/649/649 346/650/650 345/651/651
f 218/652/652 347/653/653 346/654/654
f 220/655/655 347/656/656 219/657/657
f 221/658/658 348/659/659 220/660/660
f 222/661/661 349/662/662 221/663/663
f 223/664/664 350/665/665 222/666/666
f 223/667/667 352/668/668 351/669/669
f 224/670/670 353/671/671 352/672/672
f 226/673/673 353/674/674 225/675/675
f 227/676/676 354/677/677 226/678/678
f 227/679/679 356/680/680 355/681/681
f 228/682/682 357/683/683 356/684/684
f 229/685/685 358/686/686 357/687/687
f 230/688/688 359/689/689 358/690/690
f 232/691/691 359/692/692 231/693/693
f 233/694/694 360/695/695 232/696/696
f 233/697/697 362/698/698 361/699/699
f 234/700/700 363/701/701 362/702/702
f 236/703/703 363/704/704 235/705/705
f 237/706/706 364/707/707 236/708/708
f 238/709/709 365/710/710 237/711/711
f 239/712/712 366/713/713 238/714/714
f 240/715/715 367/716/716 239/717/717
f 240/718/718 369/719/719 368/720/720
f 241/721/721 370/722/722 369/723/723
f 243/724/724 370/725/725 242/726/726
f 244/727/727 371/728/728 243/729/729
f 244/730/730 373/731/731 372/732/732
f 245/733/733 374/734/734 373/735/735
f 247/736/736 374/737/737 246/738/738
f 248/739/739 375/740/740 247/741/741
f 248/742/742 377/743/743 376/744/744
f 249/745/745 378/746/746 377/747/747
f 250/748/748 379/749/749 378/750/750
f 252/751/751 379/752/752 251/753/753
f 253/754/754 380/755/755 252/756/756
f 254/757/757 381/758/758 253/759/759
f 254/760/760 383/761/761 382/762/762
f 255/763/763 384/764/764 383/765/765
f 256/766/766 257/767/767 384/768/768
f 257/769/769 386/770/770 385/771/771
f 258/772/772 387/773/773 386/774/774
f 260/775/775 387/776/776 259/777/777
f 261/778/778 388/779/779 260/780/780
f 262/781/781 389/782/782 261/783/783
f 263/784/784 390/785/785 262/786/786
f 263/787/787 392/788/788 391/789/789
f 264/790/790 393/791/791 392/792/792
f 266/793/793 393/794/794 265/795/795
f 267/796/796 394/797/797 266/798/798
f 267/799/799 396/800/800 395/801/801
f 268/802/802 397/803/803 396/804/804
f 270/805/805 397/806/806 269/807/807
f 271/808/808 398/809/809 270/810/810
f 271/811/811 400/812/812 399/813/813
f 273/814/814 400/815/815 272/816/816
f 274/817/817 401/818/818 273/819/819
f 274/820/820 403/821/821 402/822/822
f 275/823/823 404/824/824 403/825/825
f 276/826/826 405/827/827 404/828/828
f 277/829/829 406/830/830 405/831/831
f 278/832/832 407/833/833 406/834/834
f 279/835/835 408/836/836 407/837/837
f 280/838/838 409/839/839 408/840/840
f 282/841/841 409/842/842 281/843/843
f 283/844/844 410/845/845 282/846/846
f 283/847/847 412/848/848 411/849/849
f 284/850/850 413/851/851 412/852/852
f 285/853/853 414/854/854 413/855/855
f 287/856/856 414/857/857 286/858/858
f 287/859/859 416/860/860 415/861/861
f 289/862/862 416/863/863 288/864/864
f 289/865/865 418/866/866 417/867/867
f 291/868/868 418/869/869 290/870/870
f 291/871/871 420/872/872 419/873/873
f 293/874/874 420/875/875 292/876/876
f 294/877/877 421/878/878 293/879/879
f 295/880/880 422/881/881 294/882/882
f 295/883/883 424/884/884 423/885/885
f 296/886/886 425/887/887 424/888/888
f 298/889/889 425/890/890 297/891/891
f 299/892/892 426/893/893 298/894/894
f 300/895/895 427/896/896 299/897/897
f 301/898/898 428/899/899 300/900/900
f 302/901/901 429/902/902 301/903/903
f 303/904/904 430/905/905 302/906/906
f 304/907/907 431/908/908 303/909/909
f 304/910/910 433/911/911 432/912/912
f 305/913/913 434/914/914 433/915/915
f 307/916/916 434/917/917 306/918/918
f 307/919/919 436/920/920 435/921/921
f 308/922/922 437/923/923 436/924/924
f 310/925/925 437/926/926 309/927/927
f 311/928/928 438/929/929 310/930/930
f 311/931/931 440/932/932 439/933/933
f 312/934/934 441/935/935 440/936/936
f 314/937/937 441/938/938 313/939/939
f 315/940/940 442/941/941 314/942/942
f 315/943/943 444/944/944 443/945/945
f 316/946/946 445/947/947 444/948/948
f 317/949/949 446/950/950 445/951/951
f 318/952/952 447/953/953 446/954/954
f 320/955/955 447/956/956 319/957/957
f 321/958/958 448/959/959 320/960/960
f 321/961/961 450/962/962 449/963/963
f 322/964/964 451/965/965 450/966/966
f 323/967/967 452/968/968 451/969/969
f 324/970/970 453/971/971 452/972/972
f 326/973/973 453/974/974 325/975/975
f 327/976/976 454/977/977 326/978/978
f 327/979/979 456/980/980 455/981/981
f 328/982/982 457/983/983 456/984/984
f 330/985/985 457/986/986 329/987/987
f 331/988/988 458/989/989 330/990/990
f 331/991/991 460/992/992 459/993/993
f 332/994/994 461/995/995 460/996/996
f 334/997/997 461/998/998 333/999/999
f 334/1000/1000 463/1001/1001 462/1002/1002
f 335/1003/1003 464/1004/1004 463/1005/1005
f 337/1006/1006 464/1007/1007 336/1008/1008
f 338/1009/1009 465/1010/1010 337/1011/1011
f 339/1012/1012 466/1013/1013 338/1014/1014
f 339/1015/1015 468/1016/1016 467/1017/1017
f 340/1018/1018 469/1019/1019 468/1020/1020
f 342/1021/1021 469/1022/1022 341/1023/1023
f 342/1024/1024 471/1025/1025 470/1026/1026
f 343/1027/1027 472/1028/1028 471/1029/1029
f 344/1030/1030 473/1031/1031 472/1032/1032
f 346/1033/1033 473/1034/1034 345/1035/1035
f 347/1036/1036 474/1037/1037 346/1038/1038
f 347/1039/1039 476/1040/1040 475/1041/1041
f 348/1042/1042 477/1043/1043 476/1044/1044
f 349/1045/1045 478/1046/1046 477/1047/1047
f 351/1048/1048 478/1049/1049 350/1050/1050
f 351/1051/1051 480/1052/1052 479/1053/1053
f 352/1054/1054 481/1055/1055 480/1056/1056
f 354/1057/1057 481/1058/1058 353/1059/1059
f 355/1060/1060 482/1061/1061 354/1062/1062
f 355/1063/1063 484/1064/1064 483/1065/1065
f 357/1066/1066 484/1067/1067 356/1068/1068
f 358/1069/1069 485/1070/1070 357/1071/1071
f 359/1072/1072 486/1073/1073 358/1074/1074
f 359/1075/1075 488/1076/1076 487/1077/1077
f 360/1078/1078 489/1079/1079 488/1080/1080
f 362/1081/1081 489/1082/1082 361/1083/1083
f 363/1084/1084 490/1085/1085 362/1086/1086
f 364/1087/1087 491/1088/1088 363/1089/1089
f 364/1090/1090 493/1091/1091 492/1092/1092
f 366/1093/1093 493/1094/1094 365/1095/1095
f 367/1096/1096 494/1097/1097 366/1098/1098
f 367/1099/1099 496/1100/1100 495/1101/1101
f 368/1102/1102 497/1103/1103 496/1104/1104
f 369/1105/1105 498/1106/1106 497/1107/1107
f 371/1108/1108 498/1109/1109 370/1110/1110
f 372/1111/1111 499/1112/1112 371/1113/1113
f 372/1114/1114 501/1115/1115 500/1116/1116
f 374/1117/1117 501/1118/1118 373/1119/1119
f 375/1120/1120 502/1121/1121 374/1122/1122
f 375/1123/1123 504/1124/1124 503/1125/1125
f 376/1126/1126 505/1127/1127 504/1128/1128
f 378/1129/1129 505/1130/1130 377/1131/1131
f 379/1132/1132 506/1133/1133 378/1134/1134
f 379/1135/1135 508/1136/1136 507/1137/1137
f 380/1138/1138 509/1139/1139 508/1140/1140
f 382/1141/1141 509/1142/1142 381/1143/1143
f 383/1144/1144 510/1145/1145 382/1146/1146
f 384/1147/1147 511/1148/1148 383/1149/1149
f 257/1150/1150 512/1151/1151 384/1152/1152
f 97/1153/1153 65/1154/1154 33/1155/1155
f 496/1156/1156 512/1157/1157 448/1158/1158
f 2/1159/1159 130/1160/1160 129/1161/1161
f 3/1162/1162 131/1163/1163 130/1164/1164
f 4/1165/1165 132/1166/1166 131/1167/1167
f 4/1168/1168 5/1169/1169 133/1170/1170
f 6/1171/1171 134/1172/1172 133/1173/1173
f 7/1174/1174 135/1175/1175 134/1176/1176
f 8/1177/1177 136/1178/1178 135/1179/1179
f 9/1180/1180 137/1181/1181 136/1182/1182
f 10/1183/1183 138/1184/1184 137/1185/1185
f 11/1186/1186 139/1187/1187 138/1188/1188
f 11/1189/1189 12/1190/1190 140/1191/1191
f 12/1192/1192 13/1193/1193 141/1194/1194
f 13/1195/1195 14/1196/1196 142/1197/1197
f 14/1198/1198 15/1199/1199 143/1200/1200
f 16/1201/1201 144/1202/1202 143/1203/1203
f 16/1204/1204 17/1205/1205 145/1206/1206
f 17/1207/1207 18/1208/1208 146/1209/1209
f 18/1210/1210 19/1211/1211 147/1212/1212
f 20/1213/1213 148/1214/1214 147/1215/1215
f 21/1216/1216 149/1217/1217 148/1218/1218
f 22/1219/1219 150/1220/1220 149/1221/1221
f 23/1222/1222 151/1223/1223 150/1224/1224
f 23/1225/1225 24/1226/1226 152/1227/1227
f 24/1228/1228 25/1229/1229 153/1230/1230
f 25/1231/1231 26/1232/1232 154/1233/1233
f 26/1234/1234 27/1235/1235 155/1236/1236
f 27/1237/1237 28/1238/1238 156/1239/1239
f 28/1240/1240 29/1241/1241 157/1242/1242
f 29/1243/1243 30/1244/1244 158/1245/1245
f 31/1246/1246 159/1247/1247 158/1248/1248
f 32/1249/1249 160/1250/1250 159/1251/1251
f 32/1252/1252 33/1253/1253 161/1254/1254
f 34/1255/1255 162/1256/1256 161/1257/1257
f 34/1258/1258 35/1259/1259 163/1260/1260
f 35/1261/1261 36/1262/1262 164/1263/1263
f 37/1264/1264 165/1265/1265 164/1266/1266
f 38/1267/1267 166/1268/1268 165/1269/1269
f 39/1270/1270 167/1271/1271 166/1272/1272
f 40/1273/1273 168/1274/1274 167/1275/1275
f 41/1276/1276 169/1277/1277 168/1278/1278
f 42/1279/1279 170/1280/1280 169/1281/1281
f 43/1282/1282 171/1283/1283 170/1284/1284
f 43/1285/1285 44/1286/1286 172/1287/1287
f 44/1288/1288 45/1289/1289 173/1290/1290
f 45/1291/1291 46/1292/1292 174/1293/1293
f 46/1294/1294 47/1295/1295 175/1296/1296
f 48/1297/1297 176/1298/1298 175/1299/1299
f 49/1300/1300 177/1301/1301 176/1302/1302
f 50/1303/1303 178/1304/1304 177/1305/1305
f 50/1306/1306 51/1307/1307 179/1308/1308
f 52/1309/1309 180/1310/1310 179/1311/1311
f 53/1312/1312 181/1313/1313 180/1314/1314
f 54/1315/1315 182/1316/1316 181/1317/1317
f 55/1318/1318 183/1319/1319 182/1320/1320
f 55/1321/1321 56/1322/1322 184/1323/1323
f 56/1324/1324 57/1325/1325 185/1326/1326
f 57/1327/1327 58/1328/1328 186/1329/1329
f 58/1330/1330 59/1331/1331 187/1332/1332
f 59/1333/1333 60/1334/1334 188/1335/1335
f 60/1336/1336 61/1337/1337 189/1338/1338
f 62/1339/1339 190/1340/1340 189/1341/1341
f 62/1342/1342 63/1343/1343 191/1344/1344
f 63/1345/1345 64/1346/1346 192/1347/1347
f 64/1348/1348 65/1349/1349 193/1350/1350
f 65/1351/1351 66/1352/1352 194/1353/1353
f 66/1354/1354 67/1355/1355 195/1356/1356
f 68/1357/1357 196/1358/1358 195/1359/1359
f 69/1360/1360 197/1361/1361 196/1362/1362
f 70/1363/1363 198/1364/1364 197/1365/1365
f 71/1366/1366 199/1367/1367 198/1368/1368
f 72/1369/1369 200/1370/1370 199/1371/1371
f 73/1372/1372 201/1373/1373 200/1374/1374
f 74/1375/1375 202/1376/1376 201/1377/1377
f 75/1378/1378 203/1379/1379 202/1380/1380
f 76/1381/1381 204/1382/1382 203/1383/1383
f 76/1384/1384 77/1385/1385 205/1386/1386
f 77/1387/1387 78/1388/1388 206/1389/1389
f 78/1390/1390 79/1391/1391 207/1392/1392
f 80/1393/1393 208/1394/1394 207/1395/1395
f 80/1396/1396 81/1397/1397 209/1398/1398
f 81/1399/1399 82/1400/1400 210/1401/1401
f 82/1402/1402 83/1403/1403 211/1404/1404
f 84/1405/1405 212/1406/1406 211/1407/1407
f 84/1408/1408 85/1409/1409 213/1410/1410
f 86/1411/1411 214/1412/1412 213/1413/1413
f 87/1414/1414 215/1415/1415 214/1416/1416
f 88/1417/1417 216/1418/1418 215/1419/1419
f 88/1420/1420 89/1421/1421 217/1422/1422
f 89/1423/1423 90/1424/1424 218/1425/1425
f 91/1426/1426 219/1427/1427 218/1428/1428
f 91/1429/1429 92/1430/1430 220/1431/1431
f 92/1432/1432 93/1433/1433 221/1434/1434
f 93/1435/1435 94/1436/1436 222/1437/1437
f 95/1438/1438 223/1439/1439 222/1440/1440
f 96/1441/1441 224/1442/1442 223/1443/1443
f 96/1444/1444 97/1445/1445 225/1446/1446
f 98/1447/1447 226/1448/1448 225/1449/1449
f 98/1450/1450 99/1451/1451 227/1452/1452
f 99/1453/1453 100/1454/1454 228/1455/1455
f 101/1456/1456 229/1457/1457 228/1458/1458
f 102/1459/1459 230/1460/1460 229/1461/1461
f 103/1462/1462 231/1463/1463 230/1464/1464
f 103/1465/1465 104/1466/1466 232/1467/1467
f 105/1468/1468 233/1469/1469 232/1470/1470
f 106/1471/1471 234/1472/1472 233/1473/1473
f 106/1474/1474 107/1475/1475 235/1476/1476
f 107/1477/1477 108/1478/1478 236/1479/1479
f 108/1480/1480 109/1481/1481 237/1482/1482
f 110/1483/1483 238/1484/1484 237/1485/1485
f 110/1486/1486 111/1487/1487 239/1488/1488
f 112/1489/1489 240/1490/1490 239/1491/1491
f 113/1492/1492 241/1493/1493 240/1494/1494
f 114/1495/1495 242/1496/1496 241/1497/1497
f 114/1498/1498 115/1499/1499 243/1500/1500
f 116/1501/1501 244/1502/1502 243/1503/1503
f 117/1504/1504 245/1505/1505 244/1506/1506
f 118/1507/1507 246/1508/1508 245/1509/1509
f 118/1510/1510 119/1511/1511 247/1512/1512
f 119/1513/1513 120/1514/1514 248/1515/1515
f 120/1516/1516 121/1517/1517 249/1518/1518
f 121/1519/1519 122/1520/1520 250/1521/1521
f 122/1522/1522 123/1523/1523 251/1524/1524
f 123/1525/1525 124/1526/1526 252/1527/1527
f 124/1528/1528 125/1529/1529 253/1530/1530
f 125/1531/1531 126/1532/1532 254/1533/1533
f 126/1534/1534 127/1535/1535 255/1536/1536
f 128/1537/1537 256/1538/1538 255/1539/1539
f 1/1540/1540 129/1541/1541 256/1542/1542
f 130/1543/1543 258/1544/1544 257/1545/1545
f 130/1546/1546 131/1547/1547 259/1548/1548
f 131/1549/1549 132/1550/1550 260/1551/1551
f 132/1552/1552 133/1553/1553 261/1554/1554
f 133/1555/1555 134/1556/1556 262/1557/1557
f 135/1558/1558 263/1559/1559 262/1560/1560
f 136/1561/1561 264/1562/1562 263/1563/1563
f 137/1564/1564 265/1565/1565 264/1566/1566
f 137/1567/1567 138/1568/1568 266/1569/1569
f 138/1570/1570 139/1571/1571 267/1572/1572
f 140/1573/1573 268/1574/1574 267/1575/1575
f 141/1576/1576 269/1577/1577 268/1578/1578
f 142/1579/1579 270/1580/1580 269/1581/1581
f 142/1582/1582 143/1583/1583 271/1584/1584
f 143/1585/1585 144/1586/1586 272/1587/1587
f 144/1588/1588 145/1589/1589 273/1590/1590
f 146/1591/1591 274/1592/1592 273/1593/1593
f 146/1594/1594 147/1595/1595 275/1596/1596
f 147/1597/1597 148/1598/1598 276/1599/1599
f 148/1600/1600 149/1601/1601 277/1602/1602
f 149/1603/1603 150/1604/1604 278/1605/1605
f 151/1606/1606 279/1607/1607 278/1608/1608
f 152/1609/1609 280/1610/1610 279/1611/1611
f 153/1612/1612 281/1613/1613 280/1614/1614
f 153/1615/1615 154/1616/1616 282/1617/1617
f 154/1618/1618 155/1619/1619 283/1620/1620
f 156/1621/1621 284/1622/1622 283/1623/1623
f 157/1624/1624 285/1625/1625 284/1626/1626
f 158/1627/1627 286/1628/1628 285/1629/1629
f 159/1630/1630 287/1631/1631 286/1632/1632
f 159/1633/1633 160/1634/1634 288/1635/1635
f 161/1636/1636 289/1637/1637 288/1638/1638
f 161/1639/1639 162/1640/1640 290/1641/1641
f 163/1642/1642 291/1643/1643 290/1644/1644
f 163/1645/1645 164/1646/1646 292/1647/1647
f 164/1648/1648 165/1649/1649 293/1650/1650
f 165/1651/1651 166/1652/1652 294/1653/1653
f 166/1654/1654 167/1655/1655 295/1656/1656
f 168/1657/1657 296/1658/1658 295/1659/1659
f 169/1660/1660 297/1661/1661 296/1662/1662
f 169/1663/1663 170/1664/1664 298/1665/1665
f 170/1666/1666 171/1667/1667 299/1668/1668
f 171/1669/1669 172/1670/1670 300/1671/1671
f 173/1672/1672 301/1673/1673 300/1674/1674
f 174/1675/1675 302/1676/1676 301/1677/1677
f 175/1678/1678 303/1679/1679 302/1680/1680
f 176/1681/1681 304/1682/1682 303/1683/1683
f 176/1684/1684 177/1685/1685 305/1686/1686
f 178/1687/1687 306/1688/1688 305/1689/1689
f 179/1690/1690 307/1691/1691 306/1692/1692
f 180/1693/1693 308/1694/1694 307/1695/1695
f 180/1696/1696 181/1697/1697 309/1698/1698
f 181/1699/1699 182/1700/1700 310/1701/1701
f 182/1702/1702 183/1703/1703 311/1704/1704
f 184/1705/1705 312/1706/1706 311/1707/1707
f 185/1708/1708 313/1709/1709 312/1710/1710
f 185/1711/1711 186/1712/1712 314/1713/1713
f 186/1714/1714 187/1715/1715 315/1716/1716
f 187/1717/1717 188/1718/1718 316/1719/1719
f 189/1720/1720 317/1721/1721 316/1722/1722
f 190/1723/1723 318/1724/1724 317/1725/1725
f 191/1726/1726 319/1727/1727 318/1728/1728
f 192/1729/1729 320/1730/1730 319/1731/1731
f 192/1732/1732 193/1733/1733 321/1734/1734
f 194/1735/1735 322/1736/1736 321/1737/1737
f 195/1738/1738 323/1739/1739 322/1740/1740
f 196/1741/1741 324/1742/1742 323/1743/1743
f 196/1744/1744 197/1745/1745 325/1746/1746
f 197/1747/1747 198/1748/1748 326/1749/1749
f 198/1750/1750 199/1751/1751 327/1752/1752
f 200/1753/1753 328/1754/1754 327/1755/1755
f 201/1756/1756 329/1757/1757 328/1758/1758
f 202/1759/1759 330/1760/1760 329/1761/1761
f 202/1762/1762 203/1763/1763 331/1764/1764
f 203/1765/1765 204/1766/1766 332/1767/1767
f 205/1768/1768 333/1769/1769 332/1770/1770
f 206/1771/1771 334/1772/1772 333/1773/1773
f 206/1774/1774 207/1775/1775 335/1776/1776
f 207/1777/1777 208/1778/1778 336/1779/1779
f 209/1780/1780 337/1781/1781 336/1782/1782
f 210/1783/1783 338/1784/1784 337/1785/1785
f 210/1786/1786 211/1787/1787 339/1788/1788
f 211/1789/1789 212/1790/1790 340/1791/1791
f 212/1792/1792 213/1793/1793 341/1794/1794
f 213/1795/1795 214/1796/1796 342/1797/1797
f 214/1798/1798 215/1799/1799 343/1800/1800
f 216/1801/1801 344/1802/1802 343/1803/1803
f 217/1804/1804 345/1805/1805 344/1806/1806
f 217/1807/1807 218/1808/1808 346/1809/1809
f 218/1810/1810 219/1811/1811 347/1812/1812
f 220/1813/1813 348/1814/1814 347/1815/1815
f 221/1816/1816 349/1817/1817 348/1818/1818
f 222/1819/1819 350/1820/1820 349/1821/1821
f 223/1822/1822 351/1823/1823 350/1824/1824
f 223/1825/1825 224/1826/1826 352/1827/1827
f 224/1828/1828 225/1829/1829 353/1830/1830
f 226/1831/1831 354/1832/1832 353/1833/1833
f 227/1834/1834 355/1835/1835 354/1836/1836
f 227/1837/1837 228/1838/1838 356/1839/1839
f 228/1840/1840 229/1841/1841 357/1842/1842
f 229/1843/1843 230/1844/1844 358/1845/1845
f 230/1846/1846 231/1847/1847 359/1848/1848
f 232/1849/1849 360/1850/1850 359/1851/1851
f 233/1852/1852 361/1853/1853 360/1854/1854
f 233/1855/1855 234/1856/1856 362/1857/1857
f 234/1858/1858 235/1859/1859 363/1860/1860
f 236/1861/1861 364/1862/1862 363/1863/1863
f 237/1864/1864 365/1865/1865 364/1866/1866
f 238/1867/1867 366/1868/1868 365/1869/1869
f 239/1870/1870 367/1871/1871 366/1872/1872
f 240/1873/1873 368/1874/1874 367/1875/1875
f 240/1876/1876 241/1877/1877 369/1878/1878
f 241/1879/1879 242/1880/1880 370/1881/1881
f 243/1882/1882 371/1883/1883 370/1884/1884
f 244/1885/1885 372/1886/1886 371/1887/1887
f 244/1888/1888 245/1889/1889 373/1890/1890
f 245/1891/1891 246/1892/1892 374/1893/1893
f 247/1894/1894 375/1895/1895 374/1896/1896
f 248/1897/1897 376/1898/1898 375/1899/1899
f 248/1900/1900 249/1901/1901 377/1902/1902
f 249/1903/1903 250/1904/1904 378/1905/1905
f 250/1906/1906 251/1907/1907 379/1908/1908
f 252/1909/1909 380/1910/1910 379/1911/1911
f 253/1912/1912 381/1913/1913 380/1914/1914
f 254/1915/1915 382/1916/1916 381/1917/1917
f 254/1918/1918 255/1919/1919 383/1920/1920
f 255/1921/1921 256/1922/1922 384/1923/1923
f 256/1924/1924 129/1925/1925 257/1926/1926
f 257/1927/1927 258/1928/1928 386/1929/1929
f 258/1930/1930 259/1931/1931 387/1932/1932
f 260/1933/1933 388/1934/1934 387/1935/1935
f 261/1936/1936 389/1937/1937 388/1938/1938
f 262/1939/1939 390/1940/1940 389/1941/1941
f 263/1942/1942 391/1943/1943 390/1944/1944
f 263/1945/1945 264/1946/1946 392/1947/1947
f 264/1948/1948 265/1949/1949 393/1950/1950
f 266/1951/1951 394/1952/1952 393/1953/1953
f 267/1954/1954 395/1955/1955 394/1956/1956
f 267/1957/1957 268/1958/1958 396/1959/1959
f 268/1960/1960 269/1961/1961 397/1962/1962
f 270/1963/1963 398/1964/1964 397/1965/1965
f 271/1966/1966 399/1967/1967 398/1968/1968
f 271/1969/1969 272/1970/1970 400/1971/1971
f 273/1972/1972 401/1973/1973 400/1974/1974
f 274/1975/1975 402/1976/1976 401/1977/1977
f 274/1978/1978 275/1979/1979 403/1980/1980
f 275/1981/1981 276/1982/1982 404/1983/1983
f 276/1984/1984 277/1985/1985 405/1986/1986
f 277/1987/1987 278/1988/1988 406/1989/1989
f 278/1990/1990 279/1991/1991 407/1992/1992
f 279/1993/1993 280/1994/1994 408/1995/1995
f 280/1996/1996 281/1997/1997 409/1998/1998
f 282/1999/1999 410/2000/2000 409/2001/2001
f 283/2002/2002 411/2003/2003 410/2004/2004
f 283/2005/2005 284/2006/2006 412/2007/2007
f 284/2008/2008 285/2009/2009 413/2010/2010
f 285/2011/2011 286/2012/2012 414/2013/2013
f 287/2014/2014 415/2015/2015 414/2016/2016
f 287/2017/2017 288/2018/2018 416/2019/2019
f 289/2020/2020 417/2021/2021 416/2022/2022
f 289/2023/2023 290/2024/2024 418/2025/2025
f 291/2026/2026 419/2027/2027 418/2028/2028
f 291/2029/2029 292/2030/2030 420/2031/2031
f 293/2032/2032 421/2033/2033 420/2034/2034
f 294/2035/2035 422/2036/2036 421/2037/2037
f 295/2038/2038 423/2039/2039 422/2040/2040
f 295/2041/2041 296/2042/2042 424/2043/2043
f 296/2044/2044 297/2045/2045 425/2046/2046
f 298/2047/2047 426/2048/2048 425/2049/2049
f 299/2050/2050 427/2051/2051 426/2052/2052
f 300/2053/2053 428/2054/2054 427/2055/2055
f 301/2056/2056 429/2057/2057 428/2058/2058
f 302/2059/2059 430/2060/2060 429/2061/2061
f 303/2062/2062 431/2063/2063 430/2064/2064
f 304/2065/2065 432/2066/2066 431/2067/2067
f 304/2068/2068 305/2069/2069 433/2070/2070
f 305/2071/2071 306/2072/2072 434/2073/2073
f 307/2074/2074 435/2075/2075 434/2076/2076
f 307/2077/2077 308/2078/2078 436/2079/2079
f 308/2080/2080 309/2081/2081 437/2082/2082
f 310/2083/2083 438/2084/2084 437/2085/2085
f 311/2086/2086 439/2087/2087 438/2088/2088
f 311/2089/2089 312/2090/2090 440/2091/2091
f 312/2092/2092 313/2093/2093 441/2094/2094
f 314/2095/2095 442/2096/2096 441/2097/2097
f 315/2098/2098 443/2099/2099 442/2100/2100
f 315/2101/2101 316/2102/2102 444/2103/2103
f 316/2104/2104 317/2105/2105 445/2106/2106
f 317/2107/2107 318/2108/2108 446/2109/2109
f 318/2110/2110 319/2111/2111 447/2112/2112
f 320/2113/2113 448/2114/2114 447/2115/2115
f 321/2116/2116 449/2117/2117 448/2118/2118
f 321/2119/2119 322/2120/2120 450/2121/2121
f 322/2122/2122 323/2123/2123 451/2124/2124
f 323/2125/2125 324/2126/2126 452/2127/2127
f 324/2128/2128 325/2129/2129 453/2130/2130
f 326/2131/2131 454/2132/2132 453/2133/2133
f 327/2134/2134 455/2135/2135 454/2136/2136
f 327/2137/2137 328/2138/2138 456/2139/2139
f 328/2140/2140 329/2141/2141 457/2142/2142
f 330/2143/2143 458/2144/2144 457/2145/2145
f 331/2146/2146 459/2147/2147 458/2148/2148
f 331/2149/2149 332/2150/2150 460/2151/2151
f 332/2152/2152 333/2153/2153 461/2154/2154
f 334/2155/2155 462/2156/2156 461/2157/2157
f 334/2158/2158 335/2159/2159 463/2160/2160
f 335/2161/2161 336/2162/2162 464/2163/2163
f 337/2164/2164 465/2165/2165 464/2166/2166
f 338/2167/2167 466/2168/2168 465/2169/2169
f 339/2170/2170 467/2171/2171 466/2172/2172
f 339/2173/2173 340/2174/2174 468/2175/2175
f 340/2176/2176 341/2177/2177 469/2178/2178
f 342/2179/2179 470/2180/2180 469/2181/2181
f 342/2182/2182 343/2183/2183 471/2184/2184
f 343/2185/2185 344/2186/2186 472/2187/2187
f 344/2188/2188 345/2189/2189 473/2190/2190
f 346/2191/2191 474/2192/2192 473/2193/2193
f 347/2194/2194 475/2195/2195 474/2196/2196
f 347/2197/2197 348/2198/2198 476/2199/2199
f 348/2200/2200 349/2201/2201 477/2202/2202
f 349/2203/2203 350/2204/2204 478/2205/2205
f 351/2206/2206 479/2207/2207 478/2208/2208
f 351/2209/2209 352/2210/2210 480/2211/2211
f 352/2212/2212 353/2213/2213 481/2214/2214
f 354/2215/2215 482/2216/2216 481/2217/2217
f 355/2218/2218 483/2219/2219 482/2220/2220
f 355/2221/2221 356/2222/2222 484/2223/2223
f 357/2224/2224 485/2225/2225 484/2226/2226
f 358/2227/2227 486/2228/2228 485/2229/2229
f 359/2230/2230 487/2231/2231 486/2232/2232
f 359/2233/2233 360/2234/2234 488/2235/2235
f 360/2236/2236 361/2237/2237 489/2238/2238
f 362/2239/2239 490/2240/2240 489/2241/2241
f 363/2242/2242 491/2243/2243 490/2244/2244
f 364/2245/2245 492/2246/2246 491/2247/2247
f 364/2248/2248 365/2249/2249 493/2250/2250
f 366/2251/2251 494/2252/2252 493/2253/2253
f 367/2254/2254 495/2255/2255 494/2256/2256
f 367/2257/2257 368/2258/2258 496/2259/2259
f 368/2260/2260 369/2261/2261 497/2262/2262
f 369/2263/2263 370/2264/2264 498/2265/2265
f 371/2266/2266 499/2267/2267 498/2268/2268
f 372/2269/2269 500/2270/2270 499/2271/2271
f 372/2272/2272 373/2273/2273 501/2274/2274
f 374/2275/2275 502/2276/2276 501/2277/2277
f 375/2278/2278 503/2279/2279 502/2280/2280
f 375/2281/2281 376/2282/2282 504/2283/2283
f 376/2284/2284 377/2285/2285 505/2286/2286
f 378/2287/2287 506/2288/2288 505/2289/2289
f 379/2290/2290 507/2291/2291 506/2292/2292
f 379/2293/2293 380/2294/2294 508/2295/2295
f 380/2296/2296 381/2297/2297 509/2298/2298
f 382/2299/2299 510/2300/2300 509/2301/2301
f 383/2302/2302 511/2303/2303 510/2304/2304
f 384/2305/2305 512/2306/2306 511/2307/2307
f 257/2308/2308 385/2309/2309 512/2310/2310
f 1/2311/2311 128/2312/2312 127/2313/2313
f 127/2314/2314 126/2315/2315 125/2316/2316
f 125/2317/2317 124/2318/2318 123/2319/2319
f 123/2320/2320 122/2321/2321 125/2322/2322
f 122/2323/2323 121/2324/2324 125/2325/2325
f 121/2326/2326 120/2327/2327 117/2328/2328
f 120/2329/2329 119/2330/2330 117/2331/2331
f 119/2332/2332 118/2333/2333 117/2334/2334
f 117/2335/2335 116/2336/2336 115/2337/2337
f 115/2338/2338 114/2339/2339 117/2340/2340
f 114/2341/2341 113/2342/2342 117/2343/2343
f 113/2344/2344 112/2345/2345 111/2346/2346
f 111/2347/2347 110/2348/2348 109/2349/2349
f 109/2350/2350 108/2351/2351 107/2352/2352
f 107/2353/2353 106/2354/2354 109/2355/2355
f 106/2356/2356 105/2357/2357 109/2358/2358
f 105/2359/2359 104/2360/2360 101/2361/2361
f 104/2362/2362 103/2363/2363 101/2364/2364
f 103/2365/2365 102/2366/2366 101/2367/2367
f 101/2368/2368 100/2369/2369 99/2370/2370
f 99/2371/2371 98/2372/2372 97/2373/2373
f 97/2374/2374 96/2375/2375 95/2376/2376
f 95/2377/2377 94/2378/2378 93/2379/2379
f 93/2380/2380 92/2381/2381 91/2382/2382
f 91/2383/2383 90/2384/2384 93/2385/2385
f 90/2386/2386 89/2387/2387 93/2388/2388
f 89/2389/2389 88/2390/2390 85/2391/2391
f 88/2392/2392 87/2393/2393 85/2394/2394
f 87/2395/2395 86/2396/2396 85/2397/2397
f 85/2398/2398 84/2399/2399 83/2400/2400
f 83/2401/2401 82/2402/2402 81/2403/2403
f 81/2404/2404 80/2405/2405 77/2406/2406
f 80/2407/2407 79/2408/2408 77/2409/2409
f 79/2410/2410 78/2411/2411 77/2412/2412
f 77/2413/2413 76/2414/2414 75/2415/2415
f 75/2416/2416 74/2417/2417 77/2418/2418
f 74/2419/2419 73/2420/2420 77/2421/2421
f 73/2422/2422 72/2423/2423 69/2424/2424
f 72/2425/2425 71/2426/2426 69/2427/2427
f 71/2428/2428 70/2429/2429 69/2430/2430
f 69/2431/2431 68/2432/2432 67/2433/2433
f 67/2434/2434 66/2435/2435 65/2436/2436
f 65/2437/2437 64/2438/2438 63/2439/2439
f 63/2440/2440 62/2441/2441 61/2442/2442
f 61/2443/2443 60/2444/2444 59/2445/2445
f 59/2446/2446 58/2447/2447 61/2448/2448
f 58/2449/2449 57/2450/2450 61/2451/2451
f 57/2452/2452 56/2453/2453 53/2454/2454
f 56/2455/2455 55/2456/2456 53/2457/2457
f 55/2458/2458 54/2459/2459 53/2460/2460
f 53/2461/2461 52/2462/2462 51/2463/2463
f 51/2464/2464 50/2465/2465 53/2466/2466
f 50/2467/2467 49/2468/2468 53/2469/2469
f 49/2470/2470 48/2471/2471 47/2472/2472
f 47/2473/2473 46/2474/2474 45/2475/2475
f 45/2476/2476 44/2477/2477 43/2478/2478
f 43/2479/2479 42/2480/2480 41/2481/2481
f 41/2482/2482 40/2483/2483 39/2484/2484
f 39/2485/2485 38/2486/2486 37/2487/2487
f 37/2488/2488 36/2489/2489 35/2490/2490
f 35/2491/2491 34/2492/2492 33/2493/2493
f 33/2494/2494 32/2495/2495 31/2496/2496
f 31/2497/2497 30/2498/2498 29/2499/2499
f 29/2500/2500 28/2501/2501 27/2502/2502
f 27/2503/2503 26/2504/2504 25/2505/2505
f 25/2506/2506 24/2507/2507 23/2508/2508
f 23/2509/2509 22/2510/2510 21/2511/2511
f 21/2512/2512 20/2513/2513 19/2514/2514
f 19/2515/2515 18/2516/2516 17/2517/2517
f 17/2518/2518 16/2519/2519 13/2520/2520
f 16/2521/2521 15/2522/2522 13/2523/2523
f 15/2524/2524 14/2525/2525 13/2526/2526
f 13/2527/2527 12/2528/2528 11/2529/2529
f 11/2530/2530 10/2531/2531 13/2532/2532
f 10/2533/2533 9/2534/2534 13/2535/2535
f 9/2536/2536 8/2537/2537 5/2538/2538
f 8/2539/2539 7/2540/2540 5/2541/2541
f 7/2542/2542 6/2543/2543 5/2544/2544
f 5/2545/2545 4/2546/2546 3/2547/2547
f 3/2548/2548 2/2549/2549 1/2550/2550
f 1/2551/2551 127/2552/2552 121/2553/2553
f 127/2554/2554 125/2555/2555 121/2556/2556
f 113/2557/2557 111/2558/2558 105/2559/2559
f 111/2560/2560 109/2561/2561 105/2562/2562
f 101/2563/2563 99/2564/2564 97/2565/2565
f 97/2566/2566 95/2567/2567 93/2568/2568
f 85/2569/2569 83/2570/2570 89/2571/2571
f 83/2572/2572 81/2573/2573 89/2574/2574
f 69/2575/2575 67/2576/2576 73/2577/2577
f 67/2578/2578 65/2579/2579 73/2580/2580
f 65/2581/2581 63/2582/2582 57/2583/2583
f 63/2584/2584 61/2585/2585 57/2586/2586
f 49/2587/2587 47/2588/2588 45/2589/2589
f 45/2590/2590 43/2591/2591 41/2592/2592
f 41/2593/2593 39/2594/2594 33/2595/2595
f 39/2596/2596 37/2597/2597 33/2598/2598
f 37/2599/2599 35/2600/2600 33/2601/2601
f 33/2602/2602 31/2603/2603 29/2604/2604
f 29/2605/2605 27/2606/2606 33/2607/2607
f 27/2608/2608 25/2609/2609 33/2610/2610
f 25/2611/2611 23/2612/2612 21/2613/2613
f 21/2614/2614 19/2615/2615 17/2616/2616
f 5/2617/2617 3/2618/2618 9/2619/2619
f 3/2620/2620 1/2621/2621 9/2622/2622
f 121/2623/2623 117/2624/2624 113/2625/2625
f 105/2626/2626 101/2627/2627 113/2628/2628
f 101/2629/2629 97/2630/2630 113/2631/2631
f 97/2632/2632 93/2633/2633 81/2634/2634
f 93/2635/2635 89/2636/2636 81/2637/2637
f 81/2638/2638 77/2639/2639 73/2640/2640
f 57/2641/2641 53/2642/2642 49/2643/2643
f 49/2644/2644 45/2645/2645 33/2646/2646
f 45/2647/2647 41/2648/2648 33/2649/2649
f 25/2650/2650 21/2651/2651 33/2652/2652
f 21/2653/2653 17/2654/2654 33/2655/2655
f 17/2656/2656 13/2657/2657 9/2658/2658
f 1/2659/2659 121/2660/2660 97/2661/2661
f 121/2662/2662 113/2663/2663 97/2664/2664
f 81/2665/2665 73/2666/2666 97/2667/2667
f 73/2668/2668 65/2669/2669 97/2670/2670
f 65/2671/2671 57/2672/2672 33/2673/2673
f 57/2674/2674 49/2675/2675 33/2676/2676
f 17/2677/2677 9/2678/2678 33/2679/2679
f 9/2680/2680 1/2681/2681 33/2682/2682
f 1/2683/2683 97/2684/2684 33/2685/2685
f 512/2686/2686 385/2687/2687 388/2688/2688
f 385/2689/2689 386/2690/2690 388/2691/2691
f 386/2692/2692 387/2693/2693 388/2694/2694
f 388/2695/2695 389/2696/2696 390/2697/2697
f 390/2698/2698 391/2699/2699 392/2700/2700
f 392/2701/2701 393/2702/2702 394/2703/2703
f 394/2704/2704 395/2705/2705 392/2706/2706
f 395/2707/2707 396/2708/2708 392/2709/2709
f 396/2710/2710 397/2711/2711 398/2712/2712
f 398/2713/2713 399/2714/2714 396/2715/2715
f 399/2716/2716 400/2717/2717 396/2718/2718
f 400/2719/2719 401/2720/2720 402/2721/2721
f 402/2722/2722 403/2723/2723 404/2724/2724
f 404/2725/2725 405/2726/2726 406/2727/2727
f 406/2728/2728 407/2729/2729 408/2730/2730
f 408/2731/2731 409/2732/2732 410/2733/2733
f 410/2734/2734 411/2735/2735 408/2736/2736
f 411/2737/2737 412/2738/2738 408/2739/2739
f 412/2740/2740 413/2741/2741 414/2742/2742
f 414/2743/2743 415/2744/2744 412/2745/2745
f 415/2746/2746 416/2747/2747 412/2748/2748
f 416/2749/2749 417/2750/2750 418/2751/2751
f 418/2752/2752 419/2753/2753 416/2754/2754
f 419/2755/2755 420/2756/2756 416/2757/2757
f 420/2758/2758 421/2759/2759 422/2760/2760
f 422/2761/2761 423/2762/2762 420/2763/2763
f 423/2764/2764 424/2765/2765 420/2766/2766
f 424/2767/2767 425/2768/2768 426/2769/2769
f 426/2770/2770 427/2771/2771 428/2772/2772
f 428/2773/2773 429/2774/2774 430/2775/2775
f 430/2776/2776 431/2777/2777 432/2778/2778
f 432/2779/2779 433/2780/2780 434/2781/2781
f 434/2782/2782 435/2783/2783 436/2784/2784
f 436/2785/2785 437/2786/2786 438/2787/2787
f 438/2788/2788 439/2789/2789 436/2790/2790
f 439/2791/2791 440/2792/2792 436/2793/2793
f 440/2794/2794 441/2795/2795 442/2796/2796
f 442/2797/2797 443/2798/2798 444/2799/2799
f 444/2800/2800 445/2801/2801 446/2802/2802
f 446/2803/2803 447/2804/2804 444/2805/2805
f 447/2806/2806 448/2807/2807 444/2808/2808
f 448/2809/2809 449/2810/2810 450/2811/2811
f 450/2812/2812 451/2813/2813 448/2814/2814
f 451/2815/2815 452/2816/2816 448/2817/2817
f 452/2818/2818 453/2819/2819 454/2820/2820
f 454/2821/2821 455/2822/2822 452/2823/2823
f 455/2824/2824 456/2825/2825 452/2826/2826
f 456/2827/2827 457/2828/2828 458/2829/2829
f 458/2830/2830 459/2831/2831 460/2832/2832
f 460/2833/2833 461/2834/2834 462/2835/2835
f 462/2836/2836 463/2837/2837 460/2838/2838
f 463/2839/2839 464/2840/2840 460/2841/2841
f 464/2842/2842 465/2843/2843 466/2844/2844
f 466/2845/2845 467/2846/2846 464/2847/2847
f 467/2848/2848 468/2849/2849 464/2850/2850
f 468/2851/2851 469/2852/2852 470/2853/2853
f 470/2854/2854 471/2855/2855 472/2856/2856
f 472/2857/2857 473/2858/2858 474/2859/2859
f 474/2860/2860 475/2861/2861 476/2862/2862
f 476/2863/2863 477/2864/2864 478/2865/2865
f 478/2866/2866 479/2867/2867 476/2868/2868
f 479/2869/2869 480/2870/2870 476/2871/2871
f 480/2872/2872 481/2873/2873 482/2874/2874
f 482/2875/2875 483/2876/2876 480/2877/2877
f 483/2878/2878 484/2879/2879 480/2880/2880
f 484/2881/2881 485/2882/2882 488/2883/2883
f 485/2884/2884 486/2885/2885 488/2886/2886
f 486/2887/2887 487/2888/2888 488/2889/2889
f 488/2890/2890 489/2891/2891 490/2892/2892
f 490/2893/2893 491/2894/2894 492/2895/2895
f 492/2896/2896 493/2897/2897 494/2898/2898
f 494/2899/2899 495/2900/2900 492/2901/2901
f 495/2902/2902 496/2903/2903 492/2904/2904
f 496/2905/2905 497/2906/2906 498/2907/2907
f 498/2908/2908 499/2909/2909 496/2910/2910
f 499/2911/2911 500/2912/2912 496/2913/2913
f 500/2914/2914 501/2915/2915 502/2916/2916
f 502/2917/2917 503/2918/2918 504/2919/2919
f 504/2920/2920 505/2921/2921 506/2922/2922
f 506/2923/2923 507/2924/2924 508/2925/2925
f 508/2926/2926 509/2927/2927 510/2928/2928
f 510/2929/2929 511/2930/2930 508/2931/2931
f 511/2932/2932 512/2933/2933 508/2934/2934
f 388/2935/2935 390/2936/2936 512/2937/2937
f 390/2938/2938 392/2939/2939 512/2940/2940
f 400/2941/2941 402/2942/2942 408/2943/2943
f 402/2944/2944 404/2945/2945 408/2946/2946
f 404/2947/2947 406/2948/2948 408/2949/2949
f 424/2950/2950 426/2951/2951 432/2952/2952
f 426/2953/2953 428/2954/2954 432/2955/2955
f 428/2956/2956 430/2957/2957 432/2958/2958
f 432/2959/2959 434/2960/2960 440/2961/2961
f 434/2962/2962 436/2963/2963 440/2964/2964
f 440/2965/2965 442/2966/2966 444/2967/2967
f 456/2968/2968 458/2969/2969 460/2970/2970
f 468/2971/2971 470/2972/2972 472/2973/2973
f 472/2974/2974 474/2975/2975 480/2976/2976
f 474/2977/2977 476/2978/2978 480/2979/2979
f 488/2980/2980 490/2981/2981 496/2982/2982
f 490/2983/2983 492/2984/2984 496/2985/2985
f 500/2986/2986 502/2987/2987 496/2988/2988
f 502/2989/2989 504/2990/2990 496/2991/2991
f 504/2992/2992 506/2993/2993 512/2994/2994
f 506/2995/2995 508/2996/2996 512/2997/2997
f 392/2998/2998 396/2999/2999 400/3000/3000
f 408/3001/3001 412/3002/3002 416/3003/3003
f 416/3004/3004 420/3005/3005 424/3006/3006
f 440/3007/3007 444/3008/3008 432/3009/3009
f 444/3010/3010 448/3011/3011 432/3012/3012
f 448/3013/3013 452/3014/3014 456/3015/3015
f 456/3016/3016 460/3017/3017 464/3018/3018
f 464/3019/3019 468/3020/3020 472/3021/3021
f 480/3022/3022 484/3023/3023 488/3024/3024
f 512/3025/3025 392/3026/3026 400/3027/3027
f 400/3028/3028 408/3029/3029 416/3030/3030
f 416/3031/3031 424/3032/3032 432/3033/3033
f 448/3034/3034 456/3035/3035 464/3036/3036
f 464/3037/3037 472/3038/3038 448/3039/3039
f 472/3040/3040 480/3041/3041 448/3042/3042
f 480/3043/3043 488/3044/3044 496/3045/3045
f 496/3046/3046 504/3047/3047 512/3048/3048
f 512/3049/3049 400/3050/3050 448/3051/3051
f 400/3052/3052 416/3053/3053 448/3054/3054
f 416/3055/3055 432/3056/3056 448/3057/3057
f 480/3058/3058 496/3059/3059 448/3060/3060
o machined_ring_edge_-1
v -0.0146500003 -0.0147000002 0.1040000021
v -0.0146500003 -0.0146822939 0.1047213003
v -0.0146500003 -0.0146292159 0.1054408550
v -0.0146500003 -0.0145408949 0.1061569452
v -0.0146500003 -0.0144175440 0.1068678349
v -0.0146500003 -0.0142594604 0.1075718105
v -0.0146500003 -0.0140670240 0.1082671881
v -0.0146500003 -0.0138406977 0.1089522839
v -0.0146500003 -0.0135810291 0.1096254513
v -0.0146500003 -0.0132886432 0.1102850586
v -0.0146500003 -0.0129642440 0.1109295413
v -0.0146500003 -0.0126086110 0.1115573198
v -0.0146500003 -0.0122226030 0.1121668890
v -0.0146500003 -0.0118071511 0.1127567887
v -0.0146500003 -0.0113632539 0.1133255884
v -0.0146500003 -0.0108919814 0.1138719246
v -0.0146500003 -0.0103944698 0.1143944785
v -0.0146500003 -0.0098719168 0.1148919910
v -0.0146500003 -0.0093255816 0.1153632551
v -0.0146500003 -0.0087567801 0.1158071607
v -0.0146500003 -0.0081668831 0.1162226051
v -0.0146500003 -0.0075573106 0.1166086197
v -0.0146500003 -0.0069295322 0.1169642434
v -0.0146500003 -0.0062850602 0.1172886491
v -0.0146500003 -0.0056254468 0.1175810397
v -0.0146500003 -0.0049522812 0.1178407073
v -0.0146500003 -0.0042671850 0.1180670261
v -0.0146500003 -0.0035718088 0.1182594672
v -0.0146500003 -0.0028678279 0.1184175462
v -0.0146500003 -0.0021569382 0.1185408980
v -0.0146500003 -0.0014408519 0.1186292171
v -0.0146500003 -0.0007212948 0.1186823025
v -0.0146500003 -0.0000000000 0.1187000051
v -0.0146500003 0.0007212948 0.1186823025
v -0.0146500003 0.0014408519 0.1186292171
v -0.0146500003 0.0021569382 0.1185408980
v -0.0146500003 0.0028678279 0.1184175462
v -0.0146500003 0.0035718088 0.1182594672
v -0.0146500003 0.0042671850 0.1180670261
v -0.0146500003 0.0049522812 0.1178407073
v -0.0146500003 0.0056254468 0.1175810397
v -0.0146500003 0.0062850602 0.1172886491
v -0.0146500003 0.0069295322 0.1169642434
v -0.0146500003 0.0075573106 0.1166086197
v -0.0146500003 0.0081668831 0.1162226051
v -0.0146500003 0.0087567801 0.1158071607
v -0.0146500003 0.0093255816 0.1153632551
v -0.0146500003 0.0098719168 0.1148919910
v -0.0146500003 0.0103944698 0.1143944785
v -0.0146500003 0.0108919814 0.1138719246
v -0.0146500003 0.0113632539 0.1133255884
v -0.0146500003 0.0118071511 0.1127567887
v -0.0146500003 0.0122226030 0.1121668890
v -0.0146500003 0.0126086110 0.1115573198
v -0.0146500003 0.0129642440 0.1109295413
v -0.0146500003 0.0132886432 0.1102850586
v -0.0146500003 0.0135810291 0.1096254513
v -0.0146500003 0.0138406977 0.1089522839
v -0.0146500003 0.0140670240 0.1082671881
v -0.0146500003 0.0142594604 0.1075718105
v -0.0146500003 0.0144175440 0.1068678349
v -0.0146500003 0.0145408949 0.1061569452
v -0.0146500003 0.0146292159 0.1054408550
v -0.0146500003 0.0146822939 0.1047213003
v -0.0146500003 0.0147000002 0.1040000021
v -0.0146500003 0.0146822939 0.1032787040
v -0.0146500003 0.0146292159 0.1025591567
v -0.0146500003 0.0145408949 0.1018430665
v -0.0146500003 0.0144175440 0.1011321768
v -0.0146500003 0.0142594604 0.1004281938
v -0.0146500003 0.0140670240 0.0997328237
v -0.0146500003 0.0138406977 0.0990477279
v -0.0146500003 0.0135810291 0.0983745605
v -0.0146500003 0.0132886432 0.0977149457
v -0.0146500003 0.0129642440 0.0970704705
v -0.0146500003 0.0126086110 0.0964426920
v -0.0146500003 0.0122226030 0.0958331227
v -0.0146500003 0.0118071511 0.0952432230
v -0.0146500003 0.0113632539 0.0946744233
v -0.0146500003 0.0108919814 0.0941280872
v -0.0146500003 0.0103944698 0.0936055332
v -0.0146500003 0.0098719168 0.0931080207
v -0.0146500003 0.0093255816 0.0926367566
v -0.0146500003 0.0087567801 0.0921928510
v -0.0146500003 0.0081668831 0.0917773992
v -0.0146500003 0.0075573106 0.0913913921
v -0.0146500003 0.0069295322 0.0910357609
v -0.0146500003 0.0062850602 0.0907113627
v -0.0146500003 0.0056254468 0.0904189721
v -0.0146500003 0.0049522812 0.0901593044
v -0.0146500003 0.0042671850 0.0899329782
v -0.0146500003 0.0035718088 0.0897405446
v -0.0146500003 0.0028678279 0.0895824656
v -0.0146500003 0.0021569382 0.0894591138
v -0.0146500003 0.0014408519 0.0893707946
v -0.0146500003 0.0007212948 0.0893177092
v -0.0146500003 0.0000000000 0.0893000066
v -0.0146500003 -0.0007212948 0.0893177092
v -0.0146500003 -0.0014408519 0.0893707946
v -0.0146500003 -0.0021569382 0.0894591138
v -0.0146500003 -0.0028678279 0.0895824656
v -0.0146500003 -0.0035718088 0.0897405446
v -0.0146500003 -0.0042671850 0.0899329782
v -0.0146500003 -0.0049522812 0.0901593044
v -0.0146500003 -0.0056254468 0.0904189721
v -0.0146500003 -0.0062850602 0.0907113627
v -0.0146500003 -0.0069295322 0.0910357609
v -0.0146500003 -0.0075573106 0.0913913921
v -0.0146500003 -0.0081668831 0.0917773992
v -0.0146500003 -0.0087567801 0.0921928510
v -0.0146500003 -0.0093255816 0.0926367566
v -0.0146500003 -0.0098719168 0.0931080207
v -0.0146500003 -0.0103944698 0.0936055332
v -0.0146500003 -0.0108919814 0.0941280872
v -0.0146500003 -0.0113632539 0.0946744233
v -0.0146500003 -0.0118071511 0.0952432230
v -0.0146500003 -0.0122226030 0.0958331227
v -0.0146500003 -0.0126086110 0.0964426920
v -0.0146500003 -0.0129642440 0.0970704705
v -0.0146500003 -0.0132886432 0.0977149457
v -0.0146500003 -0.0135810291 0.0983745605
v -0.0146500003 -0.0138406977 0.0990477279
v -0.0146500003 -0.0140670240 0.0997328237
v -0.0146500003 -0.0142594604 0.1004281938
v -0.0146500003 -0.0144175440 0.1011321768
v -0.0146500003 -0.0145408949 0.1018430665
v -0.0146500003 -0.0146292159 0.1025591567
v -0.0146500003 -0.0146822939 0.1032787040
v -0.0147500010 -0.0147800008 0.1040000021
v -0.0147500010 -0.0147621976 0.1047252268
v -0.0147500010 -0.0147088310 0.1054487005
v -0.0147500010 -0.0146200294 0.1061686799
v -0.0147500010 -0.0144960070 0.1068834439
v -0.0147500010 -0.0143370628 0.1075912490
v -0.0147500010 -0.0141435796 0.1082904115
v -0.0147500010 -0.0139160221 0.1089792401
v -0.0147500010 -0.0136549408 0.1096560657
v -0.0147500010 -0.0133609623 0.1103192717
v -0.0147500010 -0.0130347973 0.1109672487
v -0.0147500010 -0.0126772299 0.1115984470
v -0.0147500010 -0.0122891208 0.1122113317
v -0.0147500010 -0.0118714077 0.1128044426
v -0.0147500010 -0.0114250956 0.1133763418
v -0.0147500010 -0.0109512582 0.1139256507
v -0.0147500010 -0.0104510393 0.1144510433
v -0.0147500010 -0.0099256411 0.1149512604
v -0.0147500010 -0.0093763331 0.1154251024
v -0.0147500010 -0.0088044358 0.1158714145
v -0.0147500010 -0.0082113286 0.1162891313
v -0.0147500010 -0.0075984392 0.1166772395
v -0.0147500010 -0.0069672442 0.1170348004
v -0.0147500010 -0.0063192649 0.1173609644
v -0.0147500010 -0.0056560612 0.1176549420
v -0.0147500010 -0.0049792319 0.1179160252
v -0.0147500010 -0.0042904080 0.1181435809
v -0.0147500010 -0.0035912474 0.1183370650
v -0.0147500010 -0.0028834352 0.1184960082
v -0.0147500010 -0.0021686766 0.1186200306
v -0.0147500010 -0.0014486933 0.1187088341
v -0.0147500010 -0.0007252202 0.1187622026
v -0.0147500010 -0.0000000000 0.1187800020
v -0.0147500010 0.0007252202 0.1187622026
v -0.0147500010 0.0014486933 0.1187088341
v -0.0147500010 0.0021686766 0.1186200306
v -0.0147500010 0.0028834352 0.1184960082
v -0.0147500010 0.0035912474 0.1183370650
v -0.0147500010 0.0042904080 0.1181435809
v -0.0147500010 0.0049792319 0.1179160252
v -0.0147500010 0.0056560612 0.1176549420
v -0.0147500010 0.0063192649 0.1173609644
v -0.0147500010 0.0069672442 0.1170348004
v -0.0147500010 0.0075984392 0.1166772395
v -0.0147500010 0.0082113286 0.1162891313
v -0.0147500010 0.0088044358 0.1158714145
v -0.0147500010 0.0093763331 0.1154251024
v -0.0147500010 0.0099256411 0.1149512604
v -0.0147500010 0.0104510393 0.1144510433
v -0.0147500010 0.0109512582 0.1139256507
v -0.0147500010 0.0114250956 0.1133763418
v -0.0147500010 0.0118714077 0.1128044426
v -0.0147500010 0.0122891208 0.1122113317
v -0.0147500010 0.0126772299 0.1115984470
v -0.0147500010 0.0130347973 0.1109672487
v -0.0147500010 0.0133609623 0.1103192717
v -0.0147500010 0.0136549408 0.1096560657
v -0.0147500010 0.0139160221 0.1089792401
v -0.0147500010 0.0141435796 0.1082904115
v -0.0147500010 0.0143370628 0.1075912490
v -0.0147500010 0.0144960070 0.1068834439
v -0.0147500010 0.0146200294 0.1061686799
v -0.0147500010 0.0147088310 0.1054487005
v -0.0147500010 0.0147621976 0.1047252268
v -0.0147500010 0.0147800008 0.1040000021
v -0.0147500010 0.0147621976 0.1032747850
v -0.0147500010 0.0147088310 0.1025513113
v -0.0147500010 0.0146200294 0.1018313244
v -0.0147500010 0.0144960070 0.1011165679
v -0.0147500010 0.0143370628 0.1004087552
v -0.0147500010 0.0141435796 0.0997096002
v -0.0147500010 0.0139160221 0.0990207717
v -0.0147500010 0.0136549408 0.0983439460
v -0.0147500010 0.0133609623 0.0976807401
v -0.0147500010 0.0130347973 0.0970327556
v -0.0147500010 0.0126772299 0.0964015648
v -0.0147500010 0.0122891208 0.0957886800
v -0.0147500010 0.0118714077 0.0951955691
v -0.0147500010 0.0114250956 0.0946236700
v -0.0147500010 0.0109512582 0.0940743610
v -0.0147500010 0.0104510393 0.0935489684
v -0.0147500010 0.0099256411 0.0930487514
v -0.0147500010 0.0093763331 0.0925749093
v -0.0147500010 0.0088044358 0.0921285972
v -0.0147500010 0.0082113286 0.0917108804
v -0.0147500010 0.0075984392 0.0913227722
v -0.0147500010 0.0069672442 0.0909652039
v -0.0147500010 0.0063192649 0.0906390399
v -0.0147500010 0.0056560612 0.0903450698
v -0.0147500010 0.0049792319 0.0900839791
v -0.0147500010 0.0042904080 0.0898564234
v -0.0147500010 0.0035912474 0.0896629468
v -0.0147500010 0.0028834352 0.0895040035
v -0.0147500010 0.0021686766 0.0893799812
v -0.0147500010 0.0014486933 0.0892911702
v -0.0147500010 0.0007252202 0.0892378017
v -0.0147500010 0.0000000000 0.0892200023
v -0.0147500010 -0.0007252202 0.0892378017
v -0.0147500010 -0.0014486933 0.0892911702
v -0.0147500010 -0.0021686766 0.0893799812
v -0.0147500010 -0.0028834352 0.0895040035
v -0.0147500010 -0.0035912474 0.0896629468
v -0.0147500010 -0.0042904080 0.0898564234
v -0.0147500010 -0.0049792319 0.0900839791
v -0.0147500010 -0.0056560612 0.0903450698
v -0.0147500010 -0.0063192649 0.0906390399
v -0.0147500010 -0.0069672442 0.0909652039
v -0.0147500010 -0.0075984392 0.0913227722
v -0.0147500010 -0.0082113286 0.0917108804
v -0.0147500010 -0.0088044358 0.0921285972
v -0.0147500010 -0.0093763331 0.0925749093
v -0.0147500010 -0.0099256411 0.0930487514
v -0.0147500010 -0.0104510393 0.0935489684
v -0.0147500010 -0.0109512582 0.0940743610
v -0.0147500010 -0.0114250956 0.0946236700
v -0.0147500010 -0.0118714077 0.0951955691
v -0.0147500010 -0.0122891208 0.0957886800
v -0.0147500010 -0.0126772299 0.0964015648
v -0.0147500010 -0.0130347973 0.0970327556
v -0.0147500010 -0.0133609623 0.0976807401
v -0.0147500010 -0.0136549408 0.0983439460
v -0.0147500010 -0.0139160221 0.0990207717
v -0.0147500010 -0.0141435796 0.0997096002
v -0.0147500010 -0.0143370628 0.1004087552
v -0.0147500010 -0.0144960070 0.1011165679
v -0.0147500010 -0.0146200294 0.1018313244
v -0.0147500010 -0.0147088310 0.1025513113
v -0.0147500010 -0.0147621976 0.1032747850
v -0.0148900002 -0.0146500003 0.1040000021
v -0.0148900002 -0.0146323545 0.1047188491
v -0.0148900002 -0.0145794572 0.1054359525
v -0.0148900002 -0.0144914370 0.1061496064
v -0.0148900002 -0.0143685052 0.1068580747
v -0.0148900002 -0.0142109580 0.1075596660
v -0.0148900002 -0.0140191764 0.1082526743
v -0.0148900002 -0.0137936212 0.1089354455
v -0.0148900002 -0.0135348355 0.1096063182
v -0.0148900002 -0.0132434443 0.1102636829
v -0.0148900002 -0.0129201477 0.1109059677
v -0.0148900002 -0.0125657246 0.1115316153
v -0.0148900002 -0.0121810306 0.1121391132
v -0.0148900002 -0.0117669916 0.1127270013
v -0.0148900002 -0.0113246040 0.1132938638
v -0.0148900002 -0.0108549343 0.1138383448
v -0.0148900002 -0.0103591150 0.1143591180
v -0.0148900002 -0.0098383389 0.1148549393
v -0.0148900002 -0.0092938617 0.1153246090
v -0.0148900002 -0.0087269945 0.1157669947
v -0.0148900002 -0.0081391046 0.1161810383
v -0.0148900002 -0.0075316057 0.1165657341
v -0.0148900002 -0.0069059622 0.1169201583
v -0.0148900002 -0.0062636822 0.1172434539
v -0.0148900002 -0.0056063128 0.1175348386
v -0.0148900002 -0.0049354364 0.1177936196
v -0.0148900002 -0.0042526703 0.1180191785
v -0.0148900002 -0.0035596599 0.1182109639
v -0.0148900002 -0.0028580735 0.1183685139
v -0.0148900002 -0.0021496015 0.1184914485
v -0.0148900002 -0.0014359512 0.1185794547
v -0.0148900002 -0.0007188414 0.1186323613
v -0.0148900002 -0.0000000000 0.1186500043
v -0.0148900002 0.0007188414 0.1186323613
v -0.0148900002 0.0014359512 0.1185794547
v -0.0148900002 0.0021496015 0.1184914485
v -0.0148900002 0.0028580735 0.1183685139
v -0.0148900002 0.0035596599 0.1182109639
v -0.0148900002 0.0042526703 0.1180191785
v -0.0148900002 0.0049354364 0.1177936196
v -0.0148900002 0.0056063128 0.1175348386
v -0.0148900002 0.0062636822 0.1172434539
v -0.0148900002 0.0069059622 0.1169201583
v -0.0148900002 0.0075316057 0.1165657341
v -0.0148900002 0.0081391046 0.1161810383
v -0.0148900002 0.0087269945 0.1157669947
v -0.0148900002 0.0092938617 0.1153246090
v -0.0148900002 0.0098383389 0.1148549393
v -0.0148900002 0.0103591150 0.1143591180
v -0.0148900002 0.0108549343 0.1138383448
v -0.0148900002 0.0113246040 0.1132938638
v -0.0148900002 0.0117669916 0.1127270013
v -0.0148900002 0.0121810306 0.1121391132
v -0.0148900002 0.0125657246 0.1115316153
v -0.0148900002 0.0129201477 0.1109059677
v -0.0148900002 0.0132434443 0.1102636829
v -0.0148900002 0.0135348355 0.1096063182
v -0.0148900002 0.0137936212 0.1089354455
v -0.0148900002 0.0140191764 0.1082526743
v -0.0148900002 0.0142109580 0.1075596660
v -0.0148900002 0.0143685052 0.1068580747
v -0.0148900002 0.0144914370 0.1061496064
v -0.0148900002 0.0145794572 0.1054359525
v -0.0148900002 0.0146323545 0.1047188491
v -0.0148900002 0.0146500003 0.1040000021
v -0.0148900002 0.0146323545 0.1032811627
v -0.0148900002 0.0145794572 0.1025640517
v -0.0148900002 0.0144914370 0.1018503979
v -0.0148900002 0.0143685052 0.1011419371
v -0.0148900002 0.0142109580 0.1004403457
v -0.0148900002 0.0140191764 0.0997473374
v -0.0148900002 0.0137936212 0.0990645662
v -0.0148900002 0.0135348355 0.0983936861
v -0.0148900002 0.0132434443 0.0977363288
v -0.0148900002 0.0129201477 0.0970940441
v -0.0148900002 0.0125657246 0.0964683965
v -0.0148900002 0.0121810306 0.0958608985
v -0.0148900002 0.0117669916 0.0952730104
v -0.0148900002 0.0113246040 0.0947061405
v -0.0148900002 0.0108549343 0.0941616669
v -0.0148900002 0.0103591150 0.0936408862
v -0.0148900002 0.0098383389 0.0931450725
v -0.0148900002 0.0092938617 0.0926754028
v -0.0148900002 0.0087269945 0.0922330171
v -0.0148900002 0.0081391046 0.0918189734
v -0.0148900002 0.0075316057 0.0914342776
v -0.0148900002 0.0069059622 0.0910798535
v -0.0148900002 0.0062636822 0.0907565579
v -0.0148900002 0.0056063128 0.0904651657
v -0.0148900002 0.0049354364 0.0902063847
v -0.0148900002 0.0042526703 0.0899808332
v -0.0148900002 0.0035596599 0.0897890404
v -0.0148900002 0.0028580735 0.0896314979
v -0.0148900002 0.0021496015 0.0895085633
v -0.0148900002 0.0014359512 0.0894205496
v -0.0148900002 0.0007188414 0.0893676504
v -0.0148900002 0.0000000000 0.0893500000
v -0.0148900002 -0.0007188414 0.0893676504
v -0.0148900002 -0.0014359512 0.0894205496
v -0.0148900002 -0.0021496015 0.0895085633
v -0.0148900002 -0.0028580735 0.0896314979
v -0.0148900002 -0.0035596599 0.0897890404
v -0.0148900002 -0.0042526703 0.0899808332
v -0.0148900002 -0.0049354364 0.0902063847
v -0.0148900002 -0.0056063128 0.0904651657
v -0.0148900002 -0.0062636822 0.0907565579
v -0.0148900002 -0.0069059622 0.0910798535
v -0.0148900002 -0.0075316057 0.0914342776
v -0.0148900002 -0.0081391046 0.0918189734
v -0.0148900002 -0.0087269945 0.0922330171
v -0.0148900002 -0.0092938617 0.0926754028
v -0.0148900002 -0.0098383389 0.0931450725
v -0.0148900002 -0.0103591150 0.0936408862
v -0.0148900002 -0.0108549343 0.0941616669
v -0.0148900002 -0.0113246040 0.0947061405
v -0.0148900002 -0.0117669916 0.0952730104
v -0.0148900002 -0.0121810306 0.0958608985
v -0.0148900002 -0.0125657246 0.0964683965
v -0.0148900002 -0.0129201477 0.0970940441
v -0.0148900002 -0.0132434443 0.0977363288
v -0.0148900002 -0.0135348355 0.0983936861
v -0.0148900002 -0.0137936212 0.0990645662
v -0.0148900002 -0.0140191764 0.0997473374
v -0.0148900002 -0.0142109580 0.1004403457
v -0.0148900002 -0.0143685052 0.1011419371
v -0.0148900002 -0.0144914370 0.1018503979
v -0.0148900002 -0.0145794572 0.1025640517
v -0.0148900002 -0.0146323545 0.1032811627
v -0.0148900002 -0.0145000005 0.1040000021
v -0.0148900002 -0.0144825354 0.1047114804
v -0.0148900002 -0.0144301793 0.1054212525
v -0.0148900002 -0.0143430606 0.1061275974
v -0.0148900002 -0.0142213879 0.1068288162
v -0.0148900002 -0.0140654538 0.1075232178
v -0.0148900002 -0.0138756353 0.1082091331
v -0.0148900002 -0.0136523889 0.1088849083
v -0.0148900002 -0.0133962538 0.1095489189
v -0.0148900002 -0.0131078446 0.1101995558
v -0.0148900002 -0.0127878590 0.1108352542
v -0.0148900002 -0.0124370661 0.1114544943
v -0.0148900002 -0.0120563107 0.1120557785
v -0.0148900002 -0.0116465101 0.1126376465
v -0.0148900002 -0.0112086525 0.1131987050
v -0.0148900002 -0.0107437922 0.1137376055
v -0.0148900002 -0.0102530485 0.1142530590
v -0.0148900002 -0.0097376052 0.1147437915
v -0.0148900002 -0.0091987029 0.1152086556
v -0.0148900002 -0.0086376406 0.1156465113
v -0.0148900002 -0.0080557680 0.1160563156
v -0.0148900002 -0.0074544903 0.1164370701
v -0.0148900002 -0.0068352530 0.1167878658
v -0.0148900002 -0.0061995490 0.1171078458
v -0.0148900002 -0.0055489098 0.1173962578
v -0.0148900002 -0.0048849033 0.1176523939
v -0.0148900002 -0.0042091282 0.1178756356
v -0.0148900002 -0.0035232129 0.1180654615
v -0.0148900002 -0.0028288099 0.1182213947
v -0.0148900002 -0.0021275920 0.1183430701
v -0.0148900002 -0.0014212487 0.1184301823
v -0.0148900002 -0.0007114813 0.1184825450
v -0.0148900002 -0.0000000000 0.1185000092
v -0.0148900002 0.0007114813 0.1184825450
v -0.0148900002 0.0014212487 0.1184301823
v -0.0148900002 0.0021275920 0.1183430701
v -0.0148900002 0.0028288099 0.1182213947
v -0.0148900002 0.0035232129 0.1180654615
v -0.0148900002 0.0042091282 0.1178756356
v -0.0148900002 0.0048849033 0.1176523939
v -0.0148900002 0.0055489098 0.1173962578
v -0.0148900002 0.0061995490 0.1171078458
v -0.0148900002 0.0068352530 0.1167878658
v -0.0148900002 0.0074544903 0.1164370701
v -0.0148900002 0.0080557680 0.1160563156
v -0.0148900002 0.0086376406 0.1156465113
v -0.0148900002 0.0091987029 0.1152086556
v -0.0148900002 0.0097376052 0.1147437915
v -0.0148900002 0.0102530485 0.1142530590
v -0.0148900002 0.0107437922 0.1137376055
v -0.0148900002 0.0112086525 0.1131987050
v -0.0148900002 0.0116465101 0.1126376465
v -0.0148900002 0.0120563107 0.1120557785
v -0.0148900002 0.0124370661 0.1114544943
v -0.0148900002 0.0127878590 0.1108352542
v -0.0148900002 0.0131078446 0.1101995558
v -0.0148900002 0.0133962538 0.1095489189
v -0.0148900002 0.0136523889 0.1088849083
v -0.0148900002 0.0138756353 0.1082091331
v -0.0148900002 0.0140654538 0.1075232178
v -0.0148900002 0.0142213879 0.1068288162
v -0.0148900002 0.0143430606 0.1061275974
v -0.0148900002 0.0144301793 0.1054212525
v -0.0148900002 0.0144825354 0.1047114804
v -0.0148900002 0.0145000005 0.1040000021
v -0.0148900002 0.0144825354 0.1032885239
v -0.0148900002 0.0144301793 0.1025787592
v -0.0148900002 0.0143430606 0.1018724144
v -0.0148900002 0.0142213879 0.1011711955
v -0.0148900002 0.0140654538 0.1004767865
v -0.0148900002 0.0138756353 0.0997908786
v -0.0148900002 0.0136523889 0.0991151035
v -0.0148900002 0.0133962538 0.0984510928
v -0.0148900002 0.0131078446 0.0978004560
v -0.0148900002 0.0127878590 0.0971647501
v -0.0148900002 0.0124370661 0.0965455174
v -0.0148900002 0.0120563107 0.0959442332
v -0.0148900002 0.0116465101 0.0953623652
v -0.0148900002 0.0112086525 0.0948013067
v -0.0148900002 0.0107437922 0.0942623988
v -0.0148900002 0.0102530485 0.0937469527
v -0.0148900002 0.0097376052 0.0932562128
v -0.0148900002 0.0091987029 0.0927913561
v -0.0148900002 0.0086376406 0.0923535004
v -0.0148900002 0.0080557680 0.0919436887
v -0.0148900002 0.0074544903 0.0915629417
v -0.0148900002 0.0068352530 0.0912121460
v -0.0148900002 0.0061995490 0.0908921659
v -0.0148900002 0.0055489098 0.0906037465
v -0.0148900002 0.0048849033 0.0903476179
v -0.0148900002 0.0042091282 0.0901243687
v -0.0148900002 0.0035232129 0.0899345502
v -0.0148900002 0.0028288099 0.0897786170
v -0.0148900002 0.0021275920 0.0896569416
v -0.0148900002 0.0014212487 0.0895698294
v -0.0148900002 0.0007114813 0.0895174667
v -0.0148900002 0.0000000000 0.0895000026
v -0.0148900002 -0.0007114813 0.0895174667
v -0.0148900002 -0.0014212487 0.0895698294
v -0.0148900002 -0.0021275920 0.0896569416
v -0.0148900002 -0.0028288099 0.0897786170
v -0.0148900002 -0.0035232129 0.0899345502
v -0.0148900002 -0.0042091282 0.0901243687
v -0.0148900002 -0.0048849033 0.0903476179
v -0.0148900002 -0.0055489098 0.0906037465
v -0.0148900002 -0.0061995490 0.0908921659
v -0.0148900002 -0.0068352530 0.0912121460
v -0.0148900002 -0.0074544903 0.0915629417
v -0.0148900002 -0.0080557680 0.0919436887
v -0.0148900002 -0.0086376406 0.0923535004
v -0.0148900002 -0.0091987029 0.0927913561
v -0.0148900002 -0.0097376052 0.0932562128
v -0.0148900002 -0.0102530485 0.0937469527
v -0.0148900002 -0.0107437922 0.0942623988
v -0.0148900002 -0.0112086525 0.0948013067
v -0.0148900002 -0.0116465101 0.0953623652
v -0.0148900002 -0.0120563107 0.0959442332
v -0.0148900002 -0.0124370661 0.0965455174
v -0.0148900002 -0.0127878590 0.0971647501
v -0.0148900002 -0.0131078446 0.0978004560
v -0.0148900002 -0.0133962538 0.0984510928
v -0.0148900002 -0.0136523889 0.0991151035
v -0.0148900002 -0.0138756353 0.0997908786
v -0.0148900002 -0.0140654538 0.1004767865
v -0.0148900002 -0.0142213879 0.1011711955
v -0.0148900002 -0.0143430606 0.1018724144
v -0.0148900002 -0.0144301793 0.1025787592
v -0.0148900002 -0.0144825354 0.1032885239
vt -0.31918031 0.84113497
vt -0.32130435 0.83534139
vt -0.31956521 0.83534139
vt -0.31802642 0.84691447
vt -0.32091734 0.84116650
vt -0.31918031 0.84113497
vt -0.31610641 0.85266620
vt -0.31975719 0.84697753
vt -0.31802642 0.84691447
vt -0.31610641 0.85266620
vt -0.31513059 0.85850155
vt -0.31782672 0.85276049
vt -0.30998826 0.86403060
vt -0.31513059 0.85850155
vt -0.31342486 0.85837620
vt -0.30580488 0.86961597
vt -0.31167528 0.86418676
vt -0.30998826 0.86403060
vt -0.30088472 0.87511873
vt -0.30746913 0.86980247
vt -0.30580488 0.86961597
vt -0.29523978 0.88052571
vt -0.30252221 0.87533528
vt -0.30088472 0.87511873
vt -0.28888354 0.88582379
vt -0.29684654 0.88077164
vt -0.29523978 0.88052571
vt -0.28183138 0.89100033
vt -0.29045570 0.88609856
vt -0.28888354 0.88582379
vt -0.28183138 0.89100033
vt -0.27559197 0.89637309
vt -0.28336516 0.89130318
vt -0.27410024 0.89604270
vt -0.26715481 0.90129584
vt -0.27559197 0.89637309
vt -0.26570877 0.90093887
vt -0.25807407 0.90605980
vt -0.26715481 0.90129584
vt -0.25667721 0.90567702
vt -0.24837165 0.91065335
vt -0.25807407 0.90605980
vt -0.23678221 0.91463393
vt -0.24837165 0.91065335
vt -0.24702726 0.91024572
vt -0.23678221 0.91463393
vt -0.22719650 0.91928548
vt -0.23807083 0.91506547
vt -0.22596674 0.91883117
vt -0.21577480 0.92330331
vt -0.22719650 0.91928548
vt -0.21460688 0.92282724
vt -0.20383333 0.92710924
vt -0.21577480 0.92330331
vt -0.19036478 0.93017799
vt -0.20383333 0.92710924
vt -0.20273003 0.92661250
vt -0.17754094 0.93351489
vt -0.19140078 0.93069410
vt -0.19036478 0.93017799
vt -0.16428936 0.93661541
vt -0.17850715 0.93404925
vt -0.17754094 0.93351489
vt -0.15064201 0.93947184
vt -0.16518345 0.93716657
vt -0.16428936 0.93661541
vt -0.15064201 0.93947184
vt -0.13737532 0.94265836
vt -0.15146182 0.94003856
vt -0.13663174 0.94207752
vt -0.12295786 0.94501960
vt -0.13737532 0.94265836
vt -0.12229232 0.94442600
vt -0.10824417 0.94711667
vt -0.12295786 0.94501960
vt -0.10765829 0.94651169
vt -0.09326974 0.94894445
vt -0.10824417 0.94711667
vt -0.09276489 0.94832951
vt -0.07807060 0.95049852
vt -0.09326974 0.94894445
vt -0.07764801 0.94987524
vt -0.06268337 0.95177519
vt -0.07807060 0.95049852
vt -0.06234409 0.95114493
vt -0.04714514 0.95277131
vt -0.06268337 0.95177519
vt -0.03132287 0.95284510
vt -0.04714514 0.95277131
vt -0.04688996 0.95213574
vt -0.01568032 0.95327151
vt -0.03149333 0.95348459
vt -0.03132287 0.95284510
vt -0.01568032 0.95327151
vt -0.00000000 0.95405626
vt -0.01576566 0.95391327
vt 0.01568032 0.95327151
vt -0.00000000 0.95405626
vt -0.00000000 0.95341372
vt 0.01568032 0.95327151
vt 0.03149333 0.95348459
vt 0.01576566 0.95391327
vt 0.03132287 0.95284510
vt 0.04714514 0.95277131
vt 0.03149333 0.95348459
vt 0.06234409 0.95114493
vt 0.04714514 0.95277131
vt 0.04688996 0.95213574
vt 0.07764801 0.94987524
vt 0.06268337 0.95177519
vt 0.06234409 0.95114493
vt 0.09276489 0.94832951
vt 0.07807060 0.95049852
vt 0.07764801 0.94987524
vt 0.10765829 0.94651169
vt 0.09326974 0.94894445
vt 0.09276489 0.94832951
vt 0.12229232 0.94442600
vt 0.10824417 0.94711667
vt 0.10765829 0.94651169
vt 0.13663174 0.94207752
vt 0.12295786 0.94501960
vt 0.12229232 0.94442600
vt 0.15064201 0.93947184
vt 0.13737532 0.94265836
vt 0.13663174 0.94207752
vt 0.15064201 0.93947184
vt 0.16518345 0.93716657
vt 0.15146182 0.94003856
vt 0.16428936 0.93661541
vt 0.17850715 0.93404925
vt 0.16518345 0.93716657
vt 0.17754094 0.93351489
vt 0.19140078 0.93069410
vt 0.17850715 0.93404925
vt 0.19036478 0.93017799
vt 0.20383333 0.92710924
vt 0.19140078 0.93069410
vt 0.21460688 0.92282724
vt 0.20383333 0.92710924
vt 0.20273003 0.92661250
vt 0.22596674 0.91883117
vt 0.21577480 0.92330331
vt 0.21460688 0.92282724
vt 0.23678221 0.91463393
vt 0.22719650 0.91928548
vt 0.22596674 0.91883117
vt 0.23678221 0.91463393
vt 0.24837165 0.91065335
vt 0.23807083 0.91506547
vt 0.25667721 0.90567702
vt 0.24837165 0.91065335
vt 0.24702726 0.91024572
vt 0.26570877 0.90093887
vt 0.25807407 0.90605980
vt 0.25667721 0.90567702
vt 0.27410024 0.89604270
vt 0.26715481 0.90129584
vt 0.26570877 0.90093887
vt 0.28183138 0.89100033
vt 0.27559197 0.89637309
vt 0.27410024 0.89604270
vt 0.28183138 0.89100033
vt 0.29045570 0.88609856
vt 0.28336516 0.89130318
vt 0.28888354 0.88582379
vt 0.29684654 0.88077164
vt 0.29045570 0.88609856
vt 0.29523978 0.88052571
vt 0.30252221 0.87533528
vt 0.29684654 0.88077164
vt 0.30088472 0.87511873
vt 0.30746913 0.86980247
vt 0.30252221 0.87533528
vt 0.30580488 0.86961597
vt 0.31167528 0.86418676
vt 0.30746913 0.86980247
vt 0.30998826 0.86403060
vt 0.31513059 0.85850155
vt 0.31167528 0.86418676
vt 0.31610641 0.85266620
vt 0.31513059 0.85850155
vt 0.31342486 0.85837620
vt 0.31610641 0.85266620
vt 0.31975719 0.84697753
vt 0.31782672 0.85276049
vt 0.31802642 0.84691447
vt 0.32091734 0.84116650
vt 0.31975719 0.84697753
vt 0.31918031 0.84113497
vt 0.32130435 0.83534139
vt 0.32091734 0.84116650
vt 0.31956521 0.83534139
vt 0.32091734 0.82951635
vt 0.32130435 0.83534139
vt 0.31918031 0.82954782
vt 0.31975719 0.82370532
vt 0.32091734 0.82951635
vt 0.31610641 0.81801659
vt 0.31975719 0.82370532
vt 0.31802642 0.82376832
vt 0.31342486 0.81230664
vt 0.31782672 0.81792229
vt 0.31610641 0.81801659
vt 0.30998826 0.80665219
vt 0.31513059 0.81218129
vt 0.31342486 0.81230664
vt 0.30580488 0.80106688
vt 0.31167528 0.80649602
vt 0.30998826 0.80665219
vt 0.30088472 0.79556406
vt 0.30746913 0.80088031
vt 0.30580488 0.80106688
vt 0.29523978 0.79015714
vt 0.30252221 0.79534757
vt 0.30088472 0.79556406
vt 0.28888354 0.78485900
vt 0.29684654 0.78991121
vt 0.29523978 0.79015714
vt 0.28183138 0.77968252
vt 0.29045570 0.78458428
vt 0.28888354 0.78485900
vt 0.27410024 0.77464008
vt 0.28336516 0.77937955
vt 0.28183138 0.77968252
vt 0.27410024 0.77464008
vt 0.26715481 0.76938701
vt 0.27559197 0.77430975
vt 0.26570877 0.76974398
vt 0.25807407 0.76462305
vt 0.26715481 0.76938701
vt 0.25667721 0.76500583
vt 0.24837165 0.76002949
vt 0.25807407 0.76462305
vt 0.23678221 0.75604892
vt 0.24837165 0.76002949
vt 0.24702726 0.76043713
vt 0.23678221 0.75604892
vt 0.22719650 0.75139731
vt 0.23807083 0.75561738
vt 0.22596674 0.75185168
vt 0.21577480 0.74737954
vt 0.22719650 0.75139731
vt 0.21460688 0.74785560
vt 0.20383333 0.74357355
vt 0.21577480 0.74737954
vt 0.19036478 0.74050480
vt 0.20383333 0.74357355
vt 0.20273003 0.74407035
vt 0.19036478 0.74050480
vt 0.17850715 0.73663360
vt 0.19140078 0.73998874
vt 0.16428936 0.73406738
vt 0.17850715 0.73663360
vt 0.17754094 0.73716784
vt 0.15064201 0.73121095
vt 0.16518345 0.73351622
vt 0.16428936 0.73406738
vt 0.13663174 0.72860533
vt 0.15146182 0.73064423
vt 0.15064201 0.73121095
vt 0.13663174 0.72860533
vt 0.12295786 0.72566319
vt 0.13737532 0.72802442
vt 0.12229232 0.72625679
vt 0.10824417 0.72356611
vt 0.12295786 0.72566319
vt 0.09276489 0.72235322
vt 0.10824417 0.72356611
vt 0.10765829 0.72417110
vt 0.09276489 0.72235322
vt 0.07807060 0.72018433
vt 0.09326974 0.72173834
vt 0.07764801 0.72080761
vt 0.06268337 0.71890765
vt 0.07807060 0.72018433
vt 0.06234409 0.71953785
vt 0.04714514 0.71791148
vt 0.06268337 0.71890765
vt 0.03132287 0.71783769
vt 0.04714514 0.71791148
vt 0.04688996 0.71854711
vt 0.01568032 0.71741134
vt 0.03149333 0.71719813
vt 0.03132287 0.71783769
vt 0.01568032 0.71741134
vt 0.00000000 0.71662652
vt 0.01576566 0.71676952
vt -0.01568032 0.71741134
vt 0.00000000 0.71662652
vt 0.00000000 0.71726912
vt -0.01568032 0.71741134
vt -0.03149333 0.71719813
vt -0.01576566 0.71676952
vt -0.03132287 0.71783769
vt -0.04714514 0.71791148
vt -0.03149333 0.71719813
vt -0.06234409 0.71953785
vt -0.04714514 0.71791148
vt -0.04688996 0.71854711
vt -0.07764801 0.72080761
vt -0.06268337 0.71890765
vt -0.06234409 0.71953785
vt -0.09276489 0.72235322
vt -0.07807060 0.72018433
vt -0.07764801 0.72080761
vt -0.09276489 0.72235322
vt -0.10824417 0.72356611
vt -0.09326974 0.72173834
vt -0.12229232 0.72625679
vt -0.10824417 0.72356611
vt -0.10765829 0.72417110
vt -0.13663174 0.72860533
vt -0.12295786 0.72566319
vt -0.12229232 0.72625679
vt -0.13663174 0.72860533
vt -0.15146182 0.73064423
vt -0.13737532 0.72802442
vt -0.15064201 0.73121095
vt -0.16518345 0.73351622
vt -0.15146182 0.73064423
vt -0.16428936 0.73406738
vt -0.17850715 0.73663360
vt -0.16518345 0.73351622
vt -0.19036478 0.74050480
vt -0.17850715 0.73663360
vt -0.17754094 0.73716784
vt -0.19036478 0.74050480
vt -0.20383333 0.74357355
vt -0.19140078 0.73998874
vt -0.21460688 0.74785560
vt -0.20383333 0.74357355
vt -0.20273003 0.74407035
vt -0.22596674 0.75185168
vt -0.21577480 0.74737954
vt -0.21460688 0.74785560
vt -0.23678221 0.75604892
vt -0.22719650 0.75139731
vt -0.22596674 0.75185168
vt -0.23678221 0.75604892
vt -0.24837165 0.76002949
vt -0.23807083 0.75561738
vt -0.25667721 0.76500583
vt -0.24837165 0.76002949
vt -0.24702726 0.76043713
vt -0.26570877 0.76974398
vt -0.25807407 0.76462305
vt -0.25667721 0.76500583
vt -0.27410024 0.77464008
vt -0.26715481 0.76938701
vt -0.26570877 0.76974398
vt -0.27410024 0.77464008
vt -0.28336516 0.77937955
vt -0.27559197 0.77430975
vt -0.28183138 0.77968252
vt -0.29045570 0.78458428
vt -0.28336516 0.77937955
vt -0.28888354 0.78485900
vt -0.29684654 0.78991121
vt -0.29045570 0.78458428
vt -0.29523978 0.79015714
vt -0.30252221 0.79534757
vt -0.29684654 0.78991121
vt -0.30088472 0.79556406
vt -0.30746913 0.80088031
vt -0.30252221 0.79534757
vt -0.30580488 0.80106688
vt -0.31167528 0.80649602
vt -0.30746913 0.80088031
vt -0.30998826 0.80665219
vt -0.31513059 0.81218129
vt -0.31167528 0.80649602
vt -0.31342486 0.81230664
vt -0.31782672 0.81792229
vt -0.31513059 0.81218129
vt -0.31610641 0.81801659
vt -0.31975719 0.82370532
vt -0.31782672 0.81792229
vt -0.31918031 0.82954782
vt -0.31975719 0.82370532
vt -0.31802642 0.82376832
vt -0.31956521 0.83534139
vt -0.32091734 0.82951635
vt -0.31918031 0.82954782
vt -0.32091734 0.84116650
vt -0.31847826 0.83534139
vt -0.32130435 0.83534139
vt -0.32091734 0.84116650
vt -0.31694472 0.84687513
vt -0.31809467 0.84111524
vt -0.31975719 0.84697753
vt -0.31503123 0.85260731
vt -0.31694472 0.84687513
vt -0.31782672 0.85276049
vt -0.31235880 0.85829777
vt -0.31503123 0.85260731
vt -0.31513059 0.85850155
vt -0.30893388 0.86393309
vt -0.31235880 0.85829777
vt -0.30746913 0.86980247
vt -0.30893388 0.86393309
vt -0.31167528 0.86418676
vt -0.30252221 0.87533528
vt -0.30476472 0.86949939
vt -0.30746913 0.86980247
vt -0.29684654 0.88077164
vt -0.29986134 0.87498349
vt -0.30252221 0.87533528
vt -0.29684654 0.88077164
vt -0.28790095 0.88565207
vt -0.29423556 0.88037205
vt -0.29045570 0.88609856
vt -0.28087276 0.89081097
vt -0.28790095 0.88565207
vt -0.27559197 0.89637309
vt -0.28087276 0.89081097
vt -0.28336516 0.89130318
vt -0.26715481 0.90129584
vt -0.27316794 0.89583629
vt -0.27559197 0.89637309
vt -0.25807407 0.90605980
vt -0.26480502 0.90071577
vt -0.26715481 0.90129584
vt -0.25807407 0.90605980
vt -0.24618705 0.90999085
vt -0.25580415 0.90543777
vt -0.24837165 0.91065335
vt -0.23597683 0.91436422
vt -0.24618705 0.90999085
vt -0.23807083 0.91506547
vt -0.22519815 0.91854715
vt -0.23597683 0.91436422
vt -0.21577480 0.92330331
vt -0.22519815 0.91854715
vt -0.22719650 0.91928548
vt -0.21577480 0.92330331
vt -0.20204048 0.92630208
vt -0.21387693 0.92252964
vt -0.20383333 0.92710924
vt -0.18971728 0.92985541
vt -0.20204048 0.92630208
vt -0.19140078 0.93069410
vt -0.17693706 0.93318105
vt -0.18971728 0.92985541
vt -0.17850715 0.93404925
vt -0.16373056 0.93627095
vt -0.17693706 0.93318105
vt -0.15146182 0.94003856
vt -0.16373056 0.93627095
vt -0.16518345 0.93716657
vt -0.13737532 0.94265836
vt -0.15012962 0.93911773
vt -0.15146182 0.94003856
vt -0.12295786 0.94501960
vt -0.13616700 0.94171447
vt -0.13737532 0.94265836
vt -0.12295786 0.94501960
vt -0.10729209 0.94613349
vt -0.12187637 0.94405490
vt -0.10824417 0.94711667
vt -0.09244935 0.94794524
vt -0.10729209 0.94613349
vt -0.07807060 0.95049852
vt -0.09244935 0.94794524
vt -0.09326974 0.94894445
vt -0.06268337 0.95177519
vt -0.07738391 0.94948566
vt -0.07807060 0.95049852
vt -0.04714514 0.95277131
vt -0.06213203 0.95075113
vt -0.06268337 0.95177519
vt -0.03149333 0.95348459
vt -0.04673047 0.95173854
vt -0.04714514 0.95277131
vt -0.03149333 0.95348459
vt -0.01562699 0.95287037
vt -0.03121633 0.95244545
vt -0.00000000 0.95405626
vt -0.01562699 0.95287037
vt -0.01576566 0.95391327
vt -0.00000000 0.95405626
vt 0.01562699 0.95287037
vt -0.00000000 0.95301211
vt 0.03149333 0.95348459
vt 0.01562699 0.95287037
vt 0.01576566 0.95391327
vt 0.03149333 0.95348459
vt 0.04673047 0.95173854
vt 0.03121633 0.95244545
vt 0.04714514 0.95277131
vt 0.06213203 0.95075113
vt 0.04673047 0.95173854
vt 0.06268337 0.95177519
vt 0.07738391 0.94948566
vt 0.06213203 0.95075113
vt 0.07807060 0.95049852
vt 0.09244935 0.94794524
vt 0.07738391 0.94948566
vt 0.10824417 0.94711667
vt 0.09244935 0.94794524
vt 0.09326974 0.94894445
vt 0.12295786 0.94501960
vt 0.10729209 0.94613349
vt 0.10824417 0.94711667
vt 0.12295786 0.94501960
vt 0.13616700 0.94171447
vt 0.12187637 0.94405490
vt 0.13737532 0.94265836
vt 0.15012962 0.93911773
vt 0.13616700 0.94171447
vt 0.15146182 0.94003856
vt 0.16373056 0.93627095
vt 0.15012962 0.93911773
vt 0.17850715 0.93404925
vt 0.16373056 0.93627095
vt 0.16518345 0.93716657
vt 0.19140078 0.93069410
vt 0.17693706 0.93318105
vt 0.17850715 0.93404925
vt 0.20383333 0.92710924
vt 0.18971728 0.92985541
vt 0.19140078 0.93069410
vt 0.21577480 0.92330331
vt 0.20204048 0.92630208
vt 0.20383333 0.92710924
vt 0.21577480 0.92330331
vt 0.22519815 0.91854715
vt 0.21387693 0.92252964
vt 0.23807083 0.91506547
vt 0.22519815 0.91854715
vt 0.22719650 0.91928548
vt 0.24837165 0.91065335
vt 0.23597683 0.91436422
vt 0.23807083 0.91506547
vt 0.25807407 0.90605980
vt 0.24618705 0.90999085
vt 0.24837165 0.91065335
vt 0.25807407 0.90605980
vt 0.26480502 0.90071577
vt 0.25580415 0.90543777
vt 0.26715481 0.90129584
vt 0.27316794 0.89583629
vt 0.26480502 0.90071577
vt 0.27559197 0.89637309
vt 0.28087276 0.89081097
vt 0.27316794 0.89583629
vt 0.29045570 0.88609856
vt 0.28087276 0.89081097
vt 0.28336516 0.89130318
vt 0.29684654 0.88077164
vt 0.28790095 0.88565207
vt 0.29045570 0.88609856
vt 0.29684654 0.88077164
vt 0.29986134 0.87498349
vt 0.29423556 0.88037205
vt 0.30252221 0.87533528
vt 0.30476472 0.86949939
vt 0.29986134 0.87498349
vt 0.30746913 0.86980247
vt 0.30893388 0.86393309
vt 0.30476472 0.86949939
vt 0.31513059 0.85850155
vt 0.30893388 0.86393309
vt 0.31167528 0.86418676
vt 0.31782672 0.85276049
vt 0.31235880 0.85829777
vt 0.31513059 0.85850155
vt 0.31975719 0.84697753
vt 0.31503123 0.85260731
vt 0.31782672 0.85276049
vt 0.32091734 0.84116650
vt 0.31694472 0.84687513
vt 0.31975719 0.84697753
vt 0.32091734 0.84116650
vt 0.31847826 0.83534139
vt 0.31809467 0.84111524
vt 0.32091734 0.82951635
vt 0.31847826 0.83534139
vt 0.32130435 0.83534139
vt 0.31975719 0.82370532
vt 0.31809467 0.82956755
vt 0.32091734 0.82951635
vt 0.31782672 0.81792229
vt 0.31694472 0.82380766
vt 0.31975719 0.82370532
vt 0.31782672 0.81792229
vt 0.31235880 0.81238502
vt 0.31503123 0.81807548
vt 0.31513059 0.81218129
vt 0.30893388 0.80674976
vt 0.31235880 0.81238502
vt 0.31167528 0.80649602
vt 0.30476472 0.80118346
vt 0.30893388 0.80674976
vt 0.30252221 0.79534757
vt 0.30476472 0.80118346
vt 0.30746913 0.80088031
vt 0.29684654 0.78991121
vt 0.29986134 0.79569930
vt 0.30252221 0.79534757
vt 0.29045570 0.78458428
vt 0.29423556 0.79031074
vt 0.29684654 0.78991121
vt 0.29045570 0.78458428
vt 0.28087276 0.77987182
vt 0.28790095 0.78503078
vt 0.28336516 0.77937955
vt 0.27316794 0.77484655
vt 0.28087276 0.77987182
vt 0.26715481 0.76938701
vt 0.27316794 0.77484655
vt 0.27559197 0.77430975
vt 0.25807407 0.76462305
vt 0.26480502 0.76996708
vt 0.26715481 0.76938701
vt 0.25807407 0.76462305
vt 0.24618705 0.76069188
vt 0.25580415 0.76524508
vt 0.24837165 0.76002949
vt 0.23597683 0.75631863
vt 0.24618705 0.76069188
vt 0.22719650 0.75139731
vt 0.23597683 0.75631863
vt 0.23807083 0.75561738
vt 0.21577480 0.74737954
vt 0.22519815 0.75213563
vt 0.22719650 0.75139731
vt 0.21577480 0.74737954
vt 0.20204048 0.74438077
vt 0.21387693 0.74815321
vt 0.20383333 0.74357355
vt 0.18971728 0.74082744
vt 0.20204048 0.74438077
vt 0.19140078 0.73998874
vt 0.17693706 0.73750180
vt 0.18971728 0.74082744
vt 0.17850715 0.73663360
vt 0.16373056 0.73441190
vt 0.17693706 0.73750180
vt 0.16518345 0.73351622
vt 0.15012962 0.73156512
vt 0.16373056 0.73441190
vt 0.13737532 0.72802442
vt 0.15012962 0.73156512
vt 0.15146182 0.73064423
vt 0.12295786 0.72566319
vt 0.13616700 0.72896832
vt 0.13737532 0.72802442
vt 0.12295786 0.72566319
vt 0.10729209 0.72454929
vt 0.12187637 0.72662783
vt 0.10824417 0.72356611
vt 0.09244935 0.72273761
vt 0.10729209 0.72454929
vt 0.07807060 0.72018433
vt 0.09244935 0.72273761
vt 0.09326974 0.72173834
vt 0.06268337 0.71890765
vt 0.07738391 0.72119713
vt 0.07807060 0.72018433
vt 0.04714514 0.71791148
vt 0.06213203 0.71993172
vt 0.06268337 0.71890765
vt 0.03149333 0.71719813
vt 0.04673047 0.71894431
vt 0.04714514 0.71791148
vt 0.03149333 0.71719813
vt 0.01562699 0.71781248
vt 0.03121633 0.71823734
vt 0.01576566 0.71676952
vt 0.00000000 0.71767068
vt 0.01562699 0.71781248
vt -0.01576566 0.71676952
vt 0.00000000 0.71767068
vt 0.00000000 0.71662652
vt -0.03149333 0.71719813
vt -0.01562699 0.71781248
vt -0.01576566 0.71676952
vt -0.03149333 0.71719813
vt -0.04673047 0.71894431
vt -0.03121633 0.71823734
vt -0.04714514 0.71791148
vt -0.06213203 0.71993172
vt -0.04673047 0.71894431
vt -0.06268337 0.71890765
vt -0.07738391 0.72119713
vt -0.06213203 0.71993172
vt -0.07807060 0.72018433
vt -0.09244935 0.72273761
vt -0.07738391 0.72119713
vt -0.10824417 0.72356611
vt -0.09244935 0.72273761
vt -0.09326974 0.72173834
vt -0.12295786 0.72566319
vt -0.10729209 0.72454929
vt -0.10824417 0.72356611
vt -0.12295786 0.72566319
vt -0.13616700 0.72896832
vt -0.12187637 0.72662783
vt -0.13737532 0.72802442
vt -0.15012962 0.73156512
vt -0.13616700 0.72896832
vt -0.16518345 0.73351622
vt -0.15012962 0.73156512
vt -0.15146182 0.73064423
vt -0.17850715 0.73663360
vt -0.16373056 0.73441190
vt -0.16518345 0.73351622
vt -0.19140078 0.73998874
vt -0.17693706 0.73750180
vt -0.17850715 0.73663360
vt -0.20383333 0.74357355
vt -0.18971728 0.74082744
vt -0.19140078 0.73998874
vt -0.21577480 0.74737954
vt -0.20204048 0.74438077
vt -0.20383333 0.74357355
vt -0.21577480 0.74737954
vt -0.22519815 0.75213563
vt -0.21387693 0.74815321
vt -0.22719650 0.75139731
vt -0.23597683 0.75631863
vt -0.22519815 0.75213563
vt -0.24837165 0.76002949
vt -0.23597683 0.75631863
vt -0.23807083 0.75561738
vt -0.25807407 0.76462305
vt -0.24618705 0.76069188
vt -0.24837165 0.76002949
vt -0.25807407 0.76462305
vt -0.26480502 0.76996708
vt -0.25580415 0.76524508
vt -0.26715481 0.76938701
vt -0.27316794 0.77484655
vt -0.26480502 0.76996708
vt -0.28336516 0.77937955
vt -0.27316794 0.77484655
vt -0.27559197 0.77430975
vt -0.29045570 0.78458428
vt -0.28087276 0.77987182
vt -0.28336516 0.77937955
vt -0.29045570 0.78458428
vt -0.29423556 0.79031074
vt -0.28790095 0.78503078
vt -0.29684654 0.78991121
vt -0.29986134 0.79569930
vt -0.29423556 0.79031074
vt -0.30252221 0.79534757
vt -0.30476472 0.80118346
vt -0.29986134 0.79569930
vt -0.31167528 0.80649602
vt -0.30476472 0.80118346
vt -0.30746913 0.80088031
vt -0.31513059 0.81218129
vt -0.30893388 0.80674976
vt -0.31167528 0.80649602
vt -0.31782672 0.81792229
vt -0.31235880 0.81238502
vt -0.31513059 0.81218129
vt -0.31782672 0.81792229
vt -0.31694472 0.82380766
vt -0.31503123 0.81807548
vt -0.31975719 0.82370532
vt -0.31809467 0.82956755
vt -0.31694472 0.82380766
vt -0.32091734 0.82951635
vt -0.31847826 0.83534139
vt -0.31809467 0.82956755
vt -0.31847826 0.83534139
vt -0.31483772 0.84105605
vt -0.31521741 0.83534139
vt -0.31809467 0.84111524
vt -0.31369954 0.84675705
vt -0.31483772 0.84105605
vt -0.31503123 0.85260731
vt -0.31369954 0.84675705
vt -0.31694472 0.84687513
vt -0.31235880 0.85829777
vt -0.31180567 0.85243052
vt -0.31503123 0.85260731
vt -0.30893388 0.86393309
vt -0.30916062 0.85806280
vt -0.31235880 0.85829777
vt -0.30476472 0.86949939
vt -0.30577073 0.86364031
vt -0.30893388 0.86393309
vt -0.30476472 0.86949939
vt -0.29679108 0.87457758
vt -0.30164424 0.86914968
vt -0.29986134 0.87498349
vt -0.29122290 0.87991101
vt -0.29679108 0.87457758
vt -0.28790095 0.88565207
vt -0.29122290 0.87991101
vt -0.29423556 0.88037205
vt -0.28087276 0.89081097
vt -0.28495315 0.88513702
vt -0.28790095 0.88565207
vt -0.28087276 0.89081097
vt -0.27037099 0.89521682
vt -0.27799693 0.89024299
vt -0.27316794 0.89583629
vt -0.26209372 0.90004641
vt -0.27037099 0.89521682
vt -0.25580415 0.90543777
vt -0.26209372 0.90004641
vt -0.26480502 0.90071577
vt -0.24618705 0.90999085
vt -0.25318500 0.90472007
vt -0.25580415 0.90543777
vt -0.24618705 0.90999085
vt -0.23356070 0.91355509
vt -0.24366637 0.90922654
vt -0.22519815 0.91854715
vt -0.23356070 0.91355509
vt -0.23597683 0.91436422
vt -0.21387693 0.92252964
vt -0.22289236 0.91769522
vt -0.22519815 0.91854715
vt -0.21387693 0.92252964
vt -0.19997180 0.92537075
vt -0.21168707 0.92163688
vt -0.20204048 0.92630208
vt -0.18777479 0.92888767
vt -0.19997180 0.92537075
vt -0.18971728 0.92985541
vt -0.17512539 0.93217921
vt -0.18777479 0.92888767
vt -0.17693706 0.93318105
vt -0.16205414 0.93523753
vt -0.17512539 0.93217921
vt -0.16373056 0.93627095
vt -0.14859246 0.93805516
vt -0.16205414 0.93523753
vt -0.15012962 0.93911773
vt -0.13477281 0.94062525
vt -0.14859246 0.93805516
vt -0.13616700 0.94171447
vt -0.12062848 0.94294184
vt -0.13477281 0.94062525
vt -0.10729209 0.94613349
vt -0.12062848 0.94294184
vt -0.12187637 0.94405490
vt -0.09244935 0.94794524
vt -0.10619355 0.94499916
vt -0.10729209 0.94613349
vt -0.09244935 0.94794524
vt -0.07659158 0.94831693
vt -0.09150279 0.94679224
vt -0.07738391 0.94948566
vt -0.06149587 0.94956946
vt -0.07659158 0.94831693
vt -0.06213203 0.95075113
vt -0.04625200 0.95054674
vt -0.06149587 0.94956946
vt -0.03121633 0.95244545
vt -0.04625200 0.95054674
vt -0.04673047 0.95173854
vt -0.03121633 0.95244545
vt -0.01546699 0.95166701
vt -0.03089671 0.95124644
vt -0.00000000 0.95301211
vt -0.01546699 0.95166701
vt -0.01562699 0.95287037
vt -0.00000000 0.95301211
vt 0.01546699 0.95166701
vt -0.00000000 0.95180732
vt 0.03121633 0.95244545
vt 0.01546699 0.95166701
vt 0.01562699 0.95287037
vt 0.03121633 0.95244545
vt 0.04625200 0.95054674
vt 0.03089671 0.95124644
vt 0.06213203 0.95075113
vt 0.04625200 0.95054674
vt 0.04673047 0.95173854
vt 0.07738391 0.94948566
vt 0.06149587 0.94956946
vt 0.06213203 0.95075113
vt 0.09244935 0.94794524
vt 0.07659158 0.94831693
vt 0.07738391 0.94948566
vt 0.09244935 0.94794524
vt 0.10619355 0.94499916
vt 0.09150279 0.94679224
vt 0.10729209 0.94613349
vt 0.12062848 0.94294184
vt 0.10619355 0.94499916
vt 0.13616700 0.94171447
vt 0.12062848 0.94294184
vt 0.12187637 0.94405490
vt 0.15012962 0.93911773
vt 0.13477281 0.94062525
vt 0.13616700 0.94171447
vt 0.16373056 0.93627095
vt 0.14859246 0.93805516
vt 0.15012962 0.93911773
vt 0.17693706 0.93318105
vt 0.16205414 0.93523753
vt 0.16373056 0.93627095
vt 0.18971728 0.92985541
vt 0.17512539 0.93217921
vt 0.17693706 0.93318105
vt 0.20204048 0.92630208
vt 0.18777479 0.92888767
vt 0.18971728 0.92985541
vt 0.21387693 0.92252964
vt 0.19997180 0.92537075
vt 0.20204048 0.92630208
vt 0.21387693 0.92252964
vt 0.22289236 0.91769522
vt 0.21168707 0.92163688
vt 0.22519815 0.91854715
vt 0.23356070 0.91355509
vt 0.22289236 0.91769522
vt 0.24618705 0.90999085
vt 0.23356070 0.91355509
vt 0.23597683 0.91436422
vt 0.24618705 0.90999085
vt 0.25318500 0.90472007
vt 0.24366637 0.90922654
vt 0.25580415 0.90543777
vt 0.26209372 0.90004641
vt 0.25318500 0.90472007
vt 0.27316794 0.89583629
vt 0.26209372 0.90004641
vt 0.26480502 0.90071577
vt 0.28087276 0.89081097
vt 0.27037099 0.89521682
vt 0.27316794 0.89583629
vt 0.28087276 0.89081097
vt 0.28495315 0.88513702
vt 0.27799693 0.89024299
vt 0.28790095 0.88565207
vt 0.29122290 0.87991101
vt 0.28495315 0.88513702
vt 0.29986134 0.87498349
vt 0.29122290 0.87991101
vt 0.29423556 0.88037205
vt 0.30476472 0.86949939
vt 0.29679108 0.87457758
vt 0.29986134 0.87498349
vt 0.30476472 0.86949939
vt 0.30577073 0.86364031
vt 0.30164424 0.86914968
vt 0.30893388 0.86393309
vt 0.30916062 0.85806280
vt 0.30577073 0.86364031
vt 0.31235880 0.85829777
vt 0.31180567 0.85243052
vt 0.30916062 0.85806280
vt 0.31503123 0.85260731
vt 0.31369954 0.84675705
vt 0.31180567 0.85243052
vt 0.31809467 0.84111524
vt 0.31369954 0.84675705
vt 0.31694472 0.84687513
vt 0.31847826 0.83534139
vt 0.31483772 0.84105605
vt 0.31809467 0.84111524
vt 0.31847826 0.83534139
vt 0.31483772 0.82962668
vt 0.31521741 0.83534139
vt 0.31809467 0.82956755
vt 0.31369954 0.82392579
vt 0.31483772 0.82962668
vt 0.31694472 0.82380766
vt 0.31180567 0.81825233
vt 0.31369954 0.82392579
vt 0.31503123 0.81807548
vt 0.30916062 0.81262004
vt 0.31180567 0.81825233
vt 0.30893388 0.80674976
vt 0.30916062 0.81262004
vt 0.31235880 0.81238502
vt 0.30476472 0.80118346
vt 0.30577073 0.80704248
vt 0.30893388 0.80674976
vt 0.30476472 0.80118346
vt 0.29679108 0.79610527
vt 0.30164424 0.80153316
vt 0.29986134 0.79569930
vt 0.29122290 0.79077184
vt 0.29679108 0.79610527
vt 0.28790095 0.78503078
vt 0.29122290 0.79077184
vt 0.29423556 0.79031074
vt 0.28087276 0.77987182
vt 0.28495315 0.78554583
vt 0.28790095 0.78503078
vt 0.28087276 0.77987182
vt 0.27037099 0.77546602
vt 0.27799693 0.78043973
vt 0.27316794 0.77484655
vt 0.26209372 0.77063644
vt 0.27037099 0.77546602
vt 0.25580415 0.76524508
vt 0.26209372 0.77063644
vt 0.26480502 0.76996708
vt 0.25580415 0.76524508
vt 0.24366637 0.76145625
vt 0.25318500 0.76596278
vt 0.24618705 0.76069188
vt 0.23356070 0.75712770
vt 0.24366637 0.76145625
vt 0.22519815 0.75213563
vt 0.23356070 0.75712770
vt 0.23597683 0.75631863
vt 0.21387693 0.74815321
vt 0.22289236 0.75298756
vt 0.22519815 0.75213563
vt 0.20204048 0.74438077
vt 0.21168707 0.74904591
vt 0.21387693 0.74815321
vt 0.20204048 0.74438077
vt 0.18777479 0.74179518
vt 0.19997180 0.74531209
vt 0.18971728 0.74082744
vt 0.17512539 0.73850352
vt 0.18777479 0.74179518
vt 0.16373056 0.73441190
vt 0.17512539 0.73850352
vt 0.17693706 0.73750180
vt 0.16373056 0.73441190
vt 0.14859246 0.73262769
vt 0.16205414 0.73544532
vt 0.15012962 0.73156512
vt 0.13477281 0.73005754
vt 0.14859246 0.73262769
vt 0.13616700 0.72896832
vt 0.12062848 0.72774094
vt 0.13477281 0.73005754
vt 0.10729209 0.72454929
vt 0.12062848 0.72774094
vt 0.12187637 0.72662783
vt 0.09244935 0.72273761
vt 0.10619355 0.72568369
vt 0.10729209 0.72454929
vt 0.09244935 0.72273761
vt 0.07659158 0.72236586
vt 0.09150279 0.72389048
vt 0.07738391 0.72119713
vt 0.06149587 0.72111338
vt 0.07659158 0.72236586
vt 0.06213203 0.71993172
vt 0.04625200 0.72013611
vt 0.06149587 0.72111338
vt 0.03121633 0.71823734
vt 0.04625200 0.72013611
vt 0.04673047 0.71894431
vt 0.03121633 0.71823734
vt 0.01546699 0.71901578
vt 0.03089671 0.71943641
vt 0.01562699 0.71781248
vt 0.00000000 0.71887553
vt 0.01546699 0.71901578
vt -0.01562699 0.71781248
vt 0.00000000 0.71887553
vt 0.00000000 0.71767068
vt -0.03121633 0.71823734
vt -0.01546699 0.71901578
vt -0.01562699 0.71781248
vt -0.03121633 0.71823734
vt -0.04625200 0.72013611
vt -0.03089671 0.71943641
vt -0.06213203 0.71993172
vt -0.04625200 0.72013611
vt -0.04673047 0.71894431
vt -0.07738391 0.72119713
vt -0.06149587 0.72111338
vt -0.06213203 0.71993172
vt -0.09244935 0.72273761
vt -0.07659158 0.72236586
vt -0.07738391 0.72119713
vt -0.09244935 0.72273761
vt -0.10619355 0.72568369
vt -0.09150279 0.72389048
vt -0.10729209 0.72454929
vt -0.12062848 0.72774094
vt -0.10619355 0.72568369
vt -0.13616700 0.72896832
vt -0.12062848 0.72774094
vt -0.12187637 0.72662783
vt -0.15012962 0.73156512
vt -0.13477281 0.73005754
vt -0.13616700 0.72896832
vt -0.16373056 0.73441190
vt -0.14859246 0.73262769
vt -0.15012962 0.73156512
vt -0.16373056 0.73441190
vt -0.17512539 0.73850352
vt -0.16205414 0.73544532
vt -0.18971728 0.74082744
vt -0.17512539 0.73850352
vt -0.17693706 0.73750180
vt -0.20204048 0.74438077
vt -0.18777479 0.74179518
vt -0.18971728 0.74082744
vt -0.20204048 0.74438077
vt -0.21168707 0.74904591
vt -0.19997180 0.74531209
vt -0.21387693 0.74815321
vt -0.22289236 0.75298756
vt -0.21168707 0.74904591
vt -0.22519815 0.75213563
vt -0.23356070 0.75712770
vt -0.22289236 0.75298756
vt -0.24618705 0.76069188
vt -0.23356070 0.75712770
vt -0.23597683 0.75631863
vt -0.25580415 0.76524508
vt -0.24366637 0.76145625
vt -0.24618705 0.76069188
vt -0.25580415 0.76524508
vt -0.26209372 0.77063644
vt -0.25318500 0.76596278
vt -0.27316794 0.77484655
vt -0.26209372 0.77063644
vt -0.26480502 0.76996708
vt -0.28087276 0.77987182
vt -0.27037099 0.77546602
vt -0.27316794 0.77484655
vt -0.28087276 0.77987182
vt -0.28495315 0.78554583
vt -0.27799693 0.78043973
vt -0.28790095 0.78503078
vt -0.29122290 0.79077184
vt -0.28495315 0.78554583
vt -0.29986134 0.79569930
vt -0.29122290 0.79077184
vt -0.29423556 0.79031074
vt -0.30476472 0.80118346
vt -0.29679108 0.79610527
vt -0.29986134 0.79569930
vt -0.30476472 0.80118346
vt -0.30577073 0.80704248
vt -0.30164424 0.80153316
vt -0.30893388 0.80674976
vt -0.30916062 0.81262004
vt -0.30577073 0.80704248
vt -0.31503123 0.81807548
vt -0.30916062 0.81262004
vt -0.31235880 0.81238502
vt -0.31694472 0.82380766
vt -0.31180567 0.81825233
vt -0.31503123 0.81807548
vt -0.31809467 0.82956755
vt -0.31369954 0.82392579
vt -0.31694472 0.82380766
vt -0.31847826 0.83534139
vt -0.31483772 0.82962668
vt -0.31809467 0.82956755
vt 0.00000000 0.71726912
vt 0.31956521 0.83534139
vt -0.00000000 0.95341372
vt -0.21168707 0.74904591
vt -0.31483772 0.82962668
vt 0.31483772 0.84105605
vt -0.31918031 0.84113497
vt -0.32091734 0.84116650
vt -0.32130435 0.83534139
vt -0.31802642 0.84691447
vt -0.31975719 0.84697753
vt -0.32091734 0.84116650
vt -0.31610641 0.85266620
vt -0.31782672 0.85276049
vt -0.31975719 0.84697753
vt -0.31610641 0.85266620
vt -0.31342486 0.85837620
vt -0.31513059 0.85850155
vt -0.30998826 0.86403060
vt -0.31167528 0.86418676
vt -0.31513059 0.85850155
vt -0.30580488 0.86961597
vt -0.30746913 0.86980247
vt -0.31167528 0.86418676
vt -0.30088472 0.87511873
vt -0.30252221 0.87533528
vt -0.30746913 0.86980247
vt -0.29523978 0.88052571
vt -0.29684654 0.88077164
vt -0.30252221 0.87533528
vt -0.28888354 0.88582379
vt -0.29045570 0.88609856
vt -0.29684654 0.88077164
vt -0.28183138 0.89100033
vt -0.28336516 0.89130318
vt -0.29045570 0.88609856
vt -0.28183138 0.89100033
vt -0.27410024 0.89604270
vt -0.27559197 0.89637309
vt -0.27410024 0.89604270
vt -0.26570877 0.90093887
vt -0.26715481 0.90129584
vt -0.26570877 0.90093887
vt -0.25667721 0.90567702
vt -0.25807407 0.90605980
vt -0.25667721 0.90567702
vt -0.24702726 0.91024572
vt -0.24837165 0.91065335
vt -0.23678221 0.91463393
vt -0.23807083 0.91506547
vt -0.24837165 0.91065335
vt -0.23678221 0.91463393
vt -0.22596674 0.91883117
vt -0.22719650 0.91928548
vt -0.22596674 0.91883117
vt -0.21460688 0.92282724
vt -0.21577480 0.92330331
vt -0.21460688 0.92282724
vt -0.20273003 0.92661250
vt -0.20383333 0.92710924
vt -0.19036478 0.93017799
vt -0.19140078 0.93069410
vt -0.20383333 0.92710924
vt -0.17754094 0.93351489
vt -0.17850715 0.93404925
vt -0.19140078 0.93069410
vt -0.16428936 0.93661541
vt -0.16518345 0.93716657
vt -0.17850715 0.93404925
vt -0.15064201 0.93947184
vt -0.15146182 0.94003856
vt -0.16518345 0.93716657
vt -0.15064201 0.93947184
vt -0.13663174 0.94207752
vt -0.13737532 0.94265836
vt -0.13663174 0.94207752
vt -0.12229232 0.94442600
vt -0.12295786 0.94501960
vt -0.12229232 0.94442600
vt -0.10765829 0.94651169
vt -0.10824417 0.94711667
vt -0.10765829 0.94651169
vt -0.09276489 0.94832951
vt -0.09326974 0.94894445
vt -0.09276489 0.94832951
vt -0.07764801 0.94987524
vt -0.07807060 0.95049852
vt -0.07764801 0.94987524
vt -0.06234409 0.95114493
vt -0.06268337 0.95177519
vt -0.06234409 0.95114493
vt -0.04688996 0.95213574
vt -0.04714514 0.95277131
vt -0.03132287 0.95284510
vt -0.03149333 0.95348459
vt -0.04714514 0.95277131
vt -0.01568032 0.95327151
vt -0.01576566 0.95391327
vt -0.03149333 0.95348459
vt -0.01568032 0.95327151
vt -0.00000000 0.95341372
vt -0.00000000 0.95405626
vt 0.01568032 0.95327151
vt 0.01576566 0.95391327
vt -0.00000000 0.95405626
vt 0.01568032 0.95327151
vt 0.03132287 0.95284510
vt 0.03149333 0.95348459
vt 0.03132287 0.95284510
vt 0.04688996 0.95213574
vt 0.04714514 0.95277131
vt 0.06234409 0.95114493
vt 0.06268337 0.95177519
vt 0.04714514 0.95277131
vt 0.07764801 0.94987524
vt 0.07807060 0.95049852
vt 0.06268337 0.95177519
vt 0.09276489 0.94832951
vt 0.09326974 0.94894445
vt 0.07807060 0.95049852
vt 0.10765829 0.94651169
vt 0.10824417 0.94711667
vt 0.09326974 0.94894445
vt 0.12229232 0.94442600
vt 0.12295786 0.94501960
vt 0.10824417 0.94711667
vt 0.13663174 0.94207752
vt 0.13737532 0.94265836
vt 0.12295786 0.94501960
vt 0.15064201 0.93947184
vt 0.15146182 0.94003856
vt 0.13737532 0.94265836
vt 0.15064201 0.93947184
vt 0.16428936 0.93661541
vt 0.16518345 0.93716657
vt 0.16428936 0.93661541
vt 0.17754094 0.93351489
vt 0.17850715 0.93404925
vt 0.17754094 0.93351489
vt 0.19036478 0.93017799
vt 0.19140078 0.93069410
vt 0.19036478 0.93017799
vt 0.20273003 0.92661250
vt 0.20383333 0.92710924
vt 0.21460688 0.92282724
vt 0.21577480 0.92330331
vt 0.20383333 0.92710924
vt 0.22596674 0.91883117
vt 0.22719650 0.91928548
vt 0.21577480 0.92330331
vt 0.23678221 0.91463393
vt 0.23807083 0.91506547
vt 0.22719650 0.91928548
vt 0.23678221 0.91463393
vt 0.24702726 0.91024572
vt 0.24837165 0.91065335
vt 0.25667721 0.90567702
vt 0.25807407 0.90605980
vt 0.24837165 0.91065335
vt 0.26570877 0.90093887
vt 0.26715481 0.90129584
vt 0.25807407 0.90605980
vt 0.27410024 0.89604270
vt 0.27559197 0.89637309
vt 0.26715481 0.90129584
vt 0.28183138 0.89100033
vt 0.28336516 0.89130318
vt 0.27559197 0.89637309
vt 0.28183138 0.89100033
vt 0.28888354 0.88582379
vt 0.29045570 0.88609856
vt 0.28888354 0.88582379
vt 0.29523978 0.88052571
vt 0.29684654 0.88077164
vt 0.29523978 0.88052571
vt 0.30088472 0.87511873
vt 0.30252221 0.87533528
vt 0.30088472 0.87511873
vt 0.30580488 0.86961597
vt 0.30746913 0.86980247
vt 0.30580488 0.86961597
vt 0.30998826 0.86403060
vt 0.31167528 0.86418676
vt 0.30998826 0.86403060
vt 0.31342486 0.85837620
vt 0.31513059 0.85850155
vt 0.31610641 0.85266620
vt 0.31782672 0.85276049
vt 0.31513059 0.85850155
vt 0.31610641 0.85266620
vt 0.31802642 0.84691447
vt 0.31975719 0.84697753
vt 0.31802642 0.84691447
vt 0.31918031 0.84113497
vt 0.32091734 0.84116650
vt 0.31918031 0.84113497
vt 0.31956521 0.83534139
vt 0.32130435 0.83534139
vt 0.31956521 0.83534139
vt 0.31918031 0.82954782
vt 0.32091734 0.82951635
vt 0.31918031 0.82954782
vt 0.31802642 0.82376832
vt 0.31975719 0.82370532
vt 0.31610641 0.81801659
vt 0.31782672 0.81792229
vt 0.31975719 0.82370532
vt 0.31342486 0.81230664
vt 0.31513059 0.81218129
vt 0.31782672 0.81792229
vt 0.30998826 0.80665219
vt 0.31167528 0.80649602
vt 0.31513059 0.81218129
vt 0.30580488 0.80106688
vt 0.30746913 0.80088031
vt 0.31167528 0.80649602
vt 0.30088472 0.79556406
vt 0.30252221 0.79534757
vt 0.30746913 0.80088031
vt 0.29523978 0.79015714
vt 0.29684654 0.78991121
vt 0.30252221 0.79534757
vt 0.28888354 0.78485900
vt 0.29045570 0.78458428
vt 0.29684654 0.78991121
vt 0.28183138 0.77968252
vt 0.28336516 0.77937955
vt 0.29045570 0.78458428
vt 0.27410024 0.77464008
vt 0.27559197 0.77430975
vt 0.28336516 0.77937955
vt 0.27410024 0.77464008
vt 0.26570877 0.76974398
vt 0.26715481 0.76938701
vt 0.26570877 0.76974398
vt 0.25667721 0.76500583
vt 0.25807407 0.76462305
vt 0.25667721 0.76500583
vt 0.24702726 0.76043713
vt 0.24837165 0.76002949
vt 0.23678221 0.75604892
vt 0.23807083 0.75561738
vt 0.24837165 0.76002949
vt 0.23678221 0.75604892
vt 0.22596674 0.75185168
vt 0.22719650 0.75139731
vt 0.22596674 0.75185168
vt 0.21460688 0.74785560
vt 0.21577480 0.74737954
vt 0.21460688 0.74785560
vt 0.20273003 0.74407035
vt 0.20383333 0.74357355
vt 0.19036478 0.74050480
vt 0.19140078 0.73998874
vt 0.20383333 0.74357355
vt 0.19036478 0.74050480
vt 0.17754094 0.73716784
vt 0.17850715 0.73663360
vt 0.16428936 0.73406738
vt 0.16518345 0.73351622
vt 0.17850715 0.73663360
vt 0.15064201 0.73121095
vt 0.15146182 0.73064423
vt 0.16518345 0.73351622
vt 0.13663174 0.72860533
vt 0.13737532 0.72802442
vt 0.15146182 0.73064423
vt 0.13663174 0.72860533
vt 0.12229232 0.72625679
vt 0.12295786 0.72566319
vt 0.12229232 0.72625679
vt 0.10765829 0.72417110
vt 0.10824417 0.72356611
vt 0.09276489 0.72235322
vt 0.09326974 0.72173834
vt 0.10824417 0.72356611
vt 0.09276489 0.72235322
vt 0.07764801 0.72080761
vt 0.07807060 0.72018433
vt 0.07764801 0.72080761
vt 0.06234409 0.71953785
vt 0.06268337 0.71890765
vt 0.06234409 0.71953785
vt 0.04688996 0.71854711
vt 0.04714514 0.71791148
vt 0.03132287 0.71783769
vt 0.03149333 0.71719813
vt 0.04714514 0.71791148
vt 0.01568032 0.71741134
vt 0.01576566 0.71676952
vt 0.03149333 0.71719813
vt 0.01568032 0.71741134
vt 0.00000000 0.71726912
vt 0.00000000 0.71662652
vt -0.01568032 0.71741134
vt -0.01576566 0.71676952
vt 0.00000000 0.71662652
vt -0.01568032 0.71741134
vt -0.03132287 0.71783769
vt -0.03149333 0.71719813
vt -0.03132287 0.71783769
vt -0.04688996 0.71854711
vt -0.04714514 0.71791148
vt -0.06234409 0.71953785
vt -0.06268337 0.71890765
vt -0.04714514 0.71791148
vt -0.07764801 0.72080761
vt -0.07807060 0.72018433
vt -0.06268337 0.71890765
vt -0.09276489 0.72235322
vt -0.09326974 0.72173834
vt -0.07807060 0.72018433
vt -0.09276489 0.72235322
vt -0.10765829 0.72417110
vt -0.10824417 0.72356611
vt -0.12229232 0.72625679
vt -0.12295786 0.72566319
vt -0.10824417 0.72356611
vt -0.13663174 0.72860533
vt -0.13737532 0.72802442
vt -0.12295786 0.72566319
vt -0.13663174 0.72860533
vt -0.15064201 0.73121095
vt -0.15146182 0.73064423
vt -0.15064201 0.73121095
vt -0.16428936 0.73406738
vt -0.16518345 0.73351622
vt -0.16428936 0.73406738
vt -0.17754094 0.73716784
vt -0.17850715 0.73663360
vt -0.19036478 0.74050480
vt -0.19140078 0.73998874
vt -0.17850715 0.73663360
vt -0.19036478 0.74050480
vt -0.20273003 0.74407035
vt -0.20383333 0.74357355
vt -0.21460688 0.74785560
vt -0.21577480 0.74737954
vt -0.20383333 0.74357355
vt -0.22596674 0.75185168
vt -0.22719650 0.75139731
vt -0.21577480 0.74737954
vt -0.23678221 0.75604892
vt -0.23807083 0.75561738
vt -0.22719650 0.75139731
vt -0.23678221 0.75604892
vt -0.24702726 0.76043713
vt -0.24837165 0.76002949
vt -0.25667721 0.76500583
vt -0.25807407 0.76462305
vt -0.24837165 0.76002949
vt -0.26570877 0.76974398
vt -0.26715481 0.76938701
vt -0.25807407 0.76462305
vt -0.27410024 0.77464008
vt -0.27559197 0.77430975
vt -0.26715481 0.76938701
vt -0.27410024 0.77464008
vt -0.28183138 0.77968252
vt -0.28336516 0.77937955
vt -0.28183138 0.77968252
vt -0.28888354 0.78485900
vt -0.29045570 0.78458428
vt -0.28888354 0.78485900
vt -0.29523978 0.79015714
vt -0.29684654 0.78991121
vt -0.29523978 0.79015714
vt -0.30088472 0.79556406
vt -0.30252221 0.79534757
vt -0.30088472 0.79556406
vt -0.30580488 0.80106688
vt -0.30746913 0.80088031
vt -0.30580488 0.80106688
vt -0.30998826 0.80665219
vt -0.31167528 0.80649602
vt -0.30998826 0.80665219
vt -0.31342486 0.81230664
vt -0.31513059 0.81218129
vt -0.31342486 0.81230664
vt -0.31610641 0.81801659
vt -0.31782672 0.81792229
vt -0.31610641 0.81801659
vt -0.31802642 0.82376832
vt -0.31975719 0.82370532
vt -0.31918031 0.82954782
vt -0.32091734 0.82951635
vt -0.31975719 0.82370532
vt -0.31956521 0.83534139
vt -0.32130435 0.83534139
vt -0.32091734 0.82951635
vt -0.32091734 0.84116650
vt -0.31809467 0.84111524
vt -0.31847826 0.83534139
vt -0.32091734 0.84116650
vt -0.31975719 0.84697753
vt -0.31694472 0.84687513
vt -0.31975719 0.84697753
vt -0.31782672 0.85276049
vt -0.31503123 0.85260731
vt -0.31782672 0.85276049
vt -0.31513059 0.85850155
vt -0.31235880 0.85829777
vt -0.31513059 0.85850155
vt -0.31167528 0.86418676
vt -0.30893388 0.86393309
vt -0.30746913 0.86980247
vt -0.30476472 0.86949939
vt -0.30893388 0.86393309
vt -0.30252221 0.87533528
vt -0.29986134 0.87498349
vt -0.30476472 0.86949939
vt -0.29684654 0.88077164
vt -0.29423556 0.88037205
vt -0.29986134 0.87498349
vt -0.29684654 0.88077164
vt -0.29045570 0.88609856
vt -0.28790095 0.88565207
vt -0.29045570 0.88609856
vt -0.28336516 0.89130318
vt -0.28087276 0.89081097
vt -0.27559197 0.89637309
vt -0.27316794 0.89583629
vt -0.28087276 0.89081097
vt -0.26715481 0.90129584
vt -0.26480502 0.90071577
vt -0.27316794 0.89583629
vt -0.25807407 0.90605980
vt -0.25580415 0.90543777
vt -0.26480502 0.90071577
vt -0.25807407 0.90605980
vt -0.24837165 0.91065335
vt -0.24618705 0.90999085
vt -0.24837165 0.91065335
vt -0.23807083 0.91506547
vt -0.23597683 0.91436422
vt -0.23807083 0.91506547
vt -0.22719650 0.91928548
vt -0.22519815 0.91854715
vt -0.21577480 0.92330331
vt -0.21387693 0.92252964
vt -0.22519815 0.91854715
vt -0.21577480 0.92330331
vt -0.20383333 0.92710924
vt -0.20204048 0.92630208
vt -0.20383333 0.92710924
vt -0.19140078 0.93069410
vt -0.18971728 0.92985541
vt -0.19140078 0.93069410
vt -0.17850715 0.93404925
vt -0.17693706 0.93318105
vt -0.17850715 0.93404925
vt -0.16518345 0.93716657
vt -0.16373056 0.93627095
vt -0.15146182 0.94003856
vt -0.15012962 0.93911773
vt -0.16373056 0.93627095
vt -0.13737532 0.94265836
vt -0.13616700 0.94171447
vt -0.15012962 0.93911773
vt -0.12295786 0.94501960
vt -0.12187637 0.94405490
vt -0.13616700 0.94171447
vt -0.12295786 0.94501960
vt -0.10824417 0.94711667
vt -0.10729209 0.94613349
vt -0.10824417 0.94711667
vt -0.09326974 0.94894445
vt -0.09244935 0.94794524
vt -0.07807060 0.95049852
vt -0.07738391 0.94948566
vt -0.09244935 0.94794524
vt -0.06268337 0.95177519
vt -0.06213203 0.95075113
vt -0.07738391 0.94948566
vt -0.04714514 0.95277131
vt -0.04673047 0.95173854
vt -0.06213203 0.95075113
vt -0.03149333 0.95348459
vt -0.03121633 0.95244545
vt -0.04673047 0.95173854
vt -0.03149333 0.95348459
vt -0.01576566 0.95391327
vt -0.01562699 0.95287037
vt -0.00000000 0.95405626
vt -0.00000000 0.95301211
vt -0.01562699 0.95287037
vt -0.00000000 0.95405626
vt 0.01576566 0.95391327
vt 0.01562699 0.95287037
vt 0.03149333 0.95348459
vt 0.03121633 0.95244545
vt 0.01562699 0.95287037
vt 0.03149333 0.95348459
vt 0.04714514 0.95277131
vt 0.04673047 0.95173854
vt 0.04714514 0.95277131
vt 0.06268337 0.95177519
vt 0.06213203 0.95075113
vt 0.06268337 0.95177519
vt 0.07807060 0.95049852
vt 0.07738391 0.94948566
vt 0.07807060 0.95049852
vt 0.09326974 0.94894445
vt 0.09244935 0.94794524
vt 0.10824417 0.94711667
vt 0.10729209 0.94613349
vt 0.09244935 0.94794524
vt 0.12295786 0.94501960
vt 0.12187637 0.94405490
vt 0.10729209 0.94613349
vt 0.12295786 0.94501960
vt 0.13737532 0.94265836
vt 0.13616700 0.94171447
vt 0.13737532 0.94265836
vt 0.15146182 0.94003856
vt 0.15012962 0.93911773
vt 0.15146182 0.94003856
vt 0.16518345 0.93716657
vt 0.16373056 0.93627095
vt 0.17850715 0.93404925
vt 0.17693706 0.93318105
vt 0.16373056 0.93627095
vt 0.19140078 0.93069410
vt 0.18971728 0.92985541
vt 0.17693706 0.93318105
vt 0.20383333 0.92710924
vt 0.20204048 0.92630208
vt 0.18971728 0.92985541
vt 0.21577480 0.92330331
vt 0.21387693 0.92252964
vt 0.20204048 0.92630208
vt 0.21577480 0.92330331
vt 0.22719650 0.91928548
vt 0.22519815 0.91854715
vt 0.23807083 0.91506547
vt 0.23597683 0.91436422
vt 0.22519815 0.91854715
vt 0.24837165 0.91065335
vt 0.24618705 0.90999085
vt 0.23597683 0.91436422
vt 0.25807407 0.90605980
vt 0.25580415 0.90543777
vt 0.24618705 0.90999085
vt 0.25807407 0.90605980
vt 0.26715481 0.90129584
vt 0.26480502 0.90071577
vt 0.26715481 0.90129584
vt 0.27559197 0.89637309
vt 0.27316794 0.89583629
vt 0.27559197 0.89637309
vt 0.28336516 0.89130318
vt 0.28087276 0.89081097
vt 0.29045570 0.88609856
vt 0.28790095 0.88565207
vt 0.28087276 0.89081097
vt 0.29684654 0.88077164
vt 0.29423556 0.88037205
vt 0.28790095 0.88565207
vt 0.29684654 0.88077164
vt 0.30252221 0.87533528
vt 0.29986134 0.87498349
vt 0.30252221 0.87533528
vt 0.30746913 0.86980247
vt 0.30476472 0.86949939
vt 0.30746913 0.86980247
vt 0.31167528 0.86418676
vt 0.30893388 0.86393309
vt 0.31513059 0.85850155
vt 0.31235880 0.85829777
vt 0.30893388 0.86393309
vt 0.31782672 0.85276049
vt 0.31503123 0.85260731
vt 0.31235880 0.85829777
vt 0.31975719 0.84697753
vt 0.31694472 0.84687513
vt 0.31503123 0.85260731
vt 0.32091734 0.84116650
vt 0.31809467 0.84111524
vt 0.31694472 0.84687513
vt 0.32091734 0.84116650
vt 0.32130435 0.83534139
vt 0.31847826 0.83534139
vt 0.32091734 0.82951635
vt 0.31809467 0.82956755
vt 0.31847826 0.83534139
vt 0.31975719 0.82370532
vt 0.31694472 0.82380766
vt 0.31809467 0.82956755
vt 0.31782672 0.81792229
vt 0.31503123 0.81807548
vt 0.31694472 0.82380766
vt 0.31782672 0.81792229
vt 0.31513059 0.81218129
vt 0.31235880 0.81238502
vt 0.31513059 0.81218129
vt 0.31167528 0.80649602
vt 0.30893388 0.80674976
vt 0.31167528 0.80649602
vt 0.30746913 0.80088031
vt 0.30476472 0.80118346
vt 0.30252221 0.79534757
vt 0.29986134 0.79569930
vt 0.30476472 0.80118346
vt 0.29684654 0.78991121
vt 0.29423556 0.79031074
vt 0.29986134 0.79569930
vt 0.29045570 0.78458428
vt 0.28790095 0.78503078
vt 0.29423556 0.79031074
vt 0.29045570 0.78458428
vt 0.28336516 0.77937955
vt 0.28087276 0.77987182
vt 0.28336516 0.77937955
vt 0.27559197 0.77430975
vt 0.27316794 0.77484655
vt 0.26715481 0.76938701
vt 0.26480502 0.76996708
vt 0.27316794 0.77484655
vt 0.25807407 0.76462305
vt 0.25580415 0.76524508
vt 0.26480502 0.76996708
vt 0.25807407 0.76462305
vt 0.24837165 0.76002949
vt 0.24618705 0.76069188
vt 0.24837165 0.76002949
vt 0.23807083 0.75561738
vt 0.23597683 0.75631863
vt 0.22719650 0.75139731
vt 0.22519815 0.75213563
vt 0.23597683 0.75631863
vt 0.21577480 0.74737954
vt 0.21387693 0.74815321
vt 0.22519815 0.75213563
vt 0.21577480 0.74737954
vt 0.20383333 0.74357355
vt 0.20204048 0.74438077
vt 0.20383333 0.74357355
vt 0.19140078 0.73998874
vt 0.18971728 0.74082744
vt 0.19140078 0.73998874
vt 0.17850715 0.73663360
vt 0.17693706 0.73750180
vt 0.17850715 0.73663360
vt 0.16518345 0.73351622
vt 0.16373056 0.73441190
vt 0.16518345 0.73351622
vt 0.15146182 0.73064423
vt 0.15012962 0.73156512
vt 0.13737532 0.72802442
vt 0.13616700 0.72896832
vt 0.15012962 0.73156512
vt 0.12295786 0.72566319
vt 0.12187637 0.72662783
vt 0.13616700 0.72896832
vt 0.12295786 0.72566319
vt 0.10824417 0.72356611
vt 0.10729209 0.72454929
vt 0.10824417 0.72356611
vt 0.09326974 0.72173834
vt 0.09244935 0.72273761
vt 0.07807060 0.72018433
vt 0.07738391 0.72119713
vt 0.09244935 0.72273761
vt 0.06268337 0.71890765
vt 0.06213203 0.71993172
vt 0.07738391 0.72119713
vt 0.04714514 0.71791148
vt 0.04673047 0.71894431
vt 0.06213203 0.71993172
vt 0.03149333 0.71719813
vt 0.03121633 0.71823734
vt 0.04673047 0.71894431
vt 0.03149333 0.71719813
vt 0.01576566 0.71676952
vt 0.01562699 0.71781248
vt 0.01576566 0.71676952
vt 0.00000000 0.71662652
vt 0.00000000 0.71767068
vt -0.01576566 0.71676952
vt -0.01562699 0.71781248
vt 0.00000000 0.71767068
vt -0.03149333 0.71719813
vt -0.03121633 0.71823734
vt -0.01562699 0.71781248
vt -0.03149333 0.71719813
vt -0.04714514 0.71791148
vt -0.04673047 0.71894431
vt -0.04714514 0.71791148
vt -0.06268337 0.71890765
vt -0.06213203 0.71993172
vt -0.06268337 0.71890765
vt -0.07807060 0.72018433
vt -0.07738391 0.72119713
vt -0.07807060 0.72018433
vt -0.09326974 0.72173834
vt -0.09244935 0.72273761
vt -0.10824417 0.72356611
vt -0.10729209 0.72454929
vt -0.09244935 0.72273761
vt -0.12295786 0.72566319
vt -0.12187637 0.72662783
vt -0.10729209 0.72454929
vt -0.12295786 0.72566319
vt -0.13737532 0.72802442
vt -0.13616700 0.72896832
vt -0.13737532 0.72802442
vt -0.15146182 0.73064423
vt -0.15012962 0.73156512
vt -0.16518345 0.73351622
vt -0.16373056 0.73441190
vt -0.15012962 0.73156512
vt -0.17850715 0.73663360
vt -0.17693706 0.73750180
vt -0.16373056 0.73441190
vt -0.19140078 0.73998874
vt -0.18971728 0.74082744
vt -0.17693706 0.73750180
vt -0.20383333 0.74357355
vt -0.20204048 0.74438077
vt -0.18971728 0.74082744
vt -0.21577480 0.74737954
vt -0.21387693 0.74815321
vt -0.20204048 0.74438077
vt -0.21577480 0.74737954
vt -0.22719650 0.75139731
vt -0.22519815 0.75213563
vt -0.22719650 0.75139731
vt -0.23807083 0.75561738
vt -0.23597683 0.75631863
vt -0.24837165 0.76002949
vt -0.24618705 0.76069188
vt -0.23597683 0.75631863
vt -0.25807407 0.76462305
vt -0.25580415 0.76524508
vt -0.24618705 0.76069188
vt -0.25807407 0.76462305
vt -0.26715481 0.76938701
vt -0.26480502 0.76996708
vt -0.26715481 0.76938701
vt -0.27559197 0.77430975
vt -0.27316794 0.77484655
vt -0.28336516 0.77937955
vt -0.28087276 0.77987182
vt -0.27316794 0.77484655
vt -0.29045570 0.78458428
vt -0.28790095 0.78503078
vt -0.28087276 0.77987182
vt -0.29045570 0.78458428
vt -0.29684654 0.78991121
vt -0.29423556 0.79031074
vt -0.29684654 0.78991121
vt -0.30252221 0.79534757
vt -0.29986134 0.79569930
vt -0.30252221 0.79534757
vt -0.30746913 0.80088031
vt -0.30476472 0.80118346
vt -0.31167528 0.80649602
vt -0.30893388 0.80674976
vt -0.30476472 0.80118346
vt -0.31513059 0.81218129
vt -0.31235880 0.81238502
vt -0.30893388 0.80674976
vt -0.31782672 0.81792229
vt -0.31503123 0.81807548
vt -0.31235880 0.81238502
vt -0.31782672 0.81792229
vt -0.31975719 0.82370532
vt -0.31694472 0.82380766
vt -0.31975719 0.82370532
vt -0.32091734 0.82951635
vt -0.31809467 0.82956755
vt -0.32091734 0.82951635
vt -0.32130435 0.83534139
vt -0.31847826 0.83534139
vt -0.31847826 0.83534139
vt -0.31809467 0.84111524
vt -0.31483772 0.84105605
vt -0.31809467 0.84111524
vt -0.31694472 0.84687513
vt -0.31369954 0.84675705
vt -0.31503123 0.85260731
vt -0.31180567 0.85243052
vt -0.31369954 0.84675705
vt -0.31235880 0.85829777
vt -0.30916062 0.85806280
vt -0.31180567 0.85243052
vt -0.30893388 0.86393309
vt -0.30577073 0.86364031
vt -0.30916062 0.85806280
vt -0.30476472 0.86949939
vt -0.30164424 0.86914968
vt -0.30577073 0.86364031
vt -0.30476472 0.86949939
vt -0.29986134 0.87498349
vt -0.29679108 0.87457758
vt -0.29986134 0.87498349
vt -0.29423556 0.88037205
vt -0.29122290 0.87991101
vt -0.28790095 0.88565207
vt -0.28495315 0.88513702
vt -0.29122290 0.87991101
vt -0.28087276 0.89081097
vt -0.27799693 0.89024299
vt -0.28495315 0.88513702
vt -0.28087276 0.89081097
vt -0.27316794 0.89583629
vt -0.27037099 0.89521682
vt -0.27316794 0.89583629
vt -0.26480502 0.90071577
vt -0.26209372 0.90004641
vt -0.25580415 0.90543777
vt -0.25318500 0.90472007
vt -0.26209372 0.90004641
vt -0.24618705 0.90999085
vt -0.24366637 0.90922654
vt -0.25318500 0.90472007
vt -0.24618705 0.90999085
vt -0.23597683 0.91436422
vt -0.23356070 0.91355509
vt -0.22519815 0.91854715
vt -0.22289236 0.91769522
vt -0.23356070 0.91355509
vt -0.21387693 0.92252964
vt -0.21168707 0.92163688
vt -0.22289236 0.91769522
vt -0.21387693 0.92252964
vt -0.20204048 0.92630208
vt -0.19997180 0.92537075
vt -0.20204048 0.92630208
vt -0.18971728 0.92985541
vt -0.18777479 0.92888767
vt -0.18971728 0.92985541
vt -0.17693706 0.93318105
vt -0.17512539 0.93217921
vt -0.17693706 0.93318105
vt -0.16373056 0.93627095
vt -0.16205414 0.93523753
vt -0.16373056 0.93627095
vt -0.15012962 0.93911773
vt -0.14859246 0.93805516
vt -0.15012962 0.93911773
vt -0.13616700 0.94171447
vt -0.13477281 0.94062525
vt -0.13616700 0.94171447
vt -0.12187637 0.94405490
vt -0.12062848 0.94294184
vt -0.10729209 0.94613349
vt -0.10619355 0.94499916
vt -0.12062848 0.94294184
vt -0.09244935 0.94794524
vt -0.09150279 0.94679224
vt -0.10619355 0.94499916
vt -0.09244935 0.94794524
vt -0.07738391 0.94948566
vt -0.07659158 0.94831693
vt -0.07738391 0.94948566
vt -0.06213203 0.95075113
vt -0.06149587 0.94956946
vt -0.06213203 0.95075113
vt -0.04673047 0.95173854
vt -0.04625200 0.95054674
vt -0.03121633 0.95244545
vt -0.03089671 0.95124644
vt -0.04625200 0.95054674
vt -0.03121633 0.95244545
vt -0.01562699 0.95287037
vt -0.01546699 0.95166701
vt -0.00000000 0.95301211
vt -0.00000000 0.95180732
vt -0.01546699 0.95166701
vt -0.00000000 0.95301211
vt 0.01562699 0.95287037
vt 0.01546699 0.95166701
vt 0.03121633 0.95244545
vt 0.03089671 0.95124644
vt 0.01546699 0.95166701
vt 0.03121633 0.95244545
vt 0.04673047 0.95173854
vt 0.04625200 0.95054674
vt 0.06213203 0.95075113
vt 0.06149587 0.94956946
vt 0.04625200 0.95054674
vt 0.07738391 0.94948566
vt 0.07659158 0.94831693
vt 0.06149587 0.94956946
vt 0.09244935 0.94794524
vt 0.09150279 0.94679224
vt 0.07659158 0.94831693
vt 0.09244935 0.94794524
vt 0.10729209 0.94613349
vt 0.10619355 0.94499916
vt 0.10729209 0.94613349
vt 0.12187637 0.94405490
vt 0.12062848 0.94294184
vt 0.13616700 0.94171447
vt 0.13477281 0.94062525
vt 0.12062848 0.94294184
vt 0.15012962 0.93911773
vt 0.14859246 0.93805516
vt 0.13477281 0.94062525
vt 0.16373056 0.93627095
vt 0.16205414 0.93523753
vt 0.14859246 0.93805516
vt 0.17693706 0.93318105
vt 0.17512539 0.93217921
vt 0.16205414 0.93523753
vt 0.18971728 0.92985541
vt 0.18777479 0.92888767
vt 0.17512539 0.93217921
vt 0.20204048 0.92630208
vt 0.19997180 0.92537075
vt 0.18777479 0.92888767
vt 0.21387693 0.92252964
vt 0.21168707 0.92163688
vt 0.19997180 0.92537075
vt 0.21387693 0.92252964
vt 0.22519815 0.91854715
vt 0.22289236 0.91769522
vt 0.22519815 0.91854715
vt 0.23597683 0.91436422
vt 0.23356070 0.91355509
vt 0.24618705 0.90999085
vt 0.24366637 0.90922654
vt 0.23356070 0.91355509
vt 0.24618705 0.90999085
vt 0.25580415 0.90543777
vt 0.25318500 0.90472007
vt 0.25580415 0.90543777
vt 0.26480502 0.90071577
vt 0.26209372 0.90004641
vt 0.27316794 0.89583629
vt 0.27037099 0.89521682
vt 0.26209372 0.90004641
vt 0.28087276 0.89081097
vt 0.27799693 0.89024299
vt 0.27037099 0.89521682
vt 0.28087276 0.89081097
vt 0.28790095 0.88565207
vt 0.28495315 0.88513702
vt 0.28790095 0.88565207
vt 0.29423556 0.88037205
vt 0.29122290 0.87991101
vt 0.29986134 0.87498349
vt 0.29679108 0.87457758
vt 0.29122290 0.87991101
vt 0.30476472 0.86949939
vt 0.30164424 0.86914968
vt 0.29679108 0.87457758
vt 0.30476472 0.86949939
vt 0.30893388 0.86393309
vt 0.30577073 0.86364031
vt 0.30893388 0.86393309
vt 0.31235880 0.85829777
vt 0.30916062 0.85806280
vt 0.31235880 0.85829777
vt 0.31503123 0.85260731
vt 0.31180567 0.85243052
vt 0.31503123 0.85260731
vt 0.31694472 0.84687513
vt 0.31369954 0.84675705
vt 0.31809467 0.84111524
vt 0.31483772 0.84105605
vt 0.31369954 0.84675705
vt 0.31847826 0.83534139
vt 0.31521741 0.83534139
vt 0.31483772 0.84105605
vt 0.31847826 0.83534139
vt 0.31809467 0.82956755
vt 0.31483772 0.82962668
vt 0.31809467 0.82956755
vt 0.31694472 0.82380766
vt 0.31369954 0.82392579
vt 0.31694472 0.82380766
vt 0.31503123 0.81807548
vt 0.31180567 0.81825233
vt 0.31503123 0.81807548
vt 0.31235880 0.81238502
vt 0.30916062 0.81262004
vt 0.30893388 0.80674976
vt 0.30577073 0.80704248
vt 0.30916062 0.81262004
vt 0.30476472 0.80118346
vt 0.30164424 0.80153316
vt 0.30577073 0.80704248
vt 0.30476472 0.80118346
vt 0.29986134 0.79569930
vt 0.29679108 0.79610527
vt 0.29986134 0.79569930
vt 0.29423556 0.79031074
vt 0.29122290 0.79077184
vt 0.28790095 0.78503078
vt 0.28495315 0.78554583
vt 0.29122290 0.79077184
vt 0.28087276 0.77987182
vt 0.27799693 0.78043973
vt 0.28495315 0.78554583
vt 0.28087276 0.77987182
vt 0.27316794 0.77484655
vt 0.27037099 0.77546602
vt 0.27316794 0.77484655
vt 0.26480502 0.76996708
vt 0.26209372 0.77063644
vt 0.25580415 0.76524508
vt 0.25318500 0.76596278
vt 0.26209372 0.77063644
vt 0.25580415 0.76524508
vt 0.24618705 0.76069188
vt 0.24366637 0.76145625
vt 0.24618705 0.76069188
vt 0.23597683 0.75631863
vt 0.23356070 0.75712770
vt 0.22519815 0.75213563
vt 0.22289236 0.75298756
vt 0.23356070 0.75712770
vt 0.21387693 0.74815321
vt 0.21168707 0.74904591
vt 0.22289236 0.75298756
vt 0.20204048 0.74438077
vt 0.19997180 0.74531209
vt 0.21168707 0.74904591
vt 0.20204048 0.74438077
vt 0.18971728 0.74082744
vt 0.18777479 0.74179518
vt 0.18971728 0.74082744
vt 0.17693706 0.73750180
vt 0.17512539 0.73850352
vt 0.16373056 0.73441190
vt 0.16205414 0.73544532
vt 0.17512539 0.73850352
vt 0.16373056 0.73441190
vt 0.15012962 0.73156512
vt 0.14859246 0.73262769
vt 0.15012962 0.73156512
vt 0.13616700 0.72896832
vt 0.13477281 0.73005754
vt 0.13616700 0.72896832
vt 0.12187637 0.72662783
vt 0.12062848 0.72774094
vt 0.10729209 0.72454929
vt 0.10619355 0.72568369
vt 0.12062848 0.72774094
vt 0.09244935 0.72273761
vt 0.09150279 0.72389048
vt 0.10619355 0.72568369
vt 0.09244935 0.72273761
vt 0.07738391 0.72119713
vt 0.07659158 0.72236586
vt 0.07738391 0.72119713
vt 0.06213203 0.71993172
vt 0.06149587 0.72111338
vt 0.06213203 0.71993172
vt 0.04673047 0.71894431
vt 0.04625200 0.72013611
vt 0.03121633 0.71823734
vt 0.03089671 0.71943641
vt 0.04625200 0.72013611
vt 0.03121633 0.71823734
vt 0.01562699 0.71781248
vt 0.01546699 0.71901578
vt 0.01562699 0.71781248
vt 0.00000000 0.71767068
vt 0.00000000 0.71887553
vt -0.01562699 0.71781248
vt -0.01546699 0.71901578
vt 0.00000000 0.71887553
vt -0.03121633 0.71823734
vt -0.03089671 0.71943641
vt -0.01546699 0.71901578
vt -0.03121633 0.71823734
vt -0.04673047 0.71894431
vt -0.04625200 0.72013611
vt -0.06213203 0.71993172
vt -0.06149587 0.72111338
vt -0.04625200 0.72013611
vt -0.07738391 0.72119713
vt -0.07659158 0.72236586
vt -0.06149587 0.72111338
vt -0.09244935 0.72273761
vt -0.09150279 0.72389048
vt -0.07659158 0.72236586
vt -0.09244935 0.72273761
vt -0.10729209 0.72454929
vt -0.10619355 0.72568369
vt -0.10729209 0.72454929
vt -0.12187637 0.72662783
vt -0.12062848 0.72774094
vt -0.13616700 0.72896832
vt -0.13477281 0.73005754
vt -0.12062848 0.72774094
vt -0.15012962 0.73156512
vt -0.14859246 0.73262769
vt -0.13477281 0.73005754
vt -0.16373056 0.73441190
vt -0.16205414 0.73544532
vt -0.14859246 0.73262769
vt -0.16373056 0.73441190
vt -0.17693706 0.73750180
vt -0.17512539 0.73850352
vt -0.18971728 0.74082744
vt -0.18777479 0.74179518
vt -0.17512539 0.73850352
vt -0.20204048 0.74438077
vt -0.19997180 0.74531209
vt -0.18777479 0.74179518
vt -0.20204048 0.74438077
vt -0.21387693 0.74815321
vt -0.21168707 0.74904591
vt -0.21387693 0.74815321
vt -0.22519815 0.75213563
vt -0.22289236 0.75298756
vt -0.22519815 0.75213563
vt -0.23597683 0.75631863
vt -0.23356070 0.75712770
vt -0.24618705 0.76069188
vt -0.24366637 0.76145625
vt -0.23356070 0.75712770
vt -0.25580415 0.76524508
vt -0.25318500 0.76596278
vt -0.24366637 0.76145625
vt -0.25580415 0.76524508
vt -0.26480502 0.76996708
vt -0.26209372 0.77063644
vt -0.27316794 0.77484655
vt -0.27037099 0.77546602
vt -0.26209372 0.77063644
vt -0.28087276 0.77987182
vt -0.27799693 0.78043973
vt -0.27037099 0.77546602
vt -0.28087276 0.77987182
vt -0.28790095 0.78503078
vt -0.28495315 0.78554583
vt -0.28790095 0.78503078
vt -0.29423556 0.79031074
vt -0.29122290 0.79077184
vt -0.29986134 0.79569930
vt -0.29679108 0.79610527
vt -0.29122290 0.79077184
vt -0.30476472 0.80118346
vt -0.30164424 0.80153316
vt -0.29679108 0.79610527
vt -0.30476472 0.80118346
vt -0.30893388 0.80674976
vt -0.30577073 0.80704248
vt -0.30893388 0.80674976
vt -0.31235880 0.81238502
vt -0.30916062 0.81262004
vt -0.31503123 0.81807548
vt -0.31180567 0.81825233
vt -0.30916062 0.81262004
vt -0.31694472 0.82380766
vt -0.31369954 0.82392579
vt -0.31180567 0.81825233
vt -0.31809467 0.82956755
vt -0.31483772 0.82962668
vt -0.31369954 0.82392579
vt -0.31847826 0.83534139
vt -0.31521741 0.83534139
vt -0.31483772 0.82962668
vt -0.31956521 0.83534139
vt -0.31918031 0.82954782
vt -0.31802642 0.82376832
vt -0.31802642 0.82376832
vt -0.31610641 0.81801659
vt -0.31342486 0.81230664
vt -0.31342486 0.81230664
vt -0.30998826 0.80665219
vt -0.30580488 0.80106688
vt -0.30580488 0.80106688
vt -0.30088472 0.79556406
vt -0.31342486 0.81230664
vt -0.30088472 0.79556406
vt -0.29523978 0.79015714
vt -0.31342486 0.81230664
vt -0.29523978 0.79015714
vt -0.28888354 0.78485900
vt -0.26570877 0.76974398
vt -0.28888354 0.78485900
vt -0.28183138 0.77968252
vt -0.26570877 0.76974398
vt -0.28183138 0.77968252
vt -0.27410024 0.77464008
vt -0.26570877 0.76974398
vt -0.26570877 0.76974398
vt -0.25667721 0.76500583
vt -0.24702726 0.76043713
vt -0.24702726 0.76043713
vt -0.23678221 0.75604892
vt -0.26570877 0.76974398
vt -0.23678221 0.75604892
vt -0.22596674 0.75185168
vt -0.26570877 0.76974398
vt -0.22596674 0.75185168
vt -0.21460688 0.74785560
vt -0.20273003 0.74407035
vt -0.20273003 0.74407035
vt -0.19036478 0.74050480
vt -0.17754094 0.73716784
vt -0.17754094 0.73716784
vt -0.16428936 0.73406738
vt -0.15064201 0.73121095
vt -0.15064201 0.73121095
vt -0.13663174 0.72860533
vt -0.17754094 0.73716784
vt -0.13663174 0.72860533
vt -0.12229232 0.72625679
vt -0.17754094 0.73716784
vt -0.12229232 0.72625679
vt -0.10765829 0.72417110
vt -0.06234409 0.71953785
vt -0.10765829 0.72417110
vt -0.09276489 0.72235322
vt -0.06234409 0.71953785
vt -0.09276489 0.72235322
vt -0.07764801 0.72080761
vt -0.06234409 0.71953785
vt -0.06234409 0.71953785
vt -0.04688996 0.71854711
vt -0.03132287 0.71783769
vt -0.03132287 0.71783769
vt -0.01568032 0.71741134
vt 0.00000000 0.71726912
vt 0.00000000 0.71726912
vt 0.01568032 0.71741134
vt 0.03132287 0.71783769
vt 0.03132287 0.71783769
vt 0.04688996 0.71854711
vt 0.06234409 0.71953785
vt 0.06234409 0.71953785
vt 0.07764801 0.72080761
vt 0.09276489 0.72235322
vt 0.09276489 0.72235322
vt 0.10765829 0.72417110
vt 0.06234409 0.71953785
vt 0.10765829 0.72417110
vt 0.12229232 0.72625679
vt 0.06234409 0.71953785
vt 0.12229232 0.72625679
vt 0.13663174 0.72860533
vt 0.17754094 0.73716784
vt 0.13663174 0.72860533
vt 0.15064201 0.73121095
vt 0.17754094 0.73716784
vt 0.15064201 0.73121095
vt 0.16428936 0.73406738
vt 0.17754094 0.73716784
vt 0.17754094 0.73716784
vt 0.19036478 0.74050480
vt 0.20273003 0.74407035
vt 0.20273003 0.74407035
vt 0.21460688 0.74785560
vt 0.22596674 0.75185168
vt 0.22596674 0.75185168
vt 0.23678221 0.75604892
vt 0.26570877 0.76974398
vt 0.23678221 0.75604892
vt 0.24702726 0.76043713
vt 0.26570877 0.76974398
vt 0.24702726 0.76043713
vt 0.25667721 0.76500583
vt 0.26570877 0.76974398
vt 0.26570877 0.76974398
vt 0.27410024 0.77464008
vt 0.28183138 0.77968252
vt 0.28183138 0.77968252
vt 0.28888354 0.78485900
vt 0.26570877 0.76974398
vt 0.28888354 0.78485900
vt 0.29523978 0.79015714
vt 0.26570877 0.76974398
vt 0.29523978 0.79015714
vt 0.30088472 0.79556406
vt 0.31342486 0.81230664
vt 0.30088472 0.79556406
vt 0.30580488 0.80106688
vt 0.31342486 0.81230664
vt 0.30580488 0.80106688
vt 0.30998826 0.80665219
vt 0.31342486 0.81230664
vt 0.31342486 0.81230664
vt 0.31610641 0.81801659
vt 0.31802642 0.82376832
vt 0.31802642 0.82376832
vt 0.31918031 0.82954782
vt 0.31956521 0.83534139
vt 0.31956521 0.83534139
vt 0.31918031 0.84113497
vt 0.31802642 0.84691447
vt 0.31802642 0.84691447
vt 0.31610641 0.85266620
vt 0.31342486 0.85837620
vt 0.31342486 0.85837620
vt 0.30998826 0.86403060
vt 0.30580488 0.86961597
vt 0.30580488 0.86961597
vt 0.30088472 0.87511873
vt 0.31342486 0.85837620
vt 0.30088472 0.87511873
vt 0.29523978 0.88052571
vt 0.31342486 0.85837620
vt 0.29523978 0.88052571
vt 0.28888354 0.88582379
vt 0.26570877 0.90093887
vt 0.28888354 0.88582379
vt 0.28183138 0.89100033
vt 0.26570877 0.90093887
vt 0.28183138 0.89100033
vt 0.27410024 0.89604270
vt 0.26570877 0.90093887
vt 0.26570877 0.90093887
vt 0.25667721 0.90567702
vt 0.24702726 0.91024572
vt 0.24702726 0.91024572
vt 0.23678221 0.91463393
vt 0.26570877 0.90093887
vt 0.23678221 0.91463393
vt 0.22596674 0.91883117
vt 0.26570877 0.90093887
vt 0.22596674 0.91883117
vt 0.21460688 0.92282724
vt 0.20273003 0.92661250
vt 0.20273003 0.92661250
vt 0.19036478 0.93017799
vt 0.17754094 0.93351489
vt 0.17754094 0.93351489
vt 0.16428936 0.93661541
vt 0.15064201 0.93947184
vt 0.15064201 0.93947184
vt 0.13663174 0.94207752
vt 0.12229232 0.94442600
vt 0.12229232 0.94442600
vt 0.10765829 0.94651169
vt 0.09276489 0.94832951
vt 0.09276489 0.94832951
vt 0.07764801 0.94987524
vt 0.06234409 0.95114493
vt 0.06234409 0.95114493
vt 0.04688996 0.95213574
vt 0.03132287 0.95284510
vt 0.03132287 0.95284510
vt 0.01568032 0.95327151
vt -0.00000000 0.95341372
vt -0.00000000 0.95341372
vt -0.01568032 0.95327151
vt -0.03132287 0.95284510
vt -0.03132287 0.95284510
vt -0.04688996 0.95213574
vt -0.06234409 0.95114493
vt -0.06234409 0.95114493
vt -0.07764801 0.94987524
vt -0.09276489 0.94832951
vt -0.09276489 0.94832951
vt -0.10765829 0.94651169
vt -0.12229232 0.94442600
vt -0.12229232 0.94442600
vt -0.13663174 0.94207752
vt -0.15064201 0.93947184
vt -0.15064201 0.93947184
vt -0.16428936 0.93661541
vt -0.17754094 0.93351489
vt -0.17754094 0.93351489
vt -0.19036478 0.93017799
vt -0.20273003 0.92661250
vt -0.20273003 0.92661250
vt -0.21460688 0.92282724
vt -0.22596674 0.91883117
vt -0.22596674 0.91883117
vt -0.23678221 0.91463393
vt -0.26570877 0.90093887
vt -0.23678221 0.91463393
vt -0.24702726 0.91024572
vt -0.26570877 0.90093887
vt -0.24702726 0.91024572
vt -0.25667721 0.90567702
vt -0.26570877 0.90093887
vt -0.26570877 0.90093887
vt -0.27410024 0.89604270
vt -0.28183138 0.89100033
vt -0.28183138 0.89100033
vt -0.28888354 0.88582379
vt -0.26570877 0.90093887
vt -0.28888354 0.88582379
vt -0.29523978 0.88052571
vt -0.26570877 0.90093887
vt -0.29523978 0.88052571
vt -0.30088472 0.87511873
vt -0.31342486 0.85837620
vt -0.30088472 0.87511873
vt -0.30580488 0.86961597
vt -0.31342486 0.85837620
vt -0.30580488 0.86961597
vt -0.30998826 0.86403060
vt -0.31342486 0.85837620
vt -0.31342486 0.85837620
vt -0.31610641 0.85266620
vt -0.31802642 0.84691447
vt -0.31802642 0.84691447
vt -0.31918031 0.84113497
vt -0.31956521 0.83534139
vt -0.31956521 0.83534139
vt -0.31802642 0.82376832
vt -0.29523978 0.79015714
vt -0.31802642 0.82376832
vt -0.31342486 0.81230664
vt -0.29523978 0.79015714
vt -0.22596674 0.75185168
vt -0.20273003 0.74407035
vt -0.12229232 0.72625679
vt -0.20273003 0.74407035
vt -0.17754094 0.73716784
vt -0.12229232 0.72625679
vt -0.06234409 0.71953785
vt -0.03132287 0.71783769
vt 0.00000000 0.71726912
vt 0.00000000 0.71726912
vt 0.03132287 0.71783769
vt 0.06234409 0.71953785
vt 0.17754094 0.73716784
vt 0.20273003 0.74407035
vt 0.12229232 0.72625679
vt 0.20273003 0.74407035
vt 0.22596674 0.75185168
vt 0.12229232 0.72625679
vt 0.31342486 0.81230664
vt 0.31802642 0.82376832
vt 0.29523978 0.79015714
vt 0.31802642 0.82376832
vt 0.31956521 0.83534139
vt 0.29523978 0.79015714
vt 0.31956521 0.83534139
vt 0.31802642 0.84691447
vt 0.29523978 0.88052571
vt 0.31802642 0.84691447
vt 0.31342486 0.85837620
vt 0.29523978 0.88052571
vt 0.22596674 0.91883117
vt 0.20273003 0.92661250
vt 0.17754094 0.93351489
vt 0.17754094 0.93351489
vt 0.15064201 0.93947184
vt 0.12229232 0.94442600
vt 0.12229232 0.94442600
vt 0.09276489 0.94832951
vt -0.00000000 0.95341372
vt 0.09276489 0.94832951
vt 0.06234409 0.95114493
vt -0.00000000 0.95341372
vt 0.06234409 0.95114493
vt 0.03132287 0.95284510
vt -0.00000000 0.95341372
vt -0.00000000 0.95341372
vt -0.03132287 0.95284510
vt -0.06234409 0.95114493
vt -0.06234409 0.95114493
vt -0.09276489 0.94832951
vt -0.00000000 0.95341372
vt -0.09276489 0.94832951
vt -0.12229232 0.94442600
vt -0.00000000 0.95341372
vt -0.12229232 0.94442600
vt -0.15064201 0.93947184
vt -0.17754094 0.93351489
vt -0.17754094 0.93351489
vt -0.20273003 0.92661250
vt -0.22596674 0.91883117
vt -0.31342486 0.85837620
vt -0.31802642 0.84691447
vt -0.29523978 0.88052571
vt -0.31802642 0.84691447
vt -0.31956521 0.83534139
vt -0.29523978 0.88052571
vt -0.29523978 0.79015714
vt -0.26570877 0.76974398
vt -0.22596674 0.75185168
vt -0.12229232 0.72625679
vt -0.06234409 0.71953785
vt -0.22596674 0.75185168
vt -0.06234409 0.71953785
vt 0.00000000 0.71726912
vt -0.22596674 0.75185168
vt 0.00000000 0.71726912
vt 0.06234409 0.71953785
vt 0.22596674 0.75185168
vt 0.06234409 0.71953785
vt 0.12229232 0.72625679
vt 0.22596674 0.75185168
vt 0.22596674 0.75185168
vt 0.26570877 0.76974398
vt 0.29523978 0.79015714
vt 0.29523978 0.88052571
vt 0.26570877 0.90093887
vt 0.22596674 0.91883117
vt 0.22596674 0.91883117
vt 0.17754094 0.93351489
vt -0.00000000 0.95341372
vt 0.17754094 0.93351489
vt 0.12229232 0.94442600
vt -0.00000000 0.95341372
vt -0.12229232 0.94442600
vt -0.17754094 0.93351489
vt -0.00000000 0.95341372
vt -0.17754094 0.93351489
vt -0.22596674 0.91883117
vt -0.00000000 0.95341372
vt -0.22596674 0.91883117
vt -0.26570877 0.90093887
vt -0.29523978 0.88052571
vt -0.31956521 0.83534139
vt -0.29523978 0.79015714
vt 0.00000000 0.71726912
vt -0.29523978 0.79015714
vt -0.22596674 0.75185168
vt 0.00000000 0.71726912
vt 0.22596674 0.75185168
vt 0.29523978 0.79015714
vt 0.00000000 0.71726912
vt 0.29523978 0.79015714
vt 0.31956521 0.83534139
vt 0.00000000 0.71726912
vt 0.31956521 0.83534139
vt 0.29523978 0.88052571
vt -0.00000000 0.95341372
vt 0.29523978 0.88052571
vt 0.22596674 0.91883117
vt -0.00000000 0.95341372
vt -0.22596674 0.91883117
vt -0.29523978 0.88052571
vt -0.00000000 0.95341372
vt -0.29523978 0.88052571
vt -0.31956521 0.83534139
vt -0.00000000 0.95341372
vt -0.31956521 0.83534139
vt 0.00000000 0.71726912
vt -0.00000000 0.95341372
vt -0.31483772 0.82962668
vt -0.31521741 0.83534139
vt -0.31180567 0.85243052
vt -0.31521741 0.83534139
vt -0.31483772 0.84105605
vt -0.31180567 0.85243052
vt -0.31483772 0.84105605
vt -0.31369954 0.84675705
vt -0.31180567 0.85243052
vt -0.31180567 0.85243052
vt -0.30916062 0.85806280
vt -0.30577073 0.86364031
vt -0.30577073 0.86364031
vt -0.30164424 0.86914968
vt -0.29679108 0.87457758
vt -0.29679108 0.87457758
vt -0.29122290 0.87991101
vt -0.28495315 0.88513702
vt -0.28495315 0.88513702
vt -0.27799693 0.89024299
vt -0.29679108 0.87457758
vt -0.27799693 0.89024299
vt -0.27037099 0.89521682
vt -0.29679108 0.87457758
vt -0.27037099 0.89521682
vt -0.26209372 0.90004641
vt -0.25318500 0.90472007
vt -0.25318500 0.90472007
vt -0.24366637 0.90922654
vt -0.27037099 0.89521682
vt -0.24366637 0.90922654
vt -0.23356070 0.91355509
vt -0.27037099 0.89521682
vt -0.23356070 0.91355509
vt -0.22289236 0.91769522
vt -0.21168707 0.92163688
vt -0.21168707 0.92163688
vt -0.19997180 0.92537075
vt -0.18777479 0.92888767
vt -0.18777479 0.92888767
vt -0.17512539 0.93217921
vt -0.16205414 0.93523753
vt -0.16205414 0.93523753
vt -0.14859246 0.93805516
vt -0.13477281 0.94062525
vt -0.13477281 0.94062525
vt -0.12062848 0.94294184
vt -0.10619355 0.94499916
vt -0.10619355 0.94499916
vt -0.09150279 0.94679224
vt -0.13477281 0.94062525
vt -0.09150279 0.94679224
vt -0.07659158 0.94831693
vt -0.13477281 0.94062525
vt -0.07659158 0.94831693
vt -0.06149587 0.94956946
vt -0.04625200 0.95054674
vt -0.04625200 0.95054674
vt -0.03089671 0.95124644
vt -0.07659158 0.94831693
vt -0.03089671 0.95124644
vt -0.01546699 0.95166701
vt -0.07659158 0.94831693
vt -0.01546699 0.95166701
vt -0.00000000 0.95180732
vt 0.01546699 0.95166701
vt 0.01546699 0.95166701
vt 0.03089671 0.95124644
vt -0.01546699 0.95166701
vt 0.03089671 0.95124644
vt 0.04625200 0.95054674
vt -0.01546699 0.95166701
vt 0.04625200 0.95054674
vt 0.06149587 0.94956946
vt 0.07659158 0.94831693
vt 0.07659158 0.94831693
vt 0.09150279 0.94679224
vt 0.04625200 0.95054674
vt 0.09150279 0.94679224
vt 0.10619355 0.94499916
vt 0.04625200 0.95054674
vt 0.10619355 0.94499916
vt 0.12062848 0.94294184
vt 0.13477281 0.94062525
vt 0.13477281 0.94062525
vt 0.14859246 0.93805516
vt 0.16205414 0.93523753
vt 0.16205414 0.93523753
vt 0.17512539 0.93217921
vt 0.18777479 0.92888767
vt 0.18777479 0.92888767
vt 0.19997180 0.92537075
vt 0.21168707 0.92163688
vt 0.21168707 0.92163688
vt 0.22289236 0.91769522
vt 0.23356070 0.91355509
vt 0.23356070 0.91355509
vt 0.24366637 0.90922654
vt 0.25318500 0.90472007
vt 0.25318500 0.90472007
vt 0.26209372 0.90004641
vt 0.27037099 0.89521682
vt 0.27037099 0.89521682
vt 0.27799693 0.89024299
vt 0.25318500 0.90472007
vt 0.27799693 0.89024299
vt 0.28495315 0.88513702
vt 0.25318500 0.90472007
vt 0.28495315 0.88513702
vt 0.29122290 0.87991101
vt 0.29679108 0.87457758
vt 0.29679108 0.87457758
vt 0.30164424 0.86914968
vt 0.30577073 0.86364031
vt 0.30577073 0.86364031
vt 0.30916062 0.85806280
vt 0.31180567 0.85243052
vt 0.31180567 0.85243052
vt 0.31369954 0.84675705
vt 0.30577073 0.86364031
vt 0.31369954 0.84675705
vt 0.31483772 0.84105605
vt 0.30577073 0.86364031
vt 0.31483772 0.84105605
vt 0.31521741 0.83534139
vt 0.31483772 0.82962668
vt 0.31483772 0.82962668
vt 0.31369954 0.82392579
vt 0.31483772 0.84105605
vt 0.31369954 0.82392579
vt 0.31180567 0.81825233
vt 0.31483772 0.84105605
vt 0.31180567 0.81825233
vt 0.30916062 0.81262004
vt 0.30577073 0.80704248
vt 0.30577073 0.80704248
vt 0.30164424 0.80153316
vt 0.31180567 0.81825233
vt 0.30164424 0.80153316
vt 0.29679108 0.79610527
vt 0.31180567 0.81825233
vt 0.29679108 0.79610527
vt 0.29122290 0.79077184
vt 0.28495315 0.78554583
vt 0.28495315 0.78554583
vt 0.27799693 0.78043973
vt 0.27037099 0.77546602
vt 0.27037099 0.77546602
vt 0.26209372 0.77063644
vt 0.25318500 0.76596278
vt 0.25318500 0.76596278
vt 0.24366637 0.76145625
vt 0.27037099 0.77546602
vt 0.24366637 0.76145625
vt 0.23356070 0.75712770
vt 0.27037099 0.77546602
vt 0.23356070 0.75712770
vt 0.22289236 0.75298756
vt 0.21168707 0.74904591
vt 0.21168707 0.74904591
vt 0.19997180 0.74531209
vt 0.23356070 0.75712770
vt 0.19997180 0.74531209
vt 0.18777479 0.74179518
vt 0.23356070 0.75712770
vt 0.18777479 0.74179518
vt 0.17512539 0.73850352
vt 0.16205414 0.73544532
vt 0.16205414 0.73544532
vt 0.14859246 0.73262769
vt 0.13477281 0.73005754
vt 0.13477281 0.73005754
vt 0.12062848 0.72774094
vt 0.10619355 0.72568369
vt 0.10619355 0.72568369
vt 0.09150279 0.72389048
vt 0.07659158 0.72236586
vt 0.07659158 0.72236586
vt 0.06149587 0.72111338
vt 0.04625200 0.72013611
vt 0.04625200 0.72013611
vt 0.03089671 0.71943641
vt 0.07659158 0.72236586
vt 0.03089671 0.71943641
vt 0.01546699 0.71901578
vt 0.07659158 0.72236586
vt 0.01546699 0.71901578
vt 0.00000000 0.71887553
vt -0.01546699 0.71901578
vt -0.01546699 0.71901578
vt -0.03089671 0.71943641
vt 0.01546699 0.71901578
vt -0.03089671 0.71943641
vt -0.04625200 0.72013611
vt 0.01546699 0.71901578
vt -0.04625200 0.72013611
vt -0.06149587 0.72111338
vt -0.10619355 0.72568369
vt -0.06149587 0.72111338
vt -0.07659158 0.72236586
vt -0.10619355 0.72568369
vt -0.07659158 0.72236586
vt -0.09150279 0.72389048
vt -0.10619355 0.72568369
vt -0.10619355 0.72568369
vt -0.12062848 0.72774094
vt -0.13477281 0.73005754
vt -0.13477281 0.73005754
vt -0.14859246 0.73262769
vt -0.16205414 0.73544532
vt -0.16205414 0.73544532
vt -0.17512539 0.73850352
vt -0.18777479 0.74179518
vt -0.18777479 0.74179518
vt -0.19997180 0.74531209
vt -0.16205414 0.73544532
vt -0.19997180 0.74531209
vt -0.21168707 0.74904591
vt -0.16205414 0.73544532
vt -0.21168707 0.74904591
vt -0.22289236 0.75298756
vt -0.23356070 0.75712770
vt -0.23356070 0.75712770
vt -0.24366637 0.76145625
vt -0.21168707 0.74904591
vt -0.24366637 0.76145625
vt -0.25318500 0.76596278
vt -0.21168707 0.74904591
vt -0.25318500 0.76596278
vt -0.26209372 0.77063644
vt -0.27037099 0.77546602
vt -0.27037099 0.77546602
vt -0.27799693 0.78043973
vt -0.28495315 0.78554583
vt -0.28495315 0.78554583
vt -0.29122290 0.79077184
vt -0.29679108 0.79610527
vt -0.29679108 0.79610527
vt -0.30164424 0.80153316
vt -0.30577073 0.80704248
vt -0.30577073 0.80704248
vt -0.30916062 0.81262004
vt -0.31180567 0.81825233
vt -0.31180567 0.81825233
vt -0.31369954 0.82392579
vt -0.30577073 0.80704248
vt -0.31369954 0.82392579
vt -0.31483772 0.82962668
vt -0.30577073 0.80704248
vt -0.31180567 0.85243052
vt -0.30577073 0.86364031
vt -0.31483772 0.82962668
vt -0.30577073 0.86364031
vt -0.29679108 0.87457758
vt -0.31483772 0.82962668
vt -0.23356070 0.91355509
vt -0.21168707 0.92163688
vt -0.13477281 0.94062525
vt -0.21168707 0.92163688
vt -0.18777479 0.92888767
vt -0.13477281 0.94062525
vt -0.18777479 0.92888767
vt -0.16205414 0.93523753
vt -0.13477281 0.94062525
vt 0.10619355 0.94499916
vt 0.13477281 0.94062525
vt 0.21168707 0.92163688
vt 0.13477281 0.94062525
vt 0.16205414 0.93523753
vt 0.21168707 0.92163688
vt 0.16205414 0.93523753
vt 0.18777479 0.92888767
vt 0.21168707 0.92163688
vt 0.21168707 0.92163688
vt 0.23356070 0.91355509
vt 0.28495315 0.88513702
vt 0.23356070 0.91355509
vt 0.25318500 0.90472007
vt 0.28495315 0.88513702
vt 0.28495315 0.88513702
vt 0.29679108 0.87457758
vt 0.30577073 0.86364031
vt 0.29679108 0.79610527
vt 0.28495315 0.78554583
vt 0.27037099 0.77546602
vt 0.18777479 0.74179518
vt 0.16205414 0.73544532
vt 0.13477281 0.73005754
vt 0.13477281 0.73005754
vt 0.10619355 0.72568369
vt 0.01546699 0.71901578
vt 0.10619355 0.72568369
vt 0.07659158 0.72236586
vt 0.01546699 0.71901578
vt -0.10619355 0.72568369
vt -0.13477281 0.73005754
vt -0.21168707 0.74904591
vt -0.13477281 0.73005754
vt -0.16205414 0.73544532
vt -0.21168707 0.74904591
vt -0.25318500 0.76596278
vt -0.27037099 0.77546602
vt -0.21168707 0.74904591
vt -0.27037099 0.77546602
vt -0.28495315 0.78554583
vt -0.21168707 0.74904591
vt -0.28495315 0.78554583
vt -0.29679108 0.79610527
vt -0.31483772 0.82962668
vt -0.29679108 0.79610527
vt -0.30577073 0.80704248
vt -0.31483772 0.82962668
vt -0.29679108 0.87457758
vt -0.27037099 0.89521682
vt -0.23356070 0.91355509
vt -0.13477281 0.94062525
vt -0.07659158 0.94831693
vt -0.01546699 0.95166701
vt -0.01546699 0.95166701
vt 0.04625200 0.95054674
vt 0.10619355 0.94499916
vt 0.28495315 0.88513702
vt 0.30577073 0.86364031
vt 0.21168707 0.92163688
vt 0.30577073 0.86364031
vt 0.31483772 0.84105605
vt 0.21168707 0.92163688
vt 0.31483772 0.84105605
vt 0.31180567 0.81825233
vt 0.29679108 0.79610527
vt 0.29679108 0.79610527
vt 0.27037099 0.77546602
vt 0.23356070 0.75712770
vt 0.23356070 0.75712770
vt 0.18777479 0.74179518
vt 0.13477281 0.73005754
vt 0.01546699 0.71901578
vt -0.04625200 0.72013611
vt -0.10619355 0.72568369
vt -0.31483772 0.82962668
vt -0.29679108 0.87457758
vt -0.23356070 0.91355509
vt -0.23356070 0.91355509
vt -0.13477281 0.94062525
vt -0.01546699 0.95166701
vt -0.01546699 0.95166701
vt 0.10619355 0.94499916
vt 0.21168707 0.92163688
vt 0.31483772 0.84105605
vt 0.29679108 0.79610527
vt 0.23356070 0.75712770
vt 0.23356070 0.75712770
vt 0.13477281 0.73005754
vt 0.31483772 0.84105605
vt 0.13477281 0.73005754
vt 0.01546699 0.71901578
vt 0.31483772 0.84105605
vt 0.01546699 0.71901578
vt -0.10619355 0.72568369
vt -0.21168707 0.74904591
vt -0.21168707 0.74904591
vt -0.28495315 0.78554583
vt -0.31483772 0.82962668
vt -0.31483772 0.82962668
vt -0.23356070 0.91355509
vt 0.31483772 0.84105605
vt -0.23356070 0.91355509
vt -0.01546699 0.95166701
vt 0.31483772 0.84105605
vt -0.01546699 0.95166701
vt 0.21168707 0.92163688
vt 0.31483772 0.84105605
vt 0.01546699 0.71901578
vt -0.21168707 0.74904591
vt 0.31483772 0.84105605
vn 0.89867210 -0.43809271 0.02152395
vn -0.03645238 -0.99933535 -0.00000099
vn 0.89865434 -0.43865749 -0.00000050
vn 0.89865255 -0.43654895 0.04299500
vn -0.03642299 -0.99813271 0.04903555
vn 0.89867210 -0.43809271 0.02152395
vn 0.89865637 -0.43390536 0.06436453
vn -0.03644653 -0.99452358 0.09795187
vn 0.89865255 -0.43654895 0.04299500
vn 0.89865637 -0.43390536 0.06436453
vn -0.03644645 -0.98013353 0.19496138
vn -0.03642911 -0.98851997 0.14663310
vn 0.89864111 -0.42553994 0.10658304
vn -0.03644645 -0.98013353 0.19496138
vn 0.89865643 -0.43022472 0.08557667
vn 0.89865696 -0.41976419 0.12733322
vn -0.03645261 -0.96938592 0.24282116
vn 0.89864111 -0.42553994 0.10658304
vn 0.89866489 -0.41299218 0.14777954
vn -0.03643686 -0.95630562 0.29008946
vn 0.89865696 -0.41976419 0.12733322
vn 0.89865512 -0.40526462 0.16786753
vn -0.03643301 -0.94091845 0.33666769
vn 0.89866489 -0.41299218 0.14777954
vn 0.89866513 -0.39652231 0.18753943
vn -0.03640014 -0.92326665 0.38243133
vn 0.89865512 -0.40526462 0.16786753
vn 0.89866650 -0.38683355 0.20678069
vn -0.03642606 -0.90338987 0.42727023
vn 0.89866513 -0.39652231 0.18753943
vn 0.89866650 -0.38683355 0.20678069
vn -0.03642849 -0.85715729 0.51376486
vn -0.03645139 -0.88133413 0.47108549
vn 0.89865619 -0.37624443 0.22551550
vn -0.03644087 -0.83091915 0.55519843
vn -0.03642849 -0.85715729 0.51376486
vn 0.89865071 -0.36473852 0.24370624
vn -0.03640672 -0.80267608 0.59530306
vn -0.03644087 -0.83091915 0.55519843
vn 0.89864695 -0.35235992 0.26129681
vn -0.03647714 -0.77249813 0.63396847
vn -0.03640672 -0.80267608 0.59530306
vn 0.89865202 -0.32502514 0.29458997
vn -0.03647714 -0.77249813 0.63396847
vn 0.89866072 -0.33906698 0.27828482
vn 0.89865202 -0.32502514 0.29458997
vn -0.03645713 -0.70663208 0.70664132
vn -0.03643826 -0.74045753 0.67111462
vn 0.89864790 -0.31018615 0.31018779
vn -0.03642486 -0.67111439 0.74045855
vn -0.03645713 -0.70663208 0.70664132
vn 0.89865541 -0.29458293 0.32502207
vn -0.03643283 -0.63397223 0.77249718
vn -0.03642486 -0.67111439 0.74045855
vn 0.89865822 -0.26130161 0.35232779
vn -0.03643283 -0.63397223 0.77249718
vn 0.89866740 -0.27826485 0.33906567
vn 0.89866304 -0.24369863 0.36471301
vn -0.03641761 -0.59530401 0.80267489
vn 0.89865822 -0.26130161 0.35232779
vn 0.89863282 -0.22554862 0.37628034
vn -0.03642937 -0.55520636 0.83091444
vn 0.89866304 -0.24369863 0.36471301
vn 0.89866889 -0.20676406 0.38683704
vn -0.03650029 -0.51375437 0.85716051
vn 0.89863282 -0.22554862 0.37628034
vn 0.89866889 -0.20676406 0.38683704
vn -0.03651032 -0.42726785 0.90338755
vn -0.03637060 -0.47107819 0.88134128
vn 0.89862055 -0.18758051 0.39660391
vn -0.03640327 -0.38243008 0.92326707
vn -0.03651032 -0.42726785 0.90338755
vn 0.89865470 -0.16786747 0.40526569
vn -0.03647783 -0.33666518 0.94091767
vn -0.03640327 -0.38243008 0.92326707
vn 0.89863926 -0.14779659 0.41304204
vn -0.03644555 -0.29008746 0.95630586
vn -0.03647783 -0.33666518 0.94091767
vn 0.89866507 -0.12732865 0.41974825
vn -0.03644854 -0.24281819 0.96938682
vn -0.03644555 -0.29008746 0.95630586
vn 0.89864576 -0.10658024 0.42553070
vn -0.03644190 -0.19496310 0.98013330
vn -0.03644854 -0.24281819 0.96938682
vn 0.89865631 -0.08557808 0.43022460
vn -0.03638479 -0.14663307 0.98852164
vn -0.03644190 -0.19496310 0.98013330
vn 0.89865440 -0.04299849 0.43654498
vn -0.03638479 -0.14663307 0.98852164
vn 0.89865971 -0.06436300 0.43389863
vn 0.89865702 -0.02152085 0.43812370
vn -0.03645590 -0.09795548 0.99452287
vn 0.89865440 -0.04299849 0.43654498
vn 0.89865702 -0.02152085 0.43812370
vn -0.03645652 0.00000000 0.99933523
vn -0.03644882 -0.04903257 0.99813193
vn 0.89865702 0.02152207 0.43812370
vn -0.03645652 0.00000000 0.99933523
vn 0.89863753 0.00000000 0.43869185
vn 0.89865702 0.02152207 0.43812370
vn -0.03645590 0.09795547 0.99452287
vn -0.03644882 0.04903258 0.99813193
vn 0.89865428 0.04299909 0.43654492
vn -0.03638480 0.14663309 0.98852164
vn -0.03645590 0.09795547 0.99452287
vn 0.89865625 0.08557811 0.43022463
vn -0.03638480 0.14663309 0.98852164
vn 0.89865971 0.06436300 0.43389863
vn 0.89864576 0.10658024 0.42553070
vn -0.03644190 0.19496310 0.98013330
vn 0.89865625 0.08557811 0.43022463
vn 0.89866513 0.12732789 0.41974828
vn -0.03644855 0.24281816 0.96938682
vn 0.89864576 0.10658024 0.42553070
vn 0.89863926 0.14779659 0.41304204
vn -0.03644555 0.29008746 0.95630586
vn 0.89866513 0.12732789 0.41974828
vn 0.89865470 0.16786742 0.40526575
vn -0.03647783 0.33666518 0.94091767
vn 0.89863926 0.14779659 0.41304204
vn 0.89862055 0.18758051 0.39660391
vn -0.03640325 0.38243002 0.92326713
vn 0.89865470 0.16786742 0.40526575
vn 0.89866889 0.20676406 0.38683704
vn -0.03651033 0.42726788 0.90338761
vn 0.89862055 0.18758051 0.39660391
vn 0.89866889 0.20676406 0.38683704
vn -0.03650028 0.51375437 0.85716051
vn -0.03637059 0.47107825 0.88134128
vn 0.89863282 0.22554864 0.37628034
vn -0.03642936 0.55520642 0.83091444
vn -0.03650028 0.51375437 0.85716051
vn 0.89866304 0.24369863 0.36471304
vn -0.03641760 0.59530401 0.80267483
vn -0.03642936 0.55520642 0.83091444
vn 0.89865822 0.26130161 0.35232779
vn -0.03643284 0.63397229 0.77249718
vn -0.03641760 0.59530401 0.80267483
vn 0.89865541 0.29458293 0.32502207
vn -0.03643284 0.63397229 0.77249718
vn 0.89866740 0.27826485 0.33906567
vn 0.89864796 0.31018600 0.31018782
vn -0.03642487 0.67111439 0.74045849
vn 0.89865541 0.29458293 0.32502207
vn 0.89865202 0.32502511 0.29459000
vn -0.03645713 0.70663214 0.70664132
vn 0.89864796 0.31018600 0.31018782
vn 0.89865202 0.32502511 0.29459000
vn -0.03647714 0.77249807 0.63396853
vn -0.03643825 0.74045748 0.67111468
vn 0.89864695 0.35235995 0.26129678
vn -0.03647714 0.77249807 0.63396853
vn 0.89866072 0.33906698 0.27828482
vn 0.89865071 0.36473840 0.24370624
vn -0.03640671 0.80267602 0.59530306
vn 0.89864695 0.35235995 0.26129678
vn 0.89865619 0.37624443 0.22551548
vn -0.03644087 0.83091915 0.55519843
vn 0.89865071 0.36473840 0.24370624
vn 0.89866650 0.38683355 0.20678067
vn -0.03642847 0.85715729 0.51376486
vn 0.89865619 0.37624443 0.22551548
vn 0.89866650 0.38683355 0.20678067
vn -0.03642605 0.90338987 0.42727017
vn -0.03645138 0.88133413 0.47108540
vn 0.89866972 0.39651144 0.18754035
vn -0.03640015 0.92326665 0.38243133
vn -0.03642605 0.90338987 0.42727017
vn 0.89865530 0.40526423 0.16786754
vn -0.03643301 0.94091845 0.33666772
vn -0.03640015 0.92326665 0.38243133
vn 0.89866495 0.41299227 0.14777957
vn -0.03643688 0.95630568 0.29008946
vn -0.03643301 0.94091845 0.33666772
vn 0.89865696 0.41976419 0.12733322
vn -0.03645262 0.96938592 0.24282117
vn -0.03643688 0.95630568 0.29008946
vn 0.89864111 0.42553994 0.10658302
vn -0.03644647 0.98013353 0.19496138
vn -0.03645262 0.96938592 0.24282117
vn 0.89865637 0.43390536 0.06436453
vn -0.03644647 0.98013353 0.19496138
vn 0.89865643 0.43022472 0.08557667
vn 0.89865637 0.43390536 0.06436453
vn -0.03644653 0.99452358 0.09795187
vn -0.03642911 0.98851997 0.14663312
vn 0.89865506 0.43654391 0.04299512
vn -0.03642301 0.99813271 0.04903555
vn -0.03644653 0.99452358 0.09795187
vn 0.89867204 0.43809271 0.02152395
vn -0.03645238 0.99933535 -0.00000099
vn -0.03642301 0.99813271 0.04903555
vn 0.89865440 0.43865731 -0.00000050
vn -0.03644124 0.99813199 -0.04903537
vn -0.03645238 0.99933535 -0.00000099
vn 0.89866996 0.43809706 -0.02152389
vn -0.03644868 0.99452347 -0.09795205
vn -0.03644124 0.99813199 -0.04903537
vn 0.89866126 0.43389553 -0.06436254
vn -0.03644868 0.99452347 -0.09795205
vn 0.89865494 0.43654400 -0.04299550
vn 0.89865667 0.43022397 -0.08557689
vn -0.03641065 0.98852050 -0.14663395
vn 0.89866126 0.43389553 -0.06436254
vn 0.89864147 0.42553955 -0.10658173
vn -0.03643933 0.98013377 -0.19496155
vn 0.89865667 0.43022397 -0.08557689
vn 0.89866048 0.41975677 -0.12733205
vn -0.03644710 0.96938688 -0.24281836
vn 0.89864147 0.42553955 -0.10658173
vn 0.89866495 0.41299236 -0.14777891
vn -0.03643747 0.95630473 -0.29009217
vn 0.89866048 0.41975677 -0.12733205
vn 0.89865196 0.40527073 -0.16786982
vn -0.03644144 0.94091839 -0.33666679
vn 0.89866495 0.41299236 -0.14777891
vn 0.89865661 0.39653844 -0.18754624
vn -0.03642809 0.92326653 -0.38242882
vn 0.89865196 0.40527073 -0.16786982
vn 0.89865899 0.38684830 -0.20678566
vn -0.03642641 0.90339041 -0.42726901
vn 0.89865661 0.39653844 -0.18754624
vn 0.89865345 0.37624839 -0.22551964
vn -0.03645717 0.88133609 -0.47108129
vn 0.89865899 0.38684830 -0.20678566
vn 0.89865345 0.37624839 -0.22551964
vn -0.03642738 0.83091927 -0.55519921
vn -0.03643810 0.85715431 -0.51376915
vn 0.89865649 0.36472815 -0.24370015
vn -0.03643573 0.80267525 -0.59530240
vn -0.03642738 0.83091927 -0.55519921
vn 0.89864260 0.35236713 -0.26130241
vn -0.03642809 0.77249819 -0.63397127
vn -0.03643573 0.80267525 -0.59530240
vn 0.89866424 0.32500657 -0.29457319
vn -0.03642809 0.77249819 -0.63397127
vn 0.89866757 0.33905599 -0.27827612
vn 0.89866424 0.32500657 -0.29457319
vn -0.03643706 0.70663536 -0.70663905
vn -0.03645257 0.74045378 -0.67111802
vn 0.89864755 0.31018665 -0.31018835
vn -0.03643575 0.67111355 -0.74045867
vn -0.03643706 0.70663536 -0.70663905
vn 0.89864719 0.29459420 -0.32503468
vn -0.03641789 0.63397276 -0.77249748
vn -0.03643575 0.67111355 -0.74045867
vn 0.89865798 0.26130453 -0.35232630
vn -0.03641789 0.63397276 -0.77249748
vn 0.89867389 0.27825648 -0.33905548
vn 0.89865798 0.26130453 -0.35232630
vn -0.03644140 0.55520248 -0.83091652
vn -0.03644674 0.59530634 -0.80267173
vn 0.89866841 0.22551259 -0.37621689
vn -0.03644140 0.55520248 -0.83091652
vn 0.89865327 0.24370618 -0.36473227
vn 0.89866555 0.20677105 -0.38684100
vn -0.03641884 0.51375937 -0.85716099
vn 0.89866841 0.22551259 -0.37621689
vn 0.89867026 0.18753251 -0.39651391
vn -0.03642964 0.47108302 -0.88133633
vn 0.89866555 0.20677105 -0.38684100
vn 0.89867026 0.18753251 -0.39651391
vn -0.03643252 0.38243255 -0.92326486
vn -0.03640267 0.42726290 -0.90339428
vn 0.89864588 0.16787682 -0.40528145
vn -0.03649006 0.33666846 -0.94091600
vn -0.03643252 0.38243255 -0.92326486
vn 0.89864320 0.12734970 -0.41978857
vn -0.03649006 0.33666846 -0.94091600
vn 0.89864624 0.14778569 -0.41303077
vn 0.89864320 0.12734970 -0.41978857
vn -0.03639125 0.24281897 -0.96938884
vn -0.03647889 0.29008219 -0.95630622
vn 0.89867616 0.10656325 -0.42547083
vn -0.03645019 0.19495951 -0.98013383
vn -0.03639125 0.24281897 -0.96938884
vn 0.89863616 0.08558486 -0.43026537
vn -0.03640274 0.14663601 -0.98852044
vn -0.03645019 0.19495951 -0.98013383
vn 0.89866465 0.04299694 -0.43652394
vn -0.03640274 0.14663601 -0.98852044
vn 0.89865971 0.06436186 -0.43389878
vn 0.89865714 0.02152067 -0.43812355
vn -0.03642041 0.09795678 -0.99452400
vn 0.89866465 0.04299694 -0.43652394
vn 0.89865714 0.02152067 -0.43812355
vn -0.03639216 0.00000000 -0.99933755
vn -0.03642616 0.04903593 -0.99813265
vn 0.89865714 -0.02152189 -0.43812349
vn -0.03639216 0.00000000 -0.99933755
vn 0.89866704 -0.00000004 -0.43863142
vn 0.89865714 -0.02152189 -0.43812349
vn -0.03642042 -0.09795678 -0.99452400
vn -0.03642617 -0.04903593 -0.99813265
vn 0.89866459 -0.04299754 -0.43652391
vn -0.03640274 -0.14663602 -0.98852044
vn -0.03642042 -0.09795678 -0.99452400
vn 0.89863616 -0.08558520 -0.43026537
vn -0.03640274 -0.14663602 -0.98852044
vn 0.89865971 -0.06436186 -0.43389878
vn 0.89867610 -0.10656324 -0.42547083
vn -0.03645019 -0.19495952 -0.98013383
vn 0.89863616 -0.08558520 -0.43026537
vn 0.89864391 -0.12734334 -0.41978890
vn -0.03639124 -0.24281897 -0.96938884
vn 0.89867610 -0.10656324 -0.42547083
vn 0.89864391 -0.12734334 -0.41978890
vn -0.03649006 -0.33666846 -0.94091594
vn -0.03647889 -0.29008219 -0.95630622
vn 0.89864582 -0.16787677 -0.40528145
vn -0.03649006 -0.33666846 -0.94091594
vn 0.89864624 -0.14778557 -0.41303071
vn 0.89867026 -0.18753253 -0.39651391
vn -0.03643253 -0.38243246 -0.92326486
vn 0.89864582 -0.16787677 -0.40528145
vn 0.89867026 -0.18753253 -0.39651391
vn -0.03642964 -0.47108296 -0.88133633
vn -0.03640268 -0.42726290 -0.90339428
vn 0.89866555 -0.20677102 -0.38684097
vn -0.03641884 -0.51375937 -0.85716105
vn -0.03642964 -0.47108296 -0.88133633
vn 0.89866841 -0.22551259 -0.37621692
vn -0.03644139 -0.55520242 -0.83091652
vn -0.03641884 -0.51375937 -0.85716105
vn 0.89865798 -0.26130450 -0.35232630
vn -0.03644139 -0.55520242 -0.83091652
vn 0.89865398 -0.24370319 -0.36473256
vn 0.89865798 -0.26130450 -0.35232630
vn -0.03641791 -0.63397276 -0.77249748
vn -0.03644673 -0.59530634 -0.80267179
vn 0.89864719 -0.29459420 -0.32503468
vn -0.03641791 -0.63397276 -0.77249748
vn 0.89867383 -0.27825639 -0.33905551
vn 0.89864761 -0.31018651 -0.31018838
vn -0.03643575 -0.67111361 -0.74045867
vn 0.89864719 -0.29459420 -0.32503468
vn 0.89866424 -0.32500657 -0.29457316
vn -0.03643708 -0.70663536 -0.70663911
vn 0.89864761 -0.31018651 -0.31018838
vn 0.89866424 -0.32500657 -0.29457316
vn -0.03642809 -0.77249819 -0.63397127
vn -0.03645257 -0.74045378 -0.67111802
vn 0.89864260 -0.35236713 -0.26130241
vn -0.03642809 -0.77249819 -0.63397127
vn 0.89866757 -0.33905599 -0.27827612
vn 0.89865649 -0.36472806 -0.24370015
vn -0.03643575 -0.80267519 -0.59530246
vn 0.89864260 -0.35236713 -0.26130241
vn 0.89865345 -0.37624839 -0.22551966
vn -0.03642738 -0.83091927 -0.55519921
vn 0.89865649 -0.36472806 -0.24370015
vn 0.89865345 -0.37624839 -0.22551966
vn -0.03645717 -0.88133609 -0.47108129
vn -0.03643810 -0.85715431 -0.51376915
vn 0.89865899 -0.38684827 -0.20678565
vn -0.03642641 -0.90339041 -0.42726901
vn -0.03645717 -0.88133609 -0.47108129
vn 0.89866114 -0.39652765 -0.18754719
vn -0.03642808 -0.92326653 -0.38242882
vn -0.03642641 -0.90339041 -0.42726901
vn 0.89865214 -0.40527046 -0.16786984
vn -0.03644143 -0.94091845 -0.33666676
vn -0.03642808 -0.92326653 -0.38242882
vn 0.89866495 -0.41299236 -0.14777893
vn -0.03643749 -0.95630473 -0.29009217
vn -0.03644143 -0.94091845 -0.33666676
vn 0.89866060 -0.41975677 -0.12733206
vn -0.03644709 -0.96938688 -0.24281836
vn -0.03643749 -0.95630473 -0.29009217
vn 0.89864147 -0.42553955 -0.10658172
vn -0.03643933 -0.98013377 -0.19496155
vn -0.03644709 -0.96938688 -0.24281836
vn 0.89865667 -0.43022397 -0.08557689
vn -0.03641066 -0.98852050 -0.14663395
vn -0.03643933 -0.98013377 -0.19496155
vn 0.89866126 -0.43389553 -0.06436254
vn -0.03644866 -0.99452347 -0.09795204
vn -0.03641066 -0.98852050 -0.14663395
vn 0.89866996 -0.43809706 -0.02152389
vn -0.03644866 -0.99452347 -0.09795204
vn 0.89865494 -0.43654403 -0.04299550
vn 0.89865434 -0.43865749 -0.00000050
vn -0.03644123 -0.99813199 -0.04903536
vn 0.89866996 -0.43809706 -0.02152389
vn -0.03642299 -0.99813271 0.04903555
vn -0.91434520 -0.40493554 -0.00000015
vn -0.03645238 -0.99933535 -0.00000099
vn -0.03642299 -0.99813271 0.04903555
vn -0.91434789 -0.40297955 0.03968978
vn -0.91434288 -0.40445322 0.01986992
vn -0.03644653 -0.99452358 0.09795187
vn -0.91434354 -0.40055650 0.05941663
vn -0.91434789 -0.40297955 0.03968978
vn -0.03642911 -0.98851997 0.14663310
vn -0.91434813 -0.39714795 0.07899889
vn -0.91434354 -0.40055650 0.05941663
vn -0.03644645 -0.98013353 0.19496138
vn -0.91434741 -0.39279509 0.09839129
vn -0.91434813 -0.39714795 0.07899889
vn -0.03643686 -0.95630562 0.29008946
vn -0.91434741 -0.39279509 0.09839129
vn -0.03645261 -0.96938592 0.24282116
vn -0.03643301 -0.94091845 0.33666769
vn -0.91434306 -0.38750488 0.11754487
vn -0.03643686 -0.95630562 0.29008946
vn -0.03640014 -0.92326665 0.38243133
vn -0.91434431 -0.38126624 0.13642016
vn -0.03643301 -0.94091845 0.33666769
vn -0.03640014 -0.92326665 0.38243133
vn -0.91434664 -0.36605591 0.17312813
vn -0.91434175 -0.37411916 0.15496476
vn -0.03642606 -0.90338987 0.42727023
vn -0.91434687 -0.35711744 0.19088453
vn -0.91434664 -0.36605591 0.17312813
vn -0.03642849 -0.85715729 0.51376486
vn -0.91434687 -0.35711744 0.19088453
vn -0.03645139 -0.88133413 0.47108549
vn -0.03644087 -0.83091915 0.55519843
vn -0.91433978 -0.34733573 0.20818408
vn -0.03642849 -0.85715729 0.51376486
vn -0.03640672 -0.80267608 0.59530306
vn -0.91434747 -0.33668649 0.22496849
vn -0.03644087 -0.83091915 0.55519843
vn -0.03640672 -0.80267608 0.59530306
vn -0.91435254 -0.31300974 0.25687394
vn -0.91433829 -0.32526091 0.24122760
vn -0.03647714 -0.77249813 0.63396847
vn -0.91435039 -0.30002832 0.27193078
vn -0.91435254 -0.31300974 0.25687394
vn -0.03643826 -0.74045753 0.67111462
vn -0.91434741 -0.28632718 0.28633109
vn -0.91435039 -0.30002832 0.27193078
vn -0.03642486 -0.67111439 0.74045855
vn -0.91434741 -0.28632718 0.28633109
vn -0.03645713 -0.70663208 0.70664132
vn -0.03642486 -0.67111439 0.74045855
vn -0.91434944 -0.25688231 0.31301209
vn -0.91434062 -0.27194646 0.30004391
vn -0.03643283 -0.63397223 0.77249718
vn -0.91433835 -0.24123009 0.32525879
vn -0.91434944 -0.25688231 0.31301209
vn -0.03641761 -0.59530401 0.80267489
vn -0.91434693 -0.22496955 0.33668739
vn -0.91433835 -0.24123009 0.32525879
vn -0.03642937 -0.55520636 0.83091444
vn -0.91434926 -0.20817155 0.34731823
vn -0.91434693 -0.22496955 0.33668739
vn -0.03637060 -0.47107819 0.88134128
vn -0.91434926 -0.20817155 0.34731823
vn -0.03650029 -0.51375437 0.85716051
vn -0.03651032 -0.42726785 0.90338755
vn -0.91433316 -0.19089770 0.35714549
vn -0.03637060 -0.47107819 0.88134128
vn -0.03640327 -0.38243008 0.92326707
vn -0.91434193 -0.17313343 0.36606520
vn -0.03651032 -0.42726785 0.90338755
vn -0.03640327 -0.38243008 0.92326707
vn -0.91434598 -0.13642050 0.38126221
vn -0.91433400 -0.15497153 0.37413520
vn -0.03647783 -0.33666518 0.94091767
vn -0.91434777 -0.11754412 0.38749382
vn -0.91434598 -0.13642050 0.38126221
vn -0.03644854 -0.24281819 0.96938682
vn -0.91434777 -0.11754412 0.38749382
vn -0.03644555 -0.29008746 0.95630586
vn -0.03644190 -0.19496310 0.98013330
vn -0.91434097 -0.09839384 0.39280948
vn -0.03644854 -0.24281819 0.96938682
vn -0.03638479 -0.14663307 0.98852164
vn -0.91434836 -0.07899933 0.39714760
vn -0.03644190 -0.19496310 0.98013330
vn -0.03645590 -0.09795548 0.99452287
vn -0.91432780 -0.05942181 0.40059158
vn -0.03638479 -0.14663307 0.98852164
vn -0.03645590 -0.09795548 0.99452287
vn -0.91435140 -0.01986649 0.40443397
vn -0.91435480 -0.03968751 0.40296435
vn -0.03645652 0.00000000 0.99933523
vn -0.91435140 -0.01986649 0.40443397
vn -0.03644882 -0.04903257 0.99813193
vn -0.03645652 0.00000000 0.99933523
vn -0.91435140 0.01986649 0.40443397
vn -0.91434574 0.00000000 0.40493441
vn -0.03645590 0.09795547 0.99452287
vn -0.91435140 0.01986649 0.40443397
vn -0.03644882 0.04903258 0.99813193
vn -0.03645590 0.09795547 0.99452287
vn -0.91432780 0.05942181 0.40059158
vn -0.91435480 0.03968751 0.40296435
vn -0.03638480 0.14663309 0.98852164
vn -0.91434836 0.07899933 0.39714757
vn -0.91432780 0.05942181 0.40059158
vn -0.03644190 0.19496310 0.98013330
vn -0.91434097 0.09839384 0.39280954
vn -0.91434836 0.07899933 0.39714757
vn -0.03644855 0.24281816 0.96938682
vn -0.91434789 0.11754413 0.38749382
vn -0.91434097 0.09839384 0.39280954
vn -0.03647783 0.33666518 0.94091767
vn -0.91434789 0.11754413 0.38749382
vn -0.03644555 0.29008746 0.95630586
vn -0.03640325 0.38243002 0.92326713
vn -0.91434598 0.13642049 0.38126221
vn -0.03647783 0.33666518 0.94091767
vn -0.03640325 0.38243002 0.92326713
vn -0.91434193 0.17313343 0.36606520
vn -0.91433400 0.15497153 0.37413517
vn -0.03651033 0.42726788 0.90338761
vn -0.91433316 0.19089773 0.35714552
vn -0.91434193 0.17313343 0.36606520
vn -0.03637059 0.47107825 0.88134128
vn -0.91434926 0.20817153 0.34731823
vn -0.91433316 0.19089773 0.35714552
vn -0.03642936 0.55520642 0.83091444
vn -0.91434926 0.20817153 0.34731823
vn -0.03650028 0.51375437 0.85716051
vn -0.03641760 0.59530401 0.80267483
vn -0.91434693 0.22496954 0.33668736
vn -0.03642936 0.55520642 0.83091444
vn -0.03643284 0.63397229 0.77249718
vn -0.91433847 0.24123010 0.32525882
vn -0.03641760 0.59530401 0.80267483
vn -0.03642487 0.67111439 0.74045849
vn -0.91434944 0.25688231 0.31301209
vn -0.03643284 0.63397229 0.77249718
vn -0.03642487 0.67111439 0.74045849
vn -0.91434741 0.28632715 0.28633109
vn -0.91434062 0.27194646 0.30004391
vn -0.03643825 0.74045748 0.67111468
vn -0.91434741 0.28632715 0.28633109
vn -0.03645713 0.70663214 0.70664132
vn -0.03647714 0.77249807 0.63396853
vn -0.91435039 0.30002832 0.27193078
vn -0.03643825 0.74045748 0.67111468
vn -0.03640671 0.80267602 0.59530306
vn -0.91435254 0.31300974 0.25687397
vn -0.03647714 0.77249807 0.63396853
vn -0.03640671 0.80267602 0.59530306
vn -0.91434747 0.33668652 0.22496848
vn -0.91433829 0.32526094 0.24122760
vn -0.03644087 0.83091915 0.55519843
vn -0.91433978 0.34733573 0.20818405
vn -0.91434747 0.33668652 0.22496848
vn -0.03642847 0.85715729 0.51376486
vn -0.91434687 0.35711744 0.19088453
vn -0.91433978 0.34733573 0.20818405
vn -0.03642605 0.90338987 0.42727017
vn -0.91434687 0.35711744 0.19088453
vn -0.03645138 0.88133413 0.47108540
vn -0.03640015 0.92326665 0.38243133
vn -0.91434664 0.36605588 0.17312813
vn -0.03642605 0.90338987 0.42727017
vn -0.03640015 0.92326665 0.38243133
vn -0.91434431 0.38126621 0.13642018
vn -0.91434169 0.37411916 0.15496476
vn -0.03643301 0.94091845 0.33666772
vn -0.91434306 0.38750485 0.11754487
vn -0.91434431 0.38126621 0.13642018
vn -0.03643688 0.95630568 0.29008946
vn -0.91434735 0.39279503 0.09839129
vn -0.91434306 0.38750485 0.11754487
vn -0.03644647 0.98013353 0.19496138
vn -0.91434735 0.39279503 0.09839129
vn -0.03645262 0.96938592 0.24282117
vn -0.03642911 0.98851997 0.14663312
vn -0.91434813 0.39714795 0.07899889
vn -0.03644647 0.98013353 0.19496138
vn -0.03644653 0.99452358 0.09795187
vn -0.91434354 0.40055650 0.05941663
vn -0.03642911 0.98851997 0.14663312
vn -0.03642301 0.99813271 0.04903555
vn -0.91434789 0.40297955 0.03968978
vn -0.03644653 0.99452358 0.09795187
vn -0.03642301 0.99813271 0.04903555
vn -0.91434520 0.40493554 -0.00000015
vn -0.91434288 0.40445322 0.01986992
vn -0.03644124 0.99813199 -0.04903537
vn -0.91434520 0.40493554 -0.00000015
vn -0.03645238 0.99933535 -0.00000099
vn -0.03644868 0.99452347 -0.09795205
vn -0.91434526 0.40444779 -0.01986986
vn -0.03644124 0.99813199 -0.04903537
vn -0.03641065 0.98852050 -0.14663395
vn -0.91434544 0.40298513 -0.03969002
vn -0.03644868 0.99452347 -0.09795205
vn -0.03641065 0.98852050 -0.14663395
vn -0.91434789 0.39714885 -0.07899849
vn -0.91434294 0.40055785 -0.05941761
vn -0.03643933 0.98013377 -0.19496155
vn -0.91434973 0.39279011 -0.09838906
vn -0.91434789 0.39714885 -0.07899849
vn -0.03644710 0.96938688 -0.24281836
vn -0.91434222 0.38750607 -0.11754745
vn -0.91434973 0.39279011 -0.09838906
vn -0.03644144 0.94091839 -0.33666679
vn -0.91434222 0.38750607 -0.11754745
vn -0.03643747 0.95630473 -0.29009217
vn -0.03642809 0.92326653 -0.38242882
vn -0.91434550 0.38126382 -0.13641901
vn -0.03644144 0.94091839 -0.33666679
vn -0.03642641 0.90339041 -0.42726901
vn -0.91434485 0.37411311 -0.15496078
vn -0.03642809 0.92326653 -0.38242882
vn -0.03642641 0.90339041 -0.42726901
vn -0.91434819 0.35711595 -0.19088084
vn -0.91434497 0.36605892 -0.17313074
vn -0.03645717 0.88133609 -0.47108129
vn -0.91434199 0.34733048 -0.20818342
vn -0.91434819 0.35711595 -0.19088084
vn -0.03642738 0.83091927 -0.55519921
vn -0.91434199 0.34733048 -0.20818342
vn -0.03643810 0.85715431 -0.51376915
vn -0.03643573 0.80267525 -0.59530240
vn -0.91434431 0.33669257 -0.22497228
vn -0.03642738 0.83091927 -0.55519921
vn -0.03643573 0.80267525 -0.59530240
vn -0.91433811 0.31303370 -0.25689626
vn -0.91434467 0.32524928 -0.24121925
vn -0.03642809 0.77249819 -0.63397127
vn -0.91435903 0.30001125 -0.27192053
vn -0.91433811 0.31303370 -0.25689626
vn -0.03643706 0.70663536 -0.70663905
vn -0.91435903 0.30001125 -0.27192053
vn -0.03645257 0.74045378 -0.67111802
vn -0.03643575 0.67111355 -0.74045867
vn -0.91434145 0.28633964 -0.28633785
vn -0.03643706 0.70663536 -0.70663905
vn -0.03643575 0.67111355 -0.74045867
vn -0.91434479 0.25688943 -0.31301990
vn -0.91433918 0.27194852 -0.30004635
vn -0.03641789 0.63397276 -0.77249748
vn -0.91435415 0.24120925 -0.32523006
vn -0.91434479 0.25688943 -0.31301990
vn -0.03644674 0.59530634 -0.80267173
vn -0.91434467 0.22497229 -0.33669177
vn -0.91435415 0.24120925 -0.32523006
vn -0.03644140 0.55520248 -0.83091652
vn -0.91435093 0.20817068 -0.34731439
vn -0.91434467 0.22497229 -0.33669177
vn -0.03641884 0.51375937 -0.85716099
vn -0.91434729 0.19088280 -0.35711738
vn -0.91435093 0.20817068 -0.34731439
vn -0.03640267 0.42726290 -0.90339428
vn -0.91434729 0.19088280 -0.35711738
vn -0.03642964 0.47108302 -0.88133633
vn -0.03643252 0.38243255 -0.92326486
vn -0.91434890 0.17312731 -0.36605072
vn -0.03640267 0.42726290 -0.90339428
vn -0.03643252 0.38243255 -0.92326486
vn -0.91435665 0.13641226 -0.38123956
vn -0.91434175 0.15496382 -0.37411952
vn -0.03649006 0.33666846 -0.94091600
vn -0.91435009 0.11754126 -0.38748923
vn -0.91435665 0.13641226 -0.38123956
vn -0.03639125 0.24281897 -0.96938884
vn -0.91435009 0.11754126 -0.38748923
vn -0.03647889 0.29008219 -0.95630622
vn -0.03645019 0.19495951 -0.98013383
vn -0.91434252 0.09839496 -0.39280549
vn -0.03639125 0.24281897 -0.96938884
vn -0.03640274 0.14663601 -0.98852044
vn -0.91433287 0.07900435 -0.39718217
vn -0.03645019 0.19495951 -0.98013383
vn -0.03642041 0.09795678 -0.99452400
vn -0.91433454 0.05942244 -0.40057626
vn -0.03640274 0.14663601 -0.98852044
vn -0.03642041 0.09795678 -0.99452400
vn -0.91434777 0.01987045 -0.40444183
vn -0.91435385 0.03968764 -0.40296653
vn -0.03642616 0.04903593 -0.99813265
vn -0.91433847 -0.00000000 -0.40495086
vn -0.91434777 0.01987045 -0.40444183
vn -0.03642617 -0.04903593 -0.99813265
vn -0.91433847 -0.00000000 -0.40495086
vn -0.03639216 0.00000000 -0.99933755
vn -0.03642042 -0.09795678 -0.99452400
vn -0.91434789 -0.01987045 -0.40444183
vn -0.03642617 -0.04903593 -0.99813265
vn -0.03642042 -0.09795678 -0.99452400
vn -0.91433454 -0.05942244 -0.40057629
vn -0.91435385 -0.03968764 -0.40296653
vn -0.03640274 -0.14663602 -0.98852044
vn -0.91433287 -0.07900435 -0.39718217
vn -0.91433454 -0.05942244 -0.40057629
vn -0.03645019 -0.19495952 -0.98013383
vn -0.91434252 -0.09839495 -0.39280552
vn -0.91433287 -0.07900435 -0.39718217
vn -0.03639124 -0.24281897 -0.96938884
vn -0.91435009 -0.11754128 -0.38748926
vn -0.91434252 -0.09839495 -0.39280552
vn -0.03649006 -0.33666846 -0.94091594
vn -0.91435009 -0.11754128 -0.38748926
vn -0.03647889 -0.29008219 -0.95630622
vn -0.03643253 -0.38243246 -0.92326486
vn -0.91435665 -0.13641226 -0.38123956
vn -0.03649006 -0.33666846 -0.94091594
vn -0.03643253 -0.38243246 -0.92326486
vn -0.91434890 -0.17312731 -0.36605072
vn -0.91434175 -0.15496382 -0.37411952
vn -0.03640268 -0.42726290 -0.90339428
vn -0.91434729 -0.19088282 -0.35711738
vn -0.91434890 -0.17312731 -0.36605072
vn -0.03641884 -0.51375937 -0.85716105
vn -0.91434729 -0.19088282 -0.35711738
vn -0.03642964 -0.47108296 -0.88133633
vn -0.03644139 -0.55520242 -0.83091652
vn -0.91435099 -0.20817071 -0.34731442
vn -0.03641884 -0.51375937 -0.85716105
vn -0.03644673 -0.59530634 -0.80267179
vn -0.91434467 -0.22497229 -0.33669174
vn -0.03644139 -0.55520242 -0.83091652
vn -0.03641791 -0.63397276 -0.77249748
vn -0.91435409 -0.24120927 -0.32523006
vn -0.03644673 -0.59530634 -0.80267179
vn -0.03643575 -0.67111361 -0.74045867
vn -0.91434479 -0.25688937 -0.31301987
vn -0.03641791 -0.63397276 -0.77249748
vn -0.03643575 -0.67111361 -0.74045867
vn -0.91434145 -0.28633961 -0.28633785
vn -0.91433918 -0.27194852 -0.30004635
vn -0.03643708 -0.70663536 -0.70663911
vn -0.91435903 -0.30001125 -0.27192053
vn -0.91434145 -0.28633961 -0.28633785
vn -0.03642809 -0.77249819 -0.63397127
vn -0.91435903 -0.30001125 -0.27192053
vn -0.03645257 -0.74045378 -0.67111802
vn -0.03643575 -0.80267519 -0.59530246
vn -0.91433811 -0.31303370 -0.25689626
vn -0.03642809 -0.77249819 -0.63397127
vn -0.03643575 -0.80267519 -0.59530246
vn -0.91434431 -0.33669257 -0.22497228
vn -0.91434467 -0.32524928 -0.24121925
vn -0.03642738 -0.83091927 -0.55519921
vn -0.91434199 -0.34733045 -0.20818342
vn -0.91434431 -0.33669257 -0.22497228
vn -0.03645717 -0.88133609 -0.47108129
vn -0.91434199 -0.34733045 -0.20818342
vn -0.03643810 -0.85715431 -0.51376915
vn -0.03642641 -0.90339041 -0.42726901
vn -0.91434824 -0.35711598 -0.19088086
vn -0.03645717 -0.88133609 -0.47108129
vn -0.03642641 -0.90339041 -0.42726901
vn -0.91434485 -0.37411314 -0.15496080
vn -0.91434497 -0.36605892 -0.17313074
vn -0.03642808 -0.92326653 -0.38242882
vn -0.91434556 -0.38126379 -0.13641903
vn -0.91434485 -0.37411314 -0.15496080
vn -0.03644143 -0.94091845 -0.33666676
vn -0.91434222 -0.38750610 -0.11754747
vn -0.91434556 -0.38126379 -0.13641903
vn -0.03644709 -0.96938688 -0.24281836
vn -0.91434222 -0.38750610 -0.11754747
vn -0.03643749 -0.95630473 -0.29009217
vn -0.03643933 -0.98013377 -0.19496155
vn -0.91434973 -0.39279011 -0.09838906
vn -0.03644709 -0.96938688 -0.24281836
vn -0.03641066 -0.98852050 -0.14663395
vn -0.91434789 -0.39714885 -0.07899849
vn -0.03643933 -0.98013377 -0.19496155
vn -0.03641066 -0.98852050 -0.14663395
vn -0.91434544 -0.40298510 -0.03969001
vn -0.91434294 -0.40055785 -0.05941761
vn -0.03644866 -0.99452347 -0.09795204
vn -0.91434526 -0.40444779 -0.01986986
vn -0.91434544 -0.40298510 -0.03969001
vn -0.03644123 -0.99813199 -0.04903536
vn -0.91434520 -0.40493554 -0.00000015
vn -0.91434526 -0.40444779 -0.01986986
vn -0.91434520 -0.40493554 -0.00000015
vn -1.00000000 -0.00002428 0.00000000
vn -1.00000000 -0.00000038 0.00000000
vn -0.91434288 -0.40445322 0.01986992
vn -1.00000000 -0.00000373 0.00000000
vn -1.00000000 -0.00002428 0.00000000
vn -0.91434354 -0.40055650 0.05941663
vn -1.00000000 -0.00000373 0.00000000
vn -0.91434789 -0.40297955 0.03968978
vn -0.91434813 -0.39714795 0.07899889
vn -1.00000000 -0.00000103 0.00000000
vn -0.91434354 -0.40055650 0.05941663
vn -0.91434741 -0.39279509 0.09839129
vn -1.00000000 0.00000400 0.00000000
vn -0.91434813 -0.39714795 0.07899889
vn -0.91434306 -0.38750488 0.11754487
vn -1.00000000 -0.00000781 0.00000000
vn -0.91434741 -0.39279509 0.09839129
vn -0.91434306 -0.38750488 0.11754487
vn -1.00000000 0.00000145 0.00000000
vn -1.00000000 0.00003170 0.00000000
vn -0.91434431 -0.38126624 0.13642016
vn -1.00000000 0.00000000 0.00000000
vn -1.00000000 0.00000145 0.00000000
vn -0.91434664 -0.36605591 0.17312813
vn -1.00000000 0.00000000 0.00000000
vn -0.91434175 -0.37411916 0.15496476
vn -0.91434687 -0.35711744 0.19088453
vn -1.00000000 -0.00000280 0.00000000
vn -0.91434664 -0.36605591 0.17312813
vn -0.91434687 -0.35711744 0.19088453
vn -1.00000000 -0.00000171 0.00000000
vn -1.00000000 0.00000000 0.00000000
vn -0.91433978 -0.34733573 0.20818408
vn -1.00000000 0.00003863 0.00000000
vn -1.00000000 -0.00000171 0.00000000
vn -0.91433829 -0.32526091 0.24122760
vn -1.00000000 0.00003863 0.00000000
vn -0.91434747 -0.33668649 0.22496849
vn -0.91435254 -0.31300974 0.25687394
vn -1.00000000 -0.00000497 0.00000000
vn -0.91433829 -0.32526091 0.24122760
vn -0.91435254 -0.31300974 0.25687394
vn -1.00000000 0.00000320 0.00000000
vn -1.00000000 -0.00000433 0.00000000
vn -0.91434741 -0.28632718 0.28633109
vn -1.00000000 0.00000320 0.00000000
vn -0.91435039 -0.30002832 0.27193078
vn -0.91434062 -0.27194646 0.30004391
vn -1.00000000 -0.00000047 0.00000000
vn -0.91434741 -0.28632718 0.28633109
vn -0.91434062 -0.27194646 0.30004391
vn -1.00000000 0.00001849 0.00000000
vn -1.00000000 0.00000014 0.00000000
vn -0.91434944 -0.25688231 0.31301209
vn -1.00000000 0.00000029 0.00000000
vn -1.00000000 0.00001849 0.00000000
vn -0.91433835 -0.24123009 0.32525879
vn -1.00000000 0.00001801 0.00000000
vn -1.00000000 0.00000029 0.00000000
vn -0.91434693 -0.22496955 0.33668739
vn -1.00000000 0.00000216 0.00000000
vn -1.00000000 0.00001801 0.00000000
vn -0.91434926 -0.20817155 0.34731823
vn -1.00000000 -0.00001774 0.00000000
vn -1.00000000 0.00000216 0.00000000
vn -0.91433316 -0.19089770 0.35714549
vn -1.00000000 0.00000082 0.00000000
vn -1.00000000 -0.00001774 0.00000000
vn -0.91434193 -0.17313343 0.36606520
vn -1.00000000 -0.00001788 0.00000000
vn -1.00000000 0.00000082 0.00000000
vn -0.91434598 -0.13642050 0.38126221
vn -1.00000000 -0.00001788 0.00000000
vn -0.91433400 -0.15497153 0.37413520
vn -0.91434777 -0.11754412 0.38749382
vn -1.00000000 -0.00000122 0.00000000
vn -0.91434598 -0.13642050 0.38126221
vn -0.91434777 -0.11754412 0.38749382
vn -1.00000000 0.00000094 0.00000000
vn -1.00000000 0.00000000 0.00000000
vn -0.91434097 -0.09839384 0.39280948
vn -1.00000000 0.00000451 0.00000000
vn -1.00000000 0.00000094 0.00000000
vn -0.91434836 -0.07899933 0.39714760
vn -1.00000000 -0.00000003 0.00000000
vn -1.00000000 0.00000451 0.00000000
vn -0.91435480 -0.03968751 0.40296435
vn -1.00000000 -0.00000003 0.00000000
vn -0.91432780 -0.05942181 0.40059158
vn -0.91435480 -0.03968751 0.40296435
vn -1.00000000 0.00000089 0.00000000
vn -1.00000000 -0.00000323 0.00000000
vn -0.91434574 0.00000000 0.40493441
vn -1.00000000 0.00000089 0.00000000
vn -0.91435140 -0.01986649 0.40443397
vn -0.91434574 0.00000000 0.40493441
vn -1.00000000 -0.00000097 0.00000000
vn -1.00000000 0.00000000 0.00000000
vn -0.91435480 0.03968751 0.40296435
vn -1.00000000 -0.00000097 0.00000000
vn -0.91435140 0.01986649 0.40443397
vn -0.91435480 0.03968751 0.40296435
vn -1.00000000 0.00000007 0.00000000
vn -1.00000000 0.00000027 0.00000000
vn -0.91434836 0.07899933 0.39714757
vn -1.00000000 0.00000007 0.00000000
vn -0.91432780 0.05942181 0.40059158
vn -0.91434097 0.09839384 0.39280954
vn -1.00000000 0.00000000 0.00000000
vn -0.91434836 0.07899933 0.39714757
vn -0.91434789 0.11754413 0.38749382
vn -1.00000000 -0.00000093 0.00000000
vn -0.91434097 0.09839384 0.39280954
vn -0.91434789 0.11754413 0.38749382
vn -1.00000000 0.00000122 0.00000000
vn -1.00000000 0.00000000 0.00000000
vn -0.91434598 0.13642049 0.38126221
vn -1.00000000 0.00001788 0.00000000
vn -1.00000000 0.00000122 0.00000000
vn -0.91434193 0.17313343 0.36606520
vn -1.00000000 0.00001788 0.00000000
vn -0.91433400 0.15497153 0.37413517
vn -0.91433316 0.19089773 0.35714552
vn -1.00000000 -0.00000095 0.00000000
vn -0.91434193 0.17313343 0.36606520
vn -0.91434926 0.20817153 0.34731823
vn -1.00000000 0.00001774 0.00000000
vn -0.91433316 0.19089773 0.35714552
vn -0.91434693 0.22496954 0.33668736
vn -1.00000000 -0.00000216 0.00000000
vn -0.91434926 0.20817153 0.34731823
vn -0.91433847 0.24123010 0.32525882
vn -1.00000000 -0.00001801 0.00000000
vn -0.91434693 0.22496954 0.33668736
vn -0.91434944 0.25688231 0.31301209
vn -1.00000000 -0.00000029 0.00000000
vn -0.91433847 0.24123010 0.32525882
vn -0.91434062 0.27194646 0.30004391
vn -1.00000000 -0.00001849 0.00000000
vn -0.91434944 0.25688231 0.31301209
vn -0.91434062 0.27194646 0.30004391
vn -1.00000000 0.00000047 0.00000000
vn -1.00000000 -0.00000014 0.00000000
vn -0.91434741 0.28632715 0.28633109
vn -1.00000000 -0.00000345 0.00000000
vn -1.00000000 0.00000047 0.00000000
vn -0.91435254 0.31300974 0.25687397
vn -1.00000000 -0.00000345 0.00000000
vn -0.91435039 0.30002832 0.27193078
vn -0.91435254 0.31300974 0.25687397
vn -1.00000000 0.00000488 0.00000000
vn -1.00000000 -0.00003169 0.00000000
vn -0.91433829 0.32526094 0.24122760
vn -1.00000000 -0.00003863 0.00000000
vn -1.00000000 0.00000488 0.00000000
vn -0.91433978 0.34733573 0.20818405
vn -1.00000000 -0.00003863 0.00000000
vn -0.91434747 0.33668652 0.22496848
vn -0.91434687 0.35711744 0.19088453
vn -1.00000000 0.00002555 0.00000000
vn -0.91433978 0.34733573 0.20818405
vn -0.91434687 0.35711744 0.19088453
vn -1.00000000 0.00000294 0.00000000
vn -1.00000000 0.00000038 0.00000000
vn -0.91434664 0.36605588 0.17312813
vn -1.00000000 -0.00000000 0.00000000
vn -1.00000000 0.00000294 0.00000000
vn -0.91434431 0.38126621 0.13642018
vn -1.00000000 -0.00000000 0.00000000
vn -0.91434169 0.37411916 0.15496476
vn -0.91434306 0.38750485 0.11754487
vn -1.00000000 0.00000766 0.00000000
vn -0.91434431 0.38126621 0.13642018
vn -0.91434306 0.38750485 0.11754487
vn -1.00000000 0.00000218 0.00000000
vn -1.00000000 -0.00003170 0.00000000
vn -0.91434735 0.39279503 0.09839129
vn -1.00000000 -0.00000400 0.00000000
vn -1.00000000 0.00000218 0.00000000
vn -0.91434813 0.39714795 0.07899889
vn -1.00000000 0.00000084 0.00000000
vn -1.00000000 -0.00000400 0.00000000
vn -0.91434354 0.40055650 0.05941663
vn -1.00000000 0.00000373 0.00000000
vn -1.00000000 0.00000084 0.00000000
vn -0.91434288 0.40445322 0.01986992
vn -1.00000000 0.00000373 0.00000000
vn -0.91434789 0.40297955 0.03968978
vn -0.91434520 0.40493554 -0.00000015
vn -1.00000000 0.00000058 0.00000000
vn -0.91434288 0.40445322 0.01986992
vn -0.91434520 0.40493554 -0.00000015
vn -1.00000000 0.00000050 0.00000000
vn -1.00000000 0.00000000 0.00000000
vn -0.91434526 0.40444779 -0.01986986
vn -1.00000000 0.00002485 0.00000000
vn -1.00000000 0.00000050 0.00000000
vn -0.91434544 0.40298513 -0.03969002
vn -1.00000000 -0.00000351 0.00000000
vn -1.00000000 0.00002485 0.00000000
vn -0.91434294 0.40055785 -0.05941761
vn -1.00000000 -0.00000000 0.00000000
vn -1.00000000 -0.00000351 0.00000000
vn -0.91434973 0.39279011 -0.09838906
vn -1.00000000 -0.00000000 0.00000000
vn -0.91434789 0.39714885 -0.07899849
vn -0.91434222 0.38750607 -0.11754745
vn -1.00000000 0.00005001 0.00000000
vn -0.91434973 0.39279011 -0.09838906
vn -0.91434222 0.38750607 -0.11754745
vn -1.00000000 -0.00000165 0.00000000
vn -1.00000000 -0.00001859 0.00000000
vn -0.91434550 0.38126382 -0.13641901
vn -1.00000000 0.00000000 0.00000000
vn -1.00000000 -0.00000165 0.00000000
vn -0.91434497 0.36605892 -0.17313074
vn -1.00000000 0.00000000 0.00000000
vn -0.91434485 0.37411311 -0.15496078
vn -0.91434819 0.35711595 -0.19088084
vn -1.00000000 0.00000251 0.00000000
vn -0.91434497 0.36605892 -0.17313074
vn -0.91434819 0.35711595 -0.19088084
vn -1.00000000 -0.00000074 0.00000000
vn -1.00000000 -0.00003602 0.00000000
vn -0.91434199 0.34733048 -0.20818342
vn -1.00000000 -0.00003862 0.00000000
vn -1.00000000 -0.00000074 0.00000000
vn -0.91434467 0.32524928 -0.24121925
vn -1.00000000 -0.00003862 0.00000000
vn -0.91434431 0.33669257 -0.22497228
vn -0.91434467 0.32524928 -0.24121925
vn -1.00000000 0.00000526 0.00000000
vn -1.00000000 0.00000404 0.00000000
vn -0.91433811 0.31303370 -0.25689626
vn -1.00000000 -0.00000284 0.00000000
vn -1.00000000 0.00000526 0.00000000
vn -0.91434145 0.28633964 -0.28633785
vn -1.00000000 -0.00000284 0.00000000
vn -0.91435903 0.30001125 -0.27192053
vn -0.91433918 0.27194852 -0.30004635
vn -1.00000000 0.00000047 0.00000000
vn -0.91434145 0.28633964 -0.28633785
vn -0.91434479 0.25688943 -0.31301990
vn -1.00000000 0.00000000 0.00000000
vn -0.91433918 0.27194852 -0.30004635
vn -0.91434479 0.25688943 -0.31301990
vn -1.00000000 -0.00000094 0.00000000
vn -1.00000000 0.00001184 0.00000000
vn -0.91435415 0.24120925 -0.32523006
vn -1.00000000 -0.00001800 0.00000000
vn -1.00000000 -0.00000094 0.00000000
vn -0.91435093 0.20817068 -0.34731439
vn -1.00000000 -0.00001800 0.00000000
vn -0.91434467 0.22497229 -0.33669177
vn -0.91435093 0.20817068 -0.34731439
vn -1.00000000 0.00001773 0.00000000
vn -1.00000000 -0.00000216 0.00000000
vn -0.91434729 0.19088280 -0.35711738
vn -1.00000000 0.00000123 0.00000000
vn -1.00000000 0.00001773 0.00000000
vn -0.91434890 0.17312731 -0.36605072
vn -1.00000000 0.00001721 0.00000000
vn -1.00000000 0.00000123 0.00000000
vn -0.91435665 0.13641226 -0.38123956
vn -1.00000000 0.00001721 0.00000000
vn -0.91434175 0.15496382 -0.37411952
vn -0.91435009 0.11754126 -0.38748923
vn -1.00000000 0.00000115 0.00000000
vn -0.91435665 0.13641226 -0.38123956
vn -0.91435009 0.11754126 -0.38748923
vn -1.00000000 -0.00000102 0.00000000
vn -1.00000000 -0.00000900 0.00000000
vn -0.91434252 0.09839496 -0.39280549
vn -1.00000000 -0.00000450 0.00000000
vn -1.00000000 -0.00000102 0.00000000
vn -0.91433287 0.07900435 -0.39718217
vn -1.00000000 0.00000003 0.00000000
vn -1.00000000 -0.00000450 0.00000000
vn -0.91435385 0.03968764 -0.40296653
vn -1.00000000 0.00000003 0.00000000
vn -0.91433454 0.05942244 -0.40057626
vn -0.91435385 0.03968764 -0.40296653
vn -1.00000000 -0.00000005 0.00000000
vn -1.00000000 0.00000269 0.00000000
vn -0.91434777 0.01987045 -0.40444183
vn -1.00000000 0.00000000 0.00000000
vn -1.00000000 -0.00000005 0.00000000
vn -0.91434789 -0.01987045 -0.40444183
vn -1.00000000 0.00000000 0.00000000
vn -0.91433847 -0.00000000 -0.40495086
vn -0.91435385 -0.03968764 -0.40296653
vn -1.00000000 0.00000011 0.00000000
vn -0.91434789 -0.01987045 -0.40444183
vn -0.91435385 -0.03968764 -0.40296653
vn -1.00000000 -0.00000007 0.00000000
vn -1.00000000 0.00000027 0.00000000
vn -0.91433287 -0.07900435 -0.39718217
vn -1.00000000 -0.00000007 0.00000000
vn -0.91433454 -0.05942244 -0.40057629
vn -0.91434252 -0.09839495 -0.39280552
vn -1.00000000 0.00000000 0.00000000
vn -0.91433287 -0.07900435 -0.39718217
vn -0.91435009 -0.11754128 -0.38748926
vn -1.00000000 0.00000100 0.00000000
vn -0.91434252 -0.09839495 -0.39280552
vn -0.91435009 -0.11754128 -0.38748926
vn -1.00000000 -0.00000141 0.00000000
vn -1.00000000 0.00000900 0.00000000
vn -0.91435665 -0.13641226 -0.38123956
vn -1.00000000 -0.00001721 0.00000000
vn -1.00000000 -0.00000141 0.00000000
vn -0.91434890 -0.17312731 -0.36605072
vn -1.00000000 -0.00001721 0.00000000
vn -0.91434175 -0.15496382 -0.37411952
vn -0.91434729 -0.19088282 -0.35711738
vn -1.00000000 -0.00000112 0.00000000
vn -0.91434890 -0.17312731 -0.36605072
vn -0.91435099 -0.20817071 -0.34731442
vn -1.00000000 -0.00001773 0.00000000
vn -0.91434729 -0.19088282 -0.35711738
vn -0.91435099 -0.20817071 -0.34731442
vn -1.00000000 0.00001800 0.00000000
vn -1.00000000 0.00000509 0.00000000
vn -0.91435409 -0.24120927 -0.32523006
vn -1.00000000 0.00001800 0.00000000
vn -0.91434467 -0.22497229 -0.33669174
vn -0.91434479 -0.25688937 -0.31301987
vn -1.00000000 0.00000014 0.00000000
vn -0.91435409 -0.24120927 -0.32523006
vn -0.91434479 -0.25688937 -0.31301987
vn -1.00000000 0.00000022 0.00000000
vn -1.00000000 0.00000000 0.00000000
vn -0.91433918 -0.27194852 -0.30004635
vn -1.00000000 -0.00000047 0.00000000
vn -1.00000000 0.00000022 0.00000000
vn -0.91434145 -0.28633961 -0.28633785
vn -1.00000000 0.00002702 0.00000000
vn -1.00000000 -0.00000047 0.00000000
vn -0.91433811 -0.31303370 -0.25689626
vn -1.00000000 0.00002702 0.00000000
vn -0.91435903 -0.30001125 -0.27192053
vn -0.91434467 -0.32524928 -0.24121925
vn -1.00000000 -0.00000488 0.00000000
vn -0.91433811 -0.31303370 -0.25689626
vn -0.91434467 -0.32524928 -0.24121925
vn -1.00000000 0.00003862 0.00000000
vn -1.00000000 -0.00000988 0.00000000
vn -0.91434199 -0.34733045 -0.20818342
vn -1.00000000 0.00003862 0.00000000
vn -0.91434431 -0.33669257 -0.22497228
vn -0.91434824 -0.35711598 -0.19088086
vn -1.00000000 0.00000416 0.00000000
vn -0.91434199 -0.34733045 -0.20818342
vn -0.91434824 -0.35711598 -0.19088086
vn -1.00000000 -0.00000251 0.00000000
vn -1.00000000 0.00003602 0.00000000
vn -0.91434497 -0.36605892 -0.17313074
vn -1.00000000 -0.00000000 0.00000000
vn -1.00000000 -0.00000251 0.00000000
vn -0.91434556 -0.38126379 -0.13641903
vn -1.00000000 -0.00000000 0.00000000
vn -0.91434485 -0.37411314 -0.15496080
vn -0.91434222 -0.38750610 -0.11754747
vn -1.00000000 -0.00000456 0.00000000
vn -0.91434556 -0.38126379 -0.13641903
vn -0.91434222 -0.38750610 -0.11754747
vn -1.00000000 -0.00000204 0.00000000
vn -1.00000000 0.00003170 0.00000000
vn -0.91434973 -0.39279011 -0.09838906
vn -1.00000000 0.00000000 0.00000000
vn -1.00000000 -0.00000204 0.00000000
vn -0.91434294 -0.40055785 -0.05941761
vn -1.00000000 0.00000000 0.00000000
vn -0.91434789 -0.39714885 -0.07899849
vn -0.91434544 -0.40298510 -0.03969001
vn -1.00000000 0.00000211 0.00000000
vn -0.91434294 -0.40055785 -0.05941761
vn -0.91434526 -0.40444779 -0.01986986
vn -1.00000000 -0.00000117 0.00000000
vn -0.91434544 -0.40298510 -0.03969001
vn -0.91434520 -0.40493554 -0.00000015
vn -1.00000000 -0.00000065 0.00000000
vn -0.91434526 -0.40444779 -0.01986986
vn 0.89866704 -0.00000004 -0.43863142
vn 0.89865440 0.43865731 -0.00000050
vn 0.89863753 0.00000000 0.43869185
vn -1.00000000 0.00000022 0.00000000
vn -1.00000000 -0.00000065 0.00000000
vn -1.00000000 0.00000058 0.00000000
vn 0.89867210 -0.43809271 0.02152395
vn -0.03642299 -0.99813271 0.04903555
vn -0.03645238 -0.99933535 -0.00000099
vn 0.89865255 -0.43654895 0.04299500
vn -0.03644653 -0.99452358 0.09795187
vn -0.03642299 -0.99813271 0.04903555
vn 0.89865637 -0.43390536 0.06436453
vn -0.03642911 -0.98851997 0.14663310
vn -0.03644653 -0.99452358 0.09795187
vn 0.89865637 -0.43390536 0.06436453
vn 0.89865643 -0.43022472 0.08557667
vn -0.03644645 -0.98013353 0.19496138
vn 0.89864111 -0.42553994 0.10658304
vn -0.03645261 -0.96938592 0.24282116
vn -0.03644645 -0.98013353 0.19496138
vn 0.89865696 -0.41976419 0.12733322
vn -0.03643686 -0.95630562 0.29008946
vn -0.03645261 -0.96938592 0.24282116
vn 0.89866489 -0.41299218 0.14777954
vn -0.03643301 -0.94091845 0.33666769
vn -0.03643686 -0.95630562 0.29008946
vn 0.89865512 -0.40526462 0.16786753
vn -0.03640014 -0.92326665 0.38243133
vn -0.03643301 -0.94091845 0.33666769
vn 0.89866513 -0.39652231 0.18753943
vn -0.03642606 -0.90338987 0.42727023
vn -0.03640014 -0.92326665 0.38243133
vn 0.89866650 -0.38683355 0.20678069
vn -0.03645139 -0.88133413 0.47108549
vn -0.03642606 -0.90338987 0.42727023
vn 0.89866650 -0.38683355 0.20678069
vn 0.89865619 -0.37624443 0.22551550
vn -0.03642849 -0.85715729 0.51376486
vn 0.89865619 -0.37624443 0.22551550
vn 0.89865071 -0.36473852 0.24370624
vn -0.03644087 -0.83091915 0.55519843
vn 0.89865071 -0.36473852 0.24370624
vn 0.89864695 -0.35235992 0.26129681
vn -0.03640672 -0.80267608 0.59530306
vn 0.89864695 -0.35235992 0.26129681
vn 0.89866072 -0.33906698 0.27828482
vn -0.03647714 -0.77249813 0.63396847
vn 0.89865202 -0.32502514 0.29458997
vn -0.03643826 -0.74045753 0.67111462
vn -0.03647714 -0.77249813 0.63396847
vn 0.89865202 -0.32502514 0.29458997
vn 0.89864790 -0.31018615 0.31018779
vn -0.03645713 -0.70663208 0.70664132
vn 0.89864790 -0.31018615 0.31018779
vn 0.89865541 -0.29458293 0.32502207
vn -0.03642486 -0.67111439 0.74045855
vn 0.89865541 -0.29458293 0.32502207
vn 0.89866740 -0.27826485 0.33906567
vn -0.03643283 -0.63397223 0.77249718
vn 0.89865822 -0.26130161 0.35232779
vn -0.03641761 -0.59530401 0.80267489
vn -0.03643283 -0.63397223 0.77249718
vn 0.89866304 -0.24369863 0.36471301
vn -0.03642937 -0.55520636 0.83091444
vn -0.03641761 -0.59530401 0.80267489
vn 0.89863282 -0.22554862 0.37628034
vn -0.03650029 -0.51375437 0.85716051
vn -0.03642937 -0.55520636 0.83091444
vn 0.89866889 -0.20676406 0.38683704
vn -0.03637060 -0.47107819 0.88134128
vn -0.03650029 -0.51375437 0.85716051
vn 0.89866889 -0.20676406 0.38683704
vn 0.89862055 -0.18758051 0.39660391
vn -0.03651032 -0.42726785 0.90338755
vn 0.89862055 -0.18758051 0.39660391
vn 0.89865470 -0.16786747 0.40526569
vn -0.03640327 -0.38243008 0.92326707
vn 0.89865470 -0.16786747 0.40526569
vn 0.89863926 -0.14779659 0.41304204
vn -0.03647783 -0.33666518 0.94091767
vn 0.89863926 -0.14779659 0.41304204
vn 0.89866507 -0.12732865 0.41974825
vn -0.03644555 -0.29008746 0.95630586
vn 0.89866507 -0.12732865 0.41974825
vn 0.89864576 -0.10658024 0.42553070
vn -0.03644854 -0.24281819 0.96938682
vn 0.89864576 -0.10658024 0.42553070
vn 0.89865631 -0.08557808 0.43022460
vn -0.03644190 -0.19496310 0.98013330
vn 0.89865631 -0.08557808 0.43022460
vn 0.89865971 -0.06436300 0.43389863
vn -0.03638479 -0.14663307 0.98852164
vn 0.89865440 -0.04299849 0.43654498
vn -0.03645590 -0.09795548 0.99452287
vn -0.03638479 -0.14663307 0.98852164
vn 0.89865702 -0.02152085 0.43812370
vn -0.03644882 -0.04903257 0.99813193
vn -0.03645590 -0.09795548 0.99452287
vn 0.89865702 -0.02152085 0.43812370
vn 0.89863753 0.00000000 0.43869185
vn -0.03645652 0.00000000 0.99933523
vn 0.89865702 0.02152207 0.43812370
vn -0.03644882 0.04903258 0.99813193
vn -0.03645652 0.00000000 0.99933523
vn 0.89865702 0.02152207 0.43812370
vn 0.89865428 0.04299909 0.43654492
vn -0.03645590 0.09795547 0.99452287
vn 0.89865428 0.04299909 0.43654492
vn 0.89865971 0.06436300 0.43389863
vn -0.03638480 0.14663309 0.98852164
vn 0.89865625 0.08557811 0.43022463
vn -0.03644190 0.19496310 0.98013330
vn -0.03638480 0.14663309 0.98852164
vn 0.89864576 0.10658024 0.42553070
vn -0.03644855 0.24281816 0.96938682
vn -0.03644190 0.19496310 0.98013330
vn 0.89866513 0.12732789 0.41974828
vn -0.03644555 0.29008746 0.95630586
vn -0.03644855 0.24281816 0.96938682
vn 0.89863926 0.14779659 0.41304204
vn -0.03647783 0.33666518 0.94091767
vn -0.03644555 0.29008746 0.95630586
vn 0.89865470 0.16786742 0.40526575
vn -0.03640325 0.38243002 0.92326713
vn -0.03647783 0.33666518 0.94091767
vn 0.89862055 0.18758051 0.39660391
vn -0.03651033 0.42726788 0.90338761
vn -0.03640325 0.38243002 0.92326713
vn 0.89866889 0.20676406 0.38683704
vn -0.03637059 0.47107825 0.88134128
vn -0.03651033 0.42726788 0.90338761
vn 0.89866889 0.20676406 0.38683704
vn 0.89863282 0.22554864 0.37628034
vn -0.03650028 0.51375437 0.85716051
vn 0.89863282 0.22554864 0.37628034
vn 0.89866304 0.24369863 0.36471304
vn -0.03642936 0.55520642 0.83091444
vn 0.89866304 0.24369863 0.36471304
vn 0.89865822 0.26130161 0.35232779
vn -0.03641760 0.59530401 0.80267483
vn 0.89865822 0.26130161 0.35232779
vn 0.89866740 0.27826485 0.33906567
vn -0.03643284 0.63397229 0.77249718
vn 0.89865541 0.29458293 0.32502207
vn -0.03642487 0.67111439 0.74045849
vn -0.03643284 0.63397229 0.77249718
vn 0.89864796 0.31018600 0.31018782
vn -0.03645713 0.70663214 0.70664132
vn -0.03642487 0.67111439 0.74045849
vn 0.89865202 0.32502511 0.29459000
vn -0.03643825 0.74045748 0.67111468
vn -0.03645713 0.70663214 0.70664132
vn 0.89865202 0.32502511 0.29459000
vn 0.89866072 0.33906698 0.27828482
vn -0.03647714 0.77249807 0.63396853
vn 0.89864695 0.35235995 0.26129678
vn -0.03640671 0.80267602 0.59530306
vn -0.03647714 0.77249807 0.63396853
vn 0.89865071 0.36473840 0.24370624
vn -0.03644087 0.83091915 0.55519843
vn -0.03640671 0.80267602 0.59530306
vn 0.89865619 0.37624443 0.22551548
vn -0.03642847 0.85715729 0.51376486
vn -0.03644087 0.83091915 0.55519843
vn 0.89866650 0.38683355 0.20678067
vn -0.03645138 0.88133413 0.47108540
vn -0.03642847 0.85715729 0.51376486
vn 0.89866650 0.38683355 0.20678067
vn 0.89866972 0.39651144 0.18754035
vn -0.03642605 0.90338987 0.42727017
vn 0.89866972 0.39651144 0.18754035
vn 0.89865530 0.40526423 0.16786754
vn -0.03640015 0.92326665 0.38243133
vn 0.89865530 0.40526423 0.16786754
vn 0.89866495 0.41299227 0.14777957
vn -0.03643301 0.94091845 0.33666772
vn 0.89866495 0.41299227 0.14777957
vn 0.89865696 0.41976419 0.12733322
vn -0.03643688 0.95630568 0.29008946
vn 0.89865696 0.41976419 0.12733322
vn 0.89864111 0.42553994 0.10658302
vn -0.03645262 0.96938592 0.24282117
vn 0.89864111 0.42553994 0.10658302
vn 0.89865643 0.43022472 0.08557667
vn -0.03644647 0.98013353 0.19496138
vn 0.89865637 0.43390536 0.06436453
vn -0.03642911 0.98851997 0.14663312
vn -0.03644647 0.98013353 0.19496138
vn 0.89865637 0.43390536 0.06436453
vn 0.89865506 0.43654391 0.04299512
vn -0.03644653 0.99452358 0.09795187
vn 0.89865506 0.43654391 0.04299512
vn 0.89867204 0.43809271 0.02152395
vn -0.03642301 0.99813271 0.04903555
vn 0.89867204 0.43809271 0.02152395
vn 0.89865440 0.43865731 -0.00000050
vn -0.03645238 0.99933535 -0.00000099
vn 0.89865440 0.43865731 -0.00000050
vn 0.89866996 0.43809706 -0.02152389
vn -0.03644124 0.99813199 -0.04903537
vn 0.89866996 0.43809706 -0.02152389
vn 0.89865494 0.43654400 -0.04299550
vn -0.03644868 0.99452347 -0.09795205
vn 0.89866126 0.43389553 -0.06436254
vn -0.03641065 0.98852050 -0.14663395
vn -0.03644868 0.99452347 -0.09795205
vn 0.89865667 0.43022397 -0.08557689
vn -0.03643933 0.98013377 -0.19496155
vn -0.03641065 0.98852050 -0.14663395
vn 0.89864147 0.42553955 -0.10658173
vn -0.03644710 0.96938688 -0.24281836
vn -0.03643933 0.98013377 -0.19496155
vn 0.89866048 0.41975677 -0.12733205
vn -0.03643747 0.95630473 -0.29009217
vn -0.03644710 0.96938688 -0.24281836
vn 0.89866495 0.41299236 -0.14777891
vn -0.03644144 0.94091839 -0.33666679
vn -0.03643747 0.95630473 -0.29009217
vn 0.89865196 0.40527073 -0.16786982
vn -0.03642809 0.92326653 -0.38242882
vn -0.03644144 0.94091839 -0.33666679
vn 0.89865661 0.39653844 -0.18754624
vn -0.03642641 0.90339041 -0.42726901
vn -0.03642809 0.92326653 -0.38242882
vn 0.89865899 0.38684830 -0.20678566
vn -0.03645717 0.88133609 -0.47108129
vn -0.03642641 0.90339041 -0.42726901
vn 0.89865345 0.37624839 -0.22551964
vn -0.03643810 0.85715431 -0.51376915
vn -0.03645717 0.88133609 -0.47108129
vn 0.89865345 0.37624839 -0.22551964
vn 0.89865649 0.36472815 -0.24370015
vn -0.03642738 0.83091927 -0.55519921
vn 0.89865649 0.36472815 -0.24370015
vn 0.89864260 0.35236713 -0.26130241
vn -0.03643573 0.80267525 -0.59530240
vn 0.89864260 0.35236713 -0.26130241
vn 0.89866757 0.33905599 -0.27827612
vn -0.03642809 0.77249819 -0.63397127
vn 0.89866424 0.32500657 -0.29457319
vn -0.03645257 0.74045378 -0.67111802
vn -0.03642809 0.77249819 -0.63397127
vn 0.89866424 0.32500657 -0.29457319
vn 0.89864755 0.31018665 -0.31018835
vn -0.03643706 0.70663536 -0.70663905
vn 0.89864755 0.31018665 -0.31018835
vn 0.89864719 0.29459420 -0.32503468
vn -0.03643575 0.67111355 -0.74045867
vn 0.89864719 0.29459420 -0.32503468
vn 0.89867389 0.27825648 -0.33905548
vn -0.03641789 0.63397276 -0.77249748
vn 0.89865798 0.26130453 -0.35232630
vn -0.03644674 0.59530634 -0.80267173
vn -0.03641789 0.63397276 -0.77249748
vn 0.89865798 0.26130453 -0.35232630
vn 0.89865327 0.24370618 -0.36473227
vn -0.03644140 0.55520248 -0.83091652
vn 0.89866841 0.22551259 -0.37621689
vn -0.03641884 0.51375937 -0.85716099
vn -0.03644140 0.55520248 -0.83091652
vn 0.89866555 0.20677105 -0.38684100
vn -0.03642964 0.47108302 -0.88133633
vn -0.03641884 0.51375937 -0.85716099
vn 0.89867026 0.18753251 -0.39651391
vn -0.03640267 0.42726290 -0.90339428
vn -0.03642964 0.47108302 -0.88133633
vn 0.89867026 0.18753251 -0.39651391
vn 0.89864588 0.16787682 -0.40528145
vn -0.03643252 0.38243255 -0.92326486
vn 0.89864588 0.16787682 -0.40528145
vn 0.89864624 0.14778569 -0.41303077
vn -0.03649006 0.33666846 -0.94091600
vn 0.89864320 0.12734970 -0.41978857
vn -0.03647889 0.29008219 -0.95630622
vn -0.03649006 0.33666846 -0.94091600
vn 0.89864320 0.12734970 -0.41978857
vn 0.89867616 0.10656325 -0.42547083
vn -0.03639125 0.24281897 -0.96938884
vn 0.89867616 0.10656325 -0.42547083
vn 0.89863616 0.08558486 -0.43026537
vn -0.03645019 0.19495951 -0.98013383
vn 0.89863616 0.08558486 -0.43026537
vn 0.89865971 0.06436186 -0.43389878
vn -0.03640274 0.14663601 -0.98852044
vn 0.89866465 0.04299694 -0.43652394
vn -0.03642041 0.09795678 -0.99452400
vn -0.03640274 0.14663601 -0.98852044
vn 0.89865714 0.02152067 -0.43812355
vn -0.03642616 0.04903593 -0.99813265
vn -0.03642041 0.09795678 -0.99452400
vn 0.89865714 0.02152067 -0.43812355
vn 0.89866704 -0.00000004 -0.43863142
vn -0.03639216 0.00000000 -0.99933755
vn 0.89865714 -0.02152189 -0.43812349
vn -0.03642617 -0.04903593 -0.99813265
vn -0.03639216 0.00000000 -0.99933755
vn 0.89865714 -0.02152189 -0.43812349
vn 0.89866459 -0.04299754 -0.43652391
vn -0.03642042 -0.09795678 -0.99452400
vn 0.89866459 -0.04299754 -0.43652391
vn 0.89865971 -0.06436186 -0.43389878
vn -0.03640274 -0.14663602 -0.98852044
vn 0.89863616 -0.08558520 -0.43026537
vn -0.03645019 -0.19495952 -0.98013383
vn -0.03640274 -0.14663602 -0.98852044
vn 0.89867610 -0.10656324 -0.42547083
vn -0.03639124 -0.24281897 -0.96938884
vn -0.03645019 -0.19495952 -0.98013383
vn 0.89864391 -0.12734334 -0.41978890
vn -0.03647889 -0.29008219 -0.95630622
vn -0.03639124 -0.24281897 -0.96938884
vn 0.89864391 -0.12734334 -0.41978890
vn 0.89864624 -0.14778557 -0.41303071
vn -0.03649006 -0.33666846 -0.94091594
vn 0.89864582 -0.16787677 -0.40528145
vn -0.03643253 -0.38243246 -0.92326486
vn -0.03649006 -0.33666846 -0.94091594
vn 0.89867026 -0.18753253 -0.39651391
vn -0.03640268 -0.42726290 -0.90339428
vn -0.03643253 -0.38243246 -0.92326486
vn 0.89867026 -0.18753253 -0.39651391
vn 0.89866555 -0.20677102 -0.38684097
vn -0.03642964 -0.47108296 -0.88133633
vn 0.89866555 -0.20677102 -0.38684097
vn 0.89866841 -0.22551259 -0.37621692
vn -0.03641884 -0.51375937 -0.85716105
vn 0.89866841 -0.22551259 -0.37621692
vn 0.89865398 -0.24370319 -0.36473256
vn -0.03644139 -0.55520242 -0.83091652
vn 0.89865798 -0.26130450 -0.35232630
vn -0.03644673 -0.59530634 -0.80267179
vn -0.03644139 -0.55520242 -0.83091652
vn 0.89865798 -0.26130450 -0.35232630
vn 0.89867383 -0.27825639 -0.33905551
vn -0.03641791 -0.63397276 -0.77249748
vn 0.89864719 -0.29459420 -0.32503468
vn -0.03643575 -0.67111361 -0.74045867
vn -0.03641791 -0.63397276 -0.77249748
vn 0.89864761 -0.31018651 -0.31018838
vn -0.03643708 -0.70663536 -0.70663911
vn -0.03643575 -0.67111361 -0.74045867
vn 0.89866424 -0.32500657 -0.29457316
vn -0.03645257 -0.74045378 -0.67111802
vn -0.03643708 -0.70663536 -0.70663911
vn 0.89866424 -0.32500657 -0.29457316
vn 0.89866757 -0.33905599 -0.27827612
vn -0.03642809 -0.77249819 -0.63397127
vn 0.89864260 -0.35236713 -0.26130241
vn -0.03643575 -0.80267519 -0.59530246
vn -0.03642809 -0.77249819 -0.63397127
vn 0.89865649 -0.36472806 -0.24370015
vn -0.03642738 -0.83091927 -0.55519921
vn -0.03643575 -0.80267519 -0.59530246
vn 0.89865345 -0.37624839 -0.22551966
vn -0.03643810 -0.85715431 -0.51376915
vn -0.03642738 -0.83091927 -0.55519921
vn 0.89865345 -0.37624839 -0.22551966
vn 0.89865899 -0.38684827 -0.20678565
vn -0.03645717 -0.88133609 -0.47108129
vn 0.89865899 -0.38684827 -0.20678565
vn 0.89866114 -0.39652765 -0.18754719
vn -0.03642641 -0.90339041 -0.42726901
vn 0.89866114 -0.39652765 -0.18754719
vn 0.89865214 -0.40527046 -0.16786984
vn -0.03642808 -0.92326653 -0.38242882
vn 0.89865214 -0.40527046 -0.16786984
vn 0.89866495 -0.41299236 -0.14777893
vn -0.03644143 -0.94091845 -0.33666676
vn 0.89866495 -0.41299236 -0.14777893
vn 0.89866060 -0.41975677 -0.12733206
vn -0.03643749 -0.95630473 -0.29009217
vn 0.89866060 -0.41975677 -0.12733206
vn 0.89864147 -0.42553955 -0.10658172
vn -0.03644709 -0.96938688 -0.24281836
vn 0.89864147 -0.42553955 -0.10658172
vn 0.89865667 -0.43022397 -0.08557689
vn -0.03643933 -0.98013377 -0.19496155
vn 0.89865667 -0.43022397 -0.08557689
vn 0.89866126 -0.43389553 -0.06436254
vn -0.03641066 -0.98852050 -0.14663395
vn 0.89866126 -0.43389553 -0.06436254
vn 0.89865494 -0.43654403 -0.04299550
vn -0.03644866 -0.99452347 -0.09795204
vn 0.89866996 -0.43809706 -0.02152389
vn -0.03644123 -0.99813199 -0.04903536
vn -0.03644866 -0.99452347 -0.09795204
vn 0.89865434 -0.43865749 -0.00000050
vn -0.03645238 -0.99933535 -0.00000099
vn -0.03644123 -0.99813199 -0.04903536
vn -0.03642299 -0.99813271 0.04903555
vn -0.91434288 -0.40445322 0.01986992
vn -0.91434520 -0.40493554 -0.00000015
vn -0.03642299 -0.99813271 0.04903555
vn -0.03644653 -0.99452358 0.09795187
vn -0.91434789 -0.40297955 0.03968978
vn -0.03644653 -0.99452358 0.09795187
vn -0.03642911 -0.98851997 0.14663310
vn -0.91434354 -0.40055650 0.05941663
vn -0.03642911 -0.98851997 0.14663310
vn -0.03644645 -0.98013353 0.19496138
vn -0.91434813 -0.39714795 0.07899889
vn -0.03644645 -0.98013353 0.19496138
vn -0.03645261 -0.96938592 0.24282116
vn -0.91434741 -0.39279509 0.09839129
vn -0.03643686 -0.95630562 0.29008946
vn -0.91434306 -0.38750488 0.11754487
vn -0.91434741 -0.39279509 0.09839129
vn -0.03643301 -0.94091845 0.33666769
vn -0.91434431 -0.38126624 0.13642016
vn -0.91434306 -0.38750488 0.11754487
vn -0.03640014 -0.92326665 0.38243133
vn -0.91434175 -0.37411916 0.15496476
vn -0.91434431 -0.38126624 0.13642016
vn -0.03640014 -0.92326665 0.38243133
vn -0.03642606 -0.90338987 0.42727023
vn -0.91434664 -0.36605591 0.17312813
vn -0.03642606 -0.90338987 0.42727023
vn -0.03645139 -0.88133413 0.47108549
vn -0.91434687 -0.35711744 0.19088453
vn -0.03642849 -0.85715729 0.51376486
vn -0.91433978 -0.34733573 0.20818408
vn -0.91434687 -0.35711744 0.19088453
vn -0.03644087 -0.83091915 0.55519843
vn -0.91434747 -0.33668649 0.22496849
vn -0.91433978 -0.34733573 0.20818408
vn -0.03640672 -0.80267608 0.59530306
vn -0.91433829 -0.32526091 0.24122760
vn -0.91434747 -0.33668649 0.22496849
vn -0.03640672 -0.80267608 0.59530306
vn -0.03647714 -0.77249813 0.63396847
vn -0.91435254 -0.31300974 0.25687394
vn -0.03647714 -0.77249813 0.63396847
vn -0.03643826 -0.74045753 0.67111462
vn -0.91435039 -0.30002832 0.27193078
vn -0.03643826 -0.74045753 0.67111462
vn -0.03645713 -0.70663208 0.70664132
vn -0.91434741 -0.28632718 0.28633109
vn -0.03642486 -0.67111439 0.74045855
vn -0.91434062 -0.27194646 0.30004391
vn -0.91434741 -0.28632718 0.28633109
vn -0.03642486 -0.67111439 0.74045855
vn -0.03643283 -0.63397223 0.77249718
vn -0.91434944 -0.25688231 0.31301209
vn -0.03643283 -0.63397223 0.77249718
vn -0.03641761 -0.59530401 0.80267489
vn -0.91433835 -0.24123009 0.32525879
vn -0.03641761 -0.59530401 0.80267489
vn -0.03642937 -0.55520636 0.83091444
vn -0.91434693 -0.22496955 0.33668739
vn -0.03642937 -0.55520636 0.83091444
vn -0.03650029 -0.51375437 0.85716051
vn -0.91434926 -0.20817155 0.34731823
vn -0.03637060 -0.47107819 0.88134128
vn -0.91433316 -0.19089770 0.35714549
vn -0.91434926 -0.20817155 0.34731823
vn -0.03651032 -0.42726785 0.90338755
vn -0.91434193 -0.17313343 0.36606520
vn -0.91433316 -0.19089770 0.35714549
vn -0.03640327 -0.38243008 0.92326707
vn -0.91433400 -0.15497153 0.37413520
vn -0.91434193 -0.17313343 0.36606520
vn -0.03640327 -0.38243008 0.92326707
vn -0.03647783 -0.33666518 0.94091767
vn -0.91434598 -0.13642050 0.38126221
vn -0.03647783 -0.33666518 0.94091767
vn -0.03644555 -0.29008746 0.95630586
vn -0.91434777 -0.11754412 0.38749382
vn -0.03644854 -0.24281819 0.96938682
vn -0.91434097 -0.09839384 0.39280948
vn -0.91434777 -0.11754412 0.38749382
vn -0.03644190 -0.19496310 0.98013330
vn -0.91434836 -0.07899933 0.39714760
vn -0.91434097 -0.09839384 0.39280948
vn -0.03638479 -0.14663307 0.98852164
vn -0.91432780 -0.05942181 0.40059158
vn -0.91434836 -0.07899933 0.39714760
vn -0.03645590 -0.09795548 0.99452287
vn -0.91435480 -0.03968751 0.40296435
vn -0.91432780 -0.05942181 0.40059158
vn -0.03645590 -0.09795548 0.99452287
vn -0.03644882 -0.04903257 0.99813193
vn -0.91435140 -0.01986649 0.40443397
vn -0.03645652 0.00000000 0.99933523
vn -0.91434574 0.00000000 0.40493441
vn -0.91435140 -0.01986649 0.40443397
vn -0.03645652 0.00000000 0.99933523
vn -0.03644882 0.04903258 0.99813193
vn -0.91435140 0.01986649 0.40443397
vn -0.03645590 0.09795547 0.99452287
vn -0.91435480 0.03968751 0.40296435
vn -0.91435140 0.01986649 0.40443397
vn -0.03645590 0.09795547 0.99452287
vn -0.03638480 0.14663309 0.98852164
vn -0.91432780 0.05942181 0.40059158
vn -0.03638480 0.14663309 0.98852164
vn -0.03644190 0.19496310 0.98013330
vn -0.91434836 0.07899933 0.39714757
vn -0.03644190 0.19496310 0.98013330
vn -0.03644855 0.24281816 0.96938682
vn -0.91434097 0.09839384 0.39280954
vn -0.03644855 0.24281816 0.96938682
vn -0.03644555 0.29008746 0.95630586
vn -0.91434789 0.11754413 0.38749382
vn -0.03647783 0.33666518 0.94091767
vn -0.91434598 0.13642049 0.38126221
vn -0.91434789 0.11754413 0.38749382
vn -0.03640325 0.38243002 0.92326713
vn -0.91433400 0.15497153 0.37413517
vn -0.91434598 0.13642049 0.38126221
vn -0.03640325 0.38243002 0.92326713
vn -0.03651033 0.42726788 0.90338761
vn -0.91434193 0.17313343 0.36606520
vn -0.03651033 0.42726788 0.90338761
vn -0.03637059 0.47107825 0.88134128
vn -0.91433316 0.19089773 0.35714552
vn -0.03637059 0.47107825 0.88134128
vn -0.03650028 0.51375437 0.85716051
vn -0.91434926 0.20817153 0.34731823
vn -0.03642936 0.55520642 0.83091444
vn -0.91434693 0.22496954 0.33668736
vn -0.91434926 0.20817153 0.34731823
vn -0.03641760 0.59530401 0.80267483
vn -0.91433847 0.24123010 0.32525882
vn -0.91434693 0.22496954 0.33668736
vn -0.03643284 0.63397229 0.77249718
vn -0.91434944 0.25688231 0.31301209
vn -0.91433847 0.24123010 0.32525882
vn -0.03642487 0.67111439 0.74045849
vn -0.91434062 0.27194646 0.30004391
vn -0.91434944 0.25688231 0.31301209
vn -0.03642487 0.67111439 0.74045849
vn -0.03645713 0.70663214 0.70664132
vn -0.91434741 0.28632715 0.28633109
vn -0.03643825 0.74045748 0.67111468
vn -0.91435039 0.30002832 0.27193078
vn -0.91434741 0.28632715 0.28633109
vn -0.03647714 0.77249807 0.63396853
vn -0.91435254 0.31300974 0.25687397
vn -0.91435039 0.30002832 0.27193078
vn -0.03640671 0.80267602 0.59530306
vn -0.91433829 0.32526094 0.24122760
vn -0.91435254 0.31300974 0.25687397
vn -0.03640671 0.80267602 0.59530306
vn -0.03644087 0.83091915 0.55519843
vn -0.91434747 0.33668652 0.22496848
vn -0.03644087 0.83091915 0.55519843
vn -0.03642847 0.85715729 0.51376486
vn -0.91433978 0.34733573 0.20818405
vn -0.03642847 0.85715729 0.51376486
vn -0.03645138 0.88133413 0.47108540
vn -0.91434687 0.35711744 0.19088453
vn -0.03642605 0.90338987 0.42727017
vn -0.91434664 0.36605588 0.17312813
vn -0.91434687 0.35711744 0.19088453
vn -0.03640015 0.92326665 0.38243133
vn -0.91434169 0.37411916 0.15496476
vn -0.91434664 0.36605588 0.17312813
vn -0.03640015 0.92326665 0.38243133
vn -0.03643301 0.94091845 0.33666772
vn -0.91434431 0.38126621 0.13642018
vn -0.03643301 0.94091845 0.33666772
vn -0.03643688 0.95630568 0.29008946
vn -0.91434306 0.38750485 0.11754487
vn -0.03643688 0.95630568 0.29008946
vn -0.03645262 0.96938592 0.24282117
vn -0.91434735 0.39279503 0.09839129
vn -0.03644647 0.98013353 0.19496138
vn -0.91434813 0.39714795 0.07899889
vn -0.91434735 0.39279503 0.09839129
vn -0.03642911 0.98851997 0.14663312
vn -0.91434354 0.40055650 0.05941663
vn -0.91434813 0.39714795 0.07899889
vn -0.03644653 0.99452358 0.09795187
vn -0.91434789 0.40297955 0.03968978
vn -0.91434354 0.40055650 0.05941663
vn -0.03642301 0.99813271 0.04903555
vn -0.91434288 0.40445322 0.01986992
vn -0.91434789 0.40297955 0.03968978
vn -0.03642301 0.99813271 0.04903555
vn -0.03645238 0.99933535 -0.00000099
vn -0.91434520 0.40493554 -0.00000015
vn -0.03644124 0.99813199 -0.04903537
vn -0.91434526 0.40444779 -0.01986986
vn -0.91434520 0.40493554 -0.00000015
vn -0.03644868 0.99452347 -0.09795205
vn -0.91434544 0.40298513 -0.03969002
vn -0.91434526 0.40444779 -0.01986986
vn -0.03641065 0.98852050 -0.14663395
vn -0.91434294 0.40055785 -0.05941761
vn -0.91434544 0.40298513 -0.03969002
vn -0.03641065 0.98852050 -0.14663395
vn -0.03643933 0.98013377 -0.19496155
vn -0.91434789 0.39714885 -0.07899849
vn -0.03643933 0.98013377 -0.19496155
vn -0.03644710 0.96938688 -0.24281836
vn -0.91434973 0.39279011 -0.09838906
vn -0.03644710 0.96938688 -0.24281836
vn -0.03643747 0.95630473 -0.29009217
vn -0.91434222 0.38750607 -0.11754745
vn -0.03644144 0.94091839 -0.33666679
vn -0.91434550 0.38126382 -0.13641901
vn -0.91434222 0.38750607 -0.11754745
vn -0.03642809 0.92326653 -0.38242882
vn -0.91434485 0.37411311 -0.15496078
vn -0.91434550 0.38126382 -0.13641901
vn -0.03642641 0.90339041 -0.42726901
vn -0.91434497 0.36605892 -0.17313074
vn -0.91434485 0.37411311 -0.15496078
vn -0.03642641 0.90339041 -0.42726901
vn -0.03645717 0.88133609 -0.47108129
vn -0.91434819 0.35711595 -0.19088084
vn -0.03645717 0.88133609 -0.47108129
vn -0.03643810 0.85715431 -0.51376915
vn -0.91434199 0.34733048 -0.20818342
vn -0.03642738 0.83091927 -0.55519921
vn -0.91434431 0.33669257 -0.22497228
vn -0.91434199 0.34733048 -0.20818342
vn -0.03643573 0.80267525 -0.59530240
vn -0.91434467 0.32524928 -0.24121925
vn -0.91434431 0.33669257 -0.22497228
vn -0.03643573 0.80267525 -0.59530240
vn -0.03642809 0.77249819 -0.63397127
vn -0.91433811 0.31303370 -0.25689626
vn -0.03642809 0.77249819 -0.63397127
vn -0.03645257 0.74045378 -0.67111802
vn -0.91435903 0.30001125 -0.27192053
vn -0.03643706 0.70663536 -0.70663905
vn -0.91434145 0.28633964 -0.28633785
vn -0.91435903 0.30001125 -0.27192053
vn -0.03643575 0.67111355 -0.74045867
vn -0.91433918 0.27194852 -0.30004635
vn -0.91434145 0.28633964 -0.28633785
vn -0.03643575 0.67111355 -0.74045867
vn -0.03641789 0.63397276 -0.77249748
vn -0.91434479 0.25688943 -0.31301990
vn -0.03641789 0.63397276 -0.77249748
vn -0.03644674 0.59530634 -0.80267173
vn -0.91435415 0.24120925 -0.32523006
vn -0.03644674 0.59530634 -0.80267173
vn -0.03644140 0.55520248 -0.83091652
vn -0.91434467 0.22497229 -0.33669177
vn -0.03644140 0.55520248 -0.83091652
vn -0.03641884 0.51375937 -0.85716099
vn -0.91435093 0.20817068 -0.34731439
vn -0.03641884 0.51375937 -0.85716099
vn -0.03642964 0.47108302 -0.88133633
vn -0.91434729 0.19088280 -0.35711738
vn -0.03640267 0.42726290 -0.90339428
vn -0.91434890 0.17312731 -0.36605072
vn -0.91434729 0.19088280 -0.35711738
vn -0.03643252 0.38243255 -0.92326486
vn -0.91434175 0.15496382 -0.37411952
vn -0.91434890 0.17312731 -0.36605072
vn -0.03643252 0.38243255 -0.92326486
vn -0.03649006 0.33666846 -0.94091600
vn -0.91435665 0.13641226 -0.38123956
vn -0.03649006 0.33666846 -0.94091600
vn -0.03647889 0.29008219 -0.95630622
vn -0.91435009 0.11754126 -0.38748923
vn -0.03639125 0.24281897 -0.96938884
vn -0.91434252 0.09839496 -0.39280549
vn -0.91435009 0.11754126 -0.38748923
vn -0.03645019 0.19495951 -0.98013383
vn -0.91433287 0.07900435 -0.39718217
vn -0.91434252 0.09839496 -0.39280549
vn -0.03640274 0.14663601 -0.98852044
vn -0.91433454 0.05942244 -0.40057626
vn -0.91433287 0.07900435 -0.39718217
vn -0.03642041 0.09795678 -0.99452400
vn -0.91435385 0.03968764 -0.40296653
vn -0.91433454 0.05942244 -0.40057626
vn -0.03642041 0.09795678 -0.99452400
vn -0.03642616 0.04903593 -0.99813265
vn -0.91434777 0.01987045 -0.40444183
vn -0.03642616 0.04903593 -0.99813265
vn -0.03639216 0.00000000 -0.99933755
vn -0.91433847 -0.00000000 -0.40495086
vn -0.03642617 -0.04903593 -0.99813265
vn -0.91434789 -0.01987045 -0.40444183
vn -0.91433847 -0.00000000 -0.40495086
vn -0.03642042 -0.09795678 -0.99452400
vn -0.91435385 -0.03968764 -0.40296653
vn -0.91434789 -0.01987045 -0.40444183
vn -0.03642042 -0.09795678 -0.99452400
vn -0.03640274 -0.14663602 -0.98852044
vn -0.91433454 -0.05942244 -0.40057629
vn -0.03640274 -0.14663602 -0.98852044
vn -0.03645019 -0.19495952 -0.98013383
vn -0.91433287 -0.07900435 -0.39718217
vn -0.03645019 -0.19495952 -0.98013383
vn -0.03639124 -0.24281897 -0.96938884
vn -0.91434252 -0.09839495 -0.39280552
vn -0.03639124 -0.24281897 -0.96938884
vn -0.03647889 -0.29008219 -0.95630622
vn -0.91435009 -0.11754128 -0.38748926
vn -0.03649006 -0.33666846 -0.94091594
vn -0.91435665 -0.13641226 -0.38123956
vn -0.91435009 -0.11754128 -0.38748926
vn -0.03643253 -0.38243246 -0.92326486
vn -0.91434175 -0.15496382 -0.37411952
vn -0.91435665 -0.13641226 -0.38123956
vn -0.03643253 -0.38243246 -0.92326486
vn -0.03640268 -0.42726290 -0.90339428
vn -0.91434890 -0.17312731 -0.36605072
vn -0.03640268 -0.42726290 -0.90339428
vn -0.03642964 -0.47108296 -0.88133633
vn -0.91434729 -0.19088282 -0.35711738
vn -0.03641884 -0.51375937 -0.85716105
vn -0.91435099 -0.20817071 -0.34731442
vn -0.91434729 -0.19088282 -0.35711738
vn -0.03644139 -0.55520242 -0.83091652
vn -0.91434467 -0.22497229 -0.33669174
vn -0.91435099 -0.20817071 -0.34731442
vn -0.03644673 -0.59530634 -0.80267179
vn -0.91435409 -0.24120927 -0.32523006
vn -0.91434467 -0.22497229 -0.33669174
vn -0.03641791 -0.63397276 -0.77249748
vn -0.91434479 -0.25688937 -0.31301987
vn -0.91435409 -0.24120927 -0.32523006
vn -0.03643575 -0.67111361 -0.74045867
vn -0.91433918 -0.27194852 -0.30004635
vn -0.91434479 -0.25688937 -0.31301987
vn -0.03643575 -0.67111361 -0.74045867
vn -0.03643708 -0.70663536 -0.70663911
vn -0.91434145 -0.28633961 -0.28633785
vn -0.03643708 -0.70663536 -0.70663911
vn -0.03645257 -0.74045378 -0.67111802
vn -0.91435903 -0.30001125 -0.27192053
vn -0.03642809 -0.77249819 -0.63397127
vn -0.91433811 -0.31303370 -0.25689626
vn -0.91435903 -0.30001125 -0.27192053
vn -0.03643575 -0.80267519 -0.59530246
vn -0.91434467 -0.32524928 -0.24121925
vn -0.91433811 -0.31303370 -0.25689626
vn -0.03643575 -0.80267519 -0.59530246
vn -0.03642738 -0.83091927 -0.55519921
vn -0.91434431 -0.33669257 -0.22497228
vn -0.03642738 -0.83091927 -0.55519921
vn -0.03643810 -0.85715431 -0.51376915
vn -0.91434199 -0.34733045 -0.20818342
vn -0.03645717 -0.88133609 -0.47108129
vn -0.91434824 -0.35711598 -0.19088086
vn -0.91434199 -0.34733045 -0.20818342
vn -0.03642641 -0.90339041 -0.42726901
vn -0.91434497 -0.36605892 -0.17313074
vn -0.91434824 -0.35711598 -0.19088086
vn -0.03642641 -0.90339041 -0.42726901
vn -0.03642808 -0.92326653 -0.38242882
vn -0.91434485 -0.37411314 -0.15496080
vn -0.03642808 -0.92326653 -0.38242882
vn -0.03644143 -0.94091845 -0.33666676
vn -0.91434556 -0.38126379 -0.13641903
vn -0.03644143 -0.94091845 -0.33666676
vn -0.03643749 -0.95630473 -0.29009217
vn -0.91434222 -0.38750610 -0.11754747
vn -0.03644709 -0.96938688 -0.24281836
vn -0.91434973 -0.39279011 -0.09838906
vn -0.91434222 -0.38750610 -0.11754747
vn -0.03643933 -0.98013377 -0.19496155
vn -0.91434789 -0.39714885 -0.07899849
vn -0.91434973 -0.39279011 -0.09838906
vn -0.03641066 -0.98852050 -0.14663395
vn -0.91434294 -0.40055785 -0.05941761
vn -0.91434789 -0.39714885 -0.07899849
vn -0.03641066 -0.98852050 -0.14663395
vn -0.03644866 -0.99452347 -0.09795204
vn -0.91434544 -0.40298510 -0.03969001
vn -0.03644866 -0.99452347 -0.09795204
vn -0.03644123 -0.99813199 -0.04903536
vn -0.91434526 -0.40444779 -0.01986986
vn -0.03644123 -0.99813199 -0.04903536
vn -0.03645238 -0.99933535 -0.00000099
vn -0.91434520 -0.40493554 -0.00000015
vn -0.91434520 -0.40493554 -0.00000015
vn -0.91434288 -0.40445322 0.01986992
vn -1.00000000 -0.00002428 0.00000000
vn -0.91434288 -0.40445322 0.01986992
vn -0.91434789 -0.40297955 0.03968978
vn -1.00000000 -0.00000373 0.00000000
vn -0.91434354 -0.40055650 0.05941663
vn -1.00000000 -0.00000103 0.00000000
vn -1.00000000 -0.00000373 0.00000000
vn -0.91434813 -0.39714795 0.07899889
vn -1.00000000 0.00000400 0.00000000
vn -1.00000000 -0.00000103 0.00000000
vn -0.91434741 -0.39279509 0.09839129
vn -1.00000000 -0.00000781 0.00000000
vn -1.00000000 0.00000400 0.00000000
vn -0.91434306 -0.38750488 0.11754487
vn -1.00000000 0.00003170 0.00000000
vn -1.00000000 -0.00000781 0.00000000
vn -0.91434306 -0.38750488 0.11754487
vn -0.91434431 -0.38126624 0.13642016
vn -1.00000000 0.00000145 0.00000000
vn -0.91434431 -0.38126624 0.13642016
vn -0.91434175 -0.37411916 0.15496476
vn -1.00000000 0.00000000 0.00000000
vn -0.91434664 -0.36605591 0.17312813
vn -1.00000000 -0.00000280 0.00000000
vn -1.00000000 0.00000000 0.00000000
vn -0.91434687 -0.35711744 0.19088453
vn -1.00000000 0.00000000 0.00000000
vn -1.00000000 -0.00000280 0.00000000
vn -0.91434687 -0.35711744 0.19088453
vn -0.91433978 -0.34733573 0.20818408
vn -1.00000000 -0.00000171 0.00000000
vn -0.91433978 -0.34733573 0.20818408
vn -0.91434747 -0.33668649 0.22496849
vn -1.00000000 0.00003863 0.00000000
vn -0.91433829 -0.32526091 0.24122760
vn -1.00000000 -0.00000497 0.00000000
vn -1.00000000 0.00003863 0.00000000
vn -0.91435254 -0.31300974 0.25687394
vn -1.00000000 -0.00000433 0.00000000
vn -1.00000000 -0.00000497 0.00000000
vn -0.91435254 -0.31300974 0.25687394
vn -0.91435039 -0.30002832 0.27193078
vn -1.00000000 0.00000320 0.00000000
vn -0.91434741 -0.28632718 0.28633109
vn -1.00000000 -0.00000047 0.00000000
vn -1.00000000 0.00000320 0.00000000
vn -0.91434062 -0.27194646 0.30004391
vn -1.00000000 0.00000014 0.00000000
vn -1.00000000 -0.00000047 0.00000000
vn -0.91434062 -0.27194646 0.30004391
vn -0.91434944 -0.25688231 0.31301209
vn -1.00000000 0.00001849 0.00000000
vn -0.91434944 -0.25688231 0.31301209
vn -0.91433835 -0.24123009 0.32525879
vn -1.00000000 0.00000029 0.00000000
vn -0.91433835 -0.24123009 0.32525879
vn -0.91434693 -0.22496955 0.33668739
vn -1.00000000 0.00001801 0.00000000
vn -0.91434693 -0.22496955 0.33668739
vn -0.91434926 -0.20817155 0.34731823
vn -1.00000000 0.00000216 0.00000000
vn -0.91434926 -0.20817155 0.34731823
vn -0.91433316 -0.19089770 0.35714549
vn -1.00000000 -0.00001774 0.00000000
vn -0.91433316 -0.19089770 0.35714549
vn -0.91434193 -0.17313343 0.36606520
vn -1.00000000 0.00000082 0.00000000
vn -0.91434193 -0.17313343 0.36606520
vn -0.91433400 -0.15497153 0.37413520
vn -1.00000000 -0.00001788 0.00000000
vn -0.91434598 -0.13642050 0.38126221
vn -1.00000000 -0.00000122 0.00000000
vn -1.00000000 -0.00001788 0.00000000
vn -0.91434777 -0.11754412 0.38749382
vn -1.00000000 0.00000000 0.00000000
vn -1.00000000 -0.00000122 0.00000000
vn -0.91434777 -0.11754412 0.38749382
vn -0.91434097 -0.09839384 0.39280948
vn -1.00000000 0.00000094 0.00000000
vn -0.91434097 -0.09839384 0.39280948
vn -0.91434836 -0.07899933 0.39714760
vn -1.00000000 0.00000451 0.00000000
vn -0.91434836 -0.07899933 0.39714760
vn -0.91432780 -0.05942181 0.40059158
vn -1.00000000 -0.00000003 0.00000000
vn -0.91435480 -0.03968751 0.40296435
vn -1.00000000 -0.00000323 0.00000000
vn -1.00000000 -0.00000003 0.00000000
vn -0.91435480 -0.03968751 0.40296435
vn -0.91435140 -0.01986649 0.40443397
vn -1.00000000 0.00000089 0.00000000
vn -0.91434574 0.00000000 0.40493441
vn -1.00000000 0.00000000 0.00000000
vn -1.00000000 0.00000089 0.00000000
vn -0.91434574 0.00000000 0.40493441
vn -0.91435140 0.01986649 0.40443397
vn -1.00000000 -0.00000097 0.00000000
vn -0.91435480 0.03968751 0.40296435
vn -1.00000000 0.00000027 0.00000000
vn -1.00000000 -0.00000097 0.00000000
vn -0.91435480 0.03968751 0.40296435
vn -0.91432780 0.05942181 0.40059158
vn -1.00000000 0.00000007 0.00000000
vn -0.91434836 0.07899933 0.39714757
vn -1.00000000 0.00000000 0.00000000
vn -1.00000000 0.00000007 0.00000000
vn -0.91434097 0.09839384 0.39280954
vn -1.00000000 -0.00000093 0.00000000
vn -1.00000000 0.00000000 0.00000000
vn -0.91434789 0.11754413 0.38749382
vn -1.00000000 0.00000000 0.00000000
vn -1.00000000 -0.00000093 0.00000000
vn -0.91434789 0.11754413 0.38749382
vn -0.91434598 0.13642049 0.38126221
vn -1.00000000 0.00000122 0.00000000
vn -0.91434598 0.13642049 0.38126221
vn -0.91433400 0.15497153 0.37413517
vn -1.00000000 0.00001788 0.00000000
vn -0.91434193 0.17313343 0.36606520
vn -1.00000000 -0.00000095 0.00000000
vn -1.00000000 0.00001788 0.00000000
vn -0.91433316 0.19089773 0.35714552
vn -1.00000000 0.00001774 0.00000000
vn -1.00000000 -0.00000095 0.00000000
vn -0.91434926 0.20817153 0.34731823
vn -1.00000000 -0.00000216 0.00000000
vn -1.00000000 0.00001774 0.00000000
vn -0.91434693 0.22496954 0.33668736
vn -1.00000000 -0.00001801 0.00000000
vn -1.00000000 -0.00000216 0.00000000
vn -0.91433847 0.24123010 0.32525882
vn -1.00000000 -0.00000029 0.00000000
vn -1.00000000 -0.00001801 0.00000000
vn -0.91434944 0.25688231 0.31301209
vn -1.00000000 -0.00001849 0.00000000
vn -1.00000000 -0.00000029 0.00000000
vn -0.91434062 0.27194646 0.30004391
vn -1.00000000 -0.00000014 0.00000000
vn -1.00000000 -0.00001849 0.00000000
vn -0.91434062 0.27194646 0.30004391
vn -0.91434741 0.28632715 0.28633109
vn -1.00000000 0.00000047 0.00000000
vn -0.91434741 0.28632715 0.28633109
vn -0.91435039 0.30002832 0.27193078
vn -1.00000000 -0.00000345 0.00000000
vn -0.91435254 0.31300974 0.25687397
vn -1.00000000 -0.00003169 0.00000000
vn -1.00000000 -0.00000345 0.00000000
vn -0.91435254 0.31300974 0.25687397
vn -0.91433829 0.32526094 0.24122760
vn -1.00000000 0.00000488 0.00000000
vn -0.91433829 0.32526094 0.24122760
vn -0.91434747 0.33668652 0.22496848
vn -1.00000000 -0.00003863 0.00000000
vn -0.91433978 0.34733573 0.20818405
vn -1.00000000 0.00002555 0.00000000
vn -1.00000000 -0.00003863 0.00000000
vn -0.91434687 0.35711744 0.19088453
vn -1.00000000 0.00000038 0.00000000
vn -1.00000000 0.00002555 0.00000000
vn -0.91434687 0.35711744 0.19088453
vn -0.91434664 0.36605588 0.17312813
vn -1.00000000 0.00000294 0.00000000
vn -0.91434664 0.36605588 0.17312813
vn -0.91434169 0.37411916 0.15496476
vn -1.00000000 -0.00000000 0.00000000
vn -0.91434431 0.38126621 0.13642018
vn -1.00000000 0.00000766 0.00000000
vn -1.00000000 -0.00000000 0.00000000
vn -0.91434306 0.38750485 0.11754487
vn -1.00000000 -0.00003170 0.00000000
vn -1.00000000 0.00000766 0.00000000
vn -0.91434306 0.38750485 0.11754487
vn -0.91434735 0.39279503 0.09839129
vn -1.00000000 0.00000218 0.00000000
vn -0.91434735 0.39279503 0.09839129
vn -0.91434813 0.39714795 0.07899889
vn -1.00000000 -0.00000400 0.00000000
vn -0.91434813 0.39714795 0.07899889
vn -0.91434354 0.40055650 0.05941663
vn -1.00000000 0.00000084 0.00000000
vn -0.91434354 0.40055650 0.05941663
vn -0.91434789 0.40297955 0.03968978
vn -1.00000000 0.00000373 0.00000000
vn -0.91434288 0.40445322 0.01986992
vn -1.00000000 0.00000058 0.00000000
vn -1.00000000 0.00000373 0.00000000
vn -0.91434520 0.40493554 -0.00000015
vn -1.00000000 0.00000000 0.00000000
vn -1.00000000 0.00000058 0.00000000
vn -0.91434520 0.40493554 -0.00000015
vn -0.91434526 0.40444779 -0.01986986
vn -1.00000000 0.00000050 0.00000000
vn -0.91434526 0.40444779 -0.01986986
vn -0.91434544 0.40298513 -0.03969002
vn -1.00000000 0.00002485 0.00000000
vn -0.91434544 0.40298513 -0.03969002
vn -0.91434294 0.40055785 -0.05941761
vn -1.00000000 -0.00000351 0.00000000
vn -0.91434294 0.40055785 -0.05941761
vn -0.91434789 0.39714885 -0.07899849
vn -1.00000000 -0.00000000 0.00000000
vn -0.91434973 0.39279011 -0.09838906
vn -1.00000000 0.00005001 0.00000000
vn -1.00000000 -0.00000000 0.00000000
vn -0.91434222 0.38750607 -0.11754745
vn -1.00000000 -0.00001859 0.00000000
vn -1.00000000 0.00005001 0.00000000
vn -0.91434222 0.38750607 -0.11754745
vn -0.91434550 0.38126382 -0.13641901
vn -1.00000000 -0.00000165 0.00000000
vn -0.91434550 0.38126382 -0.13641901
vn -0.91434485 0.37411311 -0.15496078
vn -1.00000000 0.00000000 0.00000000
vn -0.91434497 0.36605892 -0.17313074
vn -1.00000000 0.00000251 0.00000000
vn -1.00000000 0.00000000 0.00000000
vn -0.91434819 0.35711595 -0.19088084
vn -1.00000000 -0.00003602 0.00000000
vn -1.00000000 0.00000251 0.00000000
vn -0.91434819 0.35711595 -0.19088084
vn -0.91434199 0.34733048 -0.20818342
vn -1.00000000 -0.00000074 0.00000000
vn -0.91434199 0.34733048 -0.20818342
vn -0.91434431 0.33669257 -0.22497228
vn -1.00000000 -0.00003862 0.00000000
vn -0.91434467 0.32524928 -0.24121925
vn -1.00000000 0.00000404 0.00000000
vn -1.00000000 -0.00003862 0.00000000
vn -0.91434467 0.32524928 -0.24121925
vn -0.91433811 0.31303370 -0.25689626
vn -1.00000000 0.00000526 0.00000000
vn -0.91433811 0.31303370 -0.25689626
vn -0.91435903 0.30001125 -0.27192053
vn -1.00000000 -0.00000284 0.00000000
vn -0.91434145 0.28633964 -0.28633785
vn -1.00000000 0.00000047 0.00000000
vn -1.00000000 -0.00000284 0.00000000
vn -0.91433918 0.27194852 -0.30004635
vn -1.00000000 0.00000000 0.00000000
vn -1.00000000 0.00000047 0.00000000
vn -0.91434479 0.25688943 -0.31301990
vn -1.00000000 0.00001184 0.00000000
vn -1.00000000 0.00000000 0.00000000
vn -0.91434479 0.25688943 -0.31301990
vn -0.91435415 0.24120925 -0.32523006
vn -1.00000000 -0.00000094 0.00000000
vn -0.91435415 0.24120925 -0.32523006
vn -0.91434467 0.22497229 -0.33669177
vn -1.00000000 -0.00001800 0.00000000
vn -0.91435093 0.20817068 -0.34731439
vn -1.00000000 -0.00000216 0.00000000
vn -1.00000000 -0.00001800 0.00000000
vn -0.91435093 0.20817068 -0.34731439
vn -0.91434729 0.19088280 -0.35711738
vn -1.00000000 0.00001773 0.00000000
vn -0.91434729 0.19088280 -0.35711738
vn -0.91434890 0.17312731 -0.36605072
vn -1.00000000 0.00000123 0.00000000
vn -0.91434890 0.17312731 -0.36605072
vn -0.91434175 0.15496382 -0.37411952
vn -1.00000000 0.00001721 0.00000000
vn -0.91435665 0.13641226 -0.38123956
vn -1.00000000 0.00000115 0.00000000
vn -1.00000000 0.00001721 0.00000000
vn -0.91435009 0.11754126 -0.38748923
vn -1.00000000 -0.00000900 0.00000000
vn -1.00000000 0.00000115 0.00000000
vn -0.91435009 0.11754126 -0.38748923
vn -0.91434252 0.09839496 -0.39280549
vn -1.00000000 -0.00000102 0.00000000
vn -0.91434252 0.09839496 -0.39280549
vn -0.91433287 0.07900435 -0.39718217
vn -1.00000000 -0.00000450 0.00000000
vn -0.91433287 0.07900435 -0.39718217
vn -0.91433454 0.05942244 -0.40057626
vn -1.00000000 0.00000003 0.00000000
vn -0.91435385 0.03968764 -0.40296653
vn -1.00000000 0.00000269 0.00000000
vn -1.00000000 0.00000003 0.00000000
vn -0.91435385 0.03968764 -0.40296653
vn -0.91434777 0.01987045 -0.40444183
vn -1.00000000 -0.00000005 0.00000000
vn -0.91434777 0.01987045 -0.40444183
vn -0.91433847 -0.00000000 -0.40495086
vn -1.00000000 0.00000000 0.00000000
vn -0.91434789 -0.01987045 -0.40444183
vn -1.00000000 0.00000011 0.00000000
vn -1.00000000 0.00000000 0.00000000
vn -0.91435385 -0.03968764 -0.40296653
vn -1.00000000 0.00000027 0.00000000
vn -1.00000000 0.00000011 0.00000000
vn -0.91435385 -0.03968764 -0.40296653
vn -0.91433454 -0.05942244 -0.40057629
vn -1.00000000 -0.00000007 0.00000000
vn -0.91433287 -0.07900435 -0.39718217
vn -1.00000000 0.00000000 0.00000000
vn -1.00000000 -0.00000007 0.00000000
vn -0.91434252 -0.09839495 -0.39280552
vn -1.00000000 0.00000100 0.00000000
vn -1.00000000 0.00000000 0.00000000
vn -0.91435009 -0.11754128 -0.38748926
vn -1.00000000 0.00000900 0.00000000
vn -1.00000000 0.00000100 0.00000000
vn -0.91435009 -0.11754128 -0.38748926
vn -0.91435665 -0.13641226 -0.38123956
vn -1.00000000 -0.00000141 0.00000000
vn -0.91435665 -0.13641226 -0.38123956
vn -0.91434175 -0.15496382 -0.37411952
vn -1.00000000 -0.00001721 0.00000000
vn -0.91434890 -0.17312731 -0.36605072
vn -1.00000000 -0.00000112 0.00000000
vn -1.00000000 -0.00001721 0.00000000
vn -0.91434729 -0.19088282 -0.35711738
vn -1.00000000 -0.00001773 0.00000000
vn -1.00000000 -0.00000112 0.00000000
vn -0.91435099 -0.20817071 -0.34731442
vn -1.00000000 0.00000509 0.00000000
vn -1.00000000 -0.00001773 0.00000000
vn -0.91435099 -0.20817071 -0.34731442
vn -0.91434467 -0.22497229 -0.33669174
vn -1.00000000 0.00001800 0.00000000
vn -0.91435409 -0.24120927 -0.32523006
vn -1.00000000 0.00000014 0.00000000
vn -1.00000000 0.00001800 0.00000000
vn -0.91434479 -0.25688937 -0.31301987
vn -1.00000000 0.00000000 0.00000000
vn -1.00000000 0.00000014 0.00000000
vn -0.91434479 -0.25688937 -0.31301987
vn -0.91433918 -0.27194852 -0.30004635
vn -1.00000000 0.00000022 0.00000000
vn -0.91433918 -0.27194852 -0.30004635
vn -0.91434145 -0.28633961 -0.28633785
vn -1.00000000 -0.00000047 0.00000000
vn -0.91434145 -0.28633961 -0.28633785
vn -0.91435903 -0.30001125 -0.27192053
vn -1.00000000 0.00002702 0.00000000
vn -0.91433811 -0.31303370 -0.25689626
vn -1.00000000 -0.00000488 0.00000000
vn -1.00000000 0.00002702 0.00000000
vn -0.91434467 -0.32524928 -0.24121925
vn -1.00000000 -0.00000988 0.00000000
vn -1.00000000 -0.00000488 0.00000000
vn -0.91434467 -0.32524928 -0.24121925
vn -0.91434431 -0.33669257 -0.22497228
vn -1.00000000 0.00003862 0.00000000
vn -0.91434199 -0.34733045 -0.20818342
vn -1.00000000 0.00000416 0.00000000
vn -1.00000000 0.00003862 0.00000000
vn -0.91434824 -0.35711598 -0.19088086
vn -1.00000000 0.00003602 0.00000000
vn -1.00000000 0.00000416 0.00000000
vn -0.91434824 -0.35711598 -0.19088086
vn -0.91434497 -0.36605892 -0.17313074
vn -1.00000000 -0.00000251 0.00000000
vn -0.91434497 -0.36605892 -0.17313074
vn -0.91434485 -0.37411314 -0.15496080
vn -1.00000000 -0.00000000 0.00000000
vn -0.91434556 -0.38126379 -0.13641903
vn -1.00000000 -0.00000456 0.00000000
vn -1.00000000 -0.00000000 0.00000000
vn -0.91434222 -0.38750610 -0.11754747
vn -1.00000000 0.00003170 0.00000000
vn -1.00000000 -0.00000456 0.00000000
vn -0.91434222 -0.38750610 -0.11754747
vn -0.91434973 -0.39279011 -0.09838906
vn -1.00000000 -0.00000204 0.00000000
vn -0.91434973 -0.39279011 -0.09838906
vn -0.91434789 -0.39714885 -0.07899849
vn -1.00000000 0.00000000 0.00000000
vn -0.91434294 -0.40055785 -0.05941761
vn -1.00000000 0.00000211 0.00000000
vn -1.00000000 0.00000000 0.00000000
vn -0.91434544 -0.40298510 -0.03969001
vn -1.00000000 -0.00000117 0.00000000
vn -1.00000000 0.00000211 0.00000000
vn -0.91434526 -0.40444779 -0.01986986
vn -1.00000000 -0.00000065 0.00000000
vn -1.00000000 -0.00000117 0.00000000
vn -0.91434520 -0.40493554 -0.00000015
vn -1.00000000 -0.00000038 0.00000000
vn -1.00000000 -0.00000065 0.00000000
vn 0.89865434 -0.43865749 -0.00000050
vn 0.89866996 -0.43809706 -0.02152389
vn 0.89865494 -0.43654403 -0.04299550
vn 0.89865494 -0.43654403 -0.04299550
vn 0.89866126 -0.43389553 -0.06436254
vn 0.89865667 -0.43022397 -0.08557689
vn 0.89865667 -0.43022397 -0.08557689
vn 0.89864147 -0.42553955 -0.10658172
vn 0.89866060 -0.41975677 -0.12733206
vn 0.89866060 -0.41975677 -0.12733206
vn 0.89866495 -0.41299236 -0.14777893
vn 0.89865667 -0.43022397 -0.08557689
vn 0.89866495 -0.41299236 -0.14777893
vn 0.89865214 -0.40527046 -0.16786984
vn 0.89865667 -0.43022397 -0.08557689
vn 0.89865214 -0.40527046 -0.16786984
vn 0.89866114 -0.39652765 -0.18754719
vn 0.89865649 -0.36472806 -0.24370015
vn 0.89866114 -0.39652765 -0.18754719
vn 0.89865899 -0.38684827 -0.20678565
vn 0.89865649 -0.36472806 -0.24370015
vn 0.89865899 -0.38684827 -0.20678565
vn 0.89865345 -0.37624839 -0.22551966
vn 0.89865649 -0.36472806 -0.24370015
vn 0.89865649 -0.36472806 -0.24370015
vn 0.89864260 -0.35236713 -0.26130241
vn 0.89866757 -0.33905599 -0.27827612
vn 0.89866757 -0.33905599 -0.27827612
vn 0.89866424 -0.32500657 -0.29457316
vn 0.89865649 -0.36472806 -0.24370015
vn 0.89866424 -0.32500657 -0.29457316
vn 0.89864761 -0.31018651 -0.31018838
vn 0.89865649 -0.36472806 -0.24370015
vn 0.89864761 -0.31018651 -0.31018838
vn 0.89864719 -0.29459420 -0.32503468
vn 0.89867383 -0.27825639 -0.33905551
vn 0.89867383 -0.27825639 -0.33905551
vn 0.89865798 -0.26130450 -0.35232630
vn 0.89865398 -0.24370319 -0.36473256
vn 0.89865398 -0.24370319 -0.36473256
vn 0.89866841 -0.22551259 -0.37621692
vn 0.89866555 -0.20677102 -0.38684097
vn 0.89866555 -0.20677102 -0.38684097
vn 0.89867026 -0.18753253 -0.39651391
vn 0.89865398 -0.24370319 -0.36473256
vn 0.89867026 -0.18753253 -0.39651391
vn 0.89864582 -0.16787677 -0.40528145
vn 0.89865398 -0.24370319 -0.36473256
vn 0.89864582 -0.16787677 -0.40528145
vn 0.89864624 -0.14778557 -0.41303071
vn 0.89863616 -0.08558520 -0.43026537
vn 0.89864624 -0.14778557 -0.41303071
vn 0.89864391 -0.12734334 -0.41978890
vn 0.89863616 -0.08558520 -0.43026537
vn 0.89864391 -0.12734334 -0.41978890
vn 0.89867610 -0.10656324 -0.42547083
vn 0.89863616 -0.08558520 -0.43026537
vn 0.89863616 -0.08558520 -0.43026537
vn 0.89865971 -0.06436186 -0.43389878
vn 0.89866459 -0.04299754 -0.43652391
vn 0.89866459 -0.04299754 -0.43652391
vn 0.89865714 -0.02152189 -0.43812349
vn 0.89866704 -0.00000004 -0.43863142
vn 0.89866704 -0.00000004 -0.43863142
vn 0.89865714 0.02152067 -0.43812355
vn 0.89866465 0.04299694 -0.43652394
vn 0.89866465 0.04299694 -0.43652394
vn 0.89865971 0.06436186 -0.43389878
vn 0.89863616 0.08558486 -0.43026537
vn 0.89863616 0.08558486 -0.43026537
vn 0.89867616 0.10656325 -0.42547083
vn 0.89864320 0.12734970 -0.41978857
vn 0.89864320 0.12734970 -0.41978857
vn 0.89864624 0.14778569 -0.41303077
vn 0.89863616 0.08558486 -0.43026537
vn 0.89864624 0.14778569 -0.41303077
vn 0.89864588 0.16787682 -0.40528145
vn 0.89863616 0.08558486 -0.43026537
vn 0.89864588 0.16787682 -0.40528145
vn 0.89867026 0.18753251 -0.39651391
vn 0.89865327 0.24370618 -0.36473227
vn 0.89867026 0.18753251 -0.39651391
vn 0.89866555 0.20677105 -0.38684100
vn 0.89865327 0.24370618 -0.36473227
vn 0.89866555 0.20677105 -0.38684100
vn 0.89866841 0.22551259 -0.37621689
vn 0.89865327 0.24370618 -0.36473227
vn 0.89865327 0.24370618 -0.36473227
vn 0.89865798 0.26130453 -0.35232630
vn 0.89867389 0.27825648 -0.33905548
vn 0.89867389 0.27825648 -0.33905548
vn 0.89864719 0.29459420 -0.32503468
vn 0.89864755 0.31018665 -0.31018835
vn 0.89864755 0.31018665 -0.31018835
vn 0.89866424 0.32500657 -0.29457319
vn 0.89865649 0.36472815 -0.24370015
vn 0.89866424 0.32500657 -0.29457319
vn 0.89866757 0.33905599 -0.27827612
vn 0.89865649 0.36472815 -0.24370015
vn 0.89866757 0.33905599 -0.27827612
vn 0.89864260 0.35236713 -0.26130241
vn 0.89865649 0.36472815 -0.24370015
vn 0.89865649 0.36472815 -0.24370015
vn 0.89865345 0.37624839 -0.22551964
vn 0.89865899 0.38684830 -0.20678566
vn 0.89865899 0.38684830 -0.20678566
vn 0.89865661 0.39653844 -0.18754624
vn 0.89865649 0.36472815 -0.24370015
vn 0.89865661 0.39653844 -0.18754624
vn 0.89865196 0.40527073 -0.16786982
vn 0.89865649 0.36472815 -0.24370015
vn 0.89865196 0.40527073 -0.16786982
vn 0.89866495 0.41299236 -0.14777891
vn 0.89865667 0.43022397 -0.08557689
vn 0.89866495 0.41299236 -0.14777891
vn 0.89866048 0.41975677 -0.12733205
vn 0.89865667 0.43022397 -0.08557689
vn 0.89866048 0.41975677 -0.12733205
vn 0.89864147 0.42553955 -0.10658173
vn 0.89865667 0.43022397 -0.08557689
vn 0.89865667 0.43022397 -0.08557689
vn 0.89866126 0.43389553 -0.06436254
vn 0.89865494 0.43654400 -0.04299550
vn 0.89865494 0.43654400 -0.04299550
vn 0.89866996 0.43809706 -0.02152389
vn 0.89865440 0.43865731 -0.00000050
vn 0.89865440 0.43865731 -0.00000050
vn 0.89867204 0.43809271 0.02152395
vn 0.89865506 0.43654391 0.04299512
vn 0.89865506 0.43654391 0.04299512
vn 0.89865637 0.43390536 0.06436453
vn 0.89865643 0.43022472 0.08557667
vn 0.89865643 0.43022472 0.08557667
vn 0.89864111 0.42553994 0.10658302
vn 0.89865696 0.41976419 0.12733322
vn 0.89865696 0.41976419 0.12733322
vn 0.89866495 0.41299227 0.14777957
vn 0.89865643 0.43022472 0.08557667
vn 0.89866495 0.41299227 0.14777957
vn 0.89865530 0.40526423 0.16786754
vn 0.89865643 0.43022472 0.08557667
vn 0.89865530 0.40526423 0.16786754
vn 0.89866972 0.39651144 0.18754035
vn 0.89865071 0.36473840 0.24370624
vn 0.89866972 0.39651144 0.18754035
vn 0.89866650 0.38683355 0.20678067
vn 0.89865071 0.36473840 0.24370624
vn 0.89866650 0.38683355 0.20678067
vn 0.89865619 0.37624443 0.22551548
vn 0.89865071 0.36473840 0.24370624
vn 0.89865071 0.36473840 0.24370624
vn 0.89864695 0.35235995 0.26129678
vn 0.89866072 0.33906698 0.27828482
vn 0.89866072 0.33906698 0.27828482
vn 0.89865202 0.32502511 0.29459000
vn 0.89865071 0.36473840 0.24370624
vn 0.89865202 0.32502511 0.29459000
vn 0.89864796 0.31018600 0.31018782
vn 0.89865071 0.36473840 0.24370624
vn 0.89864796 0.31018600 0.31018782
vn 0.89865541 0.29458293 0.32502207
vn 0.89866740 0.27826485 0.33906567
vn 0.89866740 0.27826485 0.33906567
vn 0.89865822 0.26130161 0.35232779
vn 0.89866304 0.24369863 0.36471304
vn 0.89866304 0.24369863 0.36471304
vn 0.89863282 0.22554864 0.37628034
vn 0.89866889 0.20676406 0.38683704
vn 0.89866889 0.20676406 0.38683704
vn 0.89862055 0.18758051 0.39660391
vn 0.89865470 0.16786742 0.40526575
vn 0.89865470 0.16786742 0.40526575
vn 0.89863926 0.14779659 0.41304204
vn 0.89866513 0.12732789 0.41974828
vn 0.89866513 0.12732789 0.41974828
vn 0.89864576 0.10658024 0.42553070
vn 0.89865625 0.08557811 0.43022463
vn 0.89865625 0.08557811 0.43022463
vn 0.89865971 0.06436300 0.43389863
vn 0.89865428 0.04299909 0.43654492
vn 0.89865428 0.04299909 0.43654492
vn 0.89865702 0.02152207 0.43812370
vn 0.89863753 0.00000000 0.43869185
vn 0.89863753 0.00000000 0.43869185
vn 0.89865702 -0.02152085 0.43812370
vn 0.89865440 -0.04299849 0.43654498
vn 0.89865440 -0.04299849 0.43654498
vn 0.89865971 -0.06436300 0.43389863
vn 0.89865631 -0.08557808 0.43022460
vn 0.89865631 -0.08557808 0.43022460
vn 0.89864576 -0.10658024 0.42553070
vn 0.89866507 -0.12732865 0.41974825
vn 0.89866507 -0.12732865 0.41974825
vn 0.89863926 -0.14779659 0.41304204
vn 0.89865470 -0.16786747 0.40526569
vn 0.89865470 -0.16786747 0.40526569
vn 0.89862055 -0.18758051 0.39660391
vn 0.89866889 -0.20676406 0.38683704
vn 0.89866889 -0.20676406 0.38683704
vn 0.89863282 -0.22554862 0.37628034
vn 0.89866304 -0.24369863 0.36471301
vn 0.89866304 -0.24369863 0.36471301
vn 0.89865822 -0.26130161 0.35232779
vn 0.89866740 -0.27826485 0.33906567
vn 0.89866740 -0.27826485 0.33906567
vn 0.89865541 -0.29458293 0.32502207
vn 0.89864790 -0.31018615 0.31018779
vn 0.89864790 -0.31018615 0.31018779
vn 0.89865202 -0.32502514 0.29458997
vn 0.89865071 -0.36473852 0.24370624
vn 0.89865202 -0.32502514 0.29458997
vn 0.89866072 -0.33906698 0.27828482
vn 0.89865071 -0.36473852 0.24370624
vn 0.89866072 -0.33906698 0.27828482
vn 0.89864695 -0.35235992 0.26129681
vn 0.89865071 -0.36473852 0.24370624
vn 0.89865071 -0.36473852 0.24370624
vn 0.89865619 -0.37624443 0.22551550
vn 0.89866650 -0.38683355 0.20678069
vn 0.89866650 -0.38683355 0.20678069
vn 0.89866513 -0.39652231 0.18753943
vn 0.89865071 -0.36473852 0.24370624
vn 0.89866513 -0.39652231 0.18753943
vn 0.89865512 -0.40526462 0.16786753
vn 0.89865071 -0.36473852 0.24370624
vn 0.89865512 -0.40526462 0.16786753
vn 0.89866489 -0.41299218 0.14777954
vn 0.89865643 -0.43022472 0.08557667
vn 0.89866489 -0.41299218 0.14777954
vn 0.89865696 -0.41976419 0.12733322
vn 0.89865643 -0.43022472 0.08557667
vn 0.89865696 -0.41976419 0.12733322
vn 0.89864111 -0.42553994 0.10658304
vn 0.89865643 -0.43022472 0.08557667
vn 0.89865643 -0.43022472 0.08557667
vn 0.89865637 -0.43390536 0.06436453
vn 0.89865255 -0.43654895 0.04299500
vn 0.89865255 -0.43654895 0.04299500
vn 0.89867210 -0.43809271 0.02152395
vn 0.89865434 -0.43865749 -0.00000050
vn 0.89865434 -0.43865749 -0.00000050
vn 0.89865494 -0.43654403 -0.04299550
vn 0.89865214 -0.40527046 -0.16786984
vn 0.89865494 -0.43654403 -0.04299550
vn 0.89865667 -0.43022397 -0.08557689
vn 0.89865214 -0.40527046 -0.16786984
vn 0.89864761 -0.31018651 -0.31018838
vn 0.89867383 -0.27825639 -0.33905551
vn 0.89864582 -0.16787677 -0.40528145
vn 0.89867383 -0.27825639 -0.33905551
vn 0.89865398 -0.24370319 -0.36473256
vn 0.89864582 -0.16787677 -0.40528145
vn 0.89863616 -0.08558520 -0.43026537
vn 0.89866459 -0.04299754 -0.43652391
vn 0.89866704 -0.00000004 -0.43863142
vn 0.89866704 -0.00000004 -0.43863142
vn 0.89866465 0.04299694 -0.43652394
vn 0.89863616 0.08558486 -0.43026537
vn 0.89865327 0.24370618 -0.36473227
vn 0.89867389 0.27825648 -0.33905548
vn 0.89864588 0.16787682 -0.40528145
vn 0.89867389 0.27825648 -0.33905548
vn 0.89864755 0.31018665 -0.31018835
vn 0.89864588 0.16787682 -0.40528145
vn 0.89865667 0.43022397 -0.08557689
vn 0.89865494 0.43654400 -0.04299550
vn 0.89865196 0.40527073 -0.16786982
vn 0.89865494 0.43654400 -0.04299550
vn 0.89865440 0.43865731 -0.00000050
vn 0.89865196 0.40527073 -0.16786982
vn 0.89865440 0.43865731 -0.00000050
vn 0.89865506 0.43654391 0.04299512
vn 0.89865530 0.40526423 0.16786754
vn 0.89865506 0.43654391 0.04299512
vn 0.89865643 0.43022472 0.08557667
vn 0.89865530 0.40526423 0.16786754
vn 0.89864796 0.31018600 0.31018782
vn 0.89866740 0.27826485 0.33906567
vn 0.89866304 0.24369863 0.36471304
vn 0.89866304 0.24369863 0.36471304
vn 0.89866889 0.20676406 0.38683704
vn 0.89865470 0.16786742 0.40526575
vn 0.89865470 0.16786742 0.40526575
vn 0.89866513 0.12732789 0.41974828
vn 0.89863753 0.00000000 0.43869185
vn 0.89866513 0.12732789 0.41974828
vn 0.89865625 0.08557811 0.43022463
vn 0.89863753 0.00000000 0.43869185
vn 0.89865625 0.08557811 0.43022463
vn 0.89865428 0.04299909 0.43654492
vn 0.89863753 0.00000000 0.43869185
vn 0.89863753 0.00000000 0.43869185
vn 0.89865440 -0.04299849 0.43654498
vn 0.89865631 -0.08557808 0.43022460
vn 0.89865631 -0.08557808 0.43022460
vn 0.89866507 -0.12732865 0.41974825
vn 0.89863753 0.00000000 0.43869185
vn 0.89866507 -0.12732865 0.41974825
vn 0.89865470 -0.16786747 0.40526569
vn 0.89863753 0.00000000 0.43869185
vn 0.89865470 -0.16786747 0.40526569
vn 0.89866889 -0.20676406 0.38683704
vn 0.89866304 -0.24369863 0.36471301
vn 0.89866304 -0.24369863 0.36471301
vn 0.89866740 -0.27826485 0.33906567
vn 0.89864790 -0.31018615 0.31018779
vn 0.89865643 -0.43022472 0.08557667
vn 0.89865255 -0.43654895 0.04299500
vn 0.89865512 -0.40526462 0.16786753
vn 0.89865255 -0.43654895 0.04299500
vn 0.89865434 -0.43865749 -0.00000050
vn 0.89865512 -0.40526462 0.16786753
vn 0.89865214 -0.40527046 -0.16786984
vn 0.89865649 -0.36472806 -0.24370015
vn 0.89864761 -0.31018651 -0.31018838
vn 0.89864582 -0.16787677 -0.40528145
vn 0.89863616 -0.08558520 -0.43026537
vn 0.89864761 -0.31018651 -0.31018838
vn 0.89863616 -0.08558520 -0.43026537
vn 0.89866704 -0.00000004 -0.43863142
vn 0.89864761 -0.31018651 -0.31018838
vn 0.89866704 -0.00000004 -0.43863142
vn 0.89863616 0.08558486 -0.43026537
vn 0.89864755 0.31018665 -0.31018835
vn 0.89863616 0.08558486 -0.43026537
vn 0.89864588 0.16787682 -0.40528145
vn 0.89864755 0.31018665 -0.31018835
vn 0.89864755 0.31018665 -0.31018835
vn 0.89865649 0.36472815 -0.24370015
vn 0.89865196 0.40527073 -0.16786982
vn 0.89865530 0.40526423 0.16786754
vn 0.89865071 0.36473840 0.24370624
vn 0.89864796 0.31018600 0.31018782
vn 0.89864796 0.31018600 0.31018782
vn 0.89866304 0.24369863 0.36471304
vn 0.89863753 0.00000000 0.43869185
vn 0.89866304 0.24369863 0.36471304
vn 0.89865470 0.16786742 0.40526575
vn 0.89863753 0.00000000 0.43869185
vn 0.89865470 -0.16786747 0.40526569
vn 0.89866304 -0.24369863 0.36471301
vn 0.89863753 0.00000000 0.43869185
vn 0.89866304 -0.24369863 0.36471301
vn 0.89864790 -0.31018615 0.31018779
vn 0.89863753 0.00000000 0.43869185
vn 0.89864790 -0.31018615 0.31018779
vn 0.89865071 -0.36473852 0.24370624
vn 0.89865512 -0.40526462 0.16786753
vn 0.89865434 -0.43865749 -0.00000050
vn 0.89865214 -0.40527046 -0.16786984
vn 0.89866704 -0.00000004 -0.43863142
vn 0.89865214 -0.40527046 -0.16786984
vn 0.89864761 -0.31018651 -0.31018838
vn 0.89866704 -0.00000004 -0.43863142
vn 0.89864755 0.31018665 -0.31018835
vn 0.89865196 0.40527073 -0.16786982
vn 0.89866704 -0.00000004 -0.43863142
vn 0.89865196 0.40527073 -0.16786982
vn 0.89865440 0.43865731 -0.00000050
vn 0.89866704 -0.00000004 -0.43863142
vn 0.89865440 0.43865731 -0.00000050
vn 0.89865530 0.40526423 0.16786754
vn 0.89863753 0.00000000 0.43869185
vn 0.89865530 0.40526423 0.16786754
vn 0.89864796 0.31018600 0.31018782
vn 0.89863753 0.00000000 0.43869185
vn 0.89864790 -0.31018615 0.31018779
vn 0.89865512 -0.40526462 0.16786753
vn 0.89863753 0.00000000 0.43869185
vn 0.89865512 -0.40526462 0.16786753
vn 0.89865434 -0.43865749 -0.00000050
vn 0.89863753 0.00000000 0.43869185
vn 0.89865434 -0.43865749 -0.00000050
vn 0.89866704 -0.00000004 -0.43863142
vn 0.89863753 0.00000000 0.43869185
vn -1.00000000 -0.00000065 0.00000000
vn -1.00000000 -0.00000038 0.00000000
vn -1.00000000 -0.00000103 0.00000000
vn -1.00000000 -0.00000038 0.00000000
vn -1.00000000 -0.00002428 0.00000000
vn -1.00000000 -0.00000103 0.00000000
vn -1.00000000 -0.00002428 0.00000000
vn -1.00000000 -0.00000373 0.00000000
vn -1.00000000 -0.00000103 0.00000000
vn -1.00000000 -0.00000103 0.00000000
vn -1.00000000 0.00000400 0.00000000
vn -1.00000000 -0.00000781 0.00000000
vn -1.00000000 -0.00000781 0.00000000
vn -1.00000000 0.00003170 0.00000000
vn -1.00000000 0.00000145 0.00000000
vn -1.00000000 0.00000145 0.00000000
vn -1.00000000 0.00000000 0.00000000
vn -1.00000000 -0.00000280 0.00000000
vn -1.00000000 -0.00000280 0.00000000
vn -1.00000000 0.00000000 0.00000000
vn -1.00000000 0.00000145 0.00000000
vn -1.00000000 0.00000000 0.00000000
vn -1.00000000 -0.00000171 0.00000000
vn -1.00000000 0.00000145 0.00000000
vn -1.00000000 -0.00000171 0.00000000
vn -1.00000000 0.00003863 0.00000000
vn -1.00000000 -0.00000497 0.00000000
vn -1.00000000 -0.00000497 0.00000000
vn -1.00000000 -0.00000433 0.00000000
vn -1.00000000 -0.00000171 0.00000000
vn -1.00000000 -0.00000433 0.00000000
vn -1.00000000 0.00000320 0.00000000
vn -1.00000000 -0.00000171 0.00000000
vn -1.00000000 0.00000320 0.00000000
vn -1.00000000 -0.00000047 0.00000000
vn -1.00000000 0.00000014 0.00000000
vn -1.00000000 0.00000014 0.00000000
vn -1.00000000 0.00001849 0.00000000
vn -1.00000000 0.00000029 0.00000000
vn -1.00000000 0.00000029 0.00000000
vn -1.00000000 0.00001801 0.00000000
vn -1.00000000 0.00000216 0.00000000
vn -1.00000000 0.00000216 0.00000000
vn -1.00000000 -0.00001774 0.00000000
vn -1.00000000 0.00000082 0.00000000
vn -1.00000000 0.00000082 0.00000000
vn -1.00000000 -0.00001788 0.00000000
vn -1.00000000 -0.00000122 0.00000000
vn -1.00000000 -0.00000122 0.00000000
vn -1.00000000 0.00000000 0.00000000
vn -1.00000000 0.00000082 0.00000000
vn -1.00000000 0.00000000 0.00000000
vn -1.00000000 0.00000094 0.00000000
vn -1.00000000 0.00000082 0.00000000
vn -1.00000000 0.00000094 0.00000000
vn -1.00000000 0.00000451 0.00000000
vn -1.00000000 -0.00000003 0.00000000
vn -1.00000000 -0.00000003 0.00000000
vn -1.00000000 -0.00000323 0.00000000
vn -1.00000000 0.00000094 0.00000000
vn -1.00000000 -0.00000323 0.00000000
vn -1.00000000 0.00000089 0.00000000
vn -1.00000000 0.00000094 0.00000000
vn -1.00000000 0.00000089 0.00000000
vn -1.00000000 0.00000000 0.00000000
vn -1.00000000 -0.00000097 0.00000000
vn -1.00000000 -0.00000097 0.00000000
vn -1.00000000 0.00000027 0.00000000
vn -1.00000000 0.00000089 0.00000000
vn -1.00000000 0.00000027 0.00000000
vn -1.00000000 0.00000007 0.00000000
vn -1.00000000 0.00000089 0.00000000
vn -1.00000000 0.00000007 0.00000000
vn -1.00000000 0.00000000 0.00000000
vn -1.00000000 -0.00000093 0.00000000
vn -1.00000000 -0.00000093 0.00000000
vn -1.00000000 0.00000000 0.00000000
vn -1.00000000 0.00000007 0.00000000
vn -1.00000000 0.00000000 0.00000000
vn -1.00000000 0.00000122 0.00000000
vn -1.00000000 0.00000007 0.00000000
vn -1.00000000 0.00000122 0.00000000
vn -1.00000000 0.00001788 0.00000000
vn -1.00000000 -0.00000095 0.00000000
vn -1.00000000 -0.00000095 0.00000000
vn -1.00000000 0.00001774 0.00000000
vn -1.00000000 -0.00000216 0.00000000
vn -1.00000000 -0.00000216 0.00000000
vn -1.00000000 -0.00001801 0.00000000
vn -1.00000000 -0.00000029 0.00000000
vn -1.00000000 -0.00000029 0.00000000
vn -1.00000000 -0.00001849 0.00000000
vn -1.00000000 -0.00000014 0.00000000
vn -1.00000000 -0.00000014 0.00000000
vn -1.00000000 0.00000047 0.00000000
vn -1.00000000 -0.00000345 0.00000000
vn -1.00000000 -0.00000345 0.00000000
vn -1.00000000 -0.00003169 0.00000000
vn -1.00000000 0.00000488 0.00000000
vn -1.00000000 0.00000488 0.00000000
vn -1.00000000 -0.00003863 0.00000000
vn -1.00000000 0.00002555 0.00000000
vn -1.00000000 0.00002555 0.00000000
vn -1.00000000 0.00000038 0.00000000
vn -1.00000000 0.00000488 0.00000000
vn -1.00000000 0.00000038 0.00000000
vn -1.00000000 0.00000294 0.00000000
vn -1.00000000 0.00000488 0.00000000
vn -1.00000000 0.00000294 0.00000000
vn -1.00000000 -0.00000000 0.00000000
vn -1.00000000 0.00000766 0.00000000
vn -1.00000000 0.00000766 0.00000000
vn -1.00000000 -0.00003170 0.00000000
vn -1.00000000 0.00000218 0.00000000
vn -1.00000000 0.00000218 0.00000000
vn -1.00000000 -0.00000400 0.00000000
vn -1.00000000 0.00000084 0.00000000
vn -1.00000000 0.00000084 0.00000000
vn -1.00000000 0.00000373 0.00000000
vn -1.00000000 0.00000218 0.00000000
vn -1.00000000 0.00000373 0.00000000
vn -1.00000000 0.00000058 0.00000000
vn -1.00000000 0.00000218 0.00000000
vn -1.00000000 0.00000058 0.00000000
vn -1.00000000 0.00000000 0.00000000
vn -1.00000000 0.00000050 0.00000000
vn -1.00000000 0.00000050 0.00000000
vn -1.00000000 0.00002485 0.00000000
vn -1.00000000 0.00000058 0.00000000
vn -1.00000000 0.00002485 0.00000000
vn -1.00000000 -0.00000351 0.00000000
vn -1.00000000 0.00000058 0.00000000
vn -1.00000000 -0.00000351 0.00000000
vn -1.00000000 -0.00000000 0.00000000
vn -1.00000000 0.00005001 0.00000000
vn -1.00000000 0.00005001 0.00000000
vn -1.00000000 -0.00001859 0.00000000
vn -1.00000000 -0.00000351 0.00000000
vn -1.00000000 -0.00001859 0.00000000
vn -1.00000000 -0.00000165 0.00000000
vn -1.00000000 -0.00000351 0.00000000
vn -1.00000000 -0.00000165 0.00000000
vn -1.00000000 0.00000000 0.00000000
vn -1.00000000 0.00000251 0.00000000
vn -1.00000000 0.00000251 0.00000000
vn -1.00000000 -0.00003602 0.00000000
vn -1.00000000 -0.00000074 0.00000000
vn -1.00000000 -0.00000074 0.00000000
vn -1.00000000 -0.00003862 0.00000000
vn -1.00000000 0.00000404 0.00000000
vn -1.00000000 0.00000404 0.00000000
vn -1.00000000 0.00000526 0.00000000
vn -1.00000000 -0.00000074 0.00000000
vn -1.00000000 0.00000526 0.00000000
vn -1.00000000 -0.00000284 0.00000000
vn -1.00000000 -0.00000074 0.00000000
vn -1.00000000 -0.00000284 0.00000000
vn -1.00000000 0.00000047 0.00000000
vn -1.00000000 0.00000000 0.00000000
vn -1.00000000 0.00000000 0.00000000
vn -1.00000000 0.00001184 0.00000000
vn -1.00000000 -0.00000284 0.00000000
vn -1.00000000 0.00001184 0.00000000
vn -1.00000000 -0.00000094 0.00000000
vn -1.00000000 -0.00000284 0.00000000
vn -1.00000000 -0.00000094 0.00000000
vn -1.00000000 -0.00001800 0.00000000
vn -1.00000000 -0.00000216 0.00000000
vn -1.00000000 -0.00000216 0.00000000
vn -1.00000000 0.00001773 0.00000000
vn -1.00000000 0.00000123 0.00000000
vn -1.00000000 0.00000123 0.00000000
vn -1.00000000 0.00001721 0.00000000
vn -1.00000000 0.00000115 0.00000000
vn -1.00000000 0.00000115 0.00000000
vn -1.00000000 -0.00000900 0.00000000
vn -1.00000000 -0.00000102 0.00000000
vn -1.00000000 -0.00000102 0.00000000
vn -1.00000000 -0.00000450 0.00000000
vn -1.00000000 0.00000003 0.00000000
vn -1.00000000 0.00000003 0.00000000
vn -1.00000000 0.00000269 0.00000000
vn -1.00000000 -0.00000102 0.00000000
vn -1.00000000 0.00000269 0.00000000
vn -1.00000000 -0.00000005 0.00000000
vn -1.00000000 -0.00000102 0.00000000
vn -1.00000000 -0.00000005 0.00000000
vn -1.00000000 0.00000000 0.00000000
vn -1.00000000 0.00000011 0.00000000
vn -1.00000000 0.00000011 0.00000000
vn -1.00000000 0.00000027 0.00000000
vn -1.00000000 -0.00000005 0.00000000
vn -1.00000000 0.00000027 0.00000000
vn -1.00000000 -0.00000007 0.00000000
vn -1.00000000 -0.00000005 0.00000000
vn -1.00000000 -0.00000007 0.00000000
vn -1.00000000 0.00000000 0.00000000
vn -1.00000000 -0.00000141 0.00000000
vn -1.00000000 0.00000000 0.00000000
vn -1.00000000 0.00000100 0.00000000
vn -1.00000000 -0.00000141 0.00000000
vn -1.00000000 0.00000100 0.00000000
vn -1.00000000 0.00000900 0.00000000
vn -1.00000000 -0.00000141 0.00000000
vn -1.00000000 -0.00000141 0.00000000
vn -1.00000000 -0.00001721 0.00000000
vn -1.00000000 -0.00000112 0.00000000
vn -1.00000000 -0.00000112 0.00000000
vn -1.00000000 -0.00001773 0.00000000
vn -1.00000000 0.00000509 0.00000000
vn -1.00000000 0.00000509 0.00000000
vn -1.00000000 0.00001800 0.00000000
vn -1.00000000 0.00000014 0.00000000
vn -1.00000000 0.00000014 0.00000000
vn -1.00000000 0.00000000 0.00000000
vn -1.00000000 0.00000509 0.00000000
vn -1.00000000 0.00000000 0.00000000
vn -1.00000000 0.00000022 0.00000000
vn -1.00000000 0.00000509 0.00000000
vn -1.00000000 0.00000022 0.00000000
vn -1.00000000 -0.00000047 0.00000000
vn -1.00000000 0.00002702 0.00000000
vn -1.00000000 0.00002702 0.00000000
vn -1.00000000 -0.00000488 0.00000000
vn -1.00000000 0.00000022 0.00000000
vn -1.00000000 -0.00000488 0.00000000
vn -1.00000000 -0.00000988 0.00000000
vn -1.00000000 0.00000022 0.00000000
vn -1.00000000 -0.00000988 0.00000000
vn -1.00000000 0.00003862 0.00000000
vn -1.00000000 0.00000416 0.00000000
vn -1.00000000 0.00000416 0.00000000
vn -1.00000000 0.00003602 0.00000000
vn -1.00000000 -0.00000251 0.00000000
vn -1.00000000 -0.00000251 0.00000000
vn -1.00000000 -0.00000000 0.00000000
vn -1.00000000 -0.00000456 0.00000000
vn -1.00000000 -0.00000456 0.00000000
vn -1.00000000 0.00003170 0.00000000
vn -1.00000000 -0.00000204 0.00000000
vn -1.00000000 -0.00000204 0.00000000
vn -1.00000000 0.00000000 0.00000000
vn -1.00000000 0.00000211 0.00000000
vn -1.00000000 0.00000211 0.00000000
vn -1.00000000 -0.00000117 0.00000000
vn -1.00000000 -0.00000204 0.00000000
vn -1.00000000 -0.00000117 0.00000000
vn -1.00000000 -0.00000065 0.00000000
vn -1.00000000 -0.00000204 0.00000000
vn -1.00000000 -0.00000103 0.00000000
vn -1.00000000 -0.00000781 0.00000000
vn -1.00000000 -0.00000065 0.00000000
vn -1.00000000 -0.00000781 0.00000000
vn -1.00000000 0.00000145 0.00000000
vn -1.00000000 -0.00000065 0.00000000
vn -1.00000000 0.00000320 0.00000000
vn -1.00000000 0.00000014 0.00000000
vn -1.00000000 0.00000082 0.00000000
vn -1.00000000 0.00000014 0.00000000
vn -1.00000000 0.00000029 0.00000000
vn -1.00000000 0.00000082 0.00000000
vn -1.00000000 0.00000029 0.00000000
vn -1.00000000 0.00000216 0.00000000
vn -1.00000000 0.00000082 0.00000000
vn -1.00000000 0.00000122 0.00000000
vn -1.00000000 -0.00000095 0.00000000
vn -1.00000000 -0.00000014 0.00000000
vn -1.00000000 -0.00000095 0.00000000
vn -1.00000000 -0.00000216 0.00000000
vn -1.00000000 -0.00000014 0.00000000
vn -1.00000000 -0.00000216 0.00000000
vn -1.00000000 -0.00000029 0.00000000
vn -1.00000000 -0.00000014 0.00000000
vn -1.00000000 -0.00000014 0.00000000
vn -1.00000000 -0.00000345 0.00000000
vn -1.00000000 0.00000294 0.00000000
vn -1.00000000 -0.00000345 0.00000000
vn -1.00000000 0.00000488 0.00000000
vn -1.00000000 0.00000294 0.00000000
vn -1.00000000 0.00000294 0.00000000
vn -1.00000000 0.00000766 0.00000000
vn -1.00000000 0.00000218 0.00000000
vn -1.00000000 -0.00000165 0.00000000
vn -1.00000000 0.00000251 0.00000000
vn -1.00000000 -0.00000074 0.00000000
vn -1.00000000 -0.00000094 0.00000000
vn -1.00000000 -0.00000216 0.00000000
vn -1.00000000 0.00000123 0.00000000
vn -1.00000000 0.00000123 0.00000000
vn -1.00000000 0.00000115 0.00000000
vn -1.00000000 -0.00000005 0.00000000
vn -1.00000000 0.00000115 0.00000000
vn -1.00000000 -0.00000102 0.00000000
vn -1.00000000 -0.00000005 0.00000000
vn -1.00000000 -0.00000141 0.00000000
vn -1.00000000 -0.00000112 0.00000000
vn -1.00000000 0.00000022 0.00000000
vn -1.00000000 -0.00000112 0.00000000
vn -1.00000000 0.00000509 0.00000000
vn -1.00000000 0.00000022 0.00000000
vn -1.00000000 -0.00000988 0.00000000
vn -1.00000000 0.00000416 0.00000000
vn -1.00000000 0.00000022 0.00000000
vn -1.00000000 0.00000416 0.00000000
vn -1.00000000 -0.00000251 0.00000000
vn -1.00000000 0.00000022 0.00000000
vn -1.00000000 -0.00000251 0.00000000
vn -1.00000000 -0.00000456 0.00000000
vn -1.00000000 -0.00000065 0.00000000
vn -1.00000000 -0.00000456 0.00000000
vn -1.00000000 -0.00000204 0.00000000
vn -1.00000000 -0.00000065 0.00000000
vn -1.00000000 0.00000145 0.00000000
vn -1.00000000 -0.00000171 0.00000000
vn -1.00000000 0.00000320 0.00000000
vn -1.00000000 0.00000082 0.00000000
vn -1.00000000 0.00000094 0.00000000
vn -1.00000000 0.00000089 0.00000000
vn -1.00000000 0.00000089 0.00000000
vn -1.00000000 0.00000007 0.00000000
vn -1.00000000 0.00000122 0.00000000
vn -1.00000000 0.00000294 0.00000000
vn -1.00000000 0.00000218 0.00000000
vn -1.00000000 -0.00000014 0.00000000
vn -1.00000000 0.00000218 0.00000000
vn -1.00000000 0.00000058 0.00000000
vn -1.00000000 -0.00000014 0.00000000
vn -1.00000000 0.00000058 0.00000000
vn -1.00000000 -0.00000351 0.00000000
vn -1.00000000 -0.00000165 0.00000000
vn -1.00000000 -0.00000165 0.00000000
vn -1.00000000 -0.00000074 0.00000000
vn -1.00000000 -0.00000284 0.00000000
vn -1.00000000 -0.00000284 0.00000000
vn -1.00000000 -0.00000094 0.00000000
vn -1.00000000 0.00000123 0.00000000
vn -1.00000000 -0.00000005 0.00000000
vn -1.00000000 -0.00000007 0.00000000
vn -1.00000000 -0.00000141 0.00000000
vn -1.00000000 -0.00000065 0.00000000
vn -1.00000000 0.00000145 0.00000000
vn -1.00000000 0.00000320 0.00000000
vn -1.00000000 0.00000320 0.00000000
vn -1.00000000 0.00000082 0.00000000
vn -1.00000000 0.00000089 0.00000000
vn -1.00000000 0.00000089 0.00000000
vn -1.00000000 0.00000122 0.00000000
vn -1.00000000 -0.00000014 0.00000000
vn -1.00000000 0.00000058 0.00000000
vn -1.00000000 -0.00000165 0.00000000
vn -1.00000000 -0.00000284 0.00000000
vn -1.00000000 -0.00000284 0.00000000
vn -1.00000000 0.00000123 0.00000000
vn -1.00000000 0.00000058 0.00000000
vn -1.00000000 0.00000123 0.00000000
vn -1.00000000 -0.00000005 0.00000000
vn -1.00000000 0.00000058 0.00000000
vn -1.00000000 -0.00000005 0.00000000
vn -1.00000000 -0.00000141 0.00000000
vn -1.00000000 0.00000022 0.00000000
vn -1.00000000 0.00000022 0.00000000
vn -1.00000000 -0.00000251 0.00000000
vn -1.00000000 -0.00000065 0.00000000
vn -1.00000000 -0.00000065 0.00000000
vn -1.00000000 0.00000320 0.00000000
vn -1.00000000 0.00000058 0.00000000
vn -1.00000000 0.00000320 0.00000000
vn -1.00000000 0.00000089 0.00000000
vn -1.00000000 0.00000058 0.00000000
vn -1.00000000 0.00000089 0.00000000
vn -1.00000000 -0.00000014 0.00000000
vn -1.00000000 0.00000058 0.00000000
vn -1.00000000 -0.00000005 0.00000000
vn -1.00000000 0.00000022 0.00000000
vn -1.00000000 0.00000058 0.00000000
f 514/3061/3061 641/3062/3062 513/3063/3063
f 515/3064/3064 642/3065/3065 514/3066/3066
f 516/3067/3067 643/3068/3068 515/3069/3069
f 516/3070/3070 645/3071/3071 644/3072/3072
f 518/3073/3073 645/3074/3074 517/3075/3075
f 519/3076/3076 646/3077/3077 518/3078/3078
f 520/3079/3079 647/3080/3080 519/3081/3081
f 521/3082/3082 648/3083/3083 520/3084/3084
f 522/3085/3085 649/3086/3086 521/3087/3087
f 523/3088/3088 650/3089/3089 522/3090/3090
f 523/3091/3091 652/3092/3092 651/3093/3093
f 524/3094/3094 653/3095/3095 652/3096/3096
f 525/3097/3097 654/3098/3098 653/3099/3099
f 526/3100/3100 655/3101/3101 654/3102/3102
f 528/3103/3103 655/3104/3104 527/3105/3105
f 528/3106/3106 657/3107/3107 656/3108/3108
f 529/3109/3109 658/3110/3110 657/3111/3111
f 530/3112/3112 659/3113/3113 658/3114/3114
f 532/3115/3115 659/3116/3116 531/3117/3117
f 533/3118/3118 660/3119/3119 532/3120/3120
f 534/3121/3121 661/3122/3122 533/3123/3123
f 535/3124/3124 662/3125/3125 534/3126/3126
f 535/3127/3127 664/3128/3128 663/3129/3129
f 536/3130/3130 665/3131/3131 664/3132/3132
f 537/3133/3133 666/3134/3134 665/3135/3135
f 538/3136/3136 667/3137/3137 666/3138/3138
f 539/3139/3139 668/3140/3140 667/3141/3141
f 540/3142/3142 669/3143/3143 668/3144/3144
f 541/3145/3145 670/3146/3146 669/3147/3147
f 543/3148/3148 670/3149/3149 542/3150/3150
f 544/3151/3151 671/3152/3152 543/3153/3153
f 544/3154/3154 673/3155/3155 672/3156/3156
f 546/3157/3157 673/3158/3158 545/3159/3159
f 546/3160/3160 675/3161/3161 674/3162/3162
f 547/3163/3163 676/3164/3164 675/3165/3165
f 549/3166/3166 676/3167/3167 548/3168/3168
f 550/3169/3169 677/3170/3170 549/3171/3171
f 551/3172/3172 678/3173/3173 550/3174/3174
f 552/3175/3175 679/3176/3176 551/3177/3177
f 553/3178/3178 680/3179/3179 552/3180/3180
f 554/3181/3181 681/3182/3182 553/3183/3183
f 555/3184/3184 682/3185/3185 554/3186/3186
f 555/3187/3187 684/3188/3188 683/3189/3189
f 556/3190/3190 685/3191/3191 684/3192/3192
f 557/3193/3193 686/3194/3194 685/3195/3195
f 558/3196/3196 687/3197/3197 686/3198/3198
f 560/3199/3199 687/3200/3200 559/3201/3201
f 561/3202/3202 688/3203/3203 560/3204/3204
f 562/3205/3205 689/3206/3206 561/3207/3207
f 562/3208/3208 691/3209/3209 690/3210/3210
f 564/3211/3211 691/3212/3212 563/3213/3213
f 565/3214/3214 692/3215/3215 564/3216/3216
f 566/3217/3217 693/3218/3218 565/3219/3219
f 567/3220/3220 694/3221/3221 566/3222/3222
f 567/3223/3223 696/3224/3224 695/3225/3225
f 568/3226/3226 697/3227/3227 696/3228/3228
f 569/3229/3229 698/3230/3230 697/3231/3231
f 570/3232/3232 699/3233/3233 698/3234/3234
f 571/3235/3235 700/3236/3236 699/3237/3237
f 572/3238/3238 701/3239/3239 700/3240/3240
f 574/3241/3241 701/3242/3242 573/3243/3243
f 574/3244/3244 703/3245/3245 702/3246/3246
f 575/3247/3247 704/3248/3248 703/3249/3249
f 576/3250/3250 705/3251/3251 704/3252/3252
f 577/3253/3253 706/3254/3254 705/3255/3255
f 578/3256/3256 707/3257/3257 706/3258/3258
f 580/3259/3259 707/3260/3260 579/3261/3261
f 581/3262/3262 708/3263/3263 580/3264/3264
f 582/3265/3265 709/3266/3266 581/3267/3267
f 583/3268/3268 710/3269/3269 582/3270/3270
f 584/3271/3271 711/3272/3272 583/3273/3273
f 585/3274/3274 712/3275/3275 584/3276/3276
f 586/3277/3277 713/3278/3278 585/3279/3279
f 587/3280/3280 714/3281/3281 586/3282/3282
f 588/3283/3283 715/3284/3284 587/3285/3285
f 588/3286/3286 717/3287/3287 716/3288/3288
f 589/3289/3289 718/3290/3290 717/3291/3291
f 590/3292/3292 719/3293/3293 718/3294/3294
f 592/3295/3295 719/3296/3296 591/3297/3297
f 592/3298/3298 721/3299/3299 720/3300/3300
f 593/3301/3301 722/3302/3302 721/3303/3303
f 594/3304/3304 723/3305/3305 722/3306/3306
f 596/3307/3307 723/3308/3308 595/3309/3309
f 596/3310/3310 725/3311/3311 724/3312/3312
f 598/3313/3313 725/3314/3314 597/3315/3315
f 599/3316/3316 726/3317/3317 598/3318/3318
f 600/3319/3319 727/3320/3320 599/3321/3321
f 600/3322/3322 729/3323/3323 728/3324/3324
f 601/3325/3325 730/3326/3326 729/3327/3327
f 603/3328/3328 730/3329/3329 602/3330/3330
f 603/3331/3331 732/3332/3332 731/3333/3333
f 604/3334/3334 733/3335/3335 732/3336/3336
f 605/3337/3337 734/3338/3338 733/3339/3339
f 607/3340/3340 734/3341/3341 606/3342/3342
f 608/3343/3343 735/3344/3344 607/3345/3345
f 608/3346/3346 737/3347/3347 736/3348/3348
f 610/3349/3349 737/3350/3350 609/3351/3351
f 610/3352/3352 739/3353/3353 738/3354/3354
f 611/3355/3355 740/3356/3356 739/3357/3357
f 613/3358/3358 740/3359/3359 612/3360/3360
f 614/3361/3361 741/3362/3362 613/3363/3363
f 615/3364/3364 742/3365/3365 614/3366/3366
f 615/3367/3367 744/3368/3368 743/3369/3369
f 617/3370/3370 744/3371/3371 616/3372/3372
f 618/3373/3373 745/3374/3374 617/3375/3375
f 618/3376/3376 747/3377/3377 746/3378/3378
f 619/3379/3379 748/3380/3380 747/3381/3381
f 620/3382/3382 749/3383/3383 748/3384/3384
f 622/3385/3385 749/3386/3386 621/3387/3387
f 622/3388/3388 751/3389/3389 750/3390/3390
f 624/3391/3391 751/3392/3392 623/3393/3393
f 625/3394/3394 752/3395/3395 624/3396/3396
f 626/3397/3397 753/3398/3398 625/3399/3399
f 626/3400/3400 755/3401/3401 754/3402/3402
f 628/3403/3403 755/3404/3404 627/3405/3405
f 629/3406/3406 756/3407/3407 628/3408/3408
f 630/3409/3409 757/3410/3410 629/3411/3411
f 630/3412/3412 759/3413/3413 758/3414/3414
f 631/3415/3415 760/3416/3416 759/3417/3417
f 632/3418/3418 761/3419/3419 760/3420/3420
f 633/3421/3421 762/3422/3422 761/3423/3423
f 634/3424/3424 763/3425/3425 762/3426/3426
f 635/3427/3427 764/3428/3428 763/3429/3429
f 636/3430/3430 765/3431/3431 764/3432/3432
f 637/3433/3433 766/3434/3434 765/3435/3435
f 638/3436/3436 767/3437/3437 766/3438/3438
f 640/3439/3439 767/3440/3440 639/3441/3441
f 513/3442/3442 768/3443/3443 640/3444/3444
f 642/3445/3445 769/3446/3446 641/3447/3447
f 642/3448/3448 771/3449/3449 770/3450/3450
f 643/3451/3451 772/3452/3452 771/3453/3453
f 644/3454/3454 773/3455/3455 772/3456/3456
f 645/3457/3457 774/3458/3458 773/3459/3459
f 647/3460/3460 774/3461/3461 646/3462/3462
f 648/3463/3463 775/3464/3464 647/3465/3465
f 649/3466/3466 776/3467/3467 648/3468/3468
f 649/3469/3469 778/3470/3470 777/3471/3471
f 650/3472/3472 779/3473/3473 778/3474/3474
f 652/3475/3475 779/3476/3476 651/3477/3477
f 653/3478/3478 780/3479/3479 652/3480/3480
f 654/3481/3481 781/3482/3482 653/3483/3483
f 654/3484/3484 783/3485/3485 782/3486/3486
f 655/3487/3487 784/3488/3488 783/3489/3489
f 656/3490/3490 785/3491/3491 784/3492/3492
f 658/3493/3493 785/3494/3494 657/3495/3495
f 658/3496/3496 787/3497/3497 786/3498/3498
f 659/3499/3499 788/3500/3500 787/3501/3501
f 660/3502/3502 789/3503/3503 788/3504/3504
f 661/3505/3505 790/3506/3506 789/3507/3507
f 663/3508/3508 790/3509/3509 662/3510/3510
f 664/3511/3511 791/3512/3512 663/3513/3513
f 665/3514/3514 792/3515/3515 664/3516/3516
f 665/3517/3517 794/3518/3518 793/3519/3519
f 666/3520/3520 795/3521/3521 794/3522/3522
f 668/3523/3523 795/3524/3524 667/3525/3525
f 669/3526/3526 796/3527/3527 668/3528/3528
f 670/3529/3529 797/3530/3530 669/3531/3531
f 671/3532/3532 798/3533/3533 670/3534/3534
f 671/3535/3535 800/3536/3536 799/3537/3537
f 673/3538/3538 800/3539/3539 672/3540/3540
f 673/3541/3541 802/3542/3542 801/3543/3543
f 675/3544/3544 802/3545/3545 674/3546/3546
f 675/3547/3547 804/3548/3548 803/3549/3549
f 676/3550/3550 805/3551/3551 804/3552/3552
f 677/3553/3553 806/3554/3554 805/3555/3555
f 678/3556/3556 807/3557/3557 806/3558/3558
f 680/3559/3559 807/3560/3560 679/3561/3561
f 681/3562/3562 808/3563/3563 680/3564/3564
f 681/3565/3565 810/3566/3566 809/3567/3567
f 682/3568/3568 811/3569/3569 810/3570/3570
f 683/3571/3571 812/3572/3572 811/3573/3573
f 685/3574/3574 812/3575/3575 684/3576/3576
f 686/3577/3577 813/3578/3578 685/3579/3579
f 687/3580/3580 814/3581/3581 686/3582/3582
f 688/3583/3583 815/3584/3584 687/3585/3585
f 688/3586/3586 817/3587/3587 816/3588/3588
f 690/3589/3589 817/3590/3590 689/3591/3591
f 691/3592/3592 818/3593/3593 690/3594/3594
f 692/3595/3595 819/3596/3596 691/3597/3597
f 692/3598/3598 821/3599/3599 820/3600/3600
f 693/3601/3601 822/3602/3602 821/3603/3603
f 694/3604/3604 823/3605/3605 822/3606/3606
f 696/3607/3607 823/3608/3608 695/3609/3609
f 697/3610/3610 824/3611/3611 696/3612/3612
f 697/3613/3613 826/3614/3614 825/3615/3615
f 698/3616/3616 827/3617/3617 826/3618/3618
f 699/3619/3619 828/3620/3620 827/3621/3621
f 701/3622/3622 828/3623/3623 700/3624/3624
f 702/3625/3625 829/3626/3626 701/3627/3627
f 703/3628/3628 830/3629/3629 702/3630/3630
f 704/3631/3631 831/3632/3632 703/3633/3633
f 704/3634/3634 833/3635/3635 832/3636/3636
f 706/3637/3637 833/3638/3638 705/3639/3639
f 707/3640/3640 834/3641/3641 706/3642/3642
f 708/3643/3643 835/3644/3644 707/3645/3645
f 708/3646/3646 837/3647/3647 836/3648/3648
f 709/3649/3649 838/3650/3650 837/3651/3651
f 710/3652/3652 839/3653/3653 838/3654/3654
f 712/3655/3655 839/3656/3656 711/3657/3657
f 713/3658/3658 840/3659/3659 712/3660/3660
f 714/3661/3661 841/3662/3662 713/3663/3663
f 714/3664/3664 843/3665/3665 842/3666/3666
f 715/3667/3667 844/3668/3668 843/3669/3669
f 717/3670/3670 844/3671/3671 716/3672/3672
f 718/3673/3673 845/3674/3674 717/3675/3675
f 718/3676/3676 847/3677/3677 846/3678/3678
f 719/3679/3679 848/3680/3680 847/3681/3681
f 721/3682/3682 848/3683/3683 720/3684/3684
f 722/3685/3685 849/3686/3686 721/3687/3687
f 722/3688/3688 851/3689/3689 850/3690/3690
f 723/3691/3691 852/3692/3692 851/3693/3693
f 724/3694/3694 853/3695/3695 852/3696/3696
f 725/3697/3697 854/3698/3698 853/3699/3699
f 726/3700/3700 855/3701/3701 854/3702/3702
f 728/3703/3703 855/3704/3704 727/3705/3705
f 729/3706/3706 856/3707/3707 728/3708/3708
f 729/3709/3709 858/3710/3710 857/3711/3711
f 730/3712/3712 859/3713/3713 858/3714/3714
f 732/3715/3715 859/3716/3716 731/3717/3717
f 733/3718/3718 860/3719/3719 732/3720/3720
f 734/3721/3721 861/3722/3722 733/3723/3723
f 735/3724/3724 862/3725/3725 734/3726/3726
f 735/3727/3727 864/3728/3728 863/3729/3729
f 736/3730/3730 865/3731/3731 864/3732/3732
f 738/3733/3733 865/3734/3734 737/3735/3735
f 739/3736/3736 866/3737/3737 738/3738/3738
f 739/3739/3739 868/3740/3740 867/3741/3741
f 740/3742/3742 869/3743/3743 868/3744/3744
f 741/3745/3745 870/3746/3746 869/3747/3747
f 742/3748/3748 871/3749/3749 870/3750/3750
f 744/3751/3751 871/3752/3752 743/3753/3753
f 745/3754/3754 872/3755/3755 744/3756/3756
f 745/3757/3757 874/3758/3758 873/3759/3759
f 746/3760/3760 875/3761/3761 874/3762/3762
f 748/3763/3763 875/3764/3764 747/3765/3765
f 749/3766/3766 876/3767/3767 748/3768/3768
f 750/3769/3769 877/3770/3770 749/3771/3771
f 751/3772/3772 878/3773/3773 750/3774/3774
f 752/3775/3775 879/3776/3776 751/3777/3777
f 752/3778/3778 881/3779/3779 880/3780/3780
f 753/3781/3781 882/3782/3782 881/3783/3783
f 755/3784/3784 882/3785/3785 754/3786/3786
f 756/3787/3787 883/3788/3788 755/3789/3789
f 756/3790/3790 885/3791/3791 884/3792/3792
f 757/3793/3793 886/3794/3794 885/3795/3795
f 759/3796/3796 886/3797/3797 758/3798/3798
f 760/3799/3799 887/3800/3800 759/3801/3801
f 760/3802/3802 889/3803/3803 888/3804/3804
f 761/3805/3805 890/3806/3806 889/3807/3807
f 762/3808/3808 891/3809/3809 890/3810/3810
f 764/3811/3811 891/3812/3812 763/3813/3813
f 765/3814/3814 892/3815/3815 764/3816/3816
f 766/3817/3817 893/3818/3818 765/3819/3819
f 766/3820/3820 895/3821/3821 894/3822/3822
f 767/3823/3823 896/3824/3824 895/3825/3825
f 768/3826/3826 769/3827/3827 896/3828/3828
f 769/3829/3829 898/3830/3830 897/3831/3831
f 770/3832/3832 899/3833/3833 898/3834/3834
f 772/3835/3835 899/3836/3836 771/3837/3837
f 773/3838/3838 900/3839/3839 772/3840/3840
f 774/3841/3841 901/3842/3842 773/3843/3843
f 775/3844/3844 902/3845/3845 774/3846/3846
f 775/3847/3847 904/3848/3848 903/3849/3849
f 776/3850/3850 905/3851/3851 904/3852/3852
f 778/3853/3853 905/3854/3854 777/3855/3855
f 779/3856/3856 906/3857/3857 778/3858/3858
f 779/3859/3859 908/3860/3860 907/3861/3861
f 780/3862/3862 909/3863/3863 908/3864/3864
f 782/3865/3865 909/3866/3866 781/3867/3867
f 783/3868/3868 910/3869/3869 782/3870/3870
f 783/3871/3871 912/3872/3872 911/3873/3873
f 785/3874/3874 912/3875/3875 784/3876/3876
f 786/3877/3877 913/3878/3878 785/3879/3879
f 786/3880/3880 915/3881/3881 914/3882/3882
f 787/3883/3883 916/3884/3884 915/3885/3885
f 788/3886/3886 917/3887/3887 916/3888/3888
f 789/3889/3889 918/3890/3890 917/3891/3891
f 790/3892/3892 919/3893/3893 918/3894/3894
f 791/3895/3895 920/3896/3896 919/3897/3897
f 792/3898/3898 921/3899/3899 920/3900/3900
f 794/3901/3901 921/3902/3902 793/3903/3903
f 795/3904/3904 922/3905/3905 794/3906/3906
f 795/3907/3907 924/3908/3908 923/3909/3909
f 796/3910/3910 925/3911/3911 924/3912/3912
f 797/3913/3913 926/3914/3914 925/3915/3915
f 799/3916/3916 926/3917/3917 798/3918/3918
f 799/3919/3919 928/3920/3920 927/3921/3921
f 801/3922/3922 928/3923/3923 800/3924/3924
f 801/3925/3925 930/3926/3926 929/3927/3927
f 803/3928/3928 930/3929/3929 802/3930/3930
f 803/3931/3931 932/3932/3932 931/3933/3933
f 805/3934/3934 932/3935/3935 804/3936/3936
f 806/3937/3937 933/3938/3938 805/3939/3939
f 807/3940/3940 934/3941/3941 806/3942/3942
f 807/3943/3943 936/3944/3944 935/3945/3945
f 808/3946/3946 937/3947/3947 936/3948/3948
f 810/3949/3949 937/3950/3950 809/3951/3951
f 811/3952/3952 938/3953/3953 810/3954/3954
f 812/3955/3955 939/3956/3956 811/3957/3957
f 813/3958/3958 940/3959/3959 812/3960/3960
f 814/3961/3961 941/3962/3962 813/3963/3963
f 815/3964/3964 942/3965/3965 814/3966/3966
f 816/3967/3967 943/3968/3968 815/3969/3969
f 816/3970/3970 945/3971/3971 944/3972/3972
f 817/3973/3973 946/3974/3974 945/3975/3975
f 819/3976/3976 946/3977/3977 818/3978/3978
f 819/3979/3979 948/3980/3980 947/3981/3981
f 820/3982/3982 949/3983/3983 948/3984/3984
f 822/3985/3985 949/3986/3986 821/3987/3987
f 823/3988/3988 950/3989/3989 822/3990/3990
f 823/3991/3991 952/3992/3992 951/3993/3993
f 824/3994/3994 953/3995/3995 952/3996/3996
f 826/3997/3997 953/3998/3998 825/3999/3999
f 827/4000/4000 954/4001/4001 826/4002/4002
f 827/4003/4003 956/4004/4004 955/4005/4005
f 828/4006/4006 957/4007/4007 956/4008/4008
f 829/4009/4009 958/4010/4010 957/4011/4011
f 830/4012/4012 959/4013/4013 958/4014/4014
f 832/4015/4015 959/4016/4016 831/4017/4017
f 833/4018/4018 960/4019/4019 832/4020/4020
f 833/4021/4021 962/4022/4022 961/4023/4023
f 834/4024/4024 963/4025/4025 962/4026/4026
f 835/4027/4027 964/4028/4028 963/4029/4029
f 836/4030/4030 965/4031/4031 964/4032/4032
f 838/4033/4033 965/4034/4034 837/4035/4035
f 839/4036/4036 966/4037/4037 838/4038/4038
f 839/4039/4039 968/4040/4040 967/4041/4041
f 840/4042/4042 969/4043/4043 968/4044/4044
f 842/4045/4045 969/4046/4046 841/4047/4047
f 843/4048/4048 970/4049/4049 842/4050/4050
f 843/4051/4051 972/4052/4052 971/4053/4053
f 844/4054/4054 973/4055/4055 972/4056/4056
f 846/4057/4057 973/4058/4058 845/4059/4059
f 846/4060/4060 975/4061/4061 974/4062/4062
f 847/4063/4063 976/4064/4064 975/4065/4065
f 849/4066/4066 976/4067/4067 848/4068/4068
f 850/4069/4069 977/4070/4070 849/4071/4071
f 851/4072/4072 978/4073/4073 850/4074/4074
f 851/4075/4075 980/4076/4076 979/4077/4077
f 852/4078/4078 981/4079/4079 980/4080/4080
f 854/4081/4081 981/4082/4082 853/4083/4083
f 854/4084/4084 983/4085/4085 982/4086/4086
f 855/4087/4087 984/4088/4088 983/4089/4089
f 856/4090/4090 985/4091/4091 984/4092/4092
f 858/4093/4093 985/4094/4094 857/4095/4095
f 859/4096/4096 986/4097/4097 858/4098/4098
f 859/4099/4099 988/4100/4100 987/4101/4101
f 860/4102/4102 989/4103/4103 988/4104/4104
f 861/4105/4105 990/4106/4106 989/4107/4107
f 863/4108/4108 990/4109/4109 862/4110/4110
f 863/4111/4111 992/4112/4112 991/4113/4113
f 864/4114/4114 993/4115/4115 992/4116/4116
f 866/4117/4117 993/4118/4118 865/4119/4119
f 867/4120/4120 994/4121/4121 866/4122/4122
f 867/4123/4123 996/4124/4124 995/4125/4125
f 869/4126/4126 996/4127/4127 868/4128/4128
f 870/4129/4129 997/4130/4130 869/4131/4131
f 871/4132/4132 998/4133/4133 870/4134/4134
f 871/4135/4135 1000/4136/4136 999/4137/4137
f 872/4138/4138 1001/4139/4139 1000/4140/4140
f 874/4141/4141 1001/4142/4142 873/4143/4143
f 875/4144/4144 1002/4145/4145 874/4146/4146
f 876/4147/4147 1003/4148/4148 875/4149/4149
f 876/4150/4150 1005/4151/4151 1004/4152/4152
f 878/4153/4153 1005/4154/4154 877/4155/4155
f 879/4156/4156 1006/4157/4157 878/4158/4158
f 879/4159/4159 1008/4160/4160 1007/4161/4161
f 880/4162/4162 1009/4163/4163 1008/4164/4164
f 881/4165/4165 1010/4166/4166 1009/4167/4167
f 883/4168/4168 1010/4169/4169 882/4170/4170
f 884/4171/4171 1011/4172/4172 883/4173/4173
f 884/4174/4174 1013/4175/4175 1012/4176/4176
f 886/4177/4177 1013/4178/4178 885/4179/4179
f 887/4180/4180 1014/4181/4181 886/4182/4182
f 887/4183/4183 1016/4184/4184 1015/4185/4185
f 888/4186/4186 1017/4187/4187 1016/4188/4188
f 890/4189/4189 1017/4190/4190 889/4191/4191
f 891/4192/4192 1018/4193/4193 890/4194/4194
f 891/4195/4195 1020/4196/4196 1019/4197/4197
f 892/4198/4198 1021/4199/4199 1020/4200/4200
f 894/4201/4201 1021/4202/4202 893/4203/4203
f 895/4204/4204 1022/4205/4205 894/4206/4206
f 896/4207/4207 1023/4208/4208 895/4209/4209
f 769/4210/4210 1024/4211/4211 896/4212/4212
f 609/4213/4213 577/4214/4214 545/4215/4215
f 1008/4216/4216 1024/4217/4217 960/4218/4218
f 514/4219/4219 642/4220/4220 641/4221/4221
f 515/4222/4222 643/4223/4223 642/4224/4224
f 516/4225/4225 644/4226/4226 643/4227/4227
f 516/4228/4228 517/4229/4229 645/4230/4230
f 518/4231/4231 646/4232/4232 645/4233/4233
f 519/4234/4234 647/4235/4235 646/4236/4236
f 520/4237/4237 648/4238/4238 647/4239/4239
f 521/4240/4240 649/4241/4241 648/4242/4242
f 522/4243/4243 650/4244/4244 649/4245/4245
f 523/4246/4246 651/4247/4247 650/4248/4248
f 523/4249/4249 524/4250/4250 652/4251/4251
f 524/4252/4252 525/4253/4253 653/4254/4254
f 525/4255/4255 526/4256/4256 654/4257/4257
f 526/4258/4258 527/4259/4259 655/4260/4260
f 528/4261/4261 656/4262/4262 655/4263/4263
f 528/4264/4264 529/4265/4265 657/4266/4266
f 529/4267/4267 530/4268/4268 658/4269/4269
f 530/4270/4270 531/4271/4271 659/4272/4272
f 532/4273/4273 660/4274/4274 659/4275/4275
f 533/4276/4276 661/4277/4277 660/4278/4278
f 534/4279/4279 662/4280/4280 661/4281/4281
f 535/4282/4282 663/4283/4283 662/4284/4284
f 535/4285/4285 536/4286/4286 664/4287/4287
f 536/4288/4288 537/4289/4289 665/4290/4290
f 537/4291/4291 538/4292/4292 666/4293/4293
f 538/4294/4294 539/4295/4295 667/4296/4296
f 539/4297/4297 540/4298/4298 668/4299/4299
f 540/4300/4300 541/4301/4301 669/4302/4302
f 541/4303/4303 542/4304/4304 670/4305/4305
f 543/4306/4306 671/4307/4307 670/4308/4308
f 544/4309/4309 672/4310/4310 671/4311/4311
f 544/4312/4312 545/4313/4313 673/4314/4314
f 546/4315/4315 674/4316/4316 673/4317/4317
f 546/4318/4318 547/4319/4319 675/4320/4320
f 547/4321/4321 548/4322/4322 676/4323/4323
f 549/4324/4324 677/4325/4325 676/4326/4326
f 550/4327/4327 678/4328/4328 677/4329/4329
f 551/4330/4330 679/4331/4331 678/4332/4332
f 552/4333/4333 680/4334/4334 679/4335/4335
f 553/4336/4336 681/4337/4337 680/4338/4338
f 554/4339/4339 682/4340/4340 681/4341/4341
f 555/4342/4342 683/4343/4343 682/4344/4344
f 555/4345/4345 556/4346/4346 684/4347/4347
f 556/4348/4348 557/4349/4349 685/4350/4350
f 557/4351/4351 558/4352/4352 686/4353/4353
f 558/4354/4354 559/4355/4355 687/4356/4356
f 560/4357/4357 688/4358/4358 687/4359/4359
f 561/4360/4360 689/4361/4361 688/4362/4362
f 562/4363/4363 690/4364/4364 689/4365/4365
f 562/4366/4366 563/4367/4367 691/4368/4368
f 564/4369/4369 692/4370/4370 691/4371/4371
f 565/4372/4372 693/4373/4373 692/4374/4374
f 566/4375/4375 694/4376/4376 693/4377/4377
f 567/4378/4378 695/4379/4379 694/4380/4380
f 567/4381/4381 568/4382/4382 696/4383/4383
f 568/4384/4384 569/4385/4385 697/4386/4386
f 569/4387/4387 570/4388/4388 698/4389/4389
f 570/4390/4390 571/4391/4391 699/4392/4392
f 571/4393/4393 572/4394/4394 700/4395/4395
f 572/4396/4396 573/4397/4397 701/4398/4398
f 574/4399/4399 702/4400/4400 701/4401/4401
f 574/4402/4402 575/4403/4403 703/4404/4404
f 575/4405/4405 576/4406/4406 704/4407/4407
f 576/4408/4408 577/4409/4409 705/4410/4410
f 577/4411/4411 578/4412/4412 706/4413/4413
f 578/4414/4414 579/4415/4415 707/4416/4416
f 580/4417/4417 708/4418/4418 707/4419/4419
f 581/4420/4420 709/4421/4421 708/4422/4422
f 582/4423/4423 710/4424/4424 709/4425/4425
f 583/4426/4426 711/4427/4427 710/4428/4428
f 584/4429/4429 712/4430/4430 711/4431/4431
f 585/4432/4432 713/4433/4433 712/4434/4434
f 586/4435/4435 714/4436/4436 713/4437/4437
f 587/4438/4438 715/4439/4439 714/4440/4440
f 588/4441/4441 716/4442/4442 715/4443/4443
f 588/4444/4444 589/4445/4445 717/4446/4446
f 589/4447/4447 590/4448/4448 718/4449/4449
f 590/4450/4450 591/4451/4451 719/4452/4452
f 592/4453/4453 720/4454/4454 719/4455/4455
f 592/4456/4456 593/4457/4457 721/4458/4458
f 593/4459/4459 594/4460/4460 722/4461/4461
f 594/4462/4462 595/4463/4463 723/4464/4464
f 596/4465/4465 724/4466/4466 723/4467/4467
f 596/4468/4468 597/4469/4469 725/4470/4470
f 598/4471/4471 726/4472/4472 725/4473/4473
f 599/4474/4474 727/4475/4475 726/4476/4476
f 600/4477/4477 728/4478/4478 727/4479/4479
f 600/4480/4480 601/4481/4481 729/4482/4482
f 601/4483/4483 602/4484/4484 730/4485/4485
f 603/4486/4486 731/4487/4487 730/4488/4488
f 603/4489/4489 604/4490/4490 732/4491/4491
f 604/4492/4492 605/4493/4493 733/4494/4494
f 605/4495/4495 606/4496/4496 734/4497/4497
f 607/4498/4498 735/4499/4499 734/4500/4500
f 608/4501/4501 736/4502/4502 735/4503/4503
f 608/4504/4504 609/4505/4505 737/4506/4506
f 610/4507/4507 738/4508/4508 737/4509/4509
f 610/4510/4510 611/4511/4511 739/4512/4512
f 611/4513/4513 612/4514/4514 740/4515/4515
f 613/4516/4516 741/4517/4517 740/4518/4518
f 614/4519/4519 742/4520/4520 741/4521/4521
f 615/4522/4522 743/4523/4523 742/4524/4524
f 615/4525/4525 616/4526/4526 744/4527/4527
f 617/4528/4528 745/4529/4529 744/4530/4530
f 618/4531/4531 746/4532/4532 745/4533/4533
f 618/4534/4534 619/4535/4535 747/4536/4536
f 619/4537/4537 620/4538/4538 748/4539/4539
f 620/4540/4540 621/4541/4541 749/4542/4542
f 622/4543/4543 750/4544/4544 749/4545/4545
f 622/4546/4546 623/4547/4547 751/4548/4548
f 624/4549/4549 752/4550/4550 751/4551/4551
f 625/4552/4552 753/4553/4553 752/4554/4554
f 626/4555/4555 754/4556/4556 753/4557/4557
f 626/4558/4558 627/4559/4559 755/4560/4560
f 628/4561/4561 756/4562/4562 755/4563/4563
f 629/4564/4564 757/4565/4565 756/4566/4566
f 630/4567/4567 758/4568/4568 757/4569/4569
f 630/4570/4570 631/4571/4571 759/4572/4572
f 631/4573/4573 632/4574/4574 760/4575/4575
f 632/4576/4576 633/4577/4577 761/4578/4578
f 633/4579/4579 634/4580/4580 762/4581/4581
f 634/4582/4582 635/4583/4583 763/4584/4584
f 635/4585/4585 636/4586/4586 764/4587/4587
f 636/4588/4588 637/4589/4589 765/4590/4590
f 637/4591/4591 638/4592/4592 766/4593/4593
f 638/4594/4594 639/4595/4595 767/4596/4596
f 640/4597/4597 768/4598/4598 767/4599/4599
f 513/4600/4600 641/4601/4601 768/4602/4602
f 642/4603/4603 770/4604/4604 769/4605/4605
f 642/4606/4606 643/4607/4607 771/4608/4608
f 643/4609/4609 644/4610/4610 772/4611/4611
f 644/4612/4612 645/4613/4613 773/4614/4614
f 645/4615/4615 646/4616/4616 774/4617/4617
f 647/4618/4618 775/4619/4619 774/4620/4620
f 648/4621/4621 776/4622/4622 775/4623/4623
f 649/4624/4624 777/4625/4625 776/4626/4626
f 649/4627/4627 650/4628/4628 778/4629/4629
f 650/4630/4630 651/4631/4631 779/4632/4632
f 652/4633/4633 780/4634/4634 779/4635/4635
f 653/4636/4636 781/4637/4637 780/4638/4638
f 654/4639/4639 782/4640/4640 781/4641/4641
f 654/4642/4642 655/4643/4643 783/4644/4644
f 655/4645/4645 656/4646/4646 784/4647/4647
f 656/4648/4648 657/4649/4649 785/4650/4650
f 658/4651/4651 786/4652/4652 785/4653/4653
f 658/4654/4654 659/4655/4655 787/4656/4656
f 659/4657/4657 660/4658/4658 788/4659/4659
f 660/4660/4660 661/4661/4661 789/4662/4662
f 661/4663/4663 662/4664/4664 790/4665/4665
f 663/4666/4666 791/4667/4667 790/4668/4668
f 664/4669/4669 792/4670/4670 791/4671/4671
f 665/4672/4672 793/4673/4673 792/4674/4674
f 665/4675/4675 666/4676/4676 794/4677/4677
f 666/4678/4678 667/4679/4679 795/4680/4680
f 668/4681/4681 796/4682/4682 795/4683/4683
f 669/4684/4684 797/4685/4685 796/4686/4686
f 670/4687/4687 798/4688/4688 797/4689/4689
f 671/4690/4690 799/4691/4691 798/4692/4692
f 671/4693/4693 672/4694/4694 800/4695/4695
f 673/4696/4696 801/4697/4697 800/4698/4698
f 673/4699/4699 674/4700/4700 802/4701/4701
f 675/4702/4702 803/4703/4703 802/4704/4704
f 675/4705/4705 676/4706/4706 804/4707/4707
f 676/4708/4708 677/4709/4709 805/4710/4710
f 677/4711/4711 678/4712/4712 806/4713/4713
f 678/4714/4714 679/4715/4715 807/4716/4716
f 680/4717/4717 808/4718/4718 807/4719/4719
f 681/4720/4720 809/4721/4721 808/4722/4722
f 681/4723/4723 682/4724/4724 810/4725/4725
f 682/4726/4726 683/4727/4727 811/4728/4728
f 683/4729/4729 684/4730/4730 812/4731/4731
f 685/4732/4732 813/4733/4733 812/4734/4734
f 686/4735/4735 814/4736/4736 813/4737/4737
f 687/4738/4738 815/4739/4739 814/4740/4740
f 688/4741/4741 816/4742/4742 815/4743/4743
f 688/4744/4744 689/4745/4745 817/4746/4746
f 690/4747/4747 818/4748/4748 817/4749/4749
f 691/4750/4750 819/4751/4751 818/4752/4752
f 692/4753/4753 820/4754/4754 819/4755/4755
f 692/4756/4756 693/4757/4757 821/4758/4758
f 693/4759/4759 694/4760/4760 822/4761/4761
f 694/4762/4762 695/4763/4763 823/4764/4764
f 696/4765/4765 824/4766/4766 823/4767/4767
f 697/4768/4768 825/4769/4769 824/4770/4770
f 697/4771/4771 698/4772/4772 826/4773/4773
f 698/4774/4774 699/4775/4775 827/4776/4776
f 699/4777/4777 700/4778/4778 828/4779/4779
f 701/4780/4780 829/4781/4781 828/4782/4782
f 702/4783/4783 830/4784/4784 829/4785/4785
f 703/4786/4786 831/4787/4787 830/4788/4788
f 704/4789/4789 832/4790/4790 831/4791/4791
f 704/4792/4792 705/4793/4793 833/4794/4794
f 706/4795/4795 834/4796/4796 833/4797/4797
f 707/4798/4798 835/4799/4799 834/4800/4800
f 708/4801/4801 836/4802/4802 835/4803/4803
f 708/4804/4804 709/4805/4805 837/4806/4806
f 709/4807/4807 710/4808/4808 838/4809/4809
f 710/4810/4810 711/4811/4811 839/4812/4812
f 712/4813/4813 840/4814/4814 839/4815/4815
f 713/4816/4816 841/4817/4817 840/4818/4818
f 714/4819/4819 842/4820/4820 841/4821/4821
f 714/4822/4822 715/4823/4823 843/4824/4824
f 715/4825/4825 716/4826/4826 844/4827/4827
f 717/4828/4828 845/4829/4829 844/4830/4830
f 718/4831/4831 846/4832/4832 845/4833/4833
f 718/4834/4834 719/4835/4835 847/4836/4836
f 719/4837/4837 720/4838/4838 848/4839/4839
f 721/4840/4840 849/4841/4841 848/4842/4842
f 722/4843/4843 850/4844/4844 849/4845/4845
f 722/4846/4846 723/4847/4847 851/4848/4848
f 723/4849/4849 724/4850/4850 852/4851/4851
f 724/4852/4852 725/4853/4853 853/4854/4854
f 725/4855/4855 726/4856/4856 854/4857/4857
f 726/4858/4858 727/4859/4859 855/4860/4860
f 728/4861/4861 856/4862/4862 855/4863/4863
f 729/4864/4864 857/4865/4865 856/4866/4866
f 729/4867/4867 730/4868/4868 858/4869/4869
f 730/4870/4870 731/4871/4871 859/4872/4872
f 732/4873/4873 860/4874/4874 859/4875/4875
f 733/4876/4876 861/4877/4877 860/4878/4878
f 734/4879/4879 862/4880/4880 861/4881/4881
f 735/4882/4882 863/4883/4883 862/4884/4884
f 735/4885/4885 736/4886/4886 864/4887/4887
f 736/4888/4888 737/4889/4889 865/4890/4890
f 738/4891/4891 866/4892/4892 865/4893/4893
f 739/4894/4894 867/4895/4895 866/4896/4896
f 739/4897/4897 740/4898/4898 868/4899/4899
f 740/4900/4900 741/4901/4901 869/4902/4902
f 741/4903/4903 742/4904/4904 870/4905/4905
f 742/4906/4906 743/4907/4907 871/4908/4908
f 744/4909/4909 872/4910/4910 871/4911/4911
f 745/4912/4912 873/4913/4913 872/4914/4914
f 745/4915/4915 746/4916/4916 874/4917/4917
f 746/4918/4918 747/4919/4919 875/4920/4920
f 748/4921/4921 876/4922/4922 875/4923/4923
f 749/4924/4924 877/4925/4925 876/4926/4926
f 750/4927/4927 878/4928/4928 877/4929/4929
f 751/4930/4930 879/4931/4931 878/4932/4932
f 752/4933/4933 880/4934/4934 879/4935/4935
f 752/4936/4936 753/4937/4937 881/4938/4938
f 753/4939/4939 754/4940/4940 882/4941/4941
f 755/4942/4942 883/4943/4943 882/4944/4944
f 756/4945/4945 884/4946/4946 883/4947/4947
f 756/4948/4948 757/4949/4949 885/4950/4950
f 757/4951/4951 758/4952/4952 886/4953/4953
f 759/4954/4954 887/4955/4955 886/4956/4956
f 760/4957/4957 888/4958/4958 887/4959/4959
f 760/4960/4960 761/4961/4961 889/4962/4962
f 761/4963/4963 762/4964/4964 890/4965/4965
f 762/4966/4966 763/4967/4967 891/4968/4968
f 764/4969/4969 892/4970/4970 891/4971/4971
f 765/4972/4972 893/4973/4973 892/4974/4974
f 766/4975/4975 894/4976/4976 893/4977/4977
f 766/4978/4978 767/4979/4979 895/4980/4980
f 767/4981/4981 768/4982/4982 896/4983/4983
f 768/4984/4984 641/4985/4985 769/4986/4986
f 769/4987/4987 770/4988/4988 898/4989/4989
f 770/4990/4990 771/4991/4991 899/4992/4992
f 772/4993/4993 900/4994/4994 899/4995/4995
f 773/4996/4996 901/4997/4997 900/4998/4998
f 774/4999/4999 902/5000/5000 901/5001/5001
f 775/5002/5002 903/5003/5003 902/5004/5004
f 775/5005/5005 776/5006/5006 904/5007/5007
f 776/5008/5008 777/5009/5009 905/5010/5010
f 778/5011/5011 906/5012/5012 905/5013/5013
f 779/5014/5014 907/5015/5015 906/5016/5016
f 779/5017/5017 780/5018/5018 908/5019/5019
f 780/5020/5020 781/5021/5021 909/5022/5022
f 782/5023/5023 910/5024/5024 909/5025/5025
f 783/5026/5026 911/5027/5027 910/5028/5028
f 783/5029/5029 784/5030/5030 912/5031/5031
f 785/5032/5032 913/5033/5033 912/5034/5034
f 786/5035/5035 914/5036/5036 913/5037/5037
f 786/5038/5038 787/5039/5039 915/5040/5040
f 787/5041/5041 788/5042/5042 916/5043/5043
f 788/5044/5044 789/5045/5045 917/5046/5046
f 789/5047/5047 790/5048/5048 918/5049/5049
f 790/5050/5050 791/5051/5051 919/5052/5052
f 791/5053/5053 792/5054/5054 920/5055/5055
f 792/5056/5056 793/5057/5057 921/5058/5058
f 794/5059/5059 922/5060/5060 921/5061/5061
f 795/5062/5062 923/5063/5063 922/5064/5064
f 795/5065/5065 796/5066/5066 924/5067/5067
f 796/5068/5068 797/5069/5069 925/5070/5070
f 797/5071/5071 798/5072/5072 926/5073/5073
f 799/5074/5074 927/5075/5075 926/5076/5076
f 799/5077/5077 800/5078/5078 928/5079/5079
f 801/5080/5080 929/5081/5081 928/5082/5082
f 801/5083/5083 802/5084/5084 930/5085/5085
f 803/5086/5086 931/5087/5087 930/5088/5088
f 803/5089/5089 804/5090/5090 932/5091/5091
f 805/5092/5092 933/5093/5093 932/5094/5094
f 806/5095/5095 934/5096/5096 933/5097/5097
f 807/5098/5098 935/5099/5099 934/5100/5100
f 807/5101/5101 808/5102/5102 936/5103/5103
f 808/5104/5104 809/5105/5105 937/5106/5106
f 810/5107/5107 938/5108/5108 937/5109/5109
f 811/5110/5110 939/5111/5111 938/5112/5112
f 812/5113/5113 940/5114/5114 939/5115/5115
f 813/5116/5116 941/5117/5117 940/5118/5118
f 814/5119/5119 942/5120/5120 941/5121/5121
f 815/5122/5122 943/5123/5123 942/5124/5124
f 816/5125/5125 944/5126/5126 943/5127/5127
f 816/5128/5128 817/5129/5129 945/5130/5130
f 817/5131/5131 818/5132/5132 946/5133/5133
f 819/5134/5134 947/5135/5135 946/5136/5136
f 819/5137/5137 820/5138/5138 948/5139/5139
f 820/5140/5140 821/5141/5141 949/5142/5142
f 822/5143/5143 950/5144/5144 949/5145/5145
f 823/5146/5146 951/5147/5147 950/5148/5148
f 823/5149/5149 824/5150/5150 952/5151/5151
f 824/5152/5152 825/5153/5153 953/5154/5154
f 826/5155/5155 954/5156/5156 953/5157/5157
f 827/5158/5158 955/5159/5159 954/5160/5160
f 827/5161/5161 828/5162/5162 956/5163/5163
f 828/5164/5164 829/5165/5165 957/5166/5166
f 829/5167/5167 830/5168/5168 958/5169/5169
f 830/5170/5170 831/5171/5171 959/5172/5172
f 832/5173/5173 960/5174/5174 959/5175/5175
f 833/5176/5176 961/5177/5177 960/5178/5178
f 833/5179/5179 834/5180/5180 962/5181/5181
f 834/5182/5182 835/5183/5183 963/5184/5184
f 835/5185/5185 836/5186/5186 964/5187/5187
f 836/5188/5188 837/5189/5189 965/5190/5190
f 838/5191/5191 966/5192/5192 965/5193/5193
f 839/5194/5194 967/5195/5195 966/5196/5196
f 839/5197/5197 840/5198/5198 968/5199/5199
f 840/5200/5200 841/5201/5201 969/5202/5202
f 842/5203/5203 970/5204/5204 969/5205/5205
f 843/5206/5206 971/5207/5207 970/5208/5208
f 843/5209/5209 844/5210/5210 972/5211/5211
f 844/5212/5212 845/5213/5213 973/5214/5214
f 846/5215/5215 974/5216/5216 973/5217/5217
f 846/5218/5218 847/5219/5219 975/5220/5220
f 847/5221/5221 848/5222/5222 976/5223/5223
f 849/5224/5224 977/5225/5225 976/5226/5226
f 850/5227/5227 978/5228/5228 977/5229/5229
f 851/5230/5230 979/5231/5231 978/5232/5232
f 851/5233/5233 852/5234/5234 980/5235/5235
f 852/5236/5236 853/5237/5237 981/5238/5238
f 854/5239/5239 982/5240/5240 981/5241/5241
f 854/5242/5242 855/5243/5243 983/5244/5244
f 855/5245/5245 856/5246/5246 984/5247/5247
f 856/5248/5248 857/5249/5249 985/5250/5250
f 858/5251/5251 986/5252/5252 985/5253/5253
f 859/5254/5254 987/5255/5255 986/5256/5256
f 859/5257/5257 860/5258/5258 988/5259/5259
f 860/5260/5260 861/5261/5261 989/5262/5262
f 861/5263/5263 862/5264/5264 990/5265/5265
f 863/5266/5266 991/5267/5267 990/5268/5268
f 863/5269/5269 864/5270/5270 992/5271/5271
f 864/5272/5272 865/5273/5273 993/5274/5274
f 866/5275/5275 994/5276/5276 993/5277/5277
f 867/5278/5278 995/5279/5279 994/5280/5280
f 867/5281/5281 868/5282/5282 996/5283/5283
f 869/5284/5284 997/5285/5285 996/5286/5286
f 870/5287/5287 998/5288/5288 997/5289/5289
f 871/5290/5290 999/5291/5291 998/5292/5292
f 871/5293/5293 872/5294/5294 1000/5295/5295
f 872/5296/5296 873/5297/5297 1001/5298/5298
f 874/5299/5299 1002/5300/5300 1001/5301/5301
f 875/5302/5302 1003/5303/5303 1002/5304/5304
f 876/5305/5305 1004/5306/5306 1003/5307/5307
f 876/5308/5308 877/5309/5309 1005/5310/5310
f 878/5311/5311 1006/5312/5312 1005/5313/5313
f 879/5314/5314 1007/5315/5315 1006/5316/5316
f 879/5317/5317 880/5318/5318 1008/5319/5319
f 880/5320/5320 881/5321/5321 1009/5322/5322
f 881/5323/5323 882/5324/5324 1010/5325/5325
f 883/5326/5326 1011/5327/5327 1010/5328/5328
f 884/5329/5329 1012/5330/5330 1011/5331/5331
f 884/5332/5332 885/5333/5333 1013/5334/5334
f 886/5335/5335 1014/5336/5336 1013/5337/5337
f 887/5338/5338 1015/5339/5339 1014/5340/5340
f 887/5341/5341 888/5342/5342 1016/5343/5343
f 888/5344/5344 889/5345/5345 1017/5346/5346
f 890/5347/5347 1018/5348/5348 1017/5349/5349
f 891/5350/5350 1019/5351/5351 1018/5352/5352
f 891/5353/5353 892/5354/5354 1020/5355/5355
f 892/5356/5356 893/5357/5357 1021/5358/5358
f 894/5359/5359 1022/5360/5360 1021/5361/5361
f 895/5362/5362 1023/5363/5363 1022/5364/5364
f 896/5365/5365 1024/5366/5366 1023/5367/5367
f 769/5368/5368 897/5369/5369 1024/5370/5370
f 513/5371/5371 640/5372/5372 639/5373/5373
f 639/5374/5374 638/5375/5375 637/5376/5376
f 637/5377/5377 636/5378/5378 635/5379/5379
f 635/5380/5380 634/5381/5381 637/5382/5382
f 634/5383/5383 633/5384/5384 637/5385/5385
f 633/5386/5386 632/5387/5387 629/5388/5388
f 632/5389/5389 631/5390/5390 629/5391/5391
f 631/5392/5392 630/5393/5393 629/5394/5394
f 629/5395/5395 628/5396/5396 627/5397/5397
f 627/5398/5398 626/5399/5399 629/5400/5400
f 626/5401/5401 625/5402/5402 629/5403/5403
f 625/5404/5404 624/5405/5405 623/5406/5406
f 623/5407/5407 622/5408/5408 621/5409/5409
f 621/5410/5410 620/5411/5411 619/5412/5412
f 619/5413/5413 618/5414/5414 621/5415/5415
f 618/5416/5416 617/5417/5417 621/5418/5418
f 617/5419/5419 616/5420/5420 613/5421/5421
f 616/5422/5422 615/5423/5423 613/5424/5424
f 615/5425/5425 614/5426/5426 613/5427/5427
f 613/5428/5428 612/5429/5429 611/5430/5430
f 611/5431/5431 610/5432/5432 609/5433/5433
f 609/5434/5434 608/5435/5435 607/5436/5436
f 607/5437/5437 606/5438/5438 605/5439/5439
f 605/5440/5440 604/5441/5441 603/5442/5442
f 603/5443/5443 602/5444/5444 605/5445/5445
f 602/5446/5446 601/5447/5447 605/5448/5448
f 601/5449/5449 600/5450/5450 597/5451/5451
f 600/5452/5452 599/5453/5453 597/5454/5454
f 599/5455/5455 598/5456/5456 597/5457/5457
f 597/5458/5458 596/5459/5459 595/5460/5460
f 595/5461/5461 594/5462/5462 593/5463/5463
f 593/5464/5464 592/5465/5465 589/5466/5466
f 592/5467/5467 591/5468/5468 589/5469/5469
f 591/5470/5470 590/5471/5471 589/5472/5472
f 589/5473/5473 588/5474/5474 587/5475/5475
f 587/5476/5476 586/5477/5477 589/5478/5478
f 586/5479/5479 585/5480/5480 589/5481/5481
f 585/5482/5482 584/5483/5483 581/5484/5484
f 584/5485/5485 583/5486/5486 581/5487/5487
f 583/5488/5488 582/5489/5489 581/5490/5490
f 581/5491/5491 580/5492/5492 579/5493/5493
f 579/5494/5494 578/5495/5495 577/5496/5496
f 577/5497/5497 576/5498/5498 575/5499/5499
f 575/5500/5500 574/5501/5501 573/5502/5502
f 573/5503/5503 572/5504/5504 571/5505/5505
f 571/5506/5506 570/5507/5507 573/5508/5508
f 570/5509/5509 569/5510/5510 573/5511/5511
f 569/5512/5512 568/5513/5513 565/5514/5514
f 568/5515/5515 567/5516/5516 565/5517/5517
f 567/5518/5518 566/5519/5519 565/5520/5520
f 565/5521/5521 564/5522/5522 563/5523/5523
f 563/5524/5524 562/5525/5525 565/5526/5526
f 562/5527/5527 561/5528/5528 565/5529/5529
f 561/5530/5530 560/5531/5531 559/5532/5532
f 559/5533/5533 558/5534/5534 557/5535/5535
f 557/5536/5536 556/5537/5537 555/5538/5538
f 555/5539/5539 554/5540/5540 553/5541/5541
f 553/5542/5542 552/5543/5543 551/5544/5544
f 551/5545/5545 550/5546/5546 549/5547/5547
f 549/5548/5548 548/5549/5549 547/5550/5550
f 547/5551/5551 546/5552/5552 545/5553/5553
f 545/5554/5554 544/5555/5555 543/5556/5556
f 543/5557/5557 542/5558/5558 541/5559/5559
f 541/5560/5560 540/5561/5561 539/5562/5562
f 539/5563/5563 538/5564/5564 537/5565/5565
f 537/5566/5566 536/5567/5567 535/5568/5568
f 535/5569/5569 534/5570/5570 533/5571/5571
f 533/5572/5572 532/5573/5573 531/5574/5574
f 531/5575/5575 530/5576/5576 529/5577/5577
f 529/5578/5578 528/5579/5579 525/5580/5580
f 528/5581/5581 527/5582/5582 525/5583/5583
f 527/5584/5584 526/5585/5585 525/5586/5586
f 525/5587/5587 524/5588/5588 523/5589/5589
f 523/5590/5590 522/5591/5591 525/5592/5592
f 522/5593/5593 521/5594/5594 525/5595/5595
f 521/5596/5596 520/5597/5597 517/5598/5598
f 520/5599/5599 519/5600/5600 517/5601/5601
f 519/5602/5602 518/5603/5603 517/5604/5604
f 517/5605/5605 516/5606/5606 515/5607/5607
f 515/5608/5608 514/5609/5609 513/5610/5610
f 513/5611/5611 639/5612/5612 633/5613/5613
f 639/5614/5614 637/5615/5615 633/5616/5616
f 625/5617/5617 623/5618/5618 617/5619/5619
f 623/5620/5620 621/5621/5621 617/5622/5622
f 613/5623/5623 611/5624/5624 609/5625/5625
f 609/5626/5626 607/5627/5627 605/5628/5628
f 597/5629/5629 595/5630/5630 601/5631/5631
f 595/5632/5632 593/5633/5633 601/5634/5634
f 581/5635/5635 579/5636/5636 585/5637/5637
f 579/5638/5638 577/5639/5639 585/5640/5640
f 577/5641/5641 575/5642/5642 569/5643/5643
f 575/5644/5644 573/5645/5645 569/5646/5646
f 561/5647/5647 559/5648/5648 557/5649/5649
f 557/5650/5650 555/5651/5651 553/5652/5652
f 553/5653/5653 551/5654/5654 545/5655/5655
f 551/5656/5656 549/5657/5657 545/5658/5658
f 549/5659/5659 547/5660/5660 545/5661/5661
f 545/5662/5662 543/5663/5663 541/5664/5664
f 541/5665/5665 539/5666/5666 545/5667/5667
f 539/5668/5668 537/5669/5669 545/5670/5670
f 537/5671/5671 535/5672/5672 533/5673/5673
f 533/5674/5674 531/5675/5675 529/5676/5676
f 517/5677/5677 515/5678/5678 521/5679/5679
f 515/5680/5680 513/5681/5681 521/5682/5682
f 633/5683/5683 629/5684/5684 625/5685/5685
f 617/5686/5686 613/5687/5687 625/5688/5688
f 613/5689/5689 609/5690/5690 625/5691/5691
f 609/5692/5692 605/5693/5693 593/5694/5694
f 605/5695/5695 601/5696/5696 593/5697/5697
f 593/5698/5698 589/5699/5699 585/5700/5700
f 569/5701/5701 565/5702/5702 561/5703/5703
f 561/5704/5704 557/5705/5705 545/5706/5706
f 557/5707/5707 553/5708/5708 545/5709/5709
f 537/5710/5710 533/5711/5711 545/5712/5712
f 533/5713/5713 529/5714/5714 545/5715/5715
f 529/5716/5716 525/5717/5717 521/5718/5718
f 513/5719/5719 633/5720/5720 609/5721/5721
f 633/5722/5722 625/5723/5723 609/5724/5724
f 593/5725/5725 585/5726/5726 609/5727/5727
f 585/5728/5728 577/5729/5729 609/5730/5730
f 577/5731/5731 569/5732/5732 545/5733/5733
f 569/5734/5734 561/5735/5735 545/5736/5736
f 529/5737/5737 521/5738/5738 545/5739/5739
f 521/5740/5740 513/5741/5741 545/5742/5742
f 513/5743/5743 609/5744/5744 545/5745/5745
f 1024/5746/5746 897/5747/5747 900/5748/5748
f 897/5749/5749 898/5750/5750 900/5751/5751
f 898/5752/5752 899/5753/5753 900/5754/5754
f 900/5755/5755 901/5756/5756 902/5757/5757
f 902/5758/5758 903/5759/5759 904/5760/5760
f 904/5761/5761 905/5762/5762 906/5763/5763
f 906/5764/5764 907/5765/5765 904/5766/5766
f 907/5767/5767 908/5768/5768 904/5769/5769
f 908/5770/5770 909/5771/5771 910/5772/5772
f 910/5773/5773 911/5774/5774 908/5775/5775
f 911/5776/5776 912/5777/5777 908/5778/5778
f 912/5779/5779 913/5780/5780 914/5781/5781
f 914/5782/5782 915/5783/5783 916/5784/5784
f 916/5785/5785 917/5786/5786 918/5787/5787
f 918/5788/5788 919/5789/5789 920/5790/5790
f 920/5791/5791 921/5792/5792 922/5793/5793
f 922/5794/5794 923/5795/5795 920/5796/5796
f 923/5797/5797 924/5798/5798 920/5799/5799
f 924/5800/5800 925/5801/5801 926/5802/5802
f 926/5803/5803 927/5804/5804 924/5805/5805
f 927/5806/5806 928/5807/5807 924/5808/5808
f 928/5809/5809 929/5810/5810 930/5811/5811
f 930/5812/5812 931/5813/5813 928/5814/5814
f 931/5815/5815 932/5816/5816 928/5817/5817
f 932/5818/5818 933/5819/5819 934/5820/5820
f 934/5821/5821 935/5822/5822 932/5823/5823
f 935/5824/5824 936/5825/5825 932/5826/5826
f 936/5827/5827 937/5828/5828 938/5829/5829
f 938/5830/5830 939/5831/5831 940/5832/5832
f 940/5833/5833 941/5834/5834 942/5835/5835
f 942/5836/5836 943/5837/5837 944/5838/5838
f 944/5839/5839 945/5840/5840 946/5841/5841
f 946/5842/5842 947/5843/5843 948/5844/5844
f 948/5845/5845 949/5846/5846 950/5847/5847
f 950/5848/5848 951/5849/5849 948/5850/5850
f 951/5851/5851 952/5852/5852 948/5853/5853
f 952/5854/5854 953/5855/5855 954/5856/5856
f 954/5857/5857 955/5858/5858 956/5859/5859
f 956/5860/5860 957/5861/5861 958/5862/5862
f 958/5863/5863 959/5864/5864 956/5865/5865
f 959/5866/5866 960/5867/5867 956/5868/5868
f 960/5869/5869 961/5870/5870 962/5871/5871
f 962/5872/5872 963/5873/5873 960/5874/5874
f 963/5875/5875 964/5876/5876 960/5877/5877
f 964/5878/5878 965/5879/5879 966/5880/5880
f 966/5881/5881 967/5882/5882 964/5883/5883
f 967/5884/5884 968/5885/5885 964/5886/5886
f 968/5887/5887 969/5888/5888 970/5889/5889
f 970/5890/5890 971/5891/5891 972/5892/5892
f 972/5893/5893 973/5894/5894 974/5895/5895
f 974/5896/5896 975/5897/5897 972/5898/5898
f 975/5899/5899 976/5900/5900 972/5901/5901
f 976/5902/5902 977/5903/5903 978/5904/5904
f 978/5905/5905 979/5906/5906 976/5907/5907
f 979/5908/5908 980/5909/5909 976/5910/5910
f 980/5911/5911 981/5912/5912 982/5913/5913
f 982/5914/5914 983/5915/5915 984/5916/5916
f 984/5917/5917 985/5918/5918 986/5919/5919
f 986/5920/5920 987/5921/5921 988/5922/5922
f 988/5923/5923 989/5924/5924 990/5925/5925
f 990/5926/5926 991/5927/5927 988/5928/5928
f 991/5929/5929 992/5930/5930 988/5931/5931
f 992/5932/5932 993/5933/5933 994/5934/5934
f 994/5935/5935 995/5936/5936 992/5937/5937
f 995/5938/5938 996/5939/5939 992/5940/5940
f 996/5941/5941 997/5942/5942 1000/5943/5943
f 997/5944/5944 998/5945/5945 1000/5946/5946
f 998/5947/5947 999/5948/5948 1000/5949/5949
f 1000/5950/5950 1001/5951/5951 1002/5952/5952
f 1002/5953/5953 1003/5954/5954 1004/5955/5955
f 1004/5956/5956 1005/5957/5957 1006/5958/5958
f 1006/5959/5959 1007/5960/5960 1004/5961/5961
f 1007/5962/5962 1008/5963/5963 1004/5964/5964
f 1008/5965/5965 1009/5966/5966 1010/5967/5967
f 1010/5968/5968 1011/5969/5969 1008/5970/5970
f 1011/5971/5971 1012/5972/5972 1008/5973/5973
f 1012/5974/5974 1013/5975/5975 1014/5976/5976
f 1014/5977/5977 1015/5978/5978 1016/5979/5979
f 1016/5980/5980 1017/5981/5981 1018/5982/5982
f 1018/5983/5983 1019/5984/5984 1020/5985/5985
f 1020/5986/5986 1021/5987/5987 1022/5988/5988
f 1022/5989/5989 1023/5990/5990 1020/5991/5991
f 1023/5992/5992 1024/5993/5993 1020/5994/5994
f 900/5995/5995 902/5996/5996 1024/5997/5997
f 902/5998/5998 904/5999/5999 1024/6000/6000
f 912/6001/6001 914/6002/6002 920/6003/6003
f 914/6004/6004 916/6005/6005 920/6006/6006
f 916/6007/6007 918/6008/6008 920/6009/6009
f 936/6010/6010 938/6011/6011 944/6012/6012
f 938/6013/6013 940/6014/6014 944/6015/6015
f 940/6016/6016 942/6017/6017 944/6018/6018
f 944/6019/6019 946/6020/6020 952/6021/6021
f 946/6022/6022 948/6023/6023 952/6024/6024
f 952/6025/6025 954/6026/6026 956/6027/6027
f 968/6028/6028 970/6029/6029 972/6030/6030
f 980/6031/6031 982/6032/6032 984/6033/6033
f 984/6034/6034 986/6035/6035 992/6036/6036
f 986/6037/6037 988/6038/6038 992/6039/6039
f 1000/6040/6040 1002/6041/6041 1008/6042/6042
f 1002/6043/6043 1004/6044/6044 1008/6045/6045
f 1012/6046/6046 1014/6047/6047 1008/6048/6048
f 1014/6049/6049 1016/6050/6050 1008/6051/6051
f 1016/6052/6052 1018/6053/6053 1024/6054/6054
f 1018/6055/6055 1020/6056/6056 1024/6057/6057
f 904/6058/6058 908/6059/6059 912/6060/6060
f 920/6061/6061 924/6062/6062 928/6063/6063
f 928/6064/6064 932/6065/6065 936/6066/6066
f 952/6067/6067 956/6068/6068 944/6069/6069
f 956/6070/6070 960/6071/6071 944/6072/6072
f 960/6073/6073 964/6074/6074 968/6075/6075
f 968/6076/6076 972/6077/6077 976/6078/6078
f 976/6079/6079 980/6080/6080 984/6081/6081
f 992/6082/6082 996/6083/6083 1000/6084/6084
f 1024/6085/6085 904/6086/6086 912/6087/6087
f 912/6088/6088 920/6089/6089 928/6090/6090
f 928/6091/6091 936/6092/6092 944/6093/6093
f 960/6094/6094 968/6095/6095 976/6096/6096
f 976/6097/6097 984/6098/6098 960/6099/6099
f 984/6100/6100 992/6101/6101 960/6102/6102
f 992/6103/6103 1000/6104/6104 1008/6105/6105
f 1008/6106/6106 1016/6107/6107 1024/6108/6108
f 1024/6109/6109 912/6110/6110 960/6111/6111
f 912/6112/6112 928/6113/6113 960/6114/6114
f 928/6115/6115 944/6116/6116 960/6117/6117
f 992/6118/6118 1008/6119/6119 960/6120/6120
