# Original procedural X5 mesh; meters; +X front, +Y left, +Z up
o quarter_inch_insert
v -0.0043000006 0.0000000000 0.0001200000
v -0.0042867446 0.0003373741 0.0001200000
v -0.0042470600 0.0006726683 0.0001200000
v -0.0041811909 0.0010038151 0.0001200000
v -0.0040895431 0.0013287731 0.0001200000
v -0.0039726822 0.0016455388 0.0001200000
v -0.0038313284 0.0019521592 0.0001200000
v -0.0036663529 0.0022467440 0.0001200000
v -0.0034787732 0.0025274768 0.0001200000
v -0.0032697457 0.0027926269 0.0001200000
v -0.0030405591 0.0030405591 0.0001200000
v -0.0027926269 0.0032697457 0.0001200000
v -0.0025274768 0.0034787732 0.0001200000
v -0.0022467440 0.0036663529 0.0001200000
v -0.0019521592 0.0038313284 0.0001200000
v -0.0016455388 0.0039726822 0.0001200000
v -0.0013287731 0.0040895431 0.0001200000
v -0.0010038151 0.0041811909 0.0001200000
v -0.0006726683 0.0042470600 0.0001200000
v -0.0003373741 0.0042867446 0.0001200000
v -0.0000000000 0.0043000006 0.0001200000
v 0.0003373741 0.0042867446 0.0001200000
v 0.0006726683 0.0042470600 0.0001200000
v 0.0010038151 0.0041811909 0.0001200000
v 0.0013287731 0.0040895431 0.0001200000
v 0.0016455388 0.0039726822 0.0001200000
v 0.0019521592 0.0038313284 0.0001200000
v 0.0022467440 0.0036663529 0.0001200000
v 0.0025274768 0.0034787732 0.0001200000
v 0.0027926269 0.0032697457 0.0001200000
v 0.0030405591 0.0030405591 0.0001200000
v 0.0032697457 0.0027926269 0.0001200000
v 0.0034787732 0.0025274768 0.0001200000
v 0.0036663529 0.0022467440 0.0001200000
v 0.0038313284 0.0019521592 0.0001200000
v 0.0039726822 0.0016455388 0.0001200000
v 0.0040895431 0.0013287731 0.0001200000
v 0.0041811909 0.0010038151 0.0001200000
v 0.0042470600 0.0006726683 0.0001200000
v 0.0042867446 0.0003373741 0.0001200000
v 0.0043000006 0.0000000000 0.0001200000
v 0.0042867446 -0.0003373741 0.0001200000
v 0.0042470600 -0.0006726683 0.0001200000
v 0.0041811909 -0.0010038151 0.0001200000
v 0.0040895431 -0.0013287731 0.0001200000
v 0.0039726822 -0.0016455388 0.0001200000
v 0.0038313284 -0.0019521592 0.0001200000
v 0.0036663529 -0.0022467440 0.0001200000
v 0.0034787732 -0.0025274768 0.0001200000
v 0.0032697457 -0.0027926269 0.0001200000
v 0.0030405591 -0.0030405591 0.0001200000
v 0.0027926269 -0.0032697457 0.0001200000
v 0.0025274768 -0.0034787732 0.0001200000
v 0.0022467440 -0.0036663529 0.0001200000
v 0.0019521592 -0.0038313284 0.0001200000
v 0.0016455388 -0.0039726822 0.0001200000
v 0.0013287731 -0.0040895431 0.0001200000
v 0.0010038151 -0.0041811909 0.0001200000
v 0.0006726683 -0.0042470600 0.0001200000
v 0.0003373741 -0.0042867446 0.0001200000
v 0.0000000000 -0.0043000006 0.0001200000
v -0.0003373741 -0.0042867446 0.0001200000
v -0.0006726683 -0.0042470600 0.0001200000
v -0.0010038151 -0.0041811909 0.0001200000
v -0.0013287731 -0.0040895431 0.0001200000
v -0.0016455388 -0.0039726822 0.0001200000
v -0.0019521592 -0.0038313284 0.0001200000
v -0.0022467440 -0.0036663529 0.0001200000
v -0.0025274768 -0.0034787732 0.0001200000
v -0.0027926269 -0.0032697457 0.0001200000
v -0.0030405591 -0.0030405591 0.0001200000
v -0.0032697457 -0.0027926269 0.0001200000
v -0.0034787732 -0.0025274768 0.0001200000
v -0.0036663529 -0.0022467440 0.0001200000
v -0.0038313284 -0.0019521592 0.0001200000
v -0.0039726822 -0.0016455388 0.0001200000
v -0.0040895431 -0.0013287731 0.0001200000
v -0.0041811909 -0.0010038151 0.0001200000
v -0.0042470600 -0.0006726683 0.0001200000
v -0.0042867446 -0.0003373741 0.0001200000
v -0.0043000006 0.0000000000 0.0000400000
v -0.0042867446 0.0003373741 0.0000400000
v -0.0042470600 0.0006726683 0.0000400000
v -0.0041811909 0.0010038151 0.0000400000
v -0.0040895431 0.0013287731 0.0000400000
v -0.0039726822 0.0016455388 0.0000400000
v -0.0038313284 0.0019521592 0.0000400000
v -0.0036663529 0.0022467440 0.0000400000
v -0.0034787732 0.0025274768 0.0000400000
v -0.0032697457 0.0027926269 0.0000400000
v -0.0030405591 0.0030405591 0.0000400000
v -0.0027926269 0.0032697457 0.0000400000
v -0.0025274768 0.0034787732 0.0000400000
v -0.0022467440 0.0036663529 0.0000400000
v -0.0019521592 0.0038313284 0.0000400000
v -0.0016455388 0.0039726822 0.0000400000
v -0.0013287731 0.0040895431 0.0000400000
v -0.0010038151 0.0041811909 0.0000400000
v -0.0006726683 0.0042470600 0.0000400000
v -0.0003373741 0.0042867446 0.0000400000
v -0.0000000000 0.0043000006 0.0000400000
v 0.0003373741 0.0042867446 0.0000400000
v 0.0006726683 0.0042470600 0.0000400000
v 0.0010038151 0.0041811909 0.0000400000
v 0.0013287731 0.0040895431 0.0000400000
v 0.0016455388 0.0039726822 0.0000400000
v 0.0019521592 0.0038313284 0.0000400000
v 0.0022467440 0.0036663529 0.0000400000
v 0.0025274768 0.0034787732 0.0000400000
v 0.0027926269 0.0032697457 0.0000400000
v 0.0030405591 0.0030405591 0.0000400000
v 0.0032697457 0.0027926269 0.0000400000
v 0.0034787732 0.0025274768 0.0000400000
v 0.0036663529 0.0022467440 0.0000400000
v 0.0038313284 0.0019521592 0.0000400000
v 0.0039726822 0.0016455388 0.0000400000
v 0.0040895431 0.0013287731 0.0000400000
v 0.0041811909 0.0010038151 0.0000400000
v 0.0042470600 0.0006726683 0.0000400000
v 0.0042867446 0.0003373741 0.0000400000
v 0.0043000006 0.0000000000 0.0000400000
v 0.0042867446 -0.0003373741 0.0000400000
v 0.0042470600 -0.0006726683 0.0000400000
v 0.0041811909 -0.0010038151 0.0000400000
v 0.0040895431 -0.0013287731 0.0000400000
v 0.0039726822 -0.0016455388 0.0000400000
v 0.0038313284 -0.0019521592 0.0000400000
v 0.0036663529 -0.0022467440 0.0000400000
v 0.0034787732 -0.0025274768 0.0000400000
v 0.0032697457 -0.0027926269 0.0000400000
v 0.0030405591 -0.0030405591 0.0000400000
v 0.0027926269 -0.0032697457 0.0000400000
v 0.0025274768 -0.0034787732 0.0000400000
v 0.0022467440 -0.0036663529 0.0000400000
v 0.0019521592 -0.0038313284 0.0000400000
v 0.0016455388 -0.0039726822 0.0000400000
v 0.0013287731 -0.0040895431 0.0000400000
v 0.0010038151 -0.0041811909 0.0000400000
v 0.0006726683 -0.0042470600 0.0000400000
v 0.0003373741 -0.0042867446 0.0000400000
v 0.0000000000 -0.0043000006 0.0000400000
v -0.0003373741 -0.0042867446 0.0000400000
v -0.0006726683 -0.0042470600 0.0000400000
v -0.0010038151 -0.0041811909 0.0000400000
v -0.0013287731 -0.0040895431 0.0000400000
v -0.0016455388 -0.0039726822 0.0000400000
v -0.0019521592 -0.0038313284 0.0000400000
v -0.0022467440 -0.0036663529 0.0000400000
v -0.0025274768 -0.0034787732 0.0000400000
v -0.0027926269 -0.0032697457 0.0000400000
v -0.0030405591 -0.0030405591 0.0000400000
v -0.0032697457 -0.0027926269 0.0000400000
v -0.0034787732 -0.0025274768 0.0000400000
v -0.0036663529 -0.0022467440 0.0000400000
v -0.0038313284 -0.0019521592 0.0000400000
v -0.0039726822 -0.0016455388 0.0000400000
v -0.0040895431 -0.0013287731 0.0000400000
v -0.0041811909 -0.0010038151 0.0000400000
v -0.0042470600 -0.0006726683 0.0000400000
v -0.0042867446 -0.0003373741 0.0000400000
v -0.0031750002 0.0000000000 0.0000400000
v -0.0031652127 0.0002491076 0.0000400000
v -0.0031359107 0.0004966795 0.0000400000
v -0.0030872747 0.0007411891 0.0000400000
v -0.0030196046 0.0009811290 0.0000400000
v -0.0029333176 0.0012150200 0.0000400000
v -0.0028289459 0.0014414199 0.0000400000
v -0.0027071326 0.0016589330 0.0000400000
v -0.0025686291 0.0018662183 0.0000400000
v -0.0024142892 0.0020619978 0.0000400000
v -0.0022450641 0.0022450641 0.0000400000
v -0.0020619978 0.0024142892 0.0000400000
v -0.0018662183 0.0025686291 0.0000400000
v -0.0016589330 0.0027071326 0.0000400000
v -0.0014414199 0.0028289459 0.0000400000
v -0.0012150200 0.0029333176 0.0000400000
v -0.0009811290 0.0030196046 0.0000400000
v -0.0007411891 0.0030872747 0.0000400000
v -0.0004966795 0.0031359107 0.0000400000
v -0.0002491076 0.0031652127 0.0000400000
v -0.0000000000 0.0031750002 0.0000400000
v 0.0002491076 0.0031652127 0.0000400000
v 0.0004966795 0.0031359107 0.0000400000
v 0.0007411891 0.0030872747 0.0000400000
v 0.0009811290 0.0030196046 0.0000400000
v 0.0012150200 0.0029333176 0.0000400000
v 0.0014414199 0.0028289459 0.0000400000
v 0.0016589330 0.0027071326 0.0000400000
v 0.0018662183 0.0025686291 0.0000400000
v 0.0020619978 0.0024142892 0.0000400000
v 0.0022450641 0.0022450641 0.0000400000
v 0.0024142892 0.0020619978 0.0000400000
v 0.0025686291 0.0018662183 0.0000400000
v 0.0027071326 0.0016589330 0.0000400000
v 0.0028289459 0.0014414199 0.0000400000
v 0.0029333176 0.0012150200 0.0000400000
v 0.0030196046 0.0009811290 0.0000400000
v 0.0030872747 0.0007411891 0.0000400000
v 0.0031359107 0.0004966795 0.0000400000
v 0.0031652127 0.0002491076 0.0000400000
v 0.0031750002 0.0000000000 0.0000400000
v 0.0031652127 -0.0002491076 0.0000400000
v 0.0031359107 -0.0004966795 0.0000400000
v 0.0030872747 -0.0007411891 0.0000400000
v 0.0030196046 -0.0009811290 0.0000400000
v 0.0029333176 -0.0012150200 0.0000400000
v 0.0028289459 -0.0014414199 0.0000400000
v 0.0027071326 -0.0016589330 0.0000400000
v 0.0025686291 -0.0018662183 0.0000400000
v 0.0024142892 -0.0020619978 0.0000400000
v 0.0022450641 -0.0022450641 0.0000400000
v 0.0020619978 -0.0024142892 0.0000400000
v 0.0018662183 -0.0025686291 0.0000400000
v 0.0016589330 -0.0027071326 0.0000400000
v 0.0014414199 -0.0028289459 0.0000400000
v 0.0012150200 -0.0029333176 0.0000400000
v 0.0009811290 -0.0030196046 0.0000400000
v 0.0007411891 -0.0030872747 0.0000400000
v 0.0004966795 -0.0031359107 0.0000400000
v 0.0002491076 -0.0031652127 0.0000400000
v 0.0000000000 -0.0031750002 0.0000400000
v -0.0002491076 -0.0031652127 0.0000400000
v -0.0004966795 -0.0031359107 0.0000400000
v -0.0007411891 -0.0030872747 0.0000400000
v -0.0009811290 -0.0030196046 0.0000400000
v -0.0012150200 -0.0029333176 0.0000400000
v -0.0014414199 -0.0028289459 0.0000400000
v -0.0016589330 -0.0027071326 0.0000400000
v -0.0018662183 -0.0025686291 0.0000400000
v -0.0020619978 -0.0024142892 0.0000400000
v -0.0022450641 -0.0022450641 0.0000400000
v -0.0024142892 -0.0020619978 0.0000400000
v -0.0025686291 -0.0018662183 0.0000400000
v -0.0027071326 -0.0016589330 0.0000400000
v -0.0028289459 -0.0014414199 0.0000400000
v -0.0029333176 -0.0012150200 0.0000400000
v -0.0030196046 -0.0009811290 0.0000400000
v -0.0030872747 -0.0007411891 0.0000400000
v -0.0031359107 -0.0004966795 0.0000400000
v -0.0031652127 -0.0002491076 0.0000400000
v -0.0031750002 0.0000000000 0.0019200001
v -0.0031652127 0.0002491076 0.0019200001
v -0.0031359107 0.0004966795 0.0019200001
v -0.0030872747 0.0007411891 0.0019200001
v -0.0030196046 0.0009811290 0.0019200001
v -0.0029333176 0.0012150200 0.0019200001
v -0.0028289459 0.0014414199 0.0019200001
v -0.0027071326 0.0016589330 0.0019200001
v -0.0025686291 0.0018662183 0.0019200001
v -0.0024142892 0.0020619978 0.0019200001
v -0.0022450641 0.0022450641 0.0019200001
v -0.0020619978 0.0024142892 0.0019200001
v -0.0018662183 0.0025686291 0.0019200001
v -0.0016589330 0.0027071326 0.0019200001
v -0.0014414199 0.0028289459 0.0019200001
v -0.0012150200 0.0029333176 0.0019200001
v -0.0009811290 0.0030196046 0.0019200001
v -0.0007411891 0.0030872747 0.0019200001
v -0.0004966795 0.0031359107 0.0019200001
v -0.0002491076 0.0031652127 0.0019200001
v -0.0000000000 0.0031750002 0.0019200001
v 0.0002491076 0.0031652127 0.0019200001
v 0.0004966795 0.0031359107 0.0019200001
v 0.0007411891 0.0030872747 0.0019200001
v 0.0009811290 0.0030196046 0.0019200001
v 0.0012150200 0.0029333176 0.0019200001
v 0.0014414199 0.0028289459 0.0019200001
v 0.0016589330 0.0027071326 0.0019200001
v 0.0018662183 0.0025686291 0.0019200001
v 0.0020619978 0.0024142892 0.0019200001
v 0.0022450641 0.0022450641 0.0019200001
v 0.0024142892 0.0020619978 0.0019200001
v 0.0025686291 0.0018662183 0.0019200001
v 0.0027071326 0.0016589330 0.0019200001
v 0.0028289459 0.0014414199 0.0019200001
v 0.0029333176 0.0012150200 0.0019200001
v 0.0030196046 0.0009811290 0.0019200001
v 0.0030872747 0.0007411891 0.0019200001
v 0.0031359107 0.0004966795 0.0019200001
v 0.0031652127 0.0002491076 0.0019200001
v 0.0031750002 0.0000000000 0.0019200001
v 0.0031652127 -0.0002491076 0.0019200001
v 0.0031359107 -0.0004966795 0.0019200001
v 0.0030872747 -0.0007411891 0.0019200001
v 0.0030196046 -0.0009811290 0.0019200001
v 0.0029333176 -0.0012150200 0.0019200001
v 0.0028289459 -0.0014414199 0.0019200001
v 0.0027071326 -0.0016589330 0.0019200001
v 0.0025686291 -0.0018662183 0.0019200001
v 0.0024142892 -0.0020619978 0.0019200001
v 0.0022450641 -0.0022450641 0.0019200001
v 0.0020619978 -0.0024142892 0.0019200001
v 0.0018662183 -0.0025686291 0.0019200001
v 0.0016589330 -0.0027071326 0.0019200001
v 0.0014414199 -0.0028289459 0.0019200001
v 0.0012150200 -0.0029333176 0.0019200001
v 0.0009811290 -0.0030196046 0.0019200001
v 0.0007411891 -0.0030872747 0.0019200001
v 0.0004966795 -0.0031359107 0.0019200001
v 0.0002491076 -0.0031652127 0.0019200001
v 0.0000000000 -0.0031750002 0.0019200001
v -0.0002491076 -0.0031652127 0.0019200001
v -0.0004966795 -0.0031359107 0.0019200001
v -0.0007411891 -0.0030872747 0.0019200001
v -0.0009811290 -0.0030196046 0.0019200001
v -0.0012150200 -0.0029333176 0.0019200001
v -0.0014414199 -0.0028289459 0.0019200001
v -0.0016589330 -0.0027071326 0.0019200001
v -0.0018662183 -0.0025686291 0.0019200001
v -0.0020619978 -0.0024142892 0.0019200001
v -0.0022450641 -0.0022450641 0.0019200001
v -0.0024142892 -0.0020619978 0.0019200001
v -0.0025686291 -0.0018662183 0.0019200001
v -0.0027071326 -0.0016589330 0.0019200001
v -0.0028289459 -0.0014414199 0.0019200001
v -0.0029333176 -0.0012150200 0.0019200001
v -0.0030196046 -0.0009811290 0.0019200001
v -0.0030872747 -0.0007411891 0.0019200001
v -0.0031359107 -0.0004966795 0.0019200001
v -0.0031652127 -0.0002491076 0.0019200001
vt 0.00733422 0.00096386
vt 0.00000000 0.00032129
vt 0.00000000 0.00096386
vt 0.01462322 0.00096386
vt 0.00733422 0.00032129
vt 0.00733422 0.00096386
vt 0.02182207 0.00096386
vt 0.01462322 0.00032129
vt 0.01462322 0.00096386
vt 0.02888637 0.00096386
vt 0.02182207 0.00032129
vt 0.02182207 0.00096386
vt 0.03577258 0.00096386
vt 0.02888637 0.00032129
vt 0.02888637 0.00096386
vt 0.04243824 0.00096386
vt 0.03577258 0.00032129
vt 0.03577258 0.00096386
vt 0.04884226 0.00096386
vt 0.04243824 0.00032129
vt 0.04243824 0.00096386
vt 0.05494515 0.00096386
vt 0.04884226 0.00032129
vt 0.04884226 0.00096386
vt 0.06070928 0.00096386
vt 0.05494515 0.00032129
vt 0.05494515 0.00096386
vt 0.06609911 0.00096386
vt 0.06070928 0.00032129
vt 0.06070928 0.00096386
vt 0.07108143 0.00096386
vt 0.06609911 0.00032129
vt 0.06609911 0.00096386
vt 0.07562550 0.00096386
vt 0.07108143 0.00032129
vt 0.07108143 0.00096386
vt -0.08575359 0.00096386
vt -0.09646858 0.00032129
vt -0.09646858 0.00096386
vt -0.07450990 0.00096386
vt -0.08575359 0.00032129
vt -0.08575359 0.00096386
vt -0.06280682 0.00096386
vt -0.07450990 0.00032129
vt -0.07450990 0.00096386
vt -0.05071653 0.00096386
vt -0.06280682 0.00032129
vt -0.06280682 0.00096386
vt -0.03831355 0.00096386
vt -0.05071653 0.00032129
vt -0.05071653 0.00096386
vt -0.02567436 0.00096386
vt -0.03831355 0.00032129
vt -0.03831355 0.00096386
vt -0.01287688 0.00096386
vt -0.02567436 0.00032129
vt -0.02567436 0.00096386
vt -0.00000000 0.00096386
vt -0.01287688 0.00032129
vt -0.01287688 0.00096386
vt 0.01287688 0.00096386
vt -0.00000000 0.00032129
vt -0.00000000 0.00096386
vt 0.02567436 0.00096386
vt 0.01287688 0.00032129
vt 0.01287688 0.00096386
vt 0.03831355 0.00096386
vt 0.02567436 0.00032129
vt 0.02567436 0.00096386
vt 0.05071653 0.00096386
vt 0.03831355 0.00032129
vt 0.03831355 0.00096386
vt 0.06280682 0.00096386
vt 0.05071653 0.00032129
vt 0.05071653 0.00096386
vt 0.07450990 0.00096386
vt 0.06280682 0.00032129
vt 0.06280682 0.00096386
vt 0.08575359 0.00096386
vt 0.07450990 0.00032129
vt 0.07450990 0.00096386
vt 0.09646858 0.00096386
vt 0.08575359 0.00032129
vt 0.08575359 0.00096386
vt 0.07108143 0.00096386
vt 0.07562550 0.00032129
vt 0.07562550 0.00096386
vt 0.06609911 0.00096386
vt 0.07108143 0.00032129
vt 0.07108143 0.00096386
vt 0.06070928 0.00096386
vt 0.06609911 0.00032129
vt 0.06609911 0.00096386
vt 0.05494515 0.00096386
vt 0.06070928 0.00032129
vt 0.06070928 0.00096386
vt 0.04884226 0.00096386
vt 0.05494515 0.00032129
vt 0.05494515 0.00096386
vt 0.04243824 0.00096386
vt 0.04884226 0.00032129
vt 0.04884226 0.00096386
vt 0.03577258 0.00096386
vt 0.04243824 0.00032129
vt 0.04243824 0.00096386
vt 0.02888637 0.00096386
vt 0.03577258 0.00032129
vt 0.03577258 0.00096386
vt 0.02182207 0.00096386
vt 0.02888637 0.00032129
vt 0.02888637 0.00096386
vt 0.01462322 0.00096386
vt 0.02182207 0.00032129
vt 0.02182207 0.00096386
vt 0.00733422 0.00096386
vt 0.01462322 0.00032129
vt 0.01462322 0.00096386
vt 0.00000000 0.00096386
vt 0.00733422 0.00032129
vt 0.00733422 0.00096386
vt -0.00733422 0.00096386
vt 0.00000000 0.00032129
vt 0.00000000 0.00096386
vt -0.01462322 0.00096386
vt -0.00733422 0.00032129
vt -0.00733422 0.00096386
vt -0.02182207 0.00096386
vt -0.01462322 0.00032129
vt -0.01462322 0.00096386
vt -0.02888637 0.00096386
vt -0.02182207 0.00032129
vt -0.02182207 0.00096386
vt -0.03577258 0.00096386
vt -0.02888637 0.00032129
vt -0.02888637 0.00096386
vt -0.04243824 0.00096386
vt -0.03577258 0.00032129
vt -0.03577258 0.00096386
vt -0.04884226 0.00096386
vt -0.04243824 0.00032129
vt -0.04243824 0.00096386
vt -0.05494515 0.00096386
vt -0.04884226 0.00032129
vt -0.04884226 0.00096386
vt -0.06070928 0.00096386
vt -0.05494515 0.00032129
vt -0.05494515 0.00096386
vt -0.06609911 0.00096386
vt -0.06070928 0.00032129
vt -0.06070928 0.00096386
vt -0.07108143 0.00096386
vt -0.06609911 0.00032129
vt -0.06609911 0.00096386
vt -0.07562550 0.00096386
vt -0.07108143 0.00032129
vt -0.07108143 0.00096386
vt 0.08575359 0.00096386
vt 0.09646858 0.00032129
vt 0.09646858 0.00096386
vt 0.07450990 0.00096386
vt 0.08575359 0.00032129
vt 0.08575359 0.00096386
vt 0.06280682 0.00096386
vt 0.07450990 0.00032129
vt 0.07450990 0.00096386
vt 0.05071653 0.00096386
vt 0.06280682 0.00032129
vt 0.06280682 0.00096386
vt 0.03831355 0.00096386
vt 0.05071653 0.00032129
vt 0.05071653 0.00096386
vt 0.02567436 0.00096386
vt 0.03831355 0.00032129
vt 0.03831355 0.00096386
vt 0.01287688 0.00096386
vt 0.02567436 0.00032129
vt 0.02567436 0.00096386
vt 0.00000000 0.00096386
vt 0.01287688 0.00032129
vt 0.01287688 0.00096386
vt -0.01287688 0.00096386
vt 0.00000000 0.00032129
vt 0.00000000 0.00096386
vt -0.02567436 0.00096386
vt -0.01287688 0.00032129
vt -0.01287688 0.00096386
vt -0.03831355 0.00096386
vt -0.02567436 0.00032129
vt -0.02567436 0.00096386
vt -0.05071653 0.00096386
vt -0.03831355 0.00032129
vt -0.03831355 0.00096386
vt -0.06280682 0.00096386
vt -0.05071653 0.00032129
vt -0.05071653 0.00096386
vt -0.07450990 0.00096386
vt -0.06280682 0.00032129
vt -0.06280682 0.00096386
vt -0.08575359 0.00096386
vt -0.07450990 0.00032129
vt -0.07450990 0.00096386
vt -0.09646858 0.00096386
vt -0.08575359 0.00032129
vt -0.08575359 0.00096386
vt -0.07108143 0.00096386
vt -0.07562550 0.00032129
vt -0.07562550 0.00096386
vt -0.06609911 0.00096386
vt -0.07108143 0.00032129
vt -0.07108143 0.00096386
vt -0.06070928 0.00096386
vt -0.06609911 0.00032129
vt -0.06609911 0.00096386
vt -0.05494515 0.00096386
vt -0.06070928 0.00032129
vt -0.06070928 0.00096386
vt -0.04884226 0.00096386
vt -0.05494515 0.00032129
vt -0.05494515 0.00096386
vt -0.04243824 0.00096386
vt -0.04884226 0.00032129
vt -0.04884226 0.00096386
vt -0.03577258 0.00096386
vt -0.04243824 0.00032129
vt -0.04243824 0.00096386
vt -0.02888637 0.00096386
vt -0.03577258 0.00032129
vt -0.03577258 0.00096386
vt -0.02182207 0.00096386
vt -0.02888637 0.00032129
vt -0.02888637 0.00096386
vt -0.01462322 0.00096386
vt -0.02182207 0.00032129
vt -0.02182207 0.00096386
vt -0.00733422 0.00096386
vt -0.01462322 0.00032129
vt -0.01462322 0.00096386
vt 0.00000000 0.00096386
vt -0.00733422 0.00032129
vt -0.00733422 0.00096386
vt -0.16361621 0.00733422
vt -0.12118322 0.00000000
vt -0.16412216 0.00000000
vt -0.16361621 0.00733422
vt -0.11969125 0.01079738
vt -0.12080964 0.00541538
vt -0.15958744 0.02182207
vt -0.11969125 0.01079738
vt -0.16210152 0.01462322
vt -0.15608943 0.02888637
vt -0.11783491 0.01611281
vt -0.15958744 0.02182207
vt -0.15162909 0.03577258
vt -0.11525209 0.02132889
vt -0.15608943 0.02888637
vt -0.15162909 0.03577258
vt -0.10797504 0.03133522
vt -0.11195868 0.02641348
vt -0.13993713 0.04884226
vt -0.10797504 0.03133522
vt -0.14623390 0.04243824
vt -0.13277760 0.05494515
vt -0.10332567 0.03606376
vt -0.13993713 0.04884226
vt -0.13277760 0.05494515
vt -0.09214844 0.04482604
vt -0.09803928 0.04056996
vt -0.11605188 0.06609911
vt -0.09214844 0.04482604
vt -0.12479945 0.06070928
vt -0.11605188 0.06609911
vt -0.07870220 0.05248455
vt -0.08568947 0.04880574
vt -0.09646858 0.07562550
vt -0.07870220 0.05248455
vt -0.10658881 0.07108143
vt -0.08575359 0.07970332
vt -0.07122970 0.05583976
vt -0.09646858 0.07562550
vt -0.08575359 0.07970332
vt -0.05501603 0.06149882
vt -0.06331805 0.05885071
vt -0.06280682 0.08636265
vt -0.05501603 0.06149882
vt -0.07450990 0.08328975
vt -0.05071653 0.08890311
vt -0.04637481 0.06376778
vt -0.06280682 0.08636265
vt -0.05071653 0.08890311
vt -0.02828966 0.06711467
vt -0.03744767 0.06564358
vt -0.02567436 0.09232739
vt -0.02828966 0.06711467
vt -0.03831355 0.09089545
vt -0.01287688 0.09319010
vt -0.01895723 0.06817197
vt -0.02567436 0.09232739
vt -0.01287688 0.09319010
vt -0.00000000 0.06902175
vt -0.00950793 0.06880897
vt 0.01287688 0.09319010
vt -0.00000000 0.06902175
vt -0.00000000 0.09347828
vt 0.01287688 0.09319010
vt 0.01895723 0.06817197
vt 0.00950793 0.06880897
vt 0.03831355 0.09089545
vt 0.01895723 0.06817197
vt 0.02567436 0.09232739
vt 0.05071653 0.08890311
vt 0.02828966 0.06711467
vt 0.03831355 0.09089545
vt 0.06280682 0.08636265
vt 0.03744767 0.06564358
vt 0.05071653 0.08890311
vt 0.06280682 0.08636265
vt 0.05501603 0.06149882
vt 0.04637481 0.06376778
vt 0.08575359 0.07970332
vt 0.05501603 0.06149882
vt 0.07450990 0.08328975
vt 0.09646858 0.07562550
vt 0.06331805 0.05885071
vt 0.08575359 0.07970332
vt 0.09646858 0.07562550
vt 0.07870220 0.05248455
vt 0.07122970 0.05583976
vt 0.11605188 0.06609911
vt 0.07870220 0.05248455
vt 0.10658881 0.07108143
vt 0.11605188 0.06609911
vt 0.09214844 0.04482604
vt 0.08568947 0.04880574
vt 0.13277760 0.05494515
vt 0.09214844 0.04482604
vt 0.12479945 0.06070928
vt 0.13993713 0.04884226
vt 0.09803928 0.04056996
vt 0.13277760 0.05494515
vt 0.13993713 0.04884226
vt 0.10797504 0.03133522
vt 0.10332567 0.03606376
vt 0.15162909 0.03577258
vt 0.10797504 0.03133522
vt 0.14623390 0.04243824
vt 0.15608943 0.02888637
vt 0.11195868 0.02641348
vt 0.15162909 0.03577258
vt 0.15608943 0.02888637
vt 0.11783491 0.01611281
vt 0.11525209 0.02132889
vt 0.16210152 0.01462322
vt 0.11783491 0.01611281
vt 0.15958744 0.02182207
vt 0.16361621 0.00733422
vt 0.11969125 0.01079738
vt 0.16210152 0.01462322
vt 0.16361621 0.00733422
vt 0.12118322 0.00000000
vt 0.12080964 0.00541538
vt 0.16361621 -0.00733422
vt 0.12118322 0.00000000
vt 0.16412216 0.00000000
vt 0.16361621 -0.00733422
vt 0.11969125 -0.01079738
vt 0.12080964 -0.00541538
vt 0.15958744 -0.02182207
vt 0.11969125 -0.01079738
vt 0.16210152 -0.01462322
vt 0.15608943 -0.02888637
vt 0.11783491 -0.01611281
vt 0.15958744 -0.02182207
vt 0.15162909 -0.03577258
vt 0.11525209 -0.02132889
vt 0.15608943 -0.02888637
vt 0.15162909 -0.03577258
vt 0.10797504 -0.03133522
vt 0.11195868 -0.02641348
vt 0.13993713 -0.04884226
vt 0.10797504 -0.03133522
vt 0.14623390 -0.04243824
vt 0.13277760 -0.05494515
vt 0.10332567 -0.03606376
vt 0.13993713 -0.04884226
vt 0.13277760 -0.05494515
vt 0.09214844 -0.04482604
vt 0.09803928 -0.04056996
vt 0.11605188 -0.06609911
vt 0.09214844 -0.04482604
vt 0.12479945 -0.06070928
vt 0.11605188 -0.06609911
vt 0.07870220 -0.05248455
vt 0.08568947 -0.04880574
vt 0.09646858 -0.07562550
vt 0.07870220 -0.05248455
vt 0.10658881 -0.07108143
vt 0.08575359 -0.07970332
vt 0.07122970 -0.05583976
vt 0.09646858 -0.07562550
vt 0.08575359 -0.07970332
vt 0.05501603 -0.06149882
vt 0.06331805 -0.05885071
vt 0.06280682 -0.08636265
vt 0.05501603 -0.06149882
vt 0.07450990 -0.08328975
vt 0.05071653 -0.08890311
vt 0.04637481 -0.06376778
vt 0.06280682 -0.08636265
vt 0.05071653 -0.08890311
vt 0.02828966 -0.06711467
vt 0.03744767 -0.06564358
vt 0.02567436 -0.09232739
vt 0.02828966 -0.06711467
vt 0.03831355 -0.09089545
vt 0.01287688 -0.09319010
vt 0.01895723 -0.06817197
vt 0.02567436 -0.09232739
vt 0.01287688 -0.09319010
vt 0.00000000 -0.06902175
vt 0.00950793 -0.06880897
vt -0.01287688 -0.09319010
vt 0.00000000 -0.06902175
vt 0.00000000 -0.09347828
vt -0.01287688 -0.09319010
vt -0.01895723 -0.06817197
vt -0.00950793 -0.06880897
vt -0.03831355 -0.09089545
vt -0.01895723 -0.06817197
vt -0.02567436 -0.09232739
vt -0.05071653 -0.08890311
vt -0.02828966 -0.06711467
vt -0.03831355 -0.09089545
vt -0.06280682 -0.08636265
vt -0.03744767 -0.06564358
vt -0.05071653 -0.08890311
vt -0.06280682 -0.08636265
vt -0.05501603 -0.06149882
vt -0.04637481 -0.06376778
vt -0.08575359 -0.07970332
vt -0.05501603 -0.06149882
vt -0.07450990 -0.08328975
vt -0.09646858 -0.07562550
vt -0.06331805 -0.05885071
vt -0.08575359 -0.07970332
vt -0.09646858 -0.07562550
vt -0.07870220 -0.05248455
vt -0.07122970 -0.05583976
vt -0.11605188 -0.06609911
vt -0.07870220 -0.05248455
vt -0.10658881 -0.07108143
vt -0.11605188 -0.06609911
vt -0.09214844 -0.04482604
vt -0.08568947 -0.04880574
vt -0.13277760 -0.05494515
vt -0.09214844 -0.04482604
vt -0.12479945 -0.06070928
vt -0.13993713 -0.04884226
vt -0.09803928 -0.04056996
vt -0.13277760 -0.05494515
vt -0.13993713 -0.04884226
vt -0.10797504 -0.03133522
vt -0.10332567 -0.03606376
vt -0.15162909 -0.03577258
vt -0.10797504 -0.03133522
vt -0.14623390 -0.04243824
vt -0.15608943 -0.02888637
vt -0.11195868 -0.02641348
vt -0.15162909 -0.03577258
vt -0.15608943 -0.02888637
vt -0.11783491 -0.01611281
vt -0.11525209 -0.02132889
vt -0.16210152 -0.01462322
vt -0.11783491 -0.01611281
vt -0.15958744 -0.02182207
vt -0.16361621 -0.00733422
vt -0.11969125 -0.01079738
vt -0.16210152 -0.01462322
vt -0.16361621 -0.00733422
vt -0.12118322 0.00000000
vt -0.12080964 -0.00541538
vt 0.00541538 0.00032129
vt 0.00000000 0.01542169
vt 0.00000000 0.00032129
vt 0.01079738 0.00032129
vt 0.00541538 0.01542169
vt 0.00541538 0.00032129
vt 0.01611281 0.00032129
vt 0.01079738 0.01542169
vt 0.01079738 0.00032129
vt 0.02132889 0.00032129
vt 0.01611281 0.01542169
vt 0.01611281 0.00032129
vt 0.02641348 0.00032129
vt 0.02132889 0.01542169
vt 0.02132889 0.00032129
vt 0.03133522 0.00032129
vt 0.02641348 0.01542169
vt 0.02641348 0.00032129
vt 0.03606376 0.00032129
vt 0.03133522 0.01542169
vt 0.03133522 0.00032129
vt 0.04056996 0.00032129
vt 0.03606376 0.01542169
vt 0.03606376 0.00032129
vt 0.04482604 0.00032129
vt 0.04056996 0.01542169
vt 0.04056996 0.00032129
vt 0.04880574 0.00032129
vt 0.04482604 0.01542169
vt 0.04482604 0.00032129
vt 0.05248455 0.00032129
vt 0.04880574 0.01542169
vt 0.04880574 0.00032129
vt 0.05583976 0.00032129
vt 0.05248455 0.01542169
vt 0.05248455 0.00032129
vt -0.06331805 0.00032129
vt -0.07122970 0.01542169
vt -0.07122970 0.00032129
vt -0.05501603 0.00032129
vt -0.06331805 0.01542169
vt -0.06331805 0.00032129
vt -0.04637481 0.00032129
vt -0.05501603 0.01542169
vt -0.05501603 0.00032129
vt -0.03744767 0.00032129
vt -0.04637481 0.01542169
vt -0.04637481 0.00032129
vt -0.02828966 0.00032129
vt -0.03744767 0.01542169
vt -0.03744767 0.00032129
vt -0.01895723 0.00032129
vt -0.02828966 0.01542169
vt -0.02828966 0.00032129
vt -0.00950793 0.00032129
vt -0.01895723 0.01542169
vt -0.01895723 0.00032129
vt -0.00000000 0.00032129
vt -0.00950793 0.01542169
vt -0.00950793 0.00032129
vt 0.00950793 0.00032129
vt -0.00000000 0.01542169
vt -0.00000000 0.00032129
vt 0.01895723 0.00032129
vt 0.00950793 0.01542169
vt 0.00950793 0.00032129
vt 0.02828966 0.00032129
vt 0.01895723 0.01542169
vt 0.01895723 0.00032129
vt 0.03744767 0.00032129
vt 0.02828966 0.01542169
vt 0.02828966 0.00032129
vt 0.04637481 0.00032129
vt 0.03744767 0.01542169
vt 0.03744767 0.00032129
vt 0.05501603 0.00032129
vt 0.04637481 0.01542169
vt 0.04637481 0.00032129
vt 0.06331805 0.00032129
vt 0.05501603 0.01542169
vt 0.05501603 0.00032129
vt 0.07122970 0.00032129
vt 0.06331805 0.01542169
vt 0.06331805 0.00032129
vt 0.05248455 0.00032129
vt 0.05583976 0.01542169
vt 0.05583976 0.00032129
vt 0.04880574 0.00032129
vt 0.05248455 0.01542169
vt 0.05248455 0.00032129
vt 0.04482604 0.00032129
vt 0.04880574 0.01542169
vt 0.04880574 0.00032129
vt 0.04056996 0.00032129
vt 0.04482604 0.01542169
vt 0.04482604 0.00032129
vt 0.03606376 0.00032129
vt 0.04056996 0.01542169
vt 0.04056996 0.00032129
vt 0.03133522 0.00032129
vt 0.03606376 0.01542169
vt 0.03606376 0.00032129
vt 0.02641348 0.00032129
vt 0.03133522 0.01542169
vt 0.03133522 0.00032129
vt 0.02132889 0.00032129
vt 0.02641348 0.01542169
vt 0.02641348 0.00032129
vt 0.01611281 0.00032129
vt 0.02132889 0.01542169
vt 0.02132889 0.00032129
vt 0.01079738 0.00032129
vt 0.01611281 0.01542169
vt 0.01611281 0.00032129
vt 0.00541538 0.00032129
vt 0.01079738 0.01542169
vt 0.01079738 0.00032129
vt 0.00000000 0.00032129
vt 0.00541538 0.01542169
vt 0.00541538 0.00032129
vt -0.00541538 0.00032129
vt 0.00000000 0.01542169
vt 0.00000000 0.00032129
vt -0.01079738 0.00032129
vt -0.00541538 0.01542169
vt -0.00541538 0.00032129
vt -0.01611281 0.00032129
vt -0.01079738 0.01542169
vt -0.01079738 0.00032129
vt -0.02132889 0.00032129
vt -0.01611281 0.01542169
vt -0.01611281 0.00032129
vt -0.02641348 0.00032129
vt -0.02132889 0.01542169
vt -0.02132889 0.00032129
vt -0.03133522 0.00032129
vt -0.02641348 0.01542169
vt -0.02641348 0.00032129
vt -0.03606376 0.00032129
vt -0.03133522 0.01542169
vt -0.03133522 0.00032129
vt -0.04056996 0.00032129
vt -0.03606376 0.01542169
vt -0.03606376 0.00032129
vt -0.04482604 0.00032129
vt -0.04056996 0.01542169
vt -0.04056996 0.00032129
vt -0.04880574 0.00032129
vt -0.04482604 0.01542169
vt -0.04482604 0.00032129
vt -0.05248455 0.00032129
vt -0.04880574 0.01542169
vt -0.04880574 0.00032129
vt -0.05583976 0.00032129
vt -0.05248455 0.01542169
vt -0.05248455 0.00032129
vt 0.06331805 0.00032129
vt 0.07122970 0.01542169
vt 0.07122970 0.00032129
vt 0.05501603 0.00032129
vt 0.06331805 0.01542169
vt 0.06331805 0.00032129
vt 0.04637481 0.00032129
vt 0.05501603 0.01542169
vt 0.05501603 0.00032129
vt 0.03744767 0.00032129
vt 0.04637481 0.01542169
vt 0.04637481 0.00032129
vt 0.02828966 0.00032129
vt 0.03744767 0.01542169
vt 0.03744767 0.00032129
vt 0.01895723 0.00032129
vt 0.02828966 0.01542169
vt 0.02828966 0.00032129
vt 0.00950793 0.00032129
vt 0.01895723 0.01542169
vt 0.01895723 0.00032129
vt 0.00000000 0.00032129
vt 0.00950793 0.01542169
vt 0.00950793 0.00032129
vt -0.00950793 0.00032129
vt 0.00000000 0.01542169
vt 0.00000000 0.00032129
vt -0.01895723 0.00032129
vt -0.00950793 0.01542169
vt -0.00950793 0.00032129
vt -0.02828966 0.00032129
vt -0.01895723 0.01542169
vt -0.01895723 0.00032129
vt -0.03744767 0.00032129
vt -0.02828966 0.01542169
vt -0.02828966 0.00032129
vt -0.04637481 0.00032129
vt -0.03744767 0.01542169
vt -0.03744767 0.00032129
vt -0.05501603 0.00032129
vt -0.04637481 0.01542169
vt -0.04637481 0.00032129
vt -0.06331805 0.00032129
vt -0.05501603 0.01542169
vt -0.05501603 0.00032129
vt -0.07122970 0.00032129
vt -0.06331805 0.01542169
vt -0.06331805 0.00032129
vt -0.05248455 0.00032129
vt -0.05583976 0.01542169
vt -0.05583976 0.00032129
vt -0.04880574 0.00032129
vt -0.05248455 0.01542169
vt -0.05248455 0.00032129
vt -0.04482604 0.00032129
vt -0.04880574 0.01542169
vt -0.04880574 0.00032129
vt -0.04056996 0.00032129
vt -0.04482604 0.01542169
vt -0.04482604 0.00032129
vt -0.03606376 0.00032129
vt -0.04056996 0.01542169
vt -0.04056996 0.00032129
vt -0.03133522 0.00032129
vt -0.03606376 0.01542169
vt -0.03606376 0.00032129
vt -0.02641348 0.00032129
vt -0.03133522 0.01542169
vt -0.03133522 0.00032129
vt -0.02132889 0.00032129
vt -0.02641348 0.01542169
vt -0.02641348 0.00032129
vt -0.01611281 0.00032129
vt -0.02132889 0.01542169
vt -0.02132889 0.00032129
vt -0.01079738 0.00032129
vt -0.01611281 0.01542169
vt -0.01611281 0.00032129
vt -0.00541538 0.00032129
vt -0.01079738 0.01542169
vt -0.01079738 0.00032129
vt 0.00000000 0.00032129
vt -0.00541538 0.01542169
vt -0.00541538 0.00032129
vt -0.05071653 -0.08890311
vt 0.13277760 -0.05494515
vt -0.05071653 0.08890311
vt -0.04637481 0.06376778
vt 0.09214844 0.04482604
vt -0.02828966 -0.06711467
vt 0.00733422 0.00096386
vt 0.00733422 0.00032129
vt 0.00000000 0.00032129
vt 0.01462322 0.00096386
vt 0.01462322 0.00032129
vt 0.00733422 0.00032129
vt 0.02182207 0.00096386
vt 0.02182207 0.00032129
vt 0.01462322 0.00032129
vt 0.02888637 0.00096386
vt 0.02888637 0.00032129
vt 0.02182207 0.00032129
vt 0.03577258 0.00096386
vt 0.03577258 0.00032129
vt 0.02888637 0.00032129
vt 0.04243824 0.00096386
vt 0.04243824 0.00032129
vt 0.03577258 0.00032129
vt 0.04884226 0.00096386
vt 0.04884226 0.00032129
vt 0.04243824 0.00032129
vt 0.05494515 0.00096386
vt 0.05494515 0.00032129
vt 0.04884226 0.00032129
vt 0.06070928 0.00096386
vt 0.06070928 0.00032129
vt 0.05494515 0.00032129
vt 0.06609911 0.00096386
vt 0.06609911 0.00032129
vt 0.06070928 0.00032129
vt 0.07108143 0.00096386
vt 0.07108143 0.00032129
vt 0.06609911 0.00032129
vt 0.07562550 0.00096386
vt 0.07562550 0.00032129
vt 0.07108143 0.00032129
vt -0.08575359 0.00096386
vt -0.08575359 0.00032129
vt -0.09646858 0.00032129
vt -0.07450990 0.00096386
vt -0.07450990 0.00032129
vt -0.08575359 0.00032129
vt -0.06280682 0.00096386
vt -0.06280682 0.00032129
vt -0.07450990 0.00032129
vt -0.05071653 0.00096386
vt -0.05071653 0.00032129
vt -0.06280682 0.00032129
vt -0.03831355 0.00096386
vt -0.03831355 0.00032129
vt -0.05071653 0.00032129
vt -0.02567436 0.00096386
vt -0.02567436 0.00032129
vt -0.03831355 0.00032129
vt -0.01287688 0.00096386
vt -0.01287688 0.00032129
vt -0.02567436 0.00032129
vt -0.00000000 0.00096386
vt -0.00000000 0.00032129
vt -0.01287688 0.00032129
vt 0.01287688 0.00096386
vt 0.01287688 0.00032129
vt -0.00000000 0.00032129
vt 0.02567436 0.00096386
vt 0.02567436 0.00032129
vt 0.01287688 0.00032129
vt 0.03831355 0.00096386
vt 0.03831355 0.00032129
vt 0.02567436 0.00032129
vt 0.05071653 0.00096386
vt 0.05071653 0.00032129
vt 0.03831355 0.00032129
vt 0.06280682 0.00096386
vt 0.06280682 0.00032129
vt 0.05071653 0.00032129
vt 0.07450990 0.00096386
vt 0.07450990 0.00032129
vt 0.06280682 0.00032129
vt 0.08575359 0.00096386
vt 0.08575359 0.00032129
vt 0.07450990 0.00032129
vt 0.09646858 0.00096386
vt 0.09646858 0.00032129
vt 0.08575359 0.00032129
vt 0.07108143 0.00096386
vt 0.07108143 0.00032129
vt 0.07562550 0.00032129
vt 0.06609911 0.00096386
vt 0.06609911 0.00032129
vt 0.07108143 0.00032129
vt 0.06070928 0.00096386
vt 0.06070928 0.00032129
vt 0.06609911 0.00032129
vt 0.05494515 0.00096386
vt 0.05494515 0.00032129
vt 0.06070928 0.00032129
vt 0.04884226 0.00096386
vt 0.04884226 0.00032129
vt 0.05494515 0.00032129
vt 0.04243824 0.00096386
vt 0.04243824 0.00032129
vt 0.04884226 0.00032129
vt 0.03577258 0.00096386
vt 0.03577258 0.00032129
vt 0.04243824 0.00032129
vt 0.02888637 0.00096386
vt 0.02888637 0.00032129
vt 0.03577258 0.00032129
vt 0.02182207 0.00096386
vt 0.02182207 0.00032129
vt 0.02888637 0.00032129
vt 0.01462322 0.00096386
vt 0.01462322 0.00032129
vt 0.02182207 0.00032129
vt 0.00733422 0.00096386
vt 0.00733422 0.00032129
vt 0.01462322 0.00032129
vt 0.00000000 0.00096386
vt 0.00000000 0.00032129
vt 0.00733422 0.00032129
vt -0.00733422 0.00096386
vt -0.00733422 0.00032129
vt 0.00000000 0.00032129
vt -0.01462322 0.00096386
vt -0.01462322 0.00032129
vt -0.00733422 0.00032129
vt -0.02182207 0.00096386
vt -0.02182207 0.00032129
vt -0.01462322 0.00032129
vt -0.02888637 0.00096386
vt -0.02888637 0.00032129
vt -0.02182207 0.00032129
vt -0.03577258 0.00096386
vt -0.03577258 0.00032129
vt -0.02888637 0.00032129
vt -0.04243824 0.00096386
vt -0.04243824 0.00032129
vt -0.03577258 0.00032129
vt -0.04884226 0.00096386
vt -0.04884226 0.00032129
vt -0.04243824 0.00032129
vt -0.05494515 0.00096386
vt -0.05494515 0.00032129
vt -0.04884226 0.00032129
vt -0.06070928 0.00096386
vt -0.06070928 0.00032129
vt -0.05494515 0.00032129
vt -0.06609911 0.00096386
vt -0.06609911 0.00032129
vt -0.06070928 0.00032129
vt -0.07108143 0.00096386
vt -0.07108143 0.00032129
vt -0.06609911 0.00032129
vt -0.07562550 0.00096386
vt -0.07562550 0.00032129
vt -0.07108143 0.00032129
vt 0.08575359 0.00096386
vt 0.08575359 0.00032129
vt 0.09646858 0.00032129
vt 0.07450990 0.00096386
vt 0.07450990 0.00032129
vt 0.08575359 0.00032129
vt 0.06280682 0.00096386
vt 0.06280682 0.00032129
vt 0.07450990 0.00032129
vt 0.05071653 0.00096386
vt 0.05071653 0.00032129
vt 0.06280682 0.00032129
vt 0.03831355 0.00096386
vt 0.03831355 0.00032129
vt 0.05071653 0.00032129
vt 0.02567436 0.00096386
vt 0.02567436 0.00032129
vt 0.03831355 0.00032129
vt 0.01287688 0.00096386
vt 0.01287688 0.00032129
vt 0.02567436 0.00032129
vt 0.00000000 0.00096386
vt 0.00000000 0.00032129
vt 0.01287688 0.00032129
vt -0.01287688 0.00096386
vt -0.01287688 0.00032129
vt 0.00000000 0.00032129
vt -0.02567436 0.00096386
vt -0.02567436 0.00032129
vt -0.01287688 0.00032129
vt -0.03831355 0.00096386
vt -0.03831355 0.00032129
vt -0.02567436 0.00032129
vt -0.05071653 0.00096386
vt -0.05071653 0.00032129
vt -0.03831355 0.00032129
vt -0.06280682 0.00096386
vt -0.06280682 0.00032129
vt -0.05071653 0.00032129
vt -0.07450990 0.00096386
vt -0.07450990 0.00032129
vt -0.06280682 0.00032129
vt -0.08575359 0.00096386
vt -0.08575359 0.00032129
vt -0.07450990 0.00032129
vt -0.09646858 0.00096386
vt -0.09646858 0.00032129
vt -0.08575359 0.00032129
vt -0.07108143 0.00096386
vt -0.07108143 0.00032129
vt -0.07562550 0.00032129
vt -0.06609911 0.00096386
vt -0.06609911 0.00032129
vt -0.07108143 0.00032129
vt -0.06070928 0.00096386
vt -0.06070928 0.00032129
vt -0.06609911 0.00032129
vt -0.05494515 0.00096386
vt -0.05494515 0.00032129
vt -0.06070928 0.00032129
vt -0.04884226 0.00096386
vt -0.04884226 0.00032129
vt -0.05494515 0.00032129
vt -0.04243824 0.00096386
vt -0.04243824 0.00032129
vt -0.04884226 0.00032129
vt -0.03577258 0.00096386
vt -0.03577258 0.00032129
vt -0.04243824 0.00032129
vt -0.02888637 0.00096386
vt -0.02888637 0.00032129
vt -0.03577258 0.00032129
vt -0.02182207 0.00096386
vt -0.02182207 0.00032129
vt -0.02888637 0.00032129
vt -0.01462322 0.00096386
vt -0.01462322 0.00032129
vt -0.02182207 0.00032129
vt -0.00733422 0.00096386
vt -0.00733422 0.00032129
vt -0.01462322 0.00032129
vt 0.00000000 0.00096386
vt 0.00000000 0.00032129
vt -0.00733422 0.00032129
vt -0.16361621 0.00733422
vt -0.12080964 0.00541538
vt -0.12118322 0.00000000
vt -0.16361621 0.00733422
vt -0.16210152 0.01462322
vt -0.11969125 0.01079738
vt -0.15958744 0.02182207
vt -0.11783491 0.01611281
vt -0.11969125 0.01079738
vt -0.15608943 0.02888637
vt -0.11525209 0.02132889
vt -0.11783491 0.01611281
vt -0.15162909 0.03577258
vt -0.11195868 0.02641348
vt -0.11525209 0.02132889
vt -0.15162909 0.03577258
vt -0.14623390 0.04243824
vt -0.10797504 0.03133522
vt -0.13993713 0.04884226
vt -0.10332567 0.03606376
vt -0.10797504 0.03133522
vt -0.13277760 0.05494515
vt -0.09803928 0.04056996
vt -0.10332567 0.03606376
vt -0.13277760 0.05494515
vt -0.12479945 0.06070928
vt -0.09214844 0.04482604
vt -0.11605188 0.06609911
vt -0.08568947 0.04880574
vt -0.09214844 0.04482604
vt -0.11605188 0.06609911
vt -0.10658881 0.07108143
vt -0.07870220 0.05248455
vt -0.09646858 0.07562550
vt -0.07122970 0.05583976
vt -0.07870220 0.05248455
vt -0.08575359 0.07970332
vt -0.06331805 0.05885071
vt -0.07122970 0.05583976
vt -0.08575359 0.07970332
vt -0.07450990 0.08328975
vt -0.05501603 0.06149882
vt -0.06280682 0.08636265
vt -0.04637481 0.06376778
vt -0.05501603 0.06149882
vt -0.05071653 0.08890311
vt -0.03744767 0.06564358
vt -0.04637481 0.06376778
vt -0.05071653 0.08890311
vt -0.03831355 0.09089545
vt -0.02828966 0.06711467
vt -0.02567436 0.09232739
vt -0.01895723 0.06817197
vt -0.02828966 0.06711467
vt -0.01287688 0.09319010
vt -0.00950793 0.06880897
vt -0.01895723 0.06817197
vt -0.01287688 0.09319010
vt -0.00000000 0.09347828
vt -0.00000000 0.06902175
vt 0.01287688 0.09319010
vt 0.00950793 0.06880897
vt -0.00000000 0.06902175
vt 0.01287688 0.09319010
vt 0.02567436 0.09232739
vt 0.01895723 0.06817197
vt 0.03831355 0.09089545
vt 0.02828966 0.06711467
vt 0.01895723 0.06817197
vt 0.05071653 0.08890311
vt 0.03744767 0.06564358
vt 0.02828966 0.06711467
vt 0.06280682 0.08636265
vt 0.04637481 0.06376778
vt 0.03744767 0.06564358
vt 0.06280682 0.08636265
vt 0.07450990 0.08328975
vt 0.05501603 0.06149882
vt 0.08575359 0.07970332
vt 0.06331805 0.05885071
vt 0.05501603 0.06149882
vt 0.09646858 0.07562550
vt 0.07122970 0.05583976
vt 0.06331805 0.05885071
vt 0.09646858 0.07562550
vt 0.10658881 0.07108143
vt 0.07870220 0.05248455
vt 0.11605188 0.06609911
vt 0.08568947 0.04880574
vt 0.07870220 0.05248455
vt 0.11605188 0.06609911
vt 0.12479945 0.06070928
vt 0.09214844 0.04482604
vt 0.13277760 0.05494515
vt 0.09803928 0.04056996
vt 0.09214844 0.04482604
vt 0.13993713 0.04884226
vt 0.10332567 0.03606376
vt 0.09803928 0.04056996
vt 0.13993713 0.04884226
vt 0.14623390 0.04243824
vt 0.10797504 0.03133522
vt 0.15162909 0.03577258
vt 0.11195868 0.02641348
vt 0.10797504 0.03133522
vt 0.15608943 0.02888637
vt 0.11525209 0.02132889
vt 0.11195868 0.02641348
vt 0.15608943 0.02888637
vt 0.15958744 0.02182207
vt 0.11783491 0.01611281
vt 0.16210152 0.01462322
vt 0.11969125 0.01079738
vt 0.11783491 0.01611281
vt 0.16361621 0.00733422
vt 0.12080964 0.00541538
vt 0.11969125 0.01079738
vt 0.16361621 0.00733422
vt 0.16412216 0.00000000
vt 0.12118322 0.00000000
vt 0.16361621 -0.00733422
vt 0.12080964 -0.00541538
vt 0.12118322 0.00000000
vt 0.16361621 -0.00733422
vt 0.16210152 -0.01462322
vt 0.11969125 -0.01079738
vt 0.15958744 -0.02182207
vt 0.11783491 -0.01611281
vt 0.11969125 -0.01079738
vt 0.15608943 -0.02888637
vt 0.11525209 -0.02132889
vt 0.11783491 -0.01611281
vt 0.15162909 -0.03577258
vt 0.11195868 -0.02641348
vt 0.11525209 -0.02132889
vt 0.15162909 -0.03577258
vt 0.14623390 -0.04243824
vt 0.10797504 -0.03133522
vt 0.13993713 -0.04884226
vt 0.10332567 -0.03606376
vt 0.10797504 -0.03133522
vt 0.13277760 -0.05494515
vt 0.09803928 -0.04056996
vt 0.10332567 -0.03606376
vt 0.13277760 -0.05494515
vt 0.12479945 -0.06070928
vt 0.09214844 -0.04482604
vt 0.11605188 -0.06609911
vt 0.08568947 -0.04880574
vt 0.09214844 -0.04482604
vt 0.11605188 -0.06609911
vt 0.10658881 -0.07108143
vt 0.07870220 -0.05248455
vt 0.09646858 -0.07562550
vt 0.07122970 -0.05583976
vt 0.07870220 -0.05248455
vt 0.08575359 -0.07970332
vt 0.06331805 -0.05885071
vt 0.07122970 -0.05583976
vt 0.08575359 -0.07970332
vt 0.07450990 -0.08328975
vt 0.05501603 -0.06149882
vt 0.06280682 -0.08636265
vt 0.04637481 -0.06376778
vt 0.05501603 -0.06149882
vt 0.05071653 -0.08890311
vt 0.03744767 -0.06564358
vt 0.04637481 -0.06376778
vt 0.05071653 -0.08890311
vt 0.03831355 -0.09089545
vt 0.02828966 -0.06711467
vt 0.02567436 -0.09232739
vt 0.01895723 -0.06817197
vt 0.02828966 -0.06711467
vt 0.01287688 -0.09319010
vt 0.00950793 -0.06880897
vt 0.01895723 -0.06817197
vt 0.01287688 -0.09319010
vt 0.00000000 -0.09347828
vt 0.00000000 -0.06902175
vt -0.01287688 -0.09319010
vt -0.00950793 -0.06880897
vt 0.00000000 -0.06902175
vt -0.01287688 -0.09319010
vt -0.02567436 -0.09232739
vt -0.01895723 -0.06817197
vt -0.03831355 -0.09089545
vt -0.02828966 -0.06711467
vt -0.01895723 -0.06817197
vt -0.05071653 -0.08890311
vt -0.03744767 -0.06564358
vt -0.02828966 -0.06711467
vt -0.06280682 -0.08636265
vt -0.04637481 -0.06376778
vt -0.03744767 -0.06564358
vt -0.06280682 -0.08636265
vt -0.07450990 -0.08328975
vt -0.05501603 -0.06149882
vt -0.08575359 -0.07970332
vt -0.06331805 -0.05885071
vt -0.05501603 -0.06149882
vt -0.09646858 -0.07562550
vt -0.07122970 -0.05583976
vt -0.06331805 -0.05885071
vt -0.09646858 -0.07562550
vt -0.10658881 -0.07108143
vt -0.07870220 -0.05248455
vt -0.11605188 -0.06609911
vt -0.08568947 -0.04880574
vt -0.07870220 -0.05248455
vt -0.11605188 -0.06609911
vt -0.12479945 -0.06070928
vt -0.09214844 -0.04482604
vt -0.13277760 -0.05494515
vt -0.09803928 -0.04056996
vt -0.09214844 -0.04482604
vt -0.13993713 -0.04884226
vt -0.10332567 -0.03606376
vt -0.09803928 -0.04056996
vt -0.13993713 -0.04884226
vt -0.14623390 -0.04243824
vt -0.10797504 -0.03133522
vt -0.15162909 -0.03577258
vt -0.11195868 -0.02641348
vt -0.10797504 -0.03133522
vt -0.15608943 -0.02888637
vt -0.11525209 -0.02132889
vt -0.11195868 -0.02641348
vt -0.15608943 -0.02888637
vt -0.15958744 -0.02182207
vt -0.11783491 -0.01611281
vt -0.16210152 -0.01462322
vt -0.11969125 -0.01079738
vt -0.11783491 -0.01611281
vt -0.16361621 -0.00733422
vt -0.12080964 -0.00541538
vt -0.11969125 -0.01079738
vt -0.16361621 -0.00733422
vt -0.16412216 0.00000000
vt -0.12118322 0.00000000
vt 0.00541538 0.00032129
vt 0.00541538 0.01542169
vt 0.00000000 0.01542169
vt 0.01079738 0.00032129
vt 0.01079738 0.01542169
vt 0.00541538 0.01542169
vt 0.01611281 0.00032129
vt 0.01611281 0.01542169
vt 0.01079738 0.01542169
vt 0.02132889 0.00032129
vt 0.02132889 0.01542169
vt 0.01611281 0.01542169
vt 0.02641348 0.00032129
vt 0.02641348 0.01542169
vt 0.02132889 0.01542169
vt 0.03133522 0.00032129
vt 0.03133522 0.01542169
vt 0.02641348 0.01542169
vt 0.03606376 0.00032129
vt 0.03606376 0.01542169
vt 0.03133522 0.01542169
vt 0.04056996 0.00032129
vt 0.04056996 0.01542169
vt 0.03606376 0.01542169
vt 0.04482604 0.00032129
vt 0.04482604 0.01542169
vt 0.04056996 0.01542169
vt 0.04880574 0.00032129
vt 0.04880574 0.01542169
vt 0.04482604 0.01542169
vt 0.05248455 0.00032129
vt 0.05248455 0.01542169
vt 0.04880574 0.01542169
vt 0.05583976 0.00032129
vt 0.05583976 0.01542169
vt 0.05248455 0.01542169
vt -0.06331805 0.00032129
vt -0.06331805 0.01542169
vt -0.07122970 0.01542169
vt -0.05501603 0.00032129
vt -0.05501603 0.01542169
vt -0.06331805 0.01542169
vt -0.04637481 0.00032129
vt -0.04637481 0.01542169
vt -0.05501603 0.01542169
vt -0.03744767 0.00032129
vt -0.03744767 0.01542169
vt -0.04637481 0.01542169
vt -0.02828966 0.00032129
vt -0.02828966 0.01542169
vt -0.03744767 0.01542169
vt -0.01895723 0.00032129
vt -0.01895723 0.01542169
vt -0.02828966 0.01542169
vt -0.00950793 0.00032129
vt -0.00950793 0.01542169
vt -0.01895723 0.01542169
vt -0.00000000 0.00032129
vt -0.00000000 0.01542169
vt -0.00950793 0.01542169
vt 0.00950793 0.00032129
vt 0.00950793 0.01542169
vt -0.00000000 0.01542169
vt 0.01895723 0.00032129
vt 0.01895723 0.01542169
vt 0.00950793 0.01542169
vt 0.02828966 0.00032129
vt 0.02828966 0.01542169
vt 0.01895723 0.01542169
vt 0.03744767 0.00032129
vt 0.03744767 0.01542169
vt 0.02828966 0.01542169
vt 0.04637481 0.00032129
vt 0.04637481 0.01542169
vt 0.03744767 0.01542169
vt 0.05501603 0.00032129
vt 0.05501603 0.01542169
vt 0.04637481 0.01542169
vt 0.06331805 0.00032129
vt 0.06331805 0.01542169
vt 0.05501603 0.01542169
vt 0.07122970 0.00032129
vt 0.07122970 0.01542169
vt 0.06331805 0.01542169
vt 0.05248455 0.00032129
vt 0.05248455 0.01542169
vt 0.05583976 0.01542169
vt 0.04880574 0.00032129
vt 0.04880574 0.01542169
vt 0.05248455 0.01542169
vt 0.04482604 0.00032129
vt 0.04482604 0.01542169
vt 0.04880574 0.01542169
vt 0.04056996 0.00032129
vt 0.04056996 0.01542169
vt 0.04482604 0.01542169
vt 0.03606376 0.00032129
vt 0.03606376 0.01542169
vt 0.04056996 0.01542169
vt 0.03133522 0.00032129
vt 0.03133522 0.01542169
vt 0.03606376 0.01542169
vt 0.02641348 0.00032129
vt 0.02641348 0.01542169
vt 0.03133522 0.01542169
vt 0.02132889 0.00032129
vt 0.02132889 0.01542169
vt 0.02641348 0.01542169
vt 0.01611281 0.00032129
vt 0.01611281 0.01542169
vt 0.02132889 0.01542169
vt 0.01079738 0.00032129
vt 0.01079738 0.01542169
vt 0.01611281 0.01542169
vt 0.00541538 0.00032129
vt 0.00541538 0.01542169
vt 0.01079738 0.01542169
vt 0.00000000 0.00032129
vt 0.00000000 0.01542169
vt 0.00541538 0.01542169
vt -0.00541538 0.00032129
vt -0.00541538 0.01542169
vt 0.00000000 0.01542169
vt -0.01079738 0.00032129
vt -0.01079738 0.01542169
vt -0.00541538 0.01542169
vt -0.01611281 0.00032129
vt -0.01611281 0.01542169
vt -0.01079738 0.01542169
vt -0.02132889 0.00032129
vt -0.02132889 0.01542169
vt -0.01611281 0.01542169
vt -0.02641348 0.00032129
vt -0.02641348 0.01542169
vt -0.02132889 0.01542169
vt -0.03133522 0.00032129
vt -0.03133522 0.01542169
vt -0.02641348 0.01542169
vt -0.03606376 0.00032129
vt -0.03606376 0.01542169
vt -0.03133522 0.01542169
vt -0.04056996 0.00032129
vt -0.04056996 0.01542169
vt -0.03606376 0.01542169
vt -0.04482604 0.00032129
vt -0.04482604 0.01542169
vt -0.04056996 0.01542169
vt -0.04880574 0.00032129
vt -0.04880574 0.01542169
vt -0.04482604 0.01542169
vt -0.05248455 0.00032129
vt -0.05248455 0.01542169
vt -0.04880574 0.01542169
vt -0.05583976 0.00032129
vt -0.05583976 0.01542169
vt -0.05248455 0.01542169
vt 0.06331805 0.00032129
vt 0.06331805 0.01542169
vt 0.07122970 0.01542169
vt 0.05501603 0.00032129
vt 0.05501603 0.01542169
vt 0.06331805 0.01542169
vt 0.04637481 0.00032129
vt 0.04637481 0.01542169
vt 0.05501603 0.01542169
vt 0.03744767 0.00032129
vt 0.03744767 0.01542169
vt 0.04637481 0.01542169
vt 0.02828966 0.00032129
vt 0.02828966 0.01542169
vt 0.03744767 0.01542169
vt 0.01895723 0.00032129
vt 0.01895723 0.01542169
vt 0.02828966 0.01542169
vt 0.00950793 0.00032129
vt 0.00950793 0.01542169
vt 0.01895723 0.01542169
vt 0.00000000 0.00032129
vt 0.00000000 0.01542169
vt 0.00950793 0.01542169
vt -0.00950793 0.00032129
vt -0.00950793 0.01542169
vt 0.00000000 0.01542169
vt -0.01895723 0.00032129
vt -0.01895723 0.01542169
vt -0.00950793 0.01542169
vt -0.02828966 0.00032129
vt -0.02828966 0.01542169
vt -0.01895723 0.01542169
vt -0.03744767 0.00032129
vt -0.03744767 0.01542169
vt -0.02828966 0.01542169
vt -0.04637481 0.00032129
vt -0.04637481 0.01542169
vt -0.03744767 0.01542169
vt -0.05501603 0.00032129
vt -0.05501603 0.01542169
vt -0.04637481 0.01542169
vt -0.06331805 0.00032129
vt -0.06331805 0.01542169
vt -0.05501603 0.01542169
vt -0.07122970 0.00032129
vt -0.07122970 0.01542169
vt -0.06331805 0.01542169
vt -0.05248455 0.00032129
vt -0.05248455 0.01542169
vt -0.05583976 0.01542169
vt -0.04880574 0.00032129
vt -0.04880574 0.01542169
vt -0.05248455 0.01542169
vt -0.04482604 0.00032129
vt -0.04482604 0.01542169
vt -0.04880574 0.01542169
vt -0.04056996 0.00032129
vt -0.04056996 0.01542169
vt -0.04482604 0.01542169
vt -0.03606376 0.00032129
vt -0.03606376 0.01542169
vt -0.04056996 0.01542169
vt -0.03133522 0.00032129
vt -0.03133522 0.01542169
vt -0.03606376 0.01542169
vt -0.02641348 0.00032129
vt -0.02641348 0.01542169
vt -0.03133522 0.01542169
vt -0.02132889 0.00032129
vt -0.02132889 0.01542169
vt -0.02641348 0.01542169
vt -0.01611281 0.00032129
vt -0.01611281 0.01542169
vt -0.02132889 0.01542169
vt -0.01079738 0.00032129
vt -0.01079738 0.01542169
vt -0.01611281 0.01542169
vt -0.00541538 0.00032129
vt -0.00541538 0.01542169
vt -0.01079738 0.01542169
vt 0.00000000 0.00032129
vt 0.00000000 0.01542169
vt -0.00541538 0.01542169
vt -0.16412216 0.00000000
vt -0.16361621 -0.00733422
vt -0.15608943 -0.02888637
vt -0.16361621 -0.00733422
vt -0.16210152 -0.01462322
vt -0.15608943 -0.02888637
vt -0.16210152 -0.01462322
vt -0.15958744 -0.02182207
vt -0.15608943 -0.02888637
vt -0.15608943 -0.02888637
vt -0.15162909 -0.03577258
vt -0.13277760 -0.05494515
vt -0.15162909 -0.03577258
vt -0.14623390 -0.04243824
vt -0.13277760 -0.05494515
vt -0.14623390 -0.04243824
vt -0.13993713 -0.04884226
vt -0.13277760 -0.05494515
vt -0.13277760 -0.05494515
vt -0.12479945 -0.06070928
vt -0.11605188 -0.06609911
vt -0.11605188 -0.06609911
vt -0.10658881 -0.07108143
vt -0.09646858 -0.07562550
vt -0.09646858 -0.07562550
vt -0.08575359 -0.07970332
vt -0.07450990 -0.08328975
vt -0.07450990 -0.08328975
vt -0.06280682 -0.08636265
vt -0.09646858 -0.07562550
vt -0.06280682 -0.08636265
vt -0.05071653 -0.08890311
vt -0.09646858 -0.07562550
vt -0.05071653 -0.08890311
vt -0.03831355 -0.09089545
vt -0.02567436 -0.09232739
vt -0.02567436 -0.09232739
vt -0.01287688 -0.09319010
vt -0.05071653 -0.08890311
vt -0.01287688 -0.09319010
vt 0.00000000 -0.09347828
vt -0.05071653 -0.08890311
vt 0.00000000 -0.09347828
vt 0.01287688 -0.09319010
vt 0.05071653 -0.08890311
vt 0.01287688 -0.09319010
vt 0.02567436 -0.09232739
vt 0.05071653 -0.08890311
vt 0.02567436 -0.09232739
vt 0.03831355 -0.09089545
vt 0.05071653 -0.08890311
vt 0.05071653 -0.08890311
vt 0.06280682 -0.08636265
vt 0.09646858 -0.07562550
vt 0.06280682 -0.08636265
vt 0.07450990 -0.08328975
vt 0.09646858 -0.07562550
vt 0.07450990 -0.08328975
vt 0.08575359 -0.07970332
vt 0.09646858 -0.07562550
vt 0.09646858 -0.07562550
vt 0.10658881 -0.07108143
vt 0.11605188 -0.06609911
vt 0.11605188 -0.06609911
vt 0.12479945 -0.06070928
vt 0.13277760 -0.05494515
vt 0.13277760 -0.05494515
vt 0.13993713 -0.04884226
vt 0.14623390 -0.04243824
vt 0.14623390 -0.04243824
vt 0.15162909 -0.03577258
vt 0.13277760 -0.05494515
vt 0.15162909 -0.03577258
vt 0.15608943 -0.02888637
vt 0.13277760 -0.05494515
vt 0.15608943 -0.02888637
vt 0.15958744 -0.02182207
vt 0.16210152 -0.01462322
vt 0.16210152 -0.01462322
vt 0.16361621 -0.00733422
vt 0.15608943 -0.02888637
vt 0.16361621 -0.00733422
vt 0.16412216 0.00000000
vt 0.15608943 -0.02888637
vt 0.16412216 0.00000000
vt 0.16361621 0.00733422
vt 0.15608943 0.02888637
vt 0.16361621 0.00733422
vt 0.16210152 0.01462322
vt 0.15608943 0.02888637
vt 0.16210152 0.01462322
vt 0.15958744 0.02182207
vt 0.15608943 0.02888637
vt 0.15608943 0.02888637
vt 0.15162909 0.03577258
vt 0.13277760 0.05494515
vt 0.15162909 0.03577258
vt 0.14623390 0.04243824
vt 0.13277760 0.05494515
vt 0.14623390 0.04243824
vt 0.13993713 0.04884226
vt 0.13277760 0.05494515
vt 0.13277760 0.05494515
vt 0.12479945 0.06070928
vt 0.11605188 0.06609911
vt 0.11605188 0.06609911
vt 0.10658881 0.07108143
vt 0.09646858 0.07562550
vt 0.09646858 0.07562550
vt 0.08575359 0.07970332
vt 0.07450990 0.08328975
vt 0.07450990 0.08328975
vt 0.06280682 0.08636265
vt 0.09646858 0.07562550
vt 0.06280682 0.08636265
vt 0.05071653 0.08890311
vt 0.09646858 0.07562550
vt 0.05071653 0.08890311
vt 0.03831355 0.09089545
vt 0.02567436 0.09232739
vt 0.02567436 0.09232739
vt 0.01287688 0.09319010
vt 0.05071653 0.08890311
vt 0.01287688 0.09319010
vt -0.00000000 0.09347828
vt 0.05071653 0.08890311
vt -0.00000000 0.09347828
vt -0.01287688 0.09319010
vt -0.02567436 0.09232739
vt -0.02567436 0.09232739
vt -0.03831355 0.09089545
vt -0.05071653 0.08890311
vt -0.05071653 0.08890311
vt -0.06280682 0.08636265
vt -0.09646858 0.07562550
vt -0.06280682 0.08636265
vt -0.07450990 0.08328975
vt -0.09646858 0.07562550
vt -0.07450990 0.08328975
vt -0.08575359 0.07970332
vt -0.09646858 0.07562550
vt -0.09646858 0.07562550
vt -0.10658881 0.07108143
vt -0.11605188 0.06609911
vt -0.11605188 0.06609911
vt -0.12479945 0.06070928
vt -0.13277760 0.05494515
vt -0.13277760 0.05494515
vt -0.13993713 0.04884226
vt -0.14623390 0.04243824
vt -0.14623390 0.04243824
vt -0.15162909 0.03577258
vt -0.13277760 0.05494515
vt -0.15162909 0.03577258
vt -0.15608943 0.02888637
vt -0.13277760 0.05494515
vt -0.15608943 0.02888637
vt -0.15958744 0.02182207
vt -0.16210152 0.01462322
vt -0.16210152 0.01462322
vt -0.16361621 0.00733422
vt -0.15608943 0.02888637
vt -0.16361621 0.00733422
vt -0.16412216 0.00000000
vt -0.15608943 0.02888637
vt -0.13277760 -0.05494515
vt -0.11605188 -0.06609911
vt -0.05071653 -0.08890311
vt -0.11605188 -0.06609911
vt -0.09646858 -0.07562550
vt -0.05071653 -0.08890311
vt 0.09646858 -0.07562550
vt 0.11605188 -0.06609911
vt 0.05071653 -0.08890311
vt 0.11605188 -0.06609911
vt 0.13277760 -0.05494515
vt 0.05071653 -0.08890311
vt 0.13277760 0.05494515
vt 0.11605188 0.06609911
vt 0.05071653 0.08890311
vt 0.11605188 0.06609911
vt 0.09646858 0.07562550
vt 0.05071653 0.08890311
vt -0.00000000 0.09347828
vt -0.02567436 0.09232739
vt 0.05071653 0.08890311
vt -0.02567436 0.09232739
vt -0.05071653 0.08890311
vt 0.05071653 0.08890311
vt -0.09646858 0.07562550
vt -0.11605188 0.06609911
vt -0.05071653 0.08890311
vt -0.11605188 0.06609911
vt -0.13277760 0.05494515
vt -0.05071653 0.08890311
vt -0.16412216 0.00000000
vt -0.15608943 -0.02888637
vt -0.05071653 -0.08890311
vt -0.15608943 -0.02888637
vt -0.13277760 -0.05494515
vt -0.05071653 -0.08890311
vt -0.05071653 -0.08890311
vt 0.00000000 -0.09347828
vt 0.05071653 -0.08890311
vt 0.13277760 -0.05494515
vt 0.15608943 -0.02888637
vt 0.16412216 0.00000000
vt 0.16412216 0.00000000
vt 0.15608943 0.02888637
vt 0.13277760 -0.05494515
vt 0.15608943 0.02888637
vt 0.13277760 0.05494515
vt 0.13277760 -0.05494515
vt -0.13277760 0.05494515
vt -0.15608943 0.02888637
vt -0.16412216 0.00000000
vt -0.05071653 -0.08890311
vt 0.05071653 -0.08890311
vt 0.13277760 -0.05494515
vt 0.13277760 0.05494515
vt 0.05071653 0.08890311
vt 0.13277760 -0.05494515
vt 0.05071653 0.08890311
vt -0.05071653 0.08890311
vt 0.13277760 -0.05494515
vt -0.05071653 0.08890311
vt -0.13277760 0.05494515
vt -0.16412216 0.00000000
vt -0.16412216 0.00000000
vt -0.05071653 -0.08890311
vt -0.05071653 0.08890311
vt -0.12080964 -0.00541538
vt -0.12118322 0.00000000
vt -0.12080964 0.00541538
vt -0.12080964 0.00541538
vt -0.11969125 0.01079738
vt -0.11783491 0.01611281
vt -0.11783491 0.01611281
vt -0.11525209 0.02132889
vt -0.11195868 0.02641348
vt -0.11195868 0.02641348
vt -0.10797504 0.03133522
vt -0.10332567 0.03606376
vt -0.10332567 0.03606376
vt -0.09803928 0.04056996
vt -0.09214844 0.04482604
vt -0.09214844 0.04482604
vt -0.08568947 0.04880574
vt -0.10332567 0.03606376
vt -0.08568947 0.04880574
vt -0.07870220 0.05248455
vt -0.10332567 0.03606376
vt -0.07870220 0.05248455
vt -0.07122970 0.05583976
vt -0.06331805 0.05885071
vt -0.06331805 0.05885071
vt -0.05501603 0.06149882
vt -0.04637481 0.06376778
vt -0.04637481 0.06376778
vt -0.03744767 0.06564358
vt -0.00950793 0.06880897
vt -0.03744767 0.06564358
vt -0.02828966 0.06711467
vt -0.00950793 0.06880897
vt -0.02828966 0.06711467
vt -0.01895723 0.06817197
vt -0.00950793 0.06880897
vt -0.00950793 0.06880897
vt -0.00000000 0.06902175
vt 0.00950793 0.06880897
vt 0.00950793 0.06880897
vt 0.01895723 0.06817197
vt 0.02828966 0.06711467
vt 0.02828966 0.06711467
vt 0.03744767 0.06564358
vt 0.04637481 0.06376778
vt 0.04637481 0.06376778
vt 0.05501603 0.06149882
vt 0.06331805 0.05885071
vt 0.06331805 0.05885071
vt 0.07122970 0.05583976
vt 0.07870220 0.05248455
vt 0.07870220 0.05248455
vt 0.08568947 0.04880574
vt 0.06331805 0.05885071
vt 0.08568947 0.04880574
vt 0.09214844 0.04482604
vt 0.06331805 0.05885071
vt 0.09214844 0.04482604
vt 0.09803928 0.04056996
vt 0.11195868 0.02641348
vt 0.09803928 0.04056996
vt 0.10332567 0.03606376
vt 0.11195868 0.02641348
vt 0.10332567 0.03606376
vt 0.10797504 0.03133522
vt 0.11195868 0.02641348
vt 0.11195868 0.02641348
vt 0.11525209 0.02132889
vt 0.12080964 0.00541538
vt 0.11525209 0.02132889
vt 0.11783491 0.01611281
vt 0.12080964 0.00541538
vt 0.11783491 0.01611281
vt 0.11969125 0.01079738
vt 0.12080964 0.00541538
vt 0.12080964 0.00541538
vt 0.12118322 0.00000000
vt 0.12080964 -0.00541538
vt 0.12080964 -0.00541538
vt 0.11969125 -0.01079738
vt 0.11783491 -0.01611281
vt 0.11783491 -0.01611281
vt 0.11525209 -0.02132889
vt 0.11195868 -0.02641348
vt 0.11195868 -0.02641348
vt 0.10797504 -0.03133522
vt 0.10332567 -0.03606376
vt 0.10332567 -0.03606376
vt 0.09803928 -0.04056996
vt 0.09214844 -0.04482604
vt 0.09214844 -0.04482604
vt 0.08568947 -0.04880574
vt 0.10332567 -0.03606376
vt 0.08568947 -0.04880574
vt 0.07870220 -0.05248455
vt 0.10332567 -0.03606376
vt 0.07870220 -0.05248455
vt 0.07122970 -0.05583976
vt 0.06331805 -0.05885071
vt 0.06331805 -0.05885071
vt 0.05501603 -0.06149882
vt 0.04637481 -0.06376778
vt 0.04637481 -0.06376778
vt 0.03744767 -0.06564358
vt 0.00950793 -0.06880897
vt 0.03744767 -0.06564358
vt 0.02828966 -0.06711467
vt 0.00950793 -0.06880897
vt 0.02828966 -0.06711467
vt 0.01895723 -0.06817197
vt 0.00950793 -0.06880897
vt 0.00950793 -0.06880897
vt 0.00000000 -0.06902175
vt -0.00950793 -0.06880897
vt -0.00950793 -0.06880897
vt -0.01895723 -0.06817197
vt -0.02828966 -0.06711467
vt -0.02828966 -0.06711467
vt -0.03744767 -0.06564358
vt -0.04637481 -0.06376778
vt -0.04637481 -0.06376778
vt -0.05501603 -0.06149882
vt -0.06331805 -0.05885071
vt -0.06331805 -0.05885071
vt -0.07122970 -0.05583976
vt -0.07870220 -0.05248455
vt -0.07870220 -0.05248455
vt -0.08568947 -0.04880574
vt -0.06331805 -0.05885071
vt -0.08568947 -0.04880574
vt -0.09214844 -0.04482604
vt -0.06331805 -0.05885071
vt -0.09214844 -0.04482604
vt -0.09803928 -0.04056996
vt -0.10332567 -0.03606376
vt -0.10332567 -0.03606376
vt -0.10797504 -0.03133522
vt -0.11195868 -0.02641348
vt -0.11195868 -0.02641348
vt -0.11525209 -0.02132889
vt -0.12080964 -0.00541538
vt -0.11525209 -0.02132889
vt -0.11783491 -0.01611281
vt -0.12080964 -0.00541538
vt -0.11783491 -0.01611281
vt -0.11969125 -0.01079738
vt -0.12080964 -0.00541538
vt -0.12080964 -0.00541538
vt -0.12080964 0.00541538
vt -0.11783491 0.01611281
vt -0.11783491 0.01611281
vt -0.11195868 0.02641348
vt -0.12080964 -0.00541538
vt -0.11195868 0.02641348
vt -0.10332567 0.03606376
vt -0.12080964 -0.00541538
vt -0.07870220 0.05248455
vt -0.06331805 0.05885071
vt -0.10332567 0.03606376
vt -0.06331805 0.05885071
vt -0.04637481 0.06376778
vt -0.10332567 0.03606376
vt -0.00950793 0.06880897
vt 0.00950793 0.06880897
vt -0.04637481 0.06376778
vt 0.00950793 0.06880897
vt 0.02828966 0.06711467
vt -0.04637481 0.06376778
vt 0.02828966 0.06711467
vt 0.04637481 0.06376778
vt 0.06331805 0.05885071
vt 0.12080964 0.00541538
vt 0.12080964 -0.00541538
vt 0.11783491 -0.01611281
vt 0.11783491 -0.01611281
vt 0.11195868 -0.02641348
vt 0.12080964 0.00541538
vt 0.11195868 -0.02641348
vt 0.10332567 -0.03606376
vt 0.12080964 0.00541538
vt 0.07870220 -0.05248455
vt 0.06331805 -0.05885071
vt 0.10332567 -0.03606376
vt 0.06331805 -0.05885071
vt 0.04637481 -0.06376778
vt 0.10332567 -0.03606376
vt 0.00950793 -0.06880897
vt -0.00950793 -0.06880897
vt 0.04637481 -0.06376778
vt -0.00950793 -0.06880897
vt -0.02828966 -0.06711467
vt 0.04637481 -0.06376778
vt -0.02828966 -0.06711467
vt -0.04637481 -0.06376778
vt -0.06331805 -0.05885071
vt -0.09214844 -0.04482604
vt -0.10332567 -0.03606376
vt -0.12080964 -0.00541538
vt -0.10332567 -0.03606376
vt -0.11195868 -0.02641348
vt -0.12080964 -0.00541538
vt 0.02828966 0.06711467
vt 0.06331805 0.05885071
vt -0.04637481 0.06376778
vt 0.06331805 0.05885071
vt 0.09214844 0.04482604
vt -0.04637481 0.06376778
vt 0.09214844 0.04482604
vt 0.11195868 0.02641348
vt 0.10332567 -0.03606376
vt 0.11195868 0.02641348
vt 0.12080964 0.00541538
vt 0.10332567 -0.03606376
vt -0.02828966 -0.06711467
vt -0.06331805 -0.05885071
vt -0.12080964 -0.00541538
vt -0.06331805 -0.05885071
vt -0.09214844 -0.04482604
vt -0.12080964 -0.00541538
vt -0.12080964 -0.00541538
vt -0.10332567 0.03606376
vt -0.04637481 0.06376778
vt 0.10332567 -0.03606376
vt 0.04637481 -0.06376778
vt 0.09214844 0.04482604
vt 0.04637481 -0.06376778
vt -0.02828966 -0.06711467
vt 0.09214844 0.04482604
vt -0.12080964 -0.00541538
vt -0.04637481 0.06376778
vt -0.02828966 -0.06711467
vn -0.71351653 0.05615627 0.69838440
vn -0.71571720 -0.00000027 -0.69839019
vn -0.71573776 0.00000027 0.69836909
vn -0.70691073 0.11196356 0.69838488
vn -0.71353281 0.05615679 -0.69836760
vn -0.71351653 0.05615627 0.69838440
vn -0.69594693 0.16708304 0.69838464
vn -0.70690536 0.11196176 -0.69839054
vn -0.70691073 0.11196356 0.69838488
vn -0.68069595 0.22117291 0.69838065
vn -0.69595248 0.16708346 -0.69837910
vn -0.69594693 0.16708304 0.69838464
vn -0.66124183 0.27389514 0.69838434
vn -0.68069780 0.22117221 -0.69837916
vn -0.68069595 0.22117291 0.69838065
vn -0.63771343 0.32493159 0.69838464
vn -0.66125733 0.27390024 -0.69836760
vn -0.66124183 0.27389514 0.69838434
vn -0.61025357 0.37396434 0.69838482
vn -0.63770866 0.32492805 -0.69839060
vn -0.63771343 0.32493159 0.69838464
vn -0.57904637 0.42070252 0.69836581
vn -0.61025882 0.37396643 -0.69837898
vn -0.61025357 0.37396434 0.69838482
vn -0.54423904 0.46482542 0.69838464
vn -0.57904565 0.42070079 -0.69836748
vn -0.57904637 0.42070252 0.69836581
vn -0.50609493 0.50609523 0.69838071
vn -0.54423535 0.46482092 -0.69839054
vn -0.54423904 0.46482542 0.69838464
vn -0.46482432 0.54423982 0.69838488
vn -0.50610459 0.50610340 -0.69836771
vn -0.50609493 0.50609523 0.69838071
vn -0.42069134 0.57903302 0.69838363
vn -0.46482158 0.54423493 -0.69839042
vn -0.46482432 0.54423982 0.69838488
vn -0.37396380 0.61025387 0.69838482
vn -0.42069468 0.57903600 -0.69837904
vn -0.42069134 0.57903302 0.69838363
vn -0.32493079 0.63771379 0.69838458
vn -0.37397349 0.61026782 -0.69836742
vn -0.37396380 0.61025387 0.69838482
vn -0.27389470 0.66124207 0.69838434
vn -0.32492900 0.63770825 -0.69839060
vn -0.32493079 0.63771379 0.69838458
vn -0.22117390 0.68070471 0.69837177
vn -0.27389747 0.66124642 -0.69837916
vn -0.27389470 0.66124207 0.69838434
vn -0.16708159 0.69594723 0.69838470
vn -0.22117612 0.68070829 -0.69836760
vn -0.22117390 0.68070471 0.69837177
vn -0.11196364 0.70691431 0.69838119
vn -0.16708137 0.69594139 -0.69839060
vn -0.16708159 0.69594723 0.69838470
vn -0.05615483 0.71351612 0.69838482
vn -0.11196494 0.70691627 -0.69837892
vn -0.11196364 0.70691431 0.69838119
vn 0.00000049 0.71572453 0.69838268
vn -0.05615720 0.71353275 -0.69836771
vn -0.05615483 0.71351612 0.69838482
vn 0.05615592 0.71351647 0.69838440
vn -0.00000049 0.71571720 -0.69839025
vn 0.00000049 0.71572453 0.69838268
vn 0.11196409 0.70691085 0.69838470
vn 0.05615622 0.71353287 -0.69836771
vn 0.05615592 0.71351647 0.69838440
vn 0.16708258 0.69594699 0.69838470
vn 0.11196221 0.70690525 -0.69839054
vn 0.11196409 0.70691085 0.69838470
vn 0.22117411 0.68070209 0.69837427
vn 0.16708301 0.69595259 -0.69837910
vn 0.16708258 0.69594699 0.69838470
vn 0.27389553 0.66124177 0.69838434
vn 0.22117168 0.68069786 -0.69837904
vn 0.22117411 0.68070209 0.69837427
vn 0.32493144 0.63771343 0.69838470
vn 0.27390084 0.66125703 -0.69836760
vn 0.27389553 0.66124177 0.69838434
vn 0.37396467 0.61025339 0.69838482
vn 0.32492810 0.63770866 -0.69839054
vn 0.32493144 0.63771343 0.69838470
vn 0.42069209 0.57903236 0.69838369
vn 0.37396675 0.61025864 -0.69837898
vn 0.37396467 0.61025339 0.69838482
vn 0.46482509 0.54423934 0.69838470
vn 0.42070061 0.57904565 -0.69836736
vn 0.42069209 0.57903236 0.69838369
vn 0.50609559 0.50609452 0.69838065
vn 0.46482086 0.54423547 -0.69839048
vn 0.46482509 0.54423934 0.69838470
vn 0.54423964 0.46482462 0.69838470
vn 0.50610381 0.50610417 -0.69836766
vn 0.50609559 0.50609452 0.69838065
vn 0.57904375 0.42069936 0.69836992
vn 0.54423475 0.46482179 -0.69839048
vn 0.54423964 0.46482462 0.69838470
vn 0.61025405 0.37396348 0.69838482
vn 0.57903582 0.42069483 -0.69837910
vn 0.57904375 0.42069936 0.69836992
vn 0.63771385 0.32493073 0.69838464
vn 0.61026794 0.37397319 -0.69836748
vn 0.61025405 0.37396348 0.69838482
vn 0.66124231 0.27389401 0.69838434
vn 0.63770825 0.32492897 -0.69839060
vn 0.63771385 0.32493073 0.69838464
vn 0.68070877 0.22117576 0.69836730
vn 0.66124654 0.27389708 -0.69837916
vn 0.66124231 0.27389401 0.69838434
vn 0.69594711 0.16708216 0.69838470
vn 0.68070811 0.22117680 -0.69836766
vn 0.68070877 0.22117576 0.69836730
vn 0.70691085 0.11196269 0.69838500
vn 0.69594133 0.16708168 -0.69839060
vn 0.69594711 0.16708216 0.69838470
vn 0.71351659 0.05615550 0.69838423
vn 0.70691639 0.11196440 -0.69837892
vn 0.70691085 0.11196269 0.69838500
vn 0.71573430 -0.00000027 0.69837272
vn 0.71353263 0.05615754 -0.69836771
vn 0.71351659 0.05615550 0.69838423
vn 0.71351653 -0.05615627 0.69838440
vn 0.71571720 0.00000027 -0.69839019
vn 0.71573430 -0.00000027 0.69837272
vn 0.70691073 -0.11196356 0.69838488
vn 0.71353281 -0.05615679 -0.69836760
vn 0.71351653 -0.05615627 0.69838440
vn 0.69594693 -0.16708304 0.69838464
vn 0.70690536 -0.11196176 -0.69839054
vn 0.70691073 -0.11196356 0.69838488
vn 0.68069595 -0.22117291 0.69838065
vn 0.69595248 -0.16708346 -0.69837910
vn 0.69594693 -0.16708304 0.69838464
vn 0.66124183 -0.27389514 0.69838434
vn 0.68069780 -0.22117221 -0.69837916
vn 0.68069595 -0.22117291 0.69838065
vn 0.63771343 -0.32493159 0.69838464
vn 0.66125733 -0.27390024 -0.69836760
vn 0.66124183 -0.27389514 0.69838434
vn 0.61025357 -0.37396434 0.69838482
vn 0.63770866 -0.32492805 -0.69839060
vn 0.63771343 -0.32493159 0.69838464
vn 0.57906586 -0.42071670 0.69834107
vn 0.61025882 -0.37396643 -0.69837898
vn 0.61025357 -0.37396434 0.69838482
vn 0.54423904 -0.46482542 0.69838464
vn 0.57904565 -0.42070079 -0.69836748
vn 0.57906586 -0.42071670 0.69834107
vn 0.50609493 -0.50609523 0.69838071
vn 0.54423535 -0.46482092 -0.69839054
vn 0.54423904 -0.46482542 0.69838464
vn 0.46482432 -0.54423982 0.69838488
vn 0.50610459 -0.50610340 -0.69836771
vn 0.50609493 -0.50609523 0.69838071
vn 0.42069134 -0.57903302 0.69838363
vn 0.46482158 -0.54423493 -0.69839042
vn 0.46482432 -0.54423982 0.69838488
vn 0.37396380 -0.61025387 0.69838482
vn 0.42069468 -0.57903600 -0.69837904
vn 0.42069134 -0.57903302 0.69838363
vn 0.32493079 -0.63771379 0.69838458
vn 0.37397349 -0.61026782 -0.69836742
vn 0.37396380 -0.61025387 0.69838482
vn 0.27389470 -0.66124207 0.69838434
vn 0.32492900 -0.63770825 -0.69839060
vn 0.32493079 -0.63771379 0.69838458
vn 0.22117640 -0.68071240 0.69836348
vn 0.27389747 -0.66124642 -0.69837916
vn 0.27389470 -0.66124207 0.69838434
vn 0.16708159 -0.69594723 0.69838470
vn 0.22117612 -0.68070829 -0.69836760
vn 0.22117640 -0.68071240 0.69836348
vn 0.11196318 -0.70691085 0.69838476
vn 0.16708137 -0.69594139 -0.69839060
vn 0.16708159 -0.69594723 0.69838470
vn 0.05615494 -0.71351659 0.69838428
vn 0.11196494 -0.70691627 -0.69837892
vn 0.11196318 -0.70691085 0.69838476
vn -0.00000049 -0.71572679 0.69838035
vn 0.05615720 -0.71353275 -0.69836771
vn 0.05615494 -0.71351659 0.69838428
vn -0.05615592 -0.71351647 0.69838440
vn 0.00000049 -0.71571720 -0.69839025
vn -0.00000049 -0.71572679 0.69838035
vn -0.11196409 -0.70691085 0.69838470
vn -0.05615622 -0.71353287 -0.69836771
vn -0.05615592 -0.71351647 0.69838440
vn -0.16708258 -0.69594699 0.69838470
vn -0.11196221 -0.70690525 -0.69839054
vn -0.11196409 -0.70691085 0.69838470
vn -0.22118074 -0.68072253 0.69835228
vn -0.16708301 -0.69595259 -0.69837910
vn -0.16708258 -0.69594699 0.69838470
vn -0.27389553 -0.66124177 0.69838434
vn -0.22117168 -0.68069786 -0.69837904
vn -0.22118074 -0.68072253 0.69835228
vn -0.32493144 -0.63771343 0.69838470
vn -0.27390084 -0.66125703 -0.69836760
vn -0.27389553 -0.66124177 0.69838434
vn -0.37396467 -0.61025339 0.69838482
vn -0.32492810 -0.63770866 -0.69839054
vn -0.32493144 -0.63771343 0.69838470
vn -0.42069209 -0.57903236 0.69838369
vn -0.37396675 -0.61025864 -0.69837898
vn -0.37396467 -0.61025339 0.69838482
vn -0.46482509 -0.54423934 0.69838470
vn -0.42070061 -0.57904565 -0.69836736
vn -0.42069209 -0.57903236 0.69838369
vn -0.50609559 -0.50609452 0.69838065
vn -0.46482086 -0.54423547 -0.69839048
vn -0.46482509 -0.54423934 0.69838470
vn -0.54423964 -0.46482462 0.69838470
vn -0.50610381 -0.50610417 -0.69836766
vn -0.50609559 -0.50609452 0.69838065
vn -0.57903975 -0.42069647 0.69837481
vn -0.54423475 -0.46482179 -0.69839048
vn -0.54423964 -0.46482462 0.69838470
vn -0.61025405 -0.37396348 0.69838482
vn -0.57903582 -0.42069483 -0.69837910
vn -0.57903975 -0.42069647 0.69837481
vn -0.63771385 -0.32493073 0.69838464
vn -0.61026794 -0.37397319 -0.69836748
vn -0.61025405 -0.37396348 0.69838482
vn -0.66124231 -0.27389401 0.69838434
vn -0.63770825 -0.32492897 -0.69839060
vn -0.63771385 -0.32493073 0.69838464
vn -0.68070877 -0.22117576 0.69836730
vn -0.66124654 -0.27389708 -0.69837916
vn -0.66124231 -0.27389401 0.69838434
vn -0.69594711 -0.16708216 0.69838470
vn -0.68070811 -0.22117680 -0.69836766
vn -0.68070877 -0.22117576 0.69836730
vn -0.70691085 -0.11196269 0.69838500
vn -0.69594133 -0.16708168 -0.69839060
vn -0.69594711 -0.16708216 0.69838470
vn -0.71351659 -0.05615550 0.69838423
vn -0.70691639 -0.11196440 -0.69837892
vn -0.70691085 -0.11196269 0.69838500
vn -0.71573776 0.00000027 0.69836909
vn -0.71353263 -0.05615754 -0.69836771
vn -0.71351659 -0.05615550 0.69838423
vn -0.71353281 0.05615679 -0.69836760
vn 0.69806248 0.00000064 -0.71603692
vn -0.71571720 -0.00000027 -0.69839019
vn -0.71353281 0.05615679 -0.69836760
vn 0.68946826 -0.10920019 -0.71603692
vn 0.69590414 -0.05476804 -0.71604323
vn -0.69595248 0.16708346 -0.69837910
vn 0.68946826 -0.10920019 -0.71603692
vn -0.70690536 0.11196176 -0.69839054
vn -0.68069780 0.22117221 -0.69837916
vn 0.67877191 -0.16295798 -0.71604007
vn -0.69595248 0.16708346 -0.69837910
vn -0.66125733 0.27390024 -0.69836760
vn 0.66389370 -0.21571234 -0.71604007
vn -0.68069780 0.22117221 -0.69837916
vn -0.66125733 0.27390024 -0.69836760
vn 0.62197793 -0.31691414 -0.71603698
vn 0.64491934 -0.26713544 -0.71604323
vn -0.61025882 0.37396643 -0.69837898
vn 0.62197793 -0.31691414 -0.71603698
vn -0.63770866 0.32492805 -0.69839060
vn -0.57904565 0.42070079 -0.69836748
vn 0.59519339 -0.36473489 -0.71603996
vn -0.61025882 0.37396643 -0.69837898
vn -0.57904565 0.42070079 -0.69836748
vn 0.53081083 -0.45335522 -0.71603698
vn 0.56473941 -0.41030654 -0.71604323
vn -0.50610459 0.50610340 -0.69836771
vn 0.53081083 -0.45335522 -0.71603698
vn -0.54423535 0.46482092 -0.69839054
vn -0.50610459 0.50610340 -0.69836771
vn 0.45335549 -0.53081065 -0.71603698
vn 0.49360028 -0.49360016 -0.71604317
vn -0.42069468 0.57903600 -0.69837904
vn 0.45335549 -0.53081065 -0.71603698
vn -0.46482158 0.54423493 -0.69839042
vn -0.37397349 0.61026782 -0.69836742
vn 0.41030881 -0.56474185 -0.71603996
vn -0.42069468 0.57903600 -0.69837904
vn -0.37397349 0.61026782 -0.69836742
vn 0.31691355 -0.62197816 -0.71603698
vn 0.36473328 -0.59519053 -0.71604317
vn -0.27389747 0.66124642 -0.69837916
vn 0.31691355 -0.62197816 -0.71603698
vn -0.32492900 0.63770825 -0.69839060
vn -0.22117612 0.68070829 -0.69836760
vn 0.26713574 -0.64492267 -0.71603990
vn -0.27389747 0.66124642 -0.69837916
vn -0.22117612 0.68070829 -0.69836760
vn 0.16295956 -0.67877483 -0.71603686
vn 0.21571143 -0.66389048 -0.71604323
vn -0.11196494 0.70691627 -0.69837892
vn 0.16295956 -0.67877483 -0.71603686
vn -0.16708137 0.69594139 -0.69839060
vn -0.05615720 0.71353275 -0.69836771
vn 0.10920043 -0.68946487 -0.71604007
vn -0.11196494 0.70691627 -0.69837892
vn -0.05615720 0.71353275 -0.69836771
vn 0.00000002 -0.69806242 -0.71603692
vn 0.05476879 -0.69590414 -0.71604323
vn 0.05615622 0.71353287 -0.69836771
vn 0.00000002 -0.69806242 -0.71603692
vn -0.00000049 0.71571720 -0.69839025
vn 0.05615622 0.71353287 -0.69836771
vn -0.10920090 -0.68946820 -0.71603692
vn -0.05476875 -0.69590408 -0.71604323
vn 0.16708301 0.69595259 -0.69837910
vn -0.10920090 -0.68946820 -0.71603692
vn 0.11196221 0.70690525 -0.69839054
vn 0.22117168 0.68069786 -0.69837904
vn -0.16295871 -0.67877173 -0.71604007
vn 0.16708301 0.69595259 -0.69837910
vn 0.27390084 0.66125703 -0.69836760
vn -0.21571232 -0.66389376 -0.71604007
vn 0.22117168 0.68069786 -0.69837904
vn 0.27390084 0.66125703 -0.69836760
vn -0.31691369 -0.62197810 -0.71603703
vn -0.26713437 -0.64491969 -0.71604311
vn 0.37396675 0.61025864 -0.69837898
vn -0.31691369 -0.62197810 -0.71603703
vn 0.32492810 0.63770866 -0.69839054
vn 0.42070061 0.57904565 -0.69836736
vn -0.36473495 -0.59519339 -0.71603996
vn 0.37396675 0.61025864 -0.69837898
vn 0.42070061 0.57904565 -0.69836736
vn -0.45335528 -0.53081077 -0.71603698
vn -0.41030654 -0.56473941 -0.71604323
vn 0.50610381 0.50610417 -0.69836766
vn -0.45335528 -0.53081077 -0.71603698
vn 0.46482086 0.54423547 -0.69839048
vn 0.50610381 0.50610417 -0.69836766
vn -0.53081053 -0.45335558 -0.71603698
vn -0.49360022 -0.49360016 -0.71604317
vn 0.57903582 0.42069483 -0.69837910
vn -0.53081053 -0.45335558 -0.71603698
vn 0.54423475 0.46482179 -0.69839048
vn 0.61026794 0.37397319 -0.69836748
vn -0.56474179 -0.41030890 -0.71603996
vn 0.57903582 0.42069483 -0.69837910
vn 0.61026794 0.37397319 -0.69836748
vn -0.62197840 -0.31691319 -0.71603698
vn -0.59519058 -0.36473322 -0.71604317
vn 0.66124654 0.27389708 -0.69837916
vn -0.62197840 -0.31691319 -0.71603698
vn 0.63770825 0.32492897 -0.69839060
vn 0.68070811 0.22117680 -0.69836766
vn -0.64492297 -0.26713511 -0.71604002
vn 0.66124654 0.27389708 -0.69837916
vn 0.68070811 0.22117680 -0.69836766
vn -0.67877477 -0.16295995 -0.71603686
vn -0.66389054 -0.21571140 -0.71604335
vn 0.70691639 0.11196440 -0.69837892
vn -0.67877477 -0.16295995 -0.71603686
vn 0.69594133 0.16708168 -0.69839060
vn 0.71353263 0.05615754 -0.69836771
vn -0.68946481 -0.10920093 -0.71604007
vn 0.70691639 0.11196440 -0.69837892
vn 0.71353263 0.05615754 -0.69836771
vn -0.69806248 -0.00000064 -0.71603692
vn -0.69590414 -0.05476931 -0.71604323
vn 0.71353281 -0.05615679 -0.69836760
vn -0.69806248 -0.00000064 -0.71603692
vn 0.71571720 0.00000027 -0.69839019
vn 0.71353281 -0.05615679 -0.69836760
vn -0.68946826 0.10920019 -0.71603692
vn -0.69590414 0.05476804 -0.71604323
vn 0.69595248 -0.16708346 -0.69837910
vn -0.68946826 0.10920019 -0.71603692
vn 0.70690536 -0.11196176 -0.69839054
vn 0.68069780 -0.22117221 -0.69837916
vn -0.67877191 0.16295798 -0.71604007
vn 0.69595248 -0.16708346 -0.69837910
vn 0.66125733 -0.27390024 -0.69836760
vn -0.66389370 0.21571234 -0.71604007
vn 0.68069780 -0.22117221 -0.69837916
vn 0.66125733 -0.27390024 -0.69836760
vn -0.62197793 0.31691414 -0.71603698
vn -0.64491934 0.26713544 -0.71604323
vn 0.61025882 -0.37396643 -0.69837898
vn -0.62197793 0.31691414 -0.71603698
vn 0.63770866 -0.32492805 -0.69839060
vn 0.57904565 -0.42070079 -0.69836748
vn -0.59519339 0.36473489 -0.71603996
vn 0.61025882 -0.37396643 -0.69837898
vn 0.57904565 -0.42070079 -0.69836748
vn -0.53081083 0.45335522 -0.71603698
vn -0.56473941 0.41030654 -0.71604323
vn 0.50610459 -0.50610340 -0.69836771
vn -0.53081083 0.45335522 -0.71603698
vn 0.54423535 -0.46482092 -0.69839054
vn 0.50610459 -0.50610340 -0.69836771
vn -0.45335549 0.53081065 -0.71603698
vn -0.49360028 0.49360016 -0.71604317
vn 0.42069468 -0.57903600 -0.69837904
vn -0.45335549 0.53081065 -0.71603698
vn 0.46482158 -0.54423493 -0.69839042
vn 0.37397349 -0.61026782 -0.69836742
vn -0.41030881 0.56474185 -0.71603996
vn 0.42069468 -0.57903600 -0.69837904
vn 0.37397349 -0.61026782 -0.69836742
vn -0.31691355 0.62197816 -0.71603698
vn -0.36473328 0.59519053 -0.71604317
vn 0.27389747 -0.66124642 -0.69837916
vn -0.31691355 0.62197816 -0.71603698
vn 0.32492900 -0.63770825 -0.69839060
vn 0.22117612 -0.68070829 -0.69836760
vn -0.26713574 0.64492267 -0.71603990
vn 0.27389747 -0.66124642 -0.69837916
vn 0.22117612 -0.68070829 -0.69836760
vn -0.16295956 0.67877483 -0.71603686
vn -0.21571143 0.66389048 -0.71604323
vn 0.11196494 -0.70691627 -0.69837892
vn -0.16295956 0.67877483 -0.71603686
vn 0.16708137 -0.69594139 -0.69839060
vn 0.05615720 -0.71353275 -0.69836771
vn -0.10920043 0.68946487 -0.71604007
vn 0.11196494 -0.70691627 -0.69837892
vn 0.05615720 -0.71353275 -0.69836771
vn -0.00000002 0.69806242 -0.71603692
vn -0.05476879 0.69590414 -0.71604323
vn -0.05615622 -0.71353287 -0.69836771
vn -0.00000002 0.69806242 -0.71603692
vn 0.00000049 -0.71571720 -0.69839025
vn -0.05615622 -0.71353287 -0.69836771
vn 0.10920090 0.68946820 -0.71603692
vn 0.05476875 0.69590408 -0.71604323
vn -0.16708301 -0.69595259 -0.69837910
vn 0.10920090 0.68946820 -0.71603692
vn -0.11196221 -0.70690525 -0.69839054
vn -0.22117168 -0.68069786 -0.69837904
vn 0.16295871 0.67877173 -0.71604007
vn -0.16708301 -0.69595259 -0.69837910
vn -0.27390084 -0.66125703 -0.69836760
vn 0.21571232 0.66389376 -0.71604007
vn -0.22117168 -0.68069786 -0.69837904
vn -0.27390084 -0.66125703 -0.69836760
vn 0.31691369 0.62197810 -0.71603703
vn 0.26713437 0.64491969 -0.71604311
vn -0.37396675 -0.61025864 -0.69837898
vn 0.31691369 0.62197810 -0.71603703
vn -0.32492810 -0.63770866 -0.69839054
vn -0.42070061 -0.57904565 -0.69836736
vn 0.36473495 0.59519339 -0.71603996
vn -0.37396675 -0.61025864 -0.69837898
vn -0.42070061 -0.57904565 -0.69836736
vn 0.45335528 0.53081077 -0.71603698
vn 0.41030654 0.56473941 -0.71604323
vn -0.50610381 -0.50610417 -0.69836766
vn 0.45335528 0.53081077 -0.71603698
vn -0.46482086 -0.54423547 -0.69839048
vn -0.50610381 -0.50610417 -0.69836766
vn 0.53081053 0.45335558 -0.71603698
vn 0.49360022 0.49360016 -0.71604317
vn -0.57903582 -0.42069483 -0.69837910
vn 0.53081053 0.45335558 -0.71603698
vn -0.54423475 -0.46482179 -0.69839048
vn -0.61026794 -0.37397319 -0.69836748
vn 0.56474179 0.41030890 -0.71603996
vn -0.57903582 -0.42069483 -0.69837910
vn -0.61026794 -0.37397319 -0.69836748
vn 0.62197840 0.31691319 -0.71603698
vn 0.59519058 0.36473322 -0.71604317
vn -0.66124654 -0.27389708 -0.69837916
vn 0.62197840 0.31691319 -0.71603698
vn -0.63770825 -0.32492897 -0.69839060
vn -0.68070811 -0.22117680 -0.69836766
vn 0.64492297 0.26713511 -0.71604002
vn -0.66124654 -0.27389708 -0.69837916
vn -0.68070811 -0.22117680 -0.69836766
vn 0.67877477 0.16295995 -0.71603686
vn 0.66389054 0.21571140 -0.71604335
vn -0.70691639 -0.11196440 -0.69837892
vn 0.67877477 0.16295995 -0.71603686
vn -0.69594133 -0.16708168 -0.69839060
vn -0.71353263 -0.05615754 -0.69836771
vn 0.68946481 0.10920093 -0.71604007
vn -0.70691639 -0.11196440 -0.69837892
vn -0.71353263 -0.05615754 -0.69836771
vn 0.69806248 0.00000064 -0.71603692
vn 0.69590414 0.05476931 -0.71604323
vn 0.69590414 -0.05476804 -0.71604323
vn 0.71572888 -0.00000066 -0.69837815
vn 0.69806248 0.00000064 -0.71603692
vn 0.68946826 -0.10920019 -0.71603692
vn 0.71352410 -0.05615590 -0.69837654
vn 0.69590414 -0.05476804 -0.71604323
vn 0.67877191 -0.16295798 -0.71604007
vn 0.70691293 -0.11196574 -0.69838220
vn 0.68946826 -0.10920019 -0.71603692
vn 0.66389370 -0.21571234 -0.71604007
vn 0.69595546 -0.16708469 -0.69837564
vn 0.67877191 -0.16295798 -0.71604007
vn 0.64491934 -0.26713544 -0.71604323
vn 0.68069857 -0.22117265 -0.69837826
vn 0.66389370 -0.21571234 -0.71604007
vn 0.62197793 -0.31691414 -0.71603698
vn 0.66125071 -0.27389881 -0.69837451
vn 0.64491934 -0.26713544 -0.71604323
vn 0.59519339 -0.36473489 -0.71603996
vn 0.63771945 -0.32493365 -0.69837809
vn 0.62197793 -0.31691414 -0.71603698
vn 0.56473941 -0.41030654 -0.71604323
vn 0.61027575 -0.37397748 -0.69835836
vn 0.59519339 -0.36473489 -0.71603996
vn 0.53081083 -0.45335522 -0.71603698
vn 0.57903683 -0.42069483 -0.69837826
vn 0.56473941 -0.41030654 -0.71604323
vn 0.49360028 -0.49360016 -0.71604317
vn 0.54424453 -0.46482933 -0.69837785
vn 0.53081083 -0.45335522 -0.71603698
vn 0.45335549 -0.53081065 -0.71603698
vn 0.50609708 -0.50609696 -0.69837791
vn 0.49360028 -0.49360016 -0.71604317
vn 0.41030881 -0.56474185 -0.71603996
vn 0.46482995 -0.54424596 -0.69837624
vn 0.45335549 -0.53081065 -0.71603698
vn 0.36473328 -0.59519053 -0.71604317
vn 0.42068776 -0.57903910 -0.69838065
vn 0.41030881 -0.56474185 -0.71603996
vn 0.31691355 -0.62197816 -0.71603698
vn 0.37396905 -0.61026227 -0.69837463
vn 0.36473328 -0.59519053 -0.71604317
vn 0.26713574 -0.64492267 -0.71603990
vn 0.32493415 -0.63771915 -0.69837809
vn 0.31691355 -0.62197816 -0.71603698
vn 0.21571143 -0.66389048 -0.71604323
vn 0.27390936 -0.66127592 -0.69834650
vn 0.26713574 -0.64492267 -0.71603990
vn 0.16295956 -0.67877483 -0.71603686
vn 0.22117276 -0.68069917 -0.69837767
vn 0.21571143 -0.66389048 -0.71604323
vn 0.10920043 -0.68946487 -0.71604007
vn 0.16708371 -0.69595349 -0.69837797
vn 0.16295956 -0.67877483 -0.71603686
vn 0.05476879 -0.69590414 -0.71604323
vn 0.11196554 -0.70691705 -0.69837815
vn 0.10920043 -0.68946487 -0.71604007
vn 0.00000002 -0.69806242 -0.71603692
vn 0.05615558 -0.71352524 -0.69837534
vn 0.05476879 -0.69590414 -0.71604323
vn -0.05476875 -0.69590408 -0.71604323
vn -0.00000002 -0.71572888 -0.69837821
vn 0.00000002 -0.69806242 -0.71603692
vn -0.10920090 -0.68946820 -0.71603692
vn -0.05615574 -0.71352661 -0.69837391
vn -0.05476875 -0.69590408 -0.71604323
vn -0.16295871 -0.67877173 -0.71604007
vn -0.11196660 -0.70691699 -0.69837803
vn -0.10920090 -0.68946820 -0.71603692
vn -0.21571232 -0.66389376 -0.71604007
vn -0.16708638 -0.69596398 -0.69836688
vn -0.16295871 -0.67877173 -0.71604007
vn -0.26713437 -0.64491969 -0.71604311
vn -0.22117268 -0.68069851 -0.69837826
vn -0.21571232 -0.66389376 -0.71604007
vn -0.31691369 -0.62197810 -0.71603703
vn -0.27389783 -0.66124791 -0.69837743
vn -0.26713437 -0.64491969 -0.71604311
vn -0.36473495 -0.59519339 -0.71603996
vn -0.32493404 -0.63771927 -0.69837809
vn -0.31691369 -0.62197810 -0.71603703
vn -0.41030654 -0.56473941 -0.71604323
vn -0.37397608 -0.61027366 -0.69836086
vn -0.36473495 -0.59519339 -0.71603996
vn -0.45335528 -0.53081077 -0.71603698
vn -0.42068803 -0.57903880 -0.69838065
vn -0.41030654 -0.56473941 -0.71604323
vn -0.49360022 -0.49360016 -0.71604317
vn -0.46482918 -0.54424471 -0.69837785
vn -0.45335528 -0.53081077 -0.71603698
vn -0.53081053 -0.45335558 -0.71603698
vn -0.50609708 -0.50609690 -0.69837791
vn -0.49360022 -0.49360016 -0.71604317
vn -0.56474179 -0.41030890 -0.71603996
vn -0.54426450 -0.46484572 -0.69835132
vn -0.53081053 -0.45335558 -0.71603698
vn -0.59519058 -0.36473322 -0.71604317
vn -0.57903743 -0.42069465 -0.69837779
vn -0.56474179 -0.41030890 -0.71603996
vn -0.62197840 -0.31691319 -0.71603698
vn -0.61025923 -0.37396723 -0.69837826
vn -0.59519058 -0.36473322 -0.71604317
vn -0.64492297 -0.26713511 -0.71604002
vn -0.63771898 -0.32493466 -0.69837809
vn -0.62197840 -0.31691319 -0.71603698
vn -0.66389054 -0.21571140 -0.71604335
vn -0.66126317 -0.27390531 -0.69836026
vn -0.64492297 -0.26713511 -0.71604002
vn -0.67877477 -0.16295995 -0.71603686
vn -0.68069923 -0.22117275 -0.69837761
vn -0.66389054 -0.21571140 -0.71604335
vn -0.68946481 -0.10920093 -0.71604007
vn -0.69595635 -0.16708232 -0.69837534
vn -0.67877477 -0.16295995 -0.71603686
vn -0.69590414 -0.05476931 -0.71604323
vn -0.70691317 -0.11196447 -0.69838220
vn -0.68946481 -0.10920093 -0.71604007
vn -0.69806248 -0.00000064 -0.71603692
vn -0.71353585 -0.05615567 -0.69836468
vn -0.69590414 -0.05476931 -0.71604323
vn -0.69590414 0.05476804 -0.71604323
vn -0.71572888 0.00000066 -0.69837815
vn -0.69806248 -0.00000064 -0.71603692
vn -0.68946826 0.10920019 -0.71603692
vn -0.71352410 0.05615590 -0.69837654
vn -0.69590414 0.05476804 -0.71604323
vn -0.67877191 0.16295798 -0.71604007
vn -0.70691293 0.11196574 -0.69838220
vn -0.68946826 0.10920019 -0.71603692
vn -0.66389370 0.21571234 -0.71604007
vn -0.69595546 0.16708469 -0.69837564
vn -0.67877191 0.16295798 -0.71604007
vn -0.64491934 0.26713544 -0.71604323
vn -0.68069857 0.22117265 -0.69837826
vn -0.66389370 0.21571234 -0.71604007
vn -0.62197793 0.31691414 -0.71603698
vn -0.66125071 0.27389881 -0.69837451
vn -0.64491934 0.26713544 -0.71604323
vn -0.59519339 0.36473489 -0.71603996
vn -0.63771945 0.32493365 -0.69837809
vn -0.62197793 0.31691414 -0.71603698
vn -0.56473941 0.41030654 -0.71604323
vn -0.61028147 0.37398100 -0.69835144
vn -0.59519339 0.36473489 -0.71603996
vn -0.53081083 0.45335522 -0.71603698
vn -0.57903683 0.42069483 -0.69837826
vn -0.56473941 0.41030654 -0.71604323
vn -0.49360028 0.49360016 -0.71604317
vn -0.54424453 0.46482933 -0.69837785
vn -0.53081083 0.45335522 -0.71603698
vn -0.45335549 0.53081065 -0.71603698
vn -0.50609708 0.50609696 -0.69837791
vn -0.49360028 0.49360016 -0.71604317
vn -0.41030881 0.56474185 -0.71603996
vn -0.46482995 0.54424596 -0.69837624
vn -0.45335549 0.53081065 -0.71603698
vn -0.36473328 0.59519053 -0.71604317
vn -0.42068776 0.57903910 -0.69838065
vn -0.41030881 0.56474185 -0.71603996
vn -0.31691355 0.62197816 -0.71603698
vn -0.37396905 0.61026227 -0.69837463
vn -0.36473328 0.59519053 -0.71604317
vn -0.26713574 0.64492267 -0.71603990
vn -0.32493415 0.63771915 -0.69837809
vn -0.31691355 0.62197816 -0.71603698
vn -0.21571143 0.66389048 -0.71604323
vn -0.27390099 0.66125566 -0.69836891
vn -0.26713574 0.64492267 -0.71603990
vn -0.16295956 0.67877483 -0.71603686
vn -0.22117276 0.68069917 -0.69837767
vn -0.21571143 0.66389048 -0.71604323
vn -0.10920043 0.68946487 -0.71604007
vn -0.16708371 0.69595349 -0.69837797
vn -0.16295956 0.67877483 -0.71603686
vn -0.05476879 0.69590414 -0.71604323
vn -0.11196554 0.70691705 -0.69837815
vn -0.10920043 0.68946487 -0.71604007
vn -0.00000002 0.69806242 -0.71603692
vn -0.05615558 0.71352524 -0.69837534
vn -0.05476879 0.69590414 -0.71604323
vn 0.05476875 0.69590408 -0.71604323
vn 0.00000002 0.71572888 -0.69837821
vn -0.00000002 0.69806242 -0.71603692
vn 0.10920090 0.68946820 -0.71603692
vn 0.05615574 0.71352661 -0.69837391
vn 0.05476875 0.69590408 -0.71604323
vn 0.16295871 0.67877173 -0.71604007
vn 0.11196660 0.70691699 -0.69837803
vn 0.10920090 0.68946820 -0.71603692
vn 0.21571232 0.66389376 -0.71604007
vn 0.16708517 0.69595903 -0.69837219
vn 0.16295871 0.67877173 -0.71604007
vn 0.26713437 0.64491969 -0.71604311
vn 0.22117268 0.68069851 -0.69837826
vn 0.21571232 0.66389376 -0.71604007
vn 0.31691369 0.62197810 -0.71603703
vn 0.27389783 0.66124791 -0.69837743
vn 0.26713437 0.64491969 -0.71604311
vn 0.36473495 0.59519339 -0.71603996
vn 0.32493404 0.63771927 -0.69837809
vn 0.31691369 0.62197810 -0.71603703
vn 0.41030654 0.56473941 -0.71604323
vn 0.37397605 0.61027366 -0.69836092
vn 0.36473495 0.59519339 -0.71603996
vn 0.45335528 0.53081077 -0.71603698
vn 0.42068803 0.57903880 -0.69838065
vn 0.41030654 0.56473941 -0.71604323
vn 0.49360022 0.49360016 -0.71604317
vn 0.46482918 0.54424471 -0.69837785
vn 0.45335528 0.53081077 -0.71603698
vn 0.53081053 0.45335558 -0.71603698
vn 0.50609708 0.50609690 -0.69837791
vn 0.49360022 0.49360016 -0.71604317
vn 0.56474179 0.41030890 -0.71603996
vn 0.54425234 0.46483561 -0.69836754
vn 0.53081053 0.45335558 -0.71603698
vn 0.59519058 0.36473322 -0.71604317
vn 0.57903713 0.42069444 -0.69837826
vn 0.56474179 0.41030890 -0.71603996
vn 0.62197840 0.31691319 -0.71603698
vn 0.61026233 0.37396911 -0.69837451
vn 0.59519058 0.36473322 -0.71604317
vn 0.64492297 0.26713511 -0.71604002
vn 0.63771898 0.32493466 -0.69837809
vn 0.62197840 0.31691319 -0.71603698
vn 0.66389054 0.21571140 -0.71604335
vn 0.66124940 0.27389905 -0.69837570
vn 0.64492297 0.26713511 -0.71604002
vn 0.67877477 0.16295995 -0.71603686
vn 0.68069923 0.22117275 -0.69837761
vn 0.66389054 0.21571140 -0.71604335
vn 0.68946481 0.10920093 -0.71604007
vn 0.69595635 0.16708232 -0.69837534
vn 0.67877477 0.16295995 -0.71603686
vn 0.69590414 0.05476931 -0.71604323
vn 0.70691317 0.11196447 -0.69838220
vn 0.68946481 0.10920093 -0.71604007
vn 0.69806248 0.00000064 -0.71603692
vn 0.71355075 0.05615684 -0.69834924
vn 0.69590414 0.05476931 -0.71604323
vn -0.22118074 -0.68072253 0.69835228
vn 0.57906586 -0.42071670 0.69834107
vn -0.22117390 0.68070471 0.69837177
vn 0.27390936 -0.66127592 -0.69834650
vn -0.54426450 -0.46484572 -0.69835132
vn 0.16708517 0.69595903 -0.69837219
vn -0.71351653 0.05615627 0.69838440
vn -0.71353281 0.05615679 -0.69836760
vn -0.71571720 -0.00000027 -0.69839019
vn -0.70691073 0.11196356 0.69838488
vn -0.70690536 0.11196176 -0.69839054
vn -0.71353281 0.05615679 -0.69836760
vn -0.69594693 0.16708304 0.69838464
vn -0.69595248 0.16708346 -0.69837910
vn -0.70690536 0.11196176 -0.69839054
vn -0.68069595 0.22117291 0.69838065
vn -0.68069780 0.22117221 -0.69837916
vn -0.69595248 0.16708346 -0.69837910
vn -0.66124183 0.27389514 0.69838434
vn -0.66125733 0.27390024 -0.69836760
vn -0.68069780 0.22117221 -0.69837916
vn -0.63771343 0.32493159 0.69838464
vn -0.63770866 0.32492805 -0.69839060
vn -0.66125733 0.27390024 -0.69836760
vn -0.61025357 0.37396434 0.69838482
vn -0.61025882 0.37396643 -0.69837898
vn -0.63770866 0.32492805 -0.69839060
vn -0.57904637 0.42070252 0.69836581
vn -0.57904565 0.42070079 -0.69836748
vn -0.61025882 0.37396643 -0.69837898
vn -0.54423904 0.46482542 0.69838464
vn -0.54423535 0.46482092 -0.69839054
vn -0.57904565 0.42070079 -0.69836748
vn -0.50609493 0.50609523 0.69838071
vn -0.50610459 0.50610340 -0.69836771
vn -0.54423535 0.46482092 -0.69839054
vn -0.46482432 0.54423982 0.69838488
vn -0.46482158 0.54423493 -0.69839042
vn -0.50610459 0.50610340 -0.69836771
vn -0.42069134 0.57903302 0.69838363
vn -0.42069468 0.57903600 -0.69837904
vn -0.46482158 0.54423493 -0.69839042
vn -0.37396380 0.61025387 0.69838482
vn -0.37397349 0.61026782 -0.69836742
vn -0.42069468 0.57903600 -0.69837904
vn -0.32493079 0.63771379 0.69838458
vn -0.32492900 0.63770825 -0.69839060
vn -0.37397349 0.61026782 -0.69836742
vn -0.27389470 0.66124207 0.69838434
vn -0.27389747 0.66124642 -0.69837916
vn -0.32492900 0.63770825 -0.69839060
vn -0.22117390 0.68070471 0.69837177
vn -0.22117612 0.68070829 -0.69836760
vn -0.27389747 0.66124642 -0.69837916
vn -0.16708159 0.69594723 0.69838470
vn -0.16708137 0.69594139 -0.69839060
vn -0.22117612 0.68070829 -0.69836760
vn -0.11196364 0.70691431 0.69838119
vn -0.11196494 0.70691627 -0.69837892
vn -0.16708137 0.69594139 -0.69839060
vn -0.05615483 0.71351612 0.69838482
vn -0.05615720 0.71353275 -0.69836771
vn -0.11196494 0.70691627 -0.69837892
vn 0.00000049 0.71572453 0.69838268
vn -0.00000049 0.71571720 -0.69839025
vn -0.05615720 0.71353275 -0.69836771
vn 0.05615592 0.71351647 0.69838440
vn 0.05615622 0.71353287 -0.69836771
vn -0.00000049 0.71571720 -0.69839025
vn 0.11196409 0.70691085 0.69838470
vn 0.11196221 0.70690525 -0.69839054
vn 0.05615622 0.71353287 -0.69836771
vn 0.16708258 0.69594699 0.69838470
vn 0.16708301 0.69595259 -0.69837910
vn 0.11196221 0.70690525 -0.69839054
vn 0.22117411 0.68070209 0.69837427
vn 0.22117168 0.68069786 -0.69837904
vn 0.16708301 0.69595259 -0.69837910
vn 0.27389553 0.66124177 0.69838434
vn 0.27390084 0.66125703 -0.69836760
vn 0.22117168 0.68069786 -0.69837904
vn 0.32493144 0.63771343 0.69838470
vn 0.32492810 0.63770866 -0.69839054
vn 0.27390084 0.66125703 -0.69836760
vn 0.37396467 0.61025339 0.69838482
vn 0.37396675 0.61025864 -0.69837898
vn 0.32492810 0.63770866 -0.69839054
vn 0.42069209 0.57903236 0.69838369
vn 0.42070061 0.57904565 -0.69836736
vn 0.37396675 0.61025864 -0.69837898
vn 0.46482509 0.54423934 0.69838470
vn 0.46482086 0.54423547 -0.69839048
vn 0.42070061 0.57904565 -0.69836736
vn 0.50609559 0.50609452 0.69838065
vn 0.50610381 0.50610417 -0.69836766
vn 0.46482086 0.54423547 -0.69839048
vn 0.54423964 0.46482462 0.69838470
vn 0.54423475 0.46482179 -0.69839048
vn 0.50610381 0.50610417 -0.69836766
vn 0.57904375 0.42069936 0.69836992
vn 0.57903582 0.42069483 -0.69837910
vn 0.54423475 0.46482179 -0.69839048
vn 0.61025405 0.37396348 0.69838482
vn 0.61026794 0.37397319 -0.69836748
vn 0.57903582 0.42069483 -0.69837910
vn 0.63771385 0.32493073 0.69838464
vn 0.63770825 0.32492897 -0.69839060
vn 0.61026794 0.37397319 -0.69836748
vn 0.66124231 0.27389401 0.69838434
vn 0.66124654 0.27389708 -0.69837916
vn 0.63770825 0.32492897 -0.69839060
vn 0.68070877 0.22117576 0.69836730
vn 0.68070811 0.22117680 -0.69836766
vn 0.66124654 0.27389708 -0.69837916
vn 0.69594711 0.16708216 0.69838470
vn 0.69594133 0.16708168 -0.69839060
vn 0.68070811 0.22117680 -0.69836766
vn 0.70691085 0.11196269 0.69838500
vn 0.70691639 0.11196440 -0.69837892
vn 0.69594133 0.16708168 -0.69839060
vn 0.71351659 0.05615550 0.69838423
vn 0.71353263 0.05615754 -0.69836771
vn 0.70691639 0.11196440 -0.69837892
vn 0.71573430 -0.00000027 0.69837272
vn 0.71571720 0.00000027 -0.69839019
vn 0.71353263 0.05615754 -0.69836771
vn 0.71351653 -0.05615627 0.69838440
vn 0.71353281 -0.05615679 -0.69836760
vn 0.71571720 0.00000027 -0.69839019
vn 0.70691073 -0.11196356 0.69838488
vn 0.70690536 -0.11196176 -0.69839054
vn 0.71353281 -0.05615679 -0.69836760
vn 0.69594693 -0.16708304 0.69838464
vn 0.69595248 -0.16708346 -0.69837910
vn 0.70690536 -0.11196176 -0.69839054
vn 0.68069595 -0.22117291 0.69838065
vn 0.68069780 -0.22117221 -0.69837916
vn 0.69595248 -0.16708346 -0.69837910
vn 0.66124183 -0.27389514 0.69838434
vn 0.66125733 -0.27390024 -0.69836760
vn 0.68069780 -0.22117221 -0.69837916
vn 0.63771343 -0.32493159 0.69838464
vn 0.63770866 -0.32492805 -0.69839060
vn 0.66125733 -0.27390024 -0.69836760
vn 0.61025357 -0.37396434 0.69838482
vn 0.61025882 -0.37396643 -0.69837898
vn 0.63770866 -0.32492805 -0.69839060
vn 0.57906586 -0.42071670 0.69834107
vn 0.57904565 -0.42070079 -0.69836748
vn 0.61025882 -0.37396643 -0.69837898
vn 0.54423904 -0.46482542 0.69838464
vn 0.54423535 -0.46482092 -0.69839054
vn 0.57904565 -0.42070079 -0.69836748
vn 0.50609493 -0.50609523 0.69838071
vn 0.50610459 -0.50610340 -0.69836771
vn 0.54423535 -0.46482092 -0.69839054
vn 0.46482432 -0.54423982 0.69838488
vn 0.46482158 -0.54423493 -0.69839042
vn 0.50610459 -0.50610340 -0.69836771
vn 0.42069134 -0.57903302 0.69838363
vn 0.42069468 -0.57903600 -0.69837904
vn 0.46482158 -0.54423493 -0.69839042
vn 0.37396380 -0.61025387 0.69838482
vn 0.37397349 -0.61026782 -0.69836742
vn 0.42069468 -0.57903600 -0.69837904
vn 0.32493079 -0.63771379 0.69838458
vn 0.32492900 -0.63770825 -0.69839060
vn 0.37397349 -0.61026782 -0.69836742
vn 0.27389470 -0.66124207 0.69838434
vn 0.27389747 -0.66124642 -0.69837916
vn 0.32492900 -0.63770825 -0.69839060
vn 0.22117640 -0.68071240 0.69836348
vn 0.22117612 -0.68070829 -0.69836760
vn 0.27389747 -0.66124642 -0.69837916
vn 0.16708159 -0.69594723 0.69838470
vn 0.16708137 -0.69594139 -0.69839060
vn 0.22117612 -0.68070829 -0.69836760
vn 0.11196318 -0.70691085 0.69838476
vn 0.11196494 -0.70691627 -0.69837892
vn 0.16708137 -0.69594139 -0.69839060
vn 0.05615494 -0.71351659 0.69838428
vn 0.05615720 -0.71353275 -0.69836771
vn 0.11196494 -0.70691627 -0.69837892
vn -0.00000049 -0.71572679 0.69838035
vn 0.00000049 -0.71571720 -0.69839025
vn 0.05615720 -0.71353275 -0.69836771
vn -0.05615592 -0.71351647 0.69838440
vn -0.05615622 -0.71353287 -0.69836771
vn 0.00000049 -0.71571720 -0.69839025
vn -0.11196409 -0.70691085 0.69838470
vn -0.11196221 -0.70690525 -0.69839054
vn -0.05615622 -0.71353287 -0.69836771
vn -0.16708258 -0.69594699 0.69838470
vn -0.16708301 -0.69595259 -0.69837910
vn -0.11196221 -0.70690525 -0.69839054
vn -0.22118074 -0.68072253 0.69835228
vn -0.22117168 -0.68069786 -0.69837904
vn -0.16708301 -0.69595259 -0.69837910
vn -0.27389553 -0.66124177 0.69838434
vn -0.27390084 -0.66125703 -0.69836760
vn -0.22117168 -0.68069786 -0.69837904
vn -0.32493144 -0.63771343 0.69838470
vn -0.32492810 -0.63770866 -0.69839054
vn -0.27390084 -0.66125703 -0.69836760
vn -0.37396467 -0.61025339 0.69838482
vn -0.37396675 -0.61025864 -0.69837898
vn -0.32492810 -0.63770866 -0.69839054
vn -0.42069209 -0.57903236 0.69838369
vn -0.42070061 -0.57904565 -0.69836736
vn -0.37396675 -0.61025864 -0.69837898
vn -0.46482509 -0.54423934 0.69838470
vn -0.46482086 -0.54423547 -0.69839048
vn -0.42070061 -0.57904565 -0.69836736
vn -0.50609559 -0.50609452 0.69838065
vn -0.50610381 -0.50610417 -0.69836766
vn -0.46482086 -0.54423547 -0.69839048
vn -0.54423964 -0.46482462 0.69838470
vn -0.54423475 -0.46482179 -0.69839048
vn -0.50610381 -0.50610417 -0.69836766
vn -0.57903975 -0.42069647 0.69837481
vn -0.57903582 -0.42069483 -0.69837910
vn -0.54423475 -0.46482179 -0.69839048
vn -0.61025405 -0.37396348 0.69838482
vn -0.61026794 -0.37397319 -0.69836748
vn -0.57903582 -0.42069483 -0.69837910
vn -0.63771385 -0.32493073 0.69838464
vn -0.63770825 -0.32492897 -0.69839060
vn -0.61026794 -0.37397319 -0.69836748
vn -0.66124231 -0.27389401 0.69838434
vn -0.66124654 -0.27389708 -0.69837916
vn -0.63770825 -0.32492897 -0.69839060
vn -0.68070877 -0.22117576 0.69836730
vn -0.68070811 -0.22117680 -0.69836766
vn -0.66124654 -0.27389708 -0.69837916
vn -0.69594711 -0.16708216 0.69838470
vn -0.69594133 -0.16708168 -0.69839060
vn -0.68070811 -0.22117680 -0.69836766
vn -0.70691085 -0.11196269 0.69838500
vn -0.70691639 -0.11196440 -0.69837892
vn -0.69594133 -0.16708168 -0.69839060
vn -0.71351659 -0.05615550 0.69838423
vn -0.71353263 -0.05615754 -0.69836771
vn -0.70691639 -0.11196440 -0.69837892
vn -0.71573776 0.00000027 0.69836909
vn -0.71571720 -0.00000027 -0.69839019
vn -0.71353263 -0.05615754 -0.69836771
vn -0.71353281 0.05615679 -0.69836760
vn 0.69590414 -0.05476804 -0.71604323
vn 0.69806248 0.00000064 -0.71603692
vn -0.71353281 0.05615679 -0.69836760
vn -0.70690536 0.11196176 -0.69839054
vn 0.68946826 -0.10920019 -0.71603692
vn -0.69595248 0.16708346 -0.69837910
vn 0.67877191 -0.16295798 -0.71604007
vn 0.68946826 -0.10920019 -0.71603692
vn -0.68069780 0.22117221 -0.69837916
vn 0.66389370 -0.21571234 -0.71604007
vn 0.67877191 -0.16295798 -0.71604007
vn -0.66125733 0.27390024 -0.69836760
vn 0.64491934 -0.26713544 -0.71604323
vn 0.66389370 -0.21571234 -0.71604007
vn -0.66125733 0.27390024 -0.69836760
vn -0.63770866 0.32492805 -0.69839060
vn 0.62197793 -0.31691414 -0.71603698
vn -0.61025882 0.37396643 -0.69837898
vn 0.59519339 -0.36473489 -0.71603996
vn 0.62197793 -0.31691414 -0.71603698
vn -0.57904565 0.42070079 -0.69836748
vn 0.56473941 -0.41030654 -0.71604323
vn 0.59519339 -0.36473489 -0.71603996
vn -0.57904565 0.42070079 -0.69836748
vn -0.54423535 0.46482092 -0.69839054
vn 0.53081083 -0.45335522 -0.71603698
vn -0.50610459 0.50610340 -0.69836771
vn 0.49360028 -0.49360016 -0.71604317
vn 0.53081083 -0.45335522 -0.71603698
vn -0.50610459 0.50610340 -0.69836771
vn -0.46482158 0.54423493 -0.69839042
vn 0.45335549 -0.53081065 -0.71603698
vn -0.42069468 0.57903600 -0.69837904
vn 0.41030881 -0.56474185 -0.71603996
vn 0.45335549 -0.53081065 -0.71603698
vn -0.37397349 0.61026782 -0.69836742
vn 0.36473328 -0.59519053 -0.71604317
vn 0.41030881 -0.56474185 -0.71603996
vn -0.37397349 0.61026782 -0.69836742
vn -0.32492900 0.63770825 -0.69839060
vn 0.31691355 -0.62197816 -0.71603698
vn -0.27389747 0.66124642 -0.69837916
vn 0.26713574 -0.64492267 -0.71603990
vn 0.31691355 -0.62197816 -0.71603698
vn -0.22117612 0.68070829 -0.69836760
vn 0.21571143 -0.66389048 -0.71604323
vn 0.26713574 -0.64492267 -0.71603990
vn -0.22117612 0.68070829 -0.69836760
vn -0.16708137 0.69594139 -0.69839060
vn 0.16295956 -0.67877483 -0.71603686
vn -0.11196494 0.70691627 -0.69837892
vn 0.10920043 -0.68946487 -0.71604007
vn 0.16295956 -0.67877483 -0.71603686
vn -0.05615720 0.71353275 -0.69836771
vn 0.05476879 -0.69590414 -0.71604323
vn 0.10920043 -0.68946487 -0.71604007
vn -0.05615720 0.71353275 -0.69836771
vn -0.00000049 0.71571720 -0.69839025
vn 0.00000002 -0.69806242 -0.71603692
vn 0.05615622 0.71353287 -0.69836771
vn -0.05476875 -0.69590408 -0.71604323
vn 0.00000002 -0.69806242 -0.71603692
vn 0.05615622 0.71353287 -0.69836771
vn 0.11196221 0.70690525 -0.69839054
vn -0.10920090 -0.68946820 -0.71603692
vn 0.16708301 0.69595259 -0.69837910
vn -0.16295871 -0.67877173 -0.71604007
vn -0.10920090 -0.68946820 -0.71603692
vn 0.22117168 0.68069786 -0.69837904
vn -0.21571232 -0.66389376 -0.71604007
vn -0.16295871 -0.67877173 -0.71604007
vn 0.27390084 0.66125703 -0.69836760
vn -0.26713437 -0.64491969 -0.71604311
vn -0.21571232 -0.66389376 -0.71604007
vn 0.27390084 0.66125703 -0.69836760
vn 0.32492810 0.63770866 -0.69839054
vn -0.31691369 -0.62197810 -0.71603703
vn 0.37396675 0.61025864 -0.69837898
vn -0.36473495 -0.59519339 -0.71603996
vn -0.31691369 -0.62197810 -0.71603703
vn 0.42070061 0.57904565 -0.69836736
vn -0.41030654 -0.56473941 -0.71604323
vn -0.36473495 -0.59519339 -0.71603996
vn 0.42070061 0.57904565 -0.69836736
vn 0.46482086 0.54423547 -0.69839048
vn -0.45335528 -0.53081077 -0.71603698
vn 0.50610381 0.50610417 -0.69836766
vn -0.49360022 -0.49360016 -0.71604317
vn -0.45335528 -0.53081077 -0.71603698
vn 0.50610381 0.50610417 -0.69836766
vn 0.54423475 0.46482179 -0.69839048
vn -0.53081053 -0.45335558 -0.71603698
vn 0.57903582 0.42069483 -0.69837910
vn -0.56474179 -0.41030890 -0.71603996
vn -0.53081053 -0.45335558 -0.71603698
vn 0.61026794 0.37397319 -0.69836748
vn -0.59519058 -0.36473322 -0.71604317
vn -0.56474179 -0.41030890 -0.71603996
vn 0.61026794 0.37397319 -0.69836748
vn 0.63770825 0.32492897 -0.69839060
vn -0.62197840 -0.31691319 -0.71603698
vn 0.66124654 0.27389708 -0.69837916
vn -0.64492297 -0.26713511 -0.71604002
vn -0.62197840 -0.31691319 -0.71603698
vn 0.68070811 0.22117680 -0.69836766
vn -0.66389054 -0.21571140 -0.71604335
vn -0.64492297 -0.26713511 -0.71604002
vn 0.68070811 0.22117680 -0.69836766
vn 0.69594133 0.16708168 -0.69839060
vn -0.67877477 -0.16295995 -0.71603686
vn 0.70691639 0.11196440 -0.69837892
vn -0.68946481 -0.10920093 -0.71604007
vn -0.67877477 -0.16295995 -0.71603686
vn 0.71353263 0.05615754 -0.69836771
vn -0.69590414 -0.05476931 -0.71604323
vn -0.68946481 -0.10920093 -0.71604007
vn 0.71353263 0.05615754 -0.69836771
vn 0.71571720 0.00000027 -0.69839019
vn -0.69806248 -0.00000064 -0.71603692
vn 0.71353281 -0.05615679 -0.69836760
vn -0.69590414 0.05476804 -0.71604323
vn -0.69806248 -0.00000064 -0.71603692
vn 0.71353281 -0.05615679 -0.69836760
vn 0.70690536 -0.11196176 -0.69839054
vn -0.68946826 0.10920019 -0.71603692
vn 0.69595248 -0.16708346 -0.69837910
vn -0.67877191 0.16295798 -0.71604007
vn -0.68946826 0.10920019 -0.71603692
vn 0.68069780 -0.22117221 -0.69837916
vn -0.66389370 0.21571234 -0.71604007
vn -0.67877191 0.16295798 -0.71604007
vn 0.66125733 -0.27390024 -0.69836760
vn -0.64491934 0.26713544 -0.71604323
vn -0.66389370 0.21571234 -0.71604007
vn 0.66125733 -0.27390024 -0.69836760
vn 0.63770866 -0.32492805 -0.69839060
vn -0.62197793 0.31691414 -0.71603698
vn 0.61025882 -0.37396643 -0.69837898
vn -0.59519339 0.36473489 -0.71603996
vn -0.62197793 0.31691414 -0.71603698
vn 0.57904565 -0.42070079 -0.69836748
vn -0.56473941 0.41030654 -0.71604323
vn -0.59519339 0.36473489 -0.71603996
vn 0.57904565 -0.42070079 -0.69836748
vn 0.54423535 -0.46482092 -0.69839054
vn -0.53081083 0.45335522 -0.71603698
vn 0.50610459 -0.50610340 -0.69836771
vn -0.49360028 0.49360016 -0.71604317
vn -0.53081083 0.45335522 -0.71603698
vn 0.50610459 -0.50610340 -0.69836771
vn 0.46482158 -0.54423493 -0.69839042
vn -0.45335549 0.53081065 -0.71603698
vn 0.42069468 -0.57903600 -0.69837904
vn -0.41030881 0.56474185 -0.71603996
vn -0.45335549 0.53081065 -0.71603698
vn 0.37397349 -0.61026782 -0.69836742
vn -0.36473328 0.59519053 -0.71604317
vn -0.41030881 0.56474185 -0.71603996
vn 0.37397349 -0.61026782 -0.69836742
vn 0.32492900 -0.63770825 -0.69839060
vn -0.31691355 0.62197816 -0.71603698
vn 0.27389747 -0.66124642 -0.69837916
vn -0.26713574 0.64492267 -0.71603990
vn -0.31691355 0.62197816 -0.71603698
vn 0.22117612 -0.68070829 -0.69836760
vn -0.21571143 0.66389048 -0.71604323
vn -0.26713574 0.64492267 -0.71603990
vn 0.22117612 -0.68070829 -0.69836760
vn 0.16708137 -0.69594139 -0.69839060
vn -0.16295956 0.67877483 -0.71603686
vn 0.11196494 -0.70691627 -0.69837892
vn -0.10920043 0.68946487 -0.71604007
vn -0.16295956 0.67877483 -0.71603686
vn 0.05615720 -0.71353275 -0.69836771
vn -0.05476879 0.69590414 -0.71604323
vn -0.10920043 0.68946487 -0.71604007
vn 0.05615720 -0.71353275 -0.69836771
vn 0.00000049 -0.71571720 -0.69839025
vn -0.00000002 0.69806242 -0.71603692
vn -0.05615622 -0.71353287 -0.69836771
vn 0.05476875 0.69590408 -0.71604323
vn -0.00000002 0.69806242 -0.71603692
vn -0.05615622 -0.71353287 -0.69836771
vn -0.11196221 -0.70690525 -0.69839054
vn 0.10920090 0.68946820 -0.71603692
vn -0.16708301 -0.69595259 -0.69837910
vn 0.16295871 0.67877173 -0.71604007
vn 0.10920090 0.68946820 -0.71603692
vn -0.22117168 -0.68069786 -0.69837904
vn 0.21571232 0.66389376 -0.71604007
vn 0.16295871 0.67877173 -0.71604007
vn -0.27390084 -0.66125703 -0.69836760
vn 0.26713437 0.64491969 -0.71604311
vn 0.21571232 0.66389376 -0.71604007
vn -0.27390084 -0.66125703 -0.69836760
vn -0.32492810 -0.63770866 -0.69839054
vn 0.31691369 0.62197810 -0.71603703
vn -0.37396675 -0.61025864 -0.69837898
vn 0.36473495 0.59519339 -0.71603996
vn 0.31691369 0.62197810 -0.71603703
vn -0.42070061 -0.57904565 -0.69836736
vn 0.41030654 0.56473941 -0.71604323
vn 0.36473495 0.59519339 -0.71603996
vn -0.42070061 -0.57904565 -0.69836736
vn -0.46482086 -0.54423547 -0.69839048
vn 0.45335528 0.53081077 -0.71603698
vn -0.50610381 -0.50610417 -0.69836766
vn 0.49360022 0.49360016 -0.71604317
vn 0.45335528 0.53081077 -0.71603698
vn -0.50610381 -0.50610417 -0.69836766
vn -0.54423475 -0.46482179 -0.69839048
vn 0.53081053 0.45335558 -0.71603698
vn -0.57903582 -0.42069483 -0.69837910
vn 0.56474179 0.41030890 -0.71603996
vn 0.53081053 0.45335558 -0.71603698
vn -0.61026794 -0.37397319 -0.69836748
vn 0.59519058 0.36473322 -0.71604317
vn 0.56474179 0.41030890 -0.71603996
vn -0.61026794 -0.37397319 -0.69836748
vn -0.63770825 -0.32492897 -0.69839060
vn 0.62197840 0.31691319 -0.71603698
vn -0.66124654 -0.27389708 -0.69837916
vn 0.64492297 0.26713511 -0.71604002
vn 0.62197840 0.31691319 -0.71603698
vn -0.68070811 -0.22117680 -0.69836766
vn 0.66389054 0.21571140 -0.71604335
vn 0.64492297 0.26713511 -0.71604002
vn -0.68070811 -0.22117680 -0.69836766
vn -0.69594133 -0.16708168 -0.69839060
vn 0.67877477 0.16295995 -0.71603686
vn -0.70691639 -0.11196440 -0.69837892
vn 0.68946481 0.10920093 -0.71604007
vn 0.67877477 0.16295995 -0.71603686
vn -0.71353263 -0.05615754 -0.69836771
vn 0.69590414 0.05476931 -0.71604323
vn 0.68946481 0.10920093 -0.71604007
vn -0.71353263 -0.05615754 -0.69836771
vn -0.71571720 -0.00000027 -0.69839019
vn 0.69806248 0.00000064 -0.71603692
vn 0.69590414 -0.05476804 -0.71604323
vn 0.71352410 -0.05615590 -0.69837654
vn 0.71572888 -0.00000066 -0.69837815
vn 0.68946826 -0.10920019 -0.71603692
vn 0.70691293 -0.11196574 -0.69838220
vn 0.71352410 -0.05615590 -0.69837654
vn 0.67877191 -0.16295798 -0.71604007
vn 0.69595546 -0.16708469 -0.69837564
vn 0.70691293 -0.11196574 -0.69838220
vn 0.66389370 -0.21571234 -0.71604007
vn 0.68069857 -0.22117265 -0.69837826
vn 0.69595546 -0.16708469 -0.69837564
vn 0.64491934 -0.26713544 -0.71604323
vn 0.66125071 -0.27389881 -0.69837451
vn 0.68069857 -0.22117265 -0.69837826
vn 0.62197793 -0.31691414 -0.71603698
vn 0.63771945 -0.32493365 -0.69837809
vn 0.66125071 -0.27389881 -0.69837451
vn 0.59519339 -0.36473489 -0.71603996
vn 0.61027575 -0.37397748 -0.69835836
vn 0.63771945 -0.32493365 -0.69837809
vn 0.56473941 -0.41030654 -0.71604323
vn 0.57903683 -0.42069483 -0.69837826
vn 0.61027575 -0.37397748 -0.69835836
vn 0.53081083 -0.45335522 -0.71603698
vn 0.54424453 -0.46482933 -0.69837785
vn 0.57903683 -0.42069483 -0.69837826
vn 0.49360028 -0.49360016 -0.71604317
vn 0.50609708 -0.50609696 -0.69837791
vn 0.54424453 -0.46482933 -0.69837785
vn 0.45335549 -0.53081065 -0.71603698
vn 0.46482995 -0.54424596 -0.69837624
vn 0.50609708 -0.50609696 -0.69837791
vn 0.41030881 -0.56474185 -0.71603996
vn 0.42068776 -0.57903910 -0.69838065
vn 0.46482995 -0.54424596 -0.69837624
vn 0.36473328 -0.59519053 -0.71604317
vn 0.37396905 -0.61026227 -0.69837463
vn 0.42068776 -0.57903910 -0.69838065
vn 0.31691355 -0.62197816 -0.71603698
vn 0.32493415 -0.63771915 -0.69837809
vn 0.37396905 -0.61026227 -0.69837463
vn 0.26713574 -0.64492267 -0.71603990
vn 0.27390936 -0.66127592 -0.69834650
vn 0.32493415 -0.63771915 -0.69837809
vn 0.21571143 -0.66389048 -0.71604323
vn 0.22117276 -0.68069917 -0.69837767
vn 0.27390936 -0.66127592 -0.69834650
vn 0.16295956 -0.67877483 -0.71603686
vn 0.16708371 -0.69595349 -0.69837797
vn 0.22117276 -0.68069917 -0.69837767
vn 0.10920043 -0.68946487 -0.71604007
vn 0.11196554 -0.70691705 -0.69837815
vn 0.16708371 -0.69595349 -0.69837797
vn 0.05476879 -0.69590414 -0.71604323
vn 0.05615558 -0.71352524 -0.69837534
vn 0.11196554 -0.70691705 -0.69837815
vn 0.00000002 -0.69806242 -0.71603692
vn -0.00000002 -0.71572888 -0.69837821
vn 0.05615558 -0.71352524 -0.69837534
vn -0.05476875 -0.69590408 -0.71604323
vn -0.05615574 -0.71352661 -0.69837391
vn -0.00000002 -0.71572888 -0.69837821
vn -0.10920090 -0.68946820 -0.71603692
vn -0.11196660 -0.70691699 -0.69837803
vn -0.05615574 -0.71352661 -0.69837391
vn -0.16295871 -0.67877173 -0.71604007
vn -0.16708638 -0.69596398 -0.69836688
vn -0.11196660 -0.70691699 -0.69837803
vn -0.21571232 -0.66389376 -0.71604007
vn -0.22117268 -0.68069851 -0.69837826
vn -0.16708638 -0.69596398 -0.69836688
vn -0.26713437 -0.64491969 -0.71604311
vn -0.27389783 -0.66124791 -0.69837743
vn -0.22117268 -0.68069851 -0.69837826
vn -0.31691369 -0.62197810 -0.71603703
vn -0.32493404 -0.63771927 -0.69837809
vn -0.27389783 -0.66124791 -0.69837743
vn -0.36473495 -0.59519339 -0.71603996
vn -0.37397608 -0.61027366 -0.69836086
vn -0.32493404 -0.63771927 -0.69837809
vn -0.41030654 -0.56473941 -0.71604323
vn -0.42068803 -0.57903880 -0.69838065
vn -0.37397608 -0.61027366 -0.69836086
vn -0.45335528 -0.53081077 -0.71603698
vn -0.46482918 -0.54424471 -0.69837785
vn -0.42068803 -0.57903880 -0.69838065
vn -0.49360022 -0.49360016 -0.71604317
vn -0.50609708 -0.50609690 -0.69837791
vn -0.46482918 -0.54424471 -0.69837785
vn -0.53081053 -0.45335558 -0.71603698
vn -0.54426450 -0.46484572 -0.69835132
vn -0.50609708 -0.50609690 -0.69837791
vn -0.56474179 -0.41030890 -0.71603996
vn -0.57903743 -0.42069465 -0.69837779
vn -0.54426450 -0.46484572 -0.69835132
vn -0.59519058 -0.36473322 -0.71604317
vn -0.61025923 -0.37396723 -0.69837826
vn -0.57903743 -0.42069465 -0.69837779
vn -0.62197840 -0.31691319 -0.71603698
vn -0.63771898 -0.32493466 -0.69837809
vn -0.61025923 -0.37396723 -0.69837826
vn -0.64492297 -0.26713511 -0.71604002
vn -0.66126317 -0.27390531 -0.69836026
vn -0.63771898 -0.32493466 -0.69837809
vn -0.66389054 -0.21571140 -0.71604335
vn -0.68069923 -0.22117275 -0.69837761
vn -0.66126317 -0.27390531 -0.69836026
vn -0.67877477 -0.16295995 -0.71603686
vn -0.69595635 -0.16708232 -0.69837534
vn -0.68069923 -0.22117275 -0.69837761
vn -0.68946481 -0.10920093 -0.71604007
vn -0.70691317 -0.11196447 -0.69838220
vn -0.69595635 -0.16708232 -0.69837534
vn -0.69590414 -0.05476931 -0.71604323
vn -0.71353585 -0.05615567 -0.69836468
vn -0.70691317 -0.11196447 -0.69838220
vn -0.69806248 -0.00000064 -0.71603692
vn -0.71572888 0.00000066 -0.69837815
vn -0.71353585 -0.05615567 -0.69836468
vn -0.69590414 0.05476804 -0.71604323
vn -0.71352410 0.05615590 -0.69837654
vn -0.71572888 0.00000066 -0.69837815
vn -0.68946826 0.10920019 -0.71603692
vn -0.70691293 0.11196574 -0.69838220
vn -0.71352410 0.05615590 -0.69837654
vn -0.67877191 0.16295798 -0.71604007
vn -0.69595546 0.16708469 -0.69837564
vn -0.70691293 0.11196574 -0.69838220
vn -0.66389370 0.21571234 -0.71604007
vn -0.68069857 0.22117265 -0.69837826
vn -0.69595546 0.16708469 -0.69837564
vn -0.64491934 0.26713544 -0.71604323
vn -0.66125071 0.27389881 -0.69837451
vn -0.68069857 0.22117265 -0.69837826
vn -0.62197793 0.31691414 -0.71603698
vn -0.63771945 0.32493365 -0.69837809
vn -0.66125071 0.27389881 -0.69837451
vn -0.59519339 0.36473489 -0.71603996
vn -0.61028147 0.37398100 -0.69835144
vn -0.63771945 0.32493365 -0.69837809
vn -0.56473941 0.41030654 -0.71604323
vn -0.57903683 0.42069483 -0.69837826
vn -0.61028147 0.37398100 -0.69835144
vn -0.53081083 0.45335522 -0.71603698
vn -0.54424453 0.46482933 -0.69837785
vn -0.57903683 0.42069483 -0.69837826
vn -0.49360028 0.49360016 -0.71604317
vn -0.50609708 0.50609696 -0.69837791
vn -0.54424453 0.46482933 -0.69837785
vn -0.45335549 0.53081065 -0.71603698
vn -0.46482995 0.54424596 -0.69837624
vn -0.50609708 0.50609696 -0.69837791
vn -0.41030881 0.56474185 -0.71603996
vn -0.42068776 0.57903910 -0.69838065
vn -0.46482995 0.54424596 -0.69837624
vn -0.36473328 0.59519053 -0.71604317
vn -0.37396905 0.61026227 -0.69837463
vn -0.42068776 0.57903910 -0.69838065
vn -0.31691355 0.62197816 -0.71603698
vn -0.32493415 0.63771915 -0.69837809
vn -0.37396905 0.61026227 -0.69837463
vn -0.26713574 0.64492267 -0.71603990
vn -0.27390099 0.66125566 -0.69836891
vn -0.32493415 0.63771915 -0.69837809
vn -0.21571143 0.66389048 -0.71604323
vn -0.22117276 0.68069917 -0.69837767
vn -0.27390099 0.66125566 -0.69836891
vn -0.16295956 0.67877483 -0.71603686
vn -0.16708371 0.69595349 -0.69837797
vn -0.22117276 0.68069917 -0.69837767
vn -0.10920043 0.68946487 -0.71604007
vn -0.11196554 0.70691705 -0.69837815
vn -0.16708371 0.69595349 -0.69837797
vn -0.05476879 0.69590414 -0.71604323
vn -0.05615558 0.71352524 -0.69837534
vn -0.11196554 0.70691705 -0.69837815
vn -0.00000002 0.69806242 -0.71603692
vn 0.00000002 0.71572888 -0.69837821
vn -0.05615558 0.71352524 -0.69837534
vn 0.05476875 0.69590408 -0.71604323
vn 0.05615574 0.71352661 -0.69837391
vn 0.00000002 0.71572888 -0.69837821
vn 0.10920090 0.68946820 -0.71603692
vn 0.11196660 0.70691699 -0.69837803
vn 0.05615574 0.71352661 -0.69837391
vn 0.16295871 0.67877173 -0.71604007
vn 0.16708517 0.69595903 -0.69837219
vn 0.11196660 0.70691699 -0.69837803
vn 0.21571232 0.66389376 -0.71604007
vn 0.22117268 0.68069851 -0.69837826
vn 0.16708517 0.69595903 -0.69837219
vn 0.26713437 0.64491969 -0.71604311
vn 0.27389783 0.66124791 -0.69837743
vn 0.22117268 0.68069851 -0.69837826
vn 0.31691369 0.62197810 -0.71603703
vn 0.32493404 0.63771927 -0.69837809
vn 0.27389783 0.66124791 -0.69837743
vn 0.36473495 0.59519339 -0.71603996
vn 0.37397605 0.61027366 -0.69836092
vn 0.32493404 0.63771927 -0.69837809
vn 0.41030654 0.56473941 -0.71604323
vn 0.42068803 0.57903880 -0.69838065
vn 0.37397605 0.61027366 -0.69836092
vn 0.45335528 0.53081077 -0.71603698
vn 0.46482918 0.54424471 -0.69837785
vn 0.42068803 0.57903880 -0.69838065
vn 0.49360022 0.49360016 -0.71604317
vn 0.50609708 0.50609690 -0.69837791
vn 0.46482918 0.54424471 -0.69837785
vn 0.53081053 0.45335558 -0.71603698
vn 0.54425234 0.46483561 -0.69836754
vn 0.50609708 0.50609690 -0.69837791
vn 0.56474179 0.41030890 -0.71603996
vn 0.57903713 0.42069444 -0.69837826
vn 0.54425234 0.46483561 -0.69836754
vn 0.59519058 0.36473322 -0.71604317
vn 0.61026233 0.37396911 -0.69837451
vn 0.57903713 0.42069444 -0.69837826
vn 0.62197840 0.31691319 -0.71603698
vn 0.63771898 0.32493466 -0.69837809
vn 0.61026233 0.37396911 -0.69837451
vn 0.64492297 0.26713511 -0.71604002
vn 0.66124940 0.27389905 -0.69837570
vn 0.63771898 0.32493466 -0.69837809
vn 0.66389054 0.21571140 -0.71604335
vn 0.68069923 0.22117275 -0.69837761
vn 0.66124940 0.27389905 -0.69837570
vn 0.67877477 0.16295995 -0.71603686
vn 0.69595635 0.16708232 -0.69837534
vn 0.68069923 0.22117275 -0.69837761
vn 0.68946481 0.10920093 -0.71604007
vn 0.70691317 0.11196447 -0.69838220
vn 0.69595635 0.16708232 -0.69837534
vn 0.69590414 0.05476931 -0.71604323
vn 0.71355075 0.05615684 -0.69834924
vn 0.70691317 0.11196447 -0.69838220
vn 0.69806248 0.00000064 -0.71603692
vn 0.71572888 -0.00000066 -0.69837815
vn 0.71355075 0.05615684 -0.69834924
vn -0.71573776 0.00000027 0.69836909
vn -0.71351659 -0.05615550 0.69838423
vn -0.68070877 -0.22117576 0.69836730
vn -0.71351659 -0.05615550 0.69838423
vn -0.70691085 -0.11196269 0.69838500
vn -0.68070877 -0.22117576 0.69836730
vn -0.70691085 -0.11196269 0.69838500
vn -0.69594711 -0.16708216 0.69838470
vn -0.68070877 -0.22117576 0.69836730
vn -0.68070877 -0.22117576 0.69836730
vn -0.66124231 -0.27389401 0.69838434
vn -0.57903975 -0.42069647 0.69837481
vn -0.66124231 -0.27389401 0.69838434
vn -0.63771385 -0.32493073 0.69838464
vn -0.57903975 -0.42069647 0.69837481
vn -0.63771385 -0.32493073 0.69838464
vn -0.61025405 -0.37396348 0.69838482
vn -0.57903975 -0.42069647 0.69837481
vn -0.57903975 -0.42069647 0.69837481
vn -0.54423964 -0.46482462 0.69838470
vn -0.50609559 -0.50609452 0.69838065
vn -0.50609559 -0.50609452 0.69838065
vn -0.46482509 -0.54423934 0.69838470
vn -0.42069209 -0.57903236 0.69838369
vn -0.42069209 -0.57903236 0.69838369
vn -0.37396467 -0.61025339 0.69838482
vn -0.32493144 -0.63771343 0.69838470
vn -0.32493144 -0.63771343 0.69838470
vn -0.27389553 -0.66124177 0.69838434
vn -0.42069209 -0.57903236 0.69838369
vn -0.27389553 -0.66124177 0.69838434
vn -0.22118074 -0.68072253 0.69835228
vn -0.42069209 -0.57903236 0.69838369
vn -0.22118074 -0.68072253 0.69835228
vn -0.16708258 -0.69594699 0.69838470
vn -0.11196409 -0.70691085 0.69838470
vn -0.11196409 -0.70691085 0.69838470
vn -0.05615592 -0.71351647 0.69838440
vn -0.22118074 -0.68072253 0.69835228
vn -0.05615592 -0.71351647 0.69838440
vn -0.00000049 -0.71572679 0.69838035
vn -0.22118074 -0.68072253 0.69835228
vn -0.00000049 -0.71572679 0.69838035
vn 0.05615494 -0.71351659 0.69838428
vn 0.22117640 -0.68071240 0.69836348
vn 0.05615494 -0.71351659 0.69838428
vn 0.11196318 -0.70691085 0.69838476
vn 0.22117640 -0.68071240 0.69836348
vn 0.11196318 -0.70691085 0.69838476
vn 0.16708159 -0.69594723 0.69838470
vn 0.22117640 -0.68071240 0.69836348
vn 0.22117640 -0.68071240 0.69836348
vn 0.27389470 -0.66124207 0.69838434
vn 0.42069134 -0.57903302 0.69838363
vn 0.27389470 -0.66124207 0.69838434
vn 0.32493079 -0.63771379 0.69838458
vn 0.42069134 -0.57903302 0.69838363
vn 0.32493079 -0.63771379 0.69838458
vn 0.37396380 -0.61025387 0.69838482
vn 0.42069134 -0.57903302 0.69838363
vn 0.42069134 -0.57903302 0.69838363
vn 0.46482432 -0.54423982 0.69838488
vn 0.50609493 -0.50609523 0.69838071
vn 0.50609493 -0.50609523 0.69838071
vn 0.54423904 -0.46482542 0.69838464
vn 0.57906586 -0.42071670 0.69834107
vn 0.57906586 -0.42071670 0.69834107
vn 0.61025357 -0.37396434 0.69838482
vn 0.63771343 -0.32493159 0.69838464
vn 0.63771343 -0.32493159 0.69838464
vn 0.66124183 -0.27389514 0.69838434
vn 0.57906586 -0.42071670 0.69834107
vn 0.66124183 -0.27389514 0.69838434
vn 0.68069595 -0.22117291 0.69838065
vn 0.57906586 -0.42071670 0.69834107
vn 0.68069595 -0.22117291 0.69838065
vn 0.69594693 -0.16708304 0.69838464
vn 0.70691073 -0.11196356 0.69838488
vn 0.70691073 -0.11196356 0.69838488
vn 0.71351653 -0.05615627 0.69838440
vn 0.68069595 -0.22117291 0.69838065
vn 0.71351653 -0.05615627 0.69838440
vn 0.71573430 -0.00000027 0.69837272
vn 0.68069595 -0.22117291 0.69838065
vn 0.71573430 -0.00000027 0.69837272
vn 0.71351659 0.05615550 0.69838423
vn 0.68070877 0.22117576 0.69836730
vn 0.71351659 0.05615550 0.69838423
vn 0.70691085 0.11196269 0.69838500
vn 0.68070877 0.22117576 0.69836730
vn 0.70691085 0.11196269 0.69838500
vn 0.69594711 0.16708216 0.69838470
vn 0.68070877 0.22117576 0.69836730
vn 0.68070877 0.22117576 0.69836730
vn 0.66124231 0.27389401 0.69838434
vn 0.57904375 0.42069936 0.69836992
vn 0.66124231 0.27389401 0.69838434
vn 0.63771385 0.32493073 0.69838464
vn 0.57904375 0.42069936 0.69836992
vn 0.63771385 0.32493073 0.69838464
vn 0.61025405 0.37396348 0.69838482
vn 0.57904375 0.42069936 0.69836992
vn 0.57904375 0.42069936 0.69836992
vn 0.54423964 0.46482462 0.69838470
vn 0.50609559 0.50609452 0.69838065
vn 0.50609559 0.50609452 0.69838065
vn 0.46482509 0.54423934 0.69838470
vn 0.42069209 0.57903236 0.69838369
vn 0.42069209 0.57903236 0.69838369
vn 0.37396467 0.61025339 0.69838482
vn 0.32493144 0.63771343 0.69838470
vn 0.32493144 0.63771343 0.69838470
vn 0.27389553 0.66124177 0.69838434
vn 0.42069209 0.57903236 0.69838369
vn 0.27389553 0.66124177 0.69838434
vn 0.22117411 0.68070209 0.69837427
vn 0.42069209 0.57903236 0.69838369
vn 0.22117411 0.68070209 0.69837427
vn 0.16708258 0.69594699 0.69838470
vn 0.11196409 0.70691085 0.69838470
vn 0.11196409 0.70691085 0.69838470
vn 0.05615592 0.71351647 0.69838440
vn 0.22117411 0.68070209 0.69837427
vn 0.05615592 0.71351647 0.69838440
vn 0.00000049 0.71572453 0.69838268
vn 0.22117411 0.68070209 0.69837427
vn 0.00000049 0.71572453 0.69838268
vn -0.05615483 0.71351612 0.69838482
vn -0.11196364 0.70691431 0.69838119
vn -0.11196364 0.70691431 0.69838119
vn -0.16708159 0.69594723 0.69838470
vn -0.22117390 0.68070471 0.69837177
vn -0.22117390 0.68070471 0.69837177
vn -0.27389470 0.66124207 0.69838434
vn -0.42069134 0.57903302 0.69838363
vn -0.27389470 0.66124207 0.69838434
vn -0.32493079 0.63771379 0.69838458
vn -0.42069134 0.57903302 0.69838363
vn -0.32493079 0.63771379 0.69838458
vn -0.37396380 0.61025387 0.69838482
vn -0.42069134 0.57903302 0.69838363
vn -0.42069134 0.57903302 0.69838363
vn -0.46482432 0.54423982 0.69838488
vn -0.50609493 0.50609523 0.69838071
vn -0.50609493 0.50609523 0.69838071
vn -0.54423904 0.46482542 0.69838464
vn -0.57904637 0.42070252 0.69836581
vn -0.57904637 0.42070252 0.69836581
vn -0.61025357 0.37396434 0.69838482
vn -0.63771343 0.32493159 0.69838464
vn -0.63771343 0.32493159 0.69838464
vn -0.66124183 0.27389514 0.69838434
vn -0.57904637 0.42070252 0.69836581
vn -0.66124183 0.27389514 0.69838434
vn -0.68069595 0.22117291 0.69838065
vn -0.57904637 0.42070252 0.69836581
vn -0.68069595 0.22117291 0.69838065
vn -0.69594693 0.16708304 0.69838464
vn -0.70691073 0.11196356 0.69838488
vn -0.70691073 0.11196356 0.69838488
vn -0.71351653 0.05615627 0.69838440
vn -0.68069595 0.22117291 0.69838065
vn -0.71351653 0.05615627 0.69838440
vn -0.71573776 0.00000027 0.69836909
vn -0.68069595 0.22117291 0.69838065
vn -0.57903975 -0.42069647 0.69837481
vn -0.50609559 -0.50609452 0.69838065
vn -0.22118074 -0.68072253 0.69835228
vn -0.50609559 -0.50609452 0.69838065
vn -0.42069209 -0.57903236 0.69838369
vn -0.22118074 -0.68072253 0.69835228
vn 0.42069134 -0.57903302 0.69838363
vn 0.50609493 -0.50609523 0.69838071
vn 0.22117640 -0.68071240 0.69836348
vn 0.50609493 -0.50609523 0.69838071
vn 0.57906586 -0.42071670 0.69834107
vn 0.22117640 -0.68071240 0.69836348
vn 0.57904375 0.42069936 0.69836992
vn 0.50609559 0.50609452 0.69838065
vn 0.22117411 0.68070209 0.69837427
vn 0.50609559 0.50609452 0.69838065
vn 0.42069209 0.57903236 0.69838369
vn 0.22117411 0.68070209 0.69837427
vn 0.00000049 0.71572453 0.69838268
vn -0.11196364 0.70691431 0.69838119
vn 0.22117411 0.68070209 0.69837427
vn -0.11196364 0.70691431 0.69838119
vn -0.22117390 0.68070471 0.69837177
vn 0.22117411 0.68070209 0.69837427
vn -0.42069134 0.57903302 0.69838363
vn -0.50609493 0.50609523 0.69838071
vn -0.22117390 0.68070471 0.69837177
vn -0.50609493 0.50609523 0.69838071
vn -0.57904637 0.42070252 0.69836581
vn -0.22117390 0.68070471 0.69837177
vn -0.71573776 0.00000027 0.69836909
vn -0.68070877 -0.22117576 0.69836730
vn -0.22118074 -0.68072253 0.69835228
vn -0.68070877 -0.22117576 0.69836730
vn -0.57903975 -0.42069647 0.69837481
vn -0.22118074 -0.68072253 0.69835228
vn -0.22118074 -0.68072253 0.69835228
vn -0.00000049 -0.71572679 0.69838035
vn 0.22117640 -0.68071240 0.69836348
vn 0.57906586 -0.42071670 0.69834107
vn 0.68069595 -0.22117291 0.69838065
vn 0.71573430 -0.00000027 0.69837272
vn 0.71573430 -0.00000027 0.69837272
vn 0.68070877 0.22117576 0.69836730
vn 0.57906586 -0.42071670 0.69834107
vn 0.68070877 0.22117576 0.69836730
vn 0.57904375 0.42069936 0.69836992
vn 0.57906586 -0.42071670 0.69834107
vn -0.57904637 0.42070252 0.69836581
vn -0.68069595 0.22117291 0.69838065
vn -0.71573776 0.00000027 0.69836909
vn -0.22118074 -0.68072253 0.69835228
vn 0.22117640 -0.68071240 0.69836348
vn 0.57906586 -0.42071670 0.69834107
vn 0.57904375 0.42069936 0.69836992
vn 0.22117411 0.68070209 0.69837427
vn 0.57906586 -0.42071670 0.69834107
vn 0.22117411 0.68070209 0.69837427
vn -0.22117390 0.68070471 0.69837177
vn 0.57906586 -0.42071670 0.69834107
vn -0.22117390 0.68070471 0.69837177
vn -0.57904637 0.42070252 0.69836581
vn -0.71573776 0.00000027 0.69836909
vn -0.71573776 0.00000027 0.69836909
vn -0.22118074 -0.68072253 0.69835228
vn -0.22117390 0.68070471 0.69837177
vn 0.71355075 0.05615684 -0.69834924
vn 0.71572888 -0.00000066 -0.69837815
vn 0.71352410 -0.05615590 -0.69837654
vn 0.71352410 -0.05615590 -0.69837654
vn 0.70691293 -0.11196574 -0.69838220
vn 0.69595546 -0.16708469 -0.69837564
vn 0.69595546 -0.16708469 -0.69837564
vn 0.68069857 -0.22117265 -0.69837826
vn 0.66125071 -0.27389881 -0.69837451
vn 0.66125071 -0.27389881 -0.69837451
vn 0.63771945 -0.32493365 -0.69837809
vn 0.61027575 -0.37397748 -0.69835836
vn 0.61027575 -0.37397748 -0.69835836
vn 0.57903683 -0.42069483 -0.69837826
vn 0.54424453 -0.46482933 -0.69837785
vn 0.54424453 -0.46482933 -0.69837785
vn 0.50609708 -0.50609696 -0.69837791
vn 0.61027575 -0.37397748 -0.69835836
vn 0.50609708 -0.50609696 -0.69837791
vn 0.46482995 -0.54424596 -0.69837624
vn 0.61027575 -0.37397748 -0.69835836
vn 0.46482995 -0.54424596 -0.69837624
vn 0.42068776 -0.57903910 -0.69838065
vn 0.37396905 -0.61026227 -0.69837463
vn 0.37396905 -0.61026227 -0.69837463
vn 0.32493415 -0.63771915 -0.69837809
vn 0.27390936 -0.66127592 -0.69834650
vn 0.27390936 -0.66127592 -0.69834650
vn 0.22117276 -0.68069917 -0.69837767
vn 0.05615558 -0.71352524 -0.69837534
vn 0.22117276 -0.68069917 -0.69837767
vn 0.16708371 -0.69595349 -0.69837797
vn 0.05615558 -0.71352524 -0.69837534
vn 0.16708371 -0.69595349 -0.69837797
vn 0.11196554 -0.70691705 -0.69837815
vn 0.05615558 -0.71352524 -0.69837534
vn 0.05615558 -0.71352524 -0.69837534
vn -0.00000002 -0.71572888 -0.69837821
vn -0.05615574 -0.71352661 -0.69837391
vn -0.05615574 -0.71352661 -0.69837391
vn -0.11196660 -0.70691699 -0.69837803
vn -0.16708638 -0.69596398 -0.69836688
vn -0.16708638 -0.69596398 -0.69836688
vn -0.22117268 -0.68069851 -0.69837826
vn -0.27389783 -0.66124791 -0.69837743
vn -0.27389783 -0.66124791 -0.69837743
vn -0.32493404 -0.63771927 -0.69837809
vn -0.37397608 -0.61027366 -0.69836086
vn -0.37397608 -0.61027366 -0.69836086
vn -0.42068803 -0.57903880 -0.69838065
vn -0.46482918 -0.54424471 -0.69837785
vn -0.46482918 -0.54424471 -0.69837785
vn -0.50609708 -0.50609690 -0.69837791
vn -0.37397608 -0.61027366 -0.69836086
vn -0.50609708 -0.50609690 -0.69837791
vn -0.54426450 -0.46484572 -0.69835132
vn -0.37397608 -0.61027366 -0.69836086
vn -0.54426450 -0.46484572 -0.69835132
vn -0.57903743 -0.42069465 -0.69837779
vn -0.66126317 -0.27390531 -0.69836026
vn -0.57903743 -0.42069465 -0.69837779
vn -0.61025923 -0.37396723 -0.69837826
vn -0.66126317 -0.27390531 -0.69836026
vn -0.61025923 -0.37396723 -0.69837826
vn -0.63771898 -0.32493466 -0.69837809
vn -0.66126317 -0.27390531 -0.69836026
vn -0.66126317 -0.27390531 -0.69836026
vn -0.68069923 -0.22117275 -0.69837761
vn -0.71353585 -0.05615567 -0.69836468
vn -0.68069923 -0.22117275 -0.69837761
vn -0.69595635 -0.16708232 -0.69837534
vn -0.71353585 -0.05615567 -0.69836468
vn -0.69595635 -0.16708232 -0.69837534
vn -0.70691317 -0.11196447 -0.69838220
vn -0.71353585 -0.05615567 -0.69836468
vn -0.71353585 -0.05615567 -0.69836468
vn -0.71572888 0.00000066 -0.69837815
vn -0.71352410 0.05615590 -0.69837654
vn -0.71352410 0.05615590 -0.69837654
vn -0.70691293 0.11196574 -0.69838220
vn -0.69595546 0.16708469 -0.69837564
vn -0.69595546 0.16708469 -0.69837564
vn -0.68069857 0.22117265 -0.69837826
vn -0.66125071 0.27389881 -0.69837451
vn -0.66125071 0.27389881 -0.69837451
vn -0.63771945 0.32493365 -0.69837809
vn -0.61028147 0.37398100 -0.69835144
vn -0.61028147 0.37398100 -0.69835144
vn -0.57903683 0.42069483 -0.69837826
vn -0.54424453 0.46482933 -0.69837785
vn -0.54424453 0.46482933 -0.69837785
vn -0.50609708 0.50609696 -0.69837791
vn -0.61028147 0.37398100 -0.69835144
vn -0.50609708 0.50609696 -0.69837791
vn -0.46482995 0.54424596 -0.69837624
vn -0.61028147 0.37398100 -0.69835144
vn -0.46482995 0.54424596 -0.69837624
vn -0.42068776 0.57903910 -0.69838065
vn -0.37396905 0.61026227 -0.69837463
vn -0.37396905 0.61026227 -0.69837463
vn -0.32493415 0.63771915 -0.69837809
vn -0.27390099 0.66125566 -0.69836891
vn -0.27390099 0.66125566 -0.69836891
vn -0.22117276 0.68069917 -0.69837767
vn -0.05615558 0.71352524 -0.69837534
vn -0.22117276 0.68069917 -0.69837767
vn -0.16708371 0.69595349 -0.69837797
vn -0.05615558 0.71352524 -0.69837534
vn -0.16708371 0.69595349 -0.69837797
vn -0.11196554 0.70691705 -0.69837815
vn -0.05615558 0.71352524 -0.69837534
vn -0.05615558 0.71352524 -0.69837534
vn 0.00000002 0.71572888 -0.69837821
vn 0.05615574 0.71352661 -0.69837391
vn 0.05615574 0.71352661 -0.69837391
vn 0.11196660 0.70691699 -0.69837803
vn 0.16708517 0.69595903 -0.69837219
vn 0.16708517 0.69595903 -0.69837219
vn 0.22117268 0.68069851 -0.69837826
vn 0.27389783 0.66124791 -0.69837743
vn 0.27389783 0.66124791 -0.69837743
vn 0.32493404 0.63771927 -0.69837809
vn 0.37397605 0.61027366 -0.69836092
vn 0.37397605 0.61027366 -0.69836092
vn 0.42068803 0.57903880 -0.69838065
vn 0.46482918 0.54424471 -0.69837785
vn 0.46482918 0.54424471 -0.69837785
vn 0.50609708 0.50609690 -0.69837791
vn 0.37397605 0.61027366 -0.69836092
vn 0.50609708 0.50609690 -0.69837791
vn 0.54425234 0.46483561 -0.69836754
vn 0.37397605 0.61027366 -0.69836092
vn 0.54425234 0.46483561 -0.69836754
vn 0.57903713 0.42069444 -0.69837826
vn 0.61026233 0.37396911 -0.69837451
vn 0.61026233 0.37396911 -0.69837451
vn 0.63771898 0.32493466 -0.69837809
vn 0.66124940 0.27389905 -0.69837570
vn 0.66124940 0.27389905 -0.69837570
vn 0.68069923 0.22117275 -0.69837761
vn 0.71355075 0.05615684 -0.69834924
vn 0.68069923 0.22117275 -0.69837761
vn 0.69595635 0.16708232 -0.69837534
vn 0.71355075 0.05615684 -0.69834924
vn 0.69595635 0.16708232 -0.69837534
vn 0.70691317 0.11196447 -0.69838220
vn 0.71355075 0.05615684 -0.69834924
vn 0.71355075 0.05615684 -0.69834924
vn 0.71352410 -0.05615590 -0.69837654
vn 0.69595546 -0.16708469 -0.69837564
vn 0.69595546 -0.16708469 -0.69837564
vn 0.66125071 -0.27389881 -0.69837451
vn 0.71355075 0.05615684 -0.69834924
vn 0.66125071 -0.27389881 -0.69837451
vn 0.61027575 -0.37397748 -0.69835836
vn 0.71355075 0.05615684 -0.69834924
vn 0.46482995 -0.54424596 -0.69837624
vn 0.37396905 -0.61026227 -0.69837463
vn 0.61027575 -0.37397748 -0.69835836
vn 0.37396905 -0.61026227 -0.69837463
vn 0.27390936 -0.66127592 -0.69834650
vn 0.61027575 -0.37397748 -0.69835836
vn 0.05615558 -0.71352524 -0.69837534
vn -0.05615574 -0.71352661 -0.69837391
vn 0.27390936 -0.66127592 -0.69834650
vn -0.05615574 -0.71352661 -0.69837391
vn -0.16708638 -0.69596398 -0.69836688
vn 0.27390936 -0.66127592 -0.69834650
vn -0.16708638 -0.69596398 -0.69836688
vn -0.27389783 -0.66124791 -0.69837743
vn -0.37397608 -0.61027366 -0.69836086
vn -0.71353585 -0.05615567 -0.69836468
vn -0.71352410 0.05615590 -0.69837654
vn -0.69595546 0.16708469 -0.69837564
vn -0.69595546 0.16708469 -0.69837564
vn -0.66125071 0.27389881 -0.69837451
vn -0.71353585 -0.05615567 -0.69836468
vn -0.66125071 0.27389881 -0.69837451
vn -0.61028147 0.37398100 -0.69835144
vn -0.71353585 -0.05615567 -0.69836468
vn -0.46482995 0.54424596 -0.69837624
vn -0.37396905 0.61026227 -0.69837463
vn -0.61028147 0.37398100 -0.69835144
vn -0.37396905 0.61026227 -0.69837463
vn -0.27390099 0.66125566 -0.69836891
vn -0.61028147 0.37398100 -0.69835144
vn -0.05615558 0.71352524 -0.69837534
vn 0.05615574 0.71352661 -0.69837391
vn -0.27390099 0.66125566 -0.69836891
vn 0.05615574 0.71352661 -0.69837391
vn 0.16708517 0.69595903 -0.69837219
vn -0.27390099 0.66125566 -0.69836891
vn 0.16708517 0.69595903 -0.69837219
vn 0.27389783 0.66124791 -0.69837743
vn 0.37397605 0.61027366 -0.69836092
vn 0.54425234 0.46483561 -0.69836754
vn 0.61026233 0.37396911 -0.69837451
vn 0.71355075 0.05615684 -0.69834924
vn 0.61026233 0.37396911 -0.69837451
vn 0.66124940 0.27389905 -0.69837570
vn 0.71355075 0.05615684 -0.69834924
vn -0.16708638 -0.69596398 -0.69836688
vn -0.37397608 -0.61027366 -0.69836086
vn 0.27390936 -0.66127592 -0.69834650
vn -0.37397608 -0.61027366 -0.69836086
vn -0.54426450 -0.46484572 -0.69835132
vn 0.27390936 -0.66127592 -0.69834650
vn -0.54426450 -0.46484572 -0.69835132
vn -0.66126317 -0.27390531 -0.69836026
vn -0.61028147 0.37398100 -0.69835144
vn -0.66126317 -0.27390531 -0.69836026
vn -0.71353585 -0.05615567 -0.69836468
vn -0.61028147 0.37398100 -0.69835144
vn 0.16708517 0.69595903 -0.69837219
vn 0.37397605 0.61027366 -0.69836092
vn 0.71355075 0.05615684 -0.69834924
vn 0.37397605 0.61027366 -0.69836092
vn 0.54425234 0.46483561 -0.69836754
vn 0.71355075 0.05615684 -0.69834924
vn 0.71355075 0.05615684 -0.69834924
vn 0.61027575 -0.37397748 -0.69835836
vn 0.27390936 -0.66127592 -0.69834650
vn -0.61028147 0.37398100 -0.69835144
vn -0.27390099 0.66125566 -0.69836891
vn -0.54426450 -0.46484572 -0.69835132
vn -0.27390099 0.66125566 -0.69836891
vn 0.16708517 0.69595903 -0.69837219
vn -0.54426450 -0.46484572 -0.69835132
vn 0.71355075 0.05615684 -0.69834924
vn 0.27390936 -0.66127592 -0.69834650
vn 0.16708517 0.69595903 -0.69837219
f 2/1/1 81/2/2 1/3/3
f 3/4/4 82/5/5 2/6/6
f 4/7/7 83/8/8 3/9/9
f 5/10/10 84/11/11 4/12/12
f 6/13/13 85/14/14 5/15/15
f 7/16/16 86/17/17 6/18/18
f 8/19/19 87/20/20 7/21/21
f 9/22/22 88/23/23 8/24/24
f 10/25/25 89/26/26 9/27/27
f 11/28/28 90/29/29 10/30/30
f 12/31/31 91/32/32 11/33/33
f 13/34/34 92/35/35 12/36/36
f 14/37/37 93/38/38 13/39/39
f 15/40/40 94/41/41 14/42/42
f 16/43/43 95/44/44 15/45/45
f 17/46/46 96/47/47 16/48/48
f 18/49/49 97/50/50 17/51/51
f 19/52/52 98/53/53 18/54/54
f 20/55/55 99/56/56 19/57/57
f 21/58/58 100/59/59 20/60/60
f 22/61/61 101/62/62 21/63/63
f 23/64/64 102/65/65 22/66/66
f 24/67/67 103/68/68 23/69/69
f 25/70/70 104/71/71 24/72/72
f 26/73/73 105/74/74 25/75/75
f 27/76/76 106/77/77 26/78/78
f 28/79/79 107/80/80 27/81/81
f 29/82/82 108/83/83 28/84/84
f 30/85/85 109/86/86 29/87/87
f 31/88/88 110/89/89 30/90/90
f 32/91/91 111/92/92 31/93/93
f 33/94/94 112/95/95 32/96/96
f 34/97/97 113/98/98 33/99/99
f 35/100/100 114/101/101 34/102/102
f 36/103/103 115/104/104 35/105/105
f 37/106/106 116/107/107 36/108/108
f 38/109/109 117/110/110 37/111/111
f 39/112/112 118/113/113 38/114/114
f 40/115/115 119/116/116 39/117/117
f 41/118/118 120/119/119 40/120/120
f 42/121/121 121/122/122 41/123/123
f 43/124/124 122/125/125 42/126/126
f 44/127/127 123/128/128 43/129/129
f 45/130/130 124/131/131 44/132/132
f 46/133/133 125/134/134 45/135/135
f 47/136/136 126/137/137 46/138/138
f 48/139/139 127/140/140 47/141/141
f 49/142/142 128/143/143 48/144/144
f 50/145/145 129/146/146 49/147/147
f 51/148/148 130/149/149 50/150/150
f 52/151/151 131/152/152 51/153/153
f 53/154/154 132/155/155 52/156/156
f 54/157/157 133/158/158 53/159/159
f 55/160/160 134/161/161 54/162/162
f 56/163/163 135/164/164 55/165/165
f 57/166/166 136/167/167 56/168/168
f 58/169/169 137/170/170 57/171/171
f 59/172/172 138/173/173 58/174/174
f 60/175/175 139/176/176 59/177/177
f 61/178/178 140/179/179 60/180/180
f 62/181/181 141/182/182 61/183/183
f 63/184/184 142/185/185 62/186/186
f 64/187/187 143/188/188 63/189/189
f 65/190/190 144/191/191 64/192/192
f 66/193/193 145/194/194 65/195/195
f 67/196/196 146/197/197 66/198/198
f 68/199/199 147/200/200 67/201/201
f 69/202/202 148/203/203 68/204/204
f 70/205/205 149/206/206 69/207/207
f 71/208/208 150/209/209 70/210/210
f 72/211/211 151/212/212 71/213/213
f 73/214/214 152/215/215 72/216/216
f 74/217/217 153/218/218 73/219/219
f 75/220/220 154/221/221 74/222/222
f 76/223/223 155/224/224 75/225/225
f 77/226/226 156/227/227 76/228/228
f 78/229/229 157/230/230 77/231/231
f 79/232/232 158/233/233 78/234/234
f 80/235/235 159/236/236 79/237/237
f 1/238/238 160/239/239 80/240/240
f 82/241/241 161/242/242 81/243/243
f 82/244/244 163/245/245 162/246/246
f 84/247/247 163/248/248 83/249/249
f 85/250/250 164/251/251 84/252/252
f 86/253/253 165/254/254 85/255/255
f 86/256/256 167/257/257 166/258/258
f 88/259/259 167/260/260 87/261/261
f 89/262/262 168/263/263 88/264/264
f 89/265/265 170/266/266 169/267/267
f 91/268/268 170/269/269 90/270/270
f 91/271/271 172/272/272 171/273/273
f 93/274/274 172/275/275 92/276/276
f 94/277/277 173/278/278 93/279/279
f 94/280/280 175/281/281 174/282/282
f 96/283/283 175/284/284 95/285/285
f 97/286/286 176/287/287 96/288/288
f 97/289/289 178/290/290 177/291/291
f 99/292/292 178/293/293 98/294/294
f 100/295/295 179/296/296 99/297/297
f 100/298/298 181/299/299 180/300/300
f 102/301/301 181/302/302 101/303/303
f 102/304/304 183/305/305 182/306/306
f 104/307/307 183/308/308 103/309/309
f 105/310/310 184/311/311 104/312/312
f 106/313/313 185/314/314 105/315/315
f 106/316/316 187/317/317 186/318/318
f 108/319/319 187/320/320 107/321/321
f 109/322/322 188/323/323 108/324/324
f 109/325/325 190/326/326 189/327/327
f 111/328/328 190/329/329 110/330/330
f 111/331/331 192/332/332 191/333/333
f 113/334/334 192/335/335 112/336/336
f 114/337/337 193/338/338 113/339/339
f 114/340/340 195/341/341 194/342/342
f 116/343/343 195/344/344 115/345/345
f 117/346/346 196/347/347 116/348/348
f 117/349/349 198/350/350 197/351/351
f 119/352/352 198/353/353 118/354/354
f 120/355/355 199/356/356 119/357/357
f 120/358/358 201/359/359 200/360/360
f 122/361/361 201/362/362 121/363/363
f 122/364/364 203/365/365 202/366/366
f 124/367/367 203/368/368 123/369/369
f 125/370/370 204/371/371 124/372/372
f 126/373/373 205/374/374 125/375/375
f 126/376/376 207/377/377 206/378/378
f 128/379/379 207/380/380 127/381/381
f 129/382/382 208/383/383 128/384/384
f 129/385/385 210/386/386 209/387/387
f 131/388/388 210/389/389 130/390/390
f 131/391/391 212/392/392 211/393/393
f 133/394/394 212/395/395 132/396/396
f 134/397/397 213/398/398 133/399/399
f 134/400/400 215/401/401 214/402/402
f 136/403/403 215/404/404 135/405/405
f 137/406/406 216/407/407 136/408/408
f 137/409/409 218/410/410 217/411/411
f 139/412/412 218/413/413 138/414/414
f 140/415/415 219/416/416 139/417/417
f 140/418/418 221/419/419 220/420/420
f 142/421/421 221/422/422 141/423/423
f 142/424/424 223/425/425 222/426/426
f 144/427/427 223/428/428 143/429/429
f 145/430/430 224/431/431 144/432/432
f 146/433/433 225/434/434 145/435/435
f 146/436/436 227/437/437 226/438/438
f 148/439/439 227/440/440 147/441/441
f 149/442/442 228/443/443 148/444/444
f 149/445/445 230/446/446 229/447/447
f 151/448/448 230/449/449 150/450/450
f 151/451/451 232/452/452 231/453/453
f 153/454/454 232/455/455 152/456/456
f 154/457/457 233/458/458 153/459/459
f 154/460/460 235/461/461 234/462/462
f 156/463/463 235/464/464 155/465/465
f 157/466/466 236/467/467 156/468/468
f 157/469/469 238/470/470 237/471/471
f 159/472/472 238/473/473 158/474/474
f 160/475/475 239/476/476 159/477/477
f 160/478/478 161/479/479 240/480/480
f 162/481/481 241/482/482 161/483/483
f 163/484/484 242/485/485 162/486/486
f 164/487/487 243/488/488 163/489/489
f 165/490/490 244/491/491 164/492/492
f 166/493/493 245/494/494 165/495/495
f 167/496/496 246/497/497 166/498/498
f 168/499/499 247/500/500 167/501/501
f 169/502/502 248/503/503 168/504/504
f 170/505/505 249/506/506 169/507/507
f 171/508/508 250/509/509 170/510/510
f 172/511/511 251/512/512 171/513/513
f 173/514/514 252/515/515 172/516/516
f 174/517/517 253/518/518 173/519/519
f 175/520/520 254/521/521 174/522/522
f 176/523/523 255/524/524 175/525/525
f 177/526/526 256/527/527 176/528/528
f 178/529/529 257/530/530 177/531/531
f 179/532/532 258/533/533 178/534/534
f 180/535/535 259/536/536 179/537/537
f 181/538/538 260/539/539 180/540/540
f 182/541/541 261/542/542 181/543/543
f 183/544/544 262/545/545 182/546/546
f 184/547/547 263/548/548 183/549/549
f 185/550/550 264/551/551 184/552/552
f 186/553/553 265/554/554 185/555/555
f 187/556/556 266/557/557 186/558/558
f 188/559/559 267/560/560 187/561/561
f 189/562/562 268/563/563 188/564/564
f 190/565/565 269/566/566 189/567/567
f 191/568/568 270/569/569 190/570/570
f 192/571/571 271/572/572 191/573/573
f 193/574/574 272/575/575 192/576/576
f 194/577/577 273/578/578 193/579/579
f 195/580/580 274/581/581 194/582/582
f 196/583/583 275/584/584 195/585/585
f 197/586/586 276/587/587 196/588/588
f 198/589/589 277/590/590 197/591/591
f 199/592/592 278/593/593 198/594/594
f 200/595/595 279/596/596 199/597/597
f 201/598/598 280/599/599 200/600/600
f 202/601/601 281/602/602 201/603/603
f 203/604/604 282/605/605 202/606/606
f 204/607/607 283/608/608 203/609/609
f 205/610/610 284/611/611 204/612/612
f 206/613/613 285/614/614 205/615/615
f 207/616/616 286/617/617 206/618/618
f 208/619/619 287/620/620 207/621/621
f 209/622/622 288/623/623 208/624/624
f 210/625/625 289/626/626 209/627/627
f 211/628/628 290/629/629 210/630/630
f 212/631/631 291/632/632 211/633/633
f 213/634/634 292/635/635 212/636/636
f 214/637/637 293/638/638 213/639/639
f 215/640/640 294/641/641 214/642/642
f 216/643/643 295/644/644 215/645/645
f 217/646/646 296/647/647 216/648/648
f 218/649/649 297/650/650 217/651/651
f 219/652/652 298/653/653 218/654/654
f 220/655/655 299/656/656 219/657/657
f 221/658/658 300/659/659 220/660/660
f 222/661/661 301/662/662 221/663/663
f 223/664/664 302/665/665 222/666/666
f 224/667/667 303/668/668 223/669/669
f 225/670/670 304/671/671 224/672/672
f 226/673/673 305/674/674 225/675/675
f 227/676/676 306/677/677 226/678/678
f 228/679/679 307/680/680 227/681/681
f 229/682/682 308/683/683 228/684/684
f 230/685/685 309/686/686 229/687/687
f 231/688/688 310/689/689 230/690/690
f 232/691/691 311/692/692 231/693/693
f 233/694/694 312/695/695 232/696/696
f 234/697/697 313/698/698 233/699/699
f 235/700/700 314/701/701 234/702/702
f 236/703/703 315/704/704 235/705/705
f 237/706/706 316/707/707 236/708/708
f 238/709/709 317/710/710 237/711/711
f 239/712/712 318/713/713 238/714/714
f 240/715/715 319/716/716 239/717/717
f 161/718/718 320/719/719 240/720/720
f 65/721/721 49/722/722 17/723/723
f 256/724/724 272/725/725 304/726/726
f 2/727/727 82/728/728 81/729/729
f 3/730/730 83/731/731 82/732/732
f 4/733/733 84/734/734 83/735/735
f 5/736/736 85/737/737 84/738/738
f 6/739/739 86/740/740 85/741/741
f 7/742/742 87/743/743 86/744/744
f 8/745/745 88/746/746 87/747/747
f 9/748/748 89/749/749 88/750/750
f 10/751/751 90/752/752 89/753/753
f 11/754/754 91/755/755 90/756/756
f 12/757/757 92/758/758 91/759/759
f 13/760/760 93/761/761 92/762/762
f 14/763/763 94/764/764 93/765/765
f 15/766/766 95/767/767 94/768/768
f 16/769/769 96/770/770 95/771/771
f 17/772/772 97/773/773 96/774/774
f 18/775/775 98/776/776 97/777/777
f 19/778/778 99/779/779 98/780/780
f 20/781/781 100/782/782 99/783/783
f 21/784/784 101/785/785 100/786/786
f 22/787/787 102/788/788 101/789/789
f 23/790/790 103/791/791 102/792/792
f 24/793/793 104/794/794 103/795/795
f 25/796/796 105/797/797 104/798/798
f 26/799/799 106/800/800 105/801/801
f 27/802/802 107/803/803 106/804/804
f 28/805/805 108/806/806 107/807/807
f 29/808/808 109/809/809 108/810/810
f 30/811/811 110/812/812 109/813/813
f 31/814/814 111/815/815 110/816/816
f 32/817/817 112/818/818 111/819/819
f 33/820/820 113/821/821 112/822/822
f 34/823/823 114/824/824 113/825/825
f 35/826/826 115/827/827 114/828/828
f 36/829/829 116/830/830 115/831/831
f 37/832/832 117/833/833 116/834/834
f 38/835/835 118/836/836 117/837/837
f 39/838/838 119/839/839 118/840/840
f 40/841/841 120/842/842 119/843/843
f 41/844/844 121/845/845 120/846/846
f 42/847/847 122/848/848 121/849/849
f 43/850/850 123/851/851 122/852/852
f 44/853/853 124/854/854 123/855/855
f 45/856/856 125/857/857 124/858/858
f 46/859/859 126/860/860 125/861/861
f 47/862/862 127/863/863 126/864/864
f 48/865/865 128/866/866 127/867/867
f 49/868/868 129/869/869 128/870/870
f 50/871/871 130/872/872 129/873/873
f 51/874/874 131/875/875 130/876/876
f 52/877/877 132/878/878 131/879/879
f 53/880/880 133/881/881 132/882/882
f 54/883/883 134/884/884 133/885/885
f 55/886/886 135/887/887 134/888/888
f 56/889/889 136/890/890 135/891/891
f 57/892/892 137/893/893 136/894/894
f 58/895/895 138/896/896 137/897/897
f 59/898/898 139/899/899 138/900/900
f 60/901/901 140/902/902 139/903/903
f 61/904/904 141/905/905 140/906/906
f 62/907/907 142/908/908 141/909/909
f 63/910/910 143/911/911 142/912/912
f 64/913/913 144/914/914 143/915/915
f 65/916/916 145/917/917 144/918/918
f 66/919/919 146/920/920 145/921/921
f 67/922/922 147/923/923 146/924/924
f 68/925/925 148/926/926 147/927/927
f 69/928/928 149/929/929 148/930/930
f 70/931/931 150/932/932 149/933/933
f 71/934/934 151/935/935 150/936/936
f 72/937/937 152/938/938 151/939/939
f 73/940/940 153/941/941 152/942/942
f 74/943/943 154/944/944 153/945/945
f 75/946/946 155/947/947 154/948/948
f 76/949/949 156/950/950 155/951/951
f 77/952/952 157/953/953 156/954/954
f 78/955/955 158/956/956 157/957/957
f 79/958/958 159/959/959 158/960/960
f 80/961/961 160/962/962 159/963/963
f 1/964/964 81/965/965 160/966/966
f 82/967/967 162/968/968 161/969/969
f 82/970/970 83/971/971 163/972/972
f 84/973/973 164/974/974 163/975/975
f 85/976/976 165/977/977 164/978/978
f 86/979/979 166/980/980 165/981/981
f 86/982/982 87/983/983 167/984/984
f 88/985/985 168/986/986 167/987/987
f 89/988/988 169/989/989 168/990/990
f 89/991/991 90/992/992 170/993/993
f 91/994/994 171/995/995 170/996/996
f 91/997/997 92/998/998 172/999/999
f 93/1000/1000 173/1001/1001 172/1002/1002
f 94/1003/1003 174/1004/1004 173/1005/1005
f 94/1006/1006 95/1007/1007 175/1008/1008
f 96/1009/1009 176/1010/1010 175/1011/1011
f 97/1012/1012 177/1013/1013 176/1014/1014
f 97/1015/1015 98/1016/1016 178/1017/1017
f 99/1018/1018 179/1019/1019 178/1020/1020
f 100/1021/1021 180/1022/1022 179/1023/1023
f 100/1024/1024 101/1025/1025 181/1026/1026
f 102/1027/1027 182/1028/1028 181/1029/1029
f 102/1030/1030 103/1031/1031 183/1032/1032
f 104/1033/1033 184/1034/1034 183/1035/1035
f 105/1036/1036 185/1037/1037 184/1038/1038
f 106/1039/1039 186/1040/1040 185/1041/1041
f 106/1042/1042 107/1043/1043 187/1044/1044
f 108/1045/1045 188/1046/1046 187/1047/1047
f 109/1048/1048 189/1049/1049 188/1050/1050
f 109/1051/1051 110/1052/1052 190/1053/1053
f 111/1054/1054 191/1055/1055 190/1056/1056
f 111/1057/1057 112/1058/1058 192/1059/1059
f 113/1060/1060 193/1061/1061 192/1062/1062
f 114/1063/1063 194/1064/1064 193/1065/1065
f 114/1066/1066 115/1067/1067 195/1068/1068
f 116/1069/1069 196/1070/1070 195/1071/1071
f 117/1072/1072 197/1073/1073 196/1074/1074
f 117/1075/1075 118/1076/1076 198/1077/1077
f 119/1078/1078 199/1079/1079 198/1080/1080
f 120/1081/1081 200/1082/1082 199/1083/1083
f 120/1084/1084 121/1085/1085 201/1086/1086
f 122/1087/1087 202/1088/1088 201/1089/1089
f 122/1090/1090 123/1091/1091 203/1092/1092
f 124/1093/1093 204/1094/1094 203/1095/1095
f 125/1096/1096 205/1097/1097 204/1098/1098
f 126/1099/1099 206/1100/1100 205/1101/1101
f 126/1102/1102 127/1103/1103 207/1104/1104
f 128/1105/1105 208/1106/1106 207/1107/1107
f 129/1108/1108 209/1109/1109 208/1110/1110
f 129/1111/1111 130/1112/1112 210/1113/1113
f 131/1114/1114 211/1115/1115 210/1116/1116
f 131/1117/1117 132/1118/1118 212/1119/1119
f 133/1120/1120 213/1121/1121 212/1122/1122
f 134/1123/1123 214/1124/1124 213/1125/1125
f 134/1126/1126 135/1127/1127 215/1128/1128
f 136/1129/1129 216/1130/1130 215/1131/1131
f 137/1132/1132 217/1133/1133 216/1134/1134
f 137/1135/1135 138/1136/1136 218/1137/1137
f 139/1138/1138 219/1139/1139 218/1140/1140
f 140/1141/1141 220/1142/1142 219/1143/1143
f 140/1144/1144 141/1145/1145 221/1146/1146
f 142/1147/1147 222/1148/1148 221/1149/1149
f 142/1150/1150 143/1151/1151 223/1152/1152
f 144/1153/1153 224/1154/1154 223/1155/1155
f 145/1156/1156 225/1157/1157 224/1158/1158
f 146/1159/1159 226/1160/1160 225/1161/1161
f 146/1162/1162 147/1163/1163 227/1164/1164
f 148/1165/1165 228/1166/1166 227/1167/1167
f 149/1168/1168 229/1169/1169 228/1170/1170
f 149/1171/1171 150/1172/1172 230/1173/1173
f 151/1174/1174 231/1175/1175 230/1176/1176
f 151/1177/1177 152/1178/1178 232/1179/1179
f 153/1180/1180 233/1181/1181 232/1182/1182
f 154/1183/1183 234/1184/1184 233/1185/1185
f 154/1186/1186 155/1187/1187 235/1188/1188
f 156/1189/1189 236/1190/1190 235/1191/1191
f 157/1192/1192 237/1193/1193 236/1194/1194
f 157/1195/1195 158/1196/1196 238/1197/1197
f 159/1198/1198 239/1199/1199 238/1200/1200
f 160/1201/1201 240/1202/1202 239/1203/1203
f 160/1204/1204 81/1205/1205 161/1206/1206
f 162/1207/1207 242/1208/1208 241/1209/1209
f 163/1210/1210 243/1211/1211 242/1212/1212
f 164/1213/1213 244/1214/1214 243/1215/1215
f 165/1216/1216 245/1217/1217 244/1218/1218
f 166/1219/1219 246/1220/1220 245/1221/1221
f 167/1222/1222 247/1223/1223 246/1224/1224
f 168/1225/1225 248/1226/1226 247/1227/1227
f 169/1228/1228 249/1229/1229 248/1230/1230
f 170/1231/1231 250/1232/1232 249/1233/1233
f 171/1234/1234 251/1235/1235 250/1236/1236
f 172/1237/1237 252/1238/1238 251/1239/1239
f 173/1240/1240 253/1241/1241 252/1242/1242
f 174/1243/1243 254/1244/1244 253/1245/1245
f 175/1246/1246 255/1247/1247 254/1248/1248
f 176/1249/1249 256/1250/1250 255/1251/1251
f 177/1252/1252 257/1253/1253 256/1254/1254
f 178/1255/1255 258/1256/1256 257/1257/1257
f 179/1258/1258 259/1259/1259 258/1260/1260
f 180/1261/1261 260/1262/1262 259/1263/1263
f 181/1264/1264 261/1265/1265 260/1266/1266
f 182/1267/1267 262/1268/1268 261/1269/1269
f 183/1270/1270 263/1271/1271 262/1272/1272
f 184/1273/1273 264/1274/1274 263/1275/1275
f 185/1276/1276 265/1277/1277 264/1278/1278
f 186/1279/1279 266/1280/1280 265/1281/1281
f 187/1282/1282 267/1283/1283 266/1284/1284
f 188/1285/1285 268/1286/1286 267/1287/1287
f 189/1288/1288 269/1289/1289 268/1290/1290
f 190/1291/1291 270/1292/1292 269/1293/1293
f 191/1294/1294 271/1295/1295 270/1296/1296
f 192/1297/1297 272/1298/1298 271/1299/1299
f 193/1300/1300 273/1301/1301 272/1302/1302
f 194/1303/1303 274/1304/1304 273/1305/1305
f 195/1306/1306 275/1307/1307 274/1308/1308
f 196/1309/1309 276/1310/1310 275/1311/1311
f 197/1312/1312 277/1313/1313 276/1314/1314
f 198/1315/1315 278/1316/1316 277/1317/1317
f 199/1318/1318 279/1319/1319 278/1320/1320
f 200/1321/1321 280/1322/1322 279/1323/1323
f 201/1324/1324 281/1325/1325 280/1326/1326
f 202/1327/1327 282/1328/1328 281/1329/1329
f 203/1330/1330 283/1331/1331 282/1332/1332
f 204/1333/1333 284/1334/1334 283/1335/1335
f 205/1336/1336 285/1337/1337 284/1338/1338
f 206/1339/1339 286/1340/1340 285/1341/1341
f 207/1342/1342 287/1343/1343 286/1344/1344
f 208/1345/1345 288/1346/1346 287/1347/1347
f 209/1348/1348 289/1349/1349 288/1350/1350
f 210/1351/1351 290/1352/1352 289/1353/1353
f 211/1354/1354 291/1355/1355 290/1356/1356
f 212/1357/1357 292/1358/1358 291/1359/1359
f 213/1360/1360 293/1361/1361 292/1362/1362
f 214/1363/1363 294/1364/1364 293/1365/1365
f 215/1366/1366 295/1367/1367 294/1368/1368
f 216/1369/1369 296/1370/1370 295/1371/1371
f 217/1372/1372 297/1373/1373 296/1374/1374
f 218/1375/1375 298/1376/1376 297/1377/1377
f 219/1378/1378 299/1379/1379 298/1380/1380
f 220/1381/1381 300/1382/1382 299/1383/1383
f 221/1384/1384 301/1385/1385 300/1386/1386
f 222/1387/1387 302/1388/1388 301/1389/1389
f 223/1390/1390 303/1391/1391 302/1392/1392
f 224/1393/1393 304/1394/1394 303/1395/1395
f 225/1396/1396 305/1397/1397 304/1398/1398
f 226/1399/1399 306/1400/1400 305/1401/1401
f 227/1402/1402 307/1403/1403 306/1404/1404
f 228/1405/1405 308/1406/1406 307/1407/1407
f 229/1408/1408 309/1409/1409 308/1410/1410
f 230/1411/1411 310/1412/1412 309/1413/1413
f 231/1414/1414 311/1415/1415 310/1416/1416
f 232/1417/1417 312/1418/1418 311/1419/1419
f 233/1420/1420 313/1421/1421 312/1422/1422
f 234/1423/1423 314/1424/1424 313/1425/1425
f 235/1426/1426 315/1427/1427 314/1428/1428
f 236/1429/1429 316/1430/1430 315/1431/1431
f 237/1432/1432 317/1433/1433 316/1434/1434
f 238/1435/1435 318/1436/1436 317/1437/1437
f 239/1438/1438 319/1439/1439 318/1440/1440
f 240/1441/1441 320/1442/1442 319/1443/1443
f 161/1444/1444 241/1445/1445 320/1446/1446
f 1/1447/1447 80/1448/1448 77/1449/1449
f 80/1450/1450 79/1451/1451 77/1452/1452
f 79/1453/1453 78/1454/1454 77/1455/1455
f 77/1456/1456 76/1457/1457 73/1458/1458
f 76/1459/1459 75/1460/1460 73/1461/1461
f 75/1462/1462 74/1463/1463 73/1464/1464
f 73/1465/1465 72/1466/1466 71/1467/1467
f 71/1468/1468 70/1469/1469 69/1470/1470
f 69/1471/1471 68/1472/1472 67/1473/1473
f 67/1474/1474 66/1475/1475 69/1476/1476
f 66/1477/1477 65/1478/1478 69/1479/1479
f 65/1480/1480 64/1481/1481 63/1482/1482
f 63/1483/1483 62/1484/1484 65/1485/1485
f 62/1486/1486 61/1487/1487 65/1488/1488
f 61/1489/1489 60/1490/1490 57/1491/1491
f 60/1492/1492 59/1493/1493 57/1494/1494
f 59/1495/1495 58/1496/1496 57/1497/1497
f 57/1498/1498 56/1499/1499 53/1500/1500
f 56/1501/1501 55/1502/1502 53/1503/1503
f 55/1504/1504 54/1505/1505 53/1506/1506
f 53/1507/1507 52/1508/1508 51/1509/1509
f 51/1510/1510 50/1511/1511 49/1512/1512
f 49/1513/1513 48/1514/1514 47/1515/1515
f 47/1516/1516 46/1517/1517 49/1518/1518
f 46/1519/1519 45/1520/1520 49/1521/1521
f 45/1522/1522 44/1523/1523 43/1524/1524
f 43/1525/1525 42/1526/1526 45/1527/1527
f 42/1528/1528 41/1529/1529 45/1530/1530
f 41/1531/1531 40/1532/1532 37/1533/1533
f 40/1534/1534 39/1535/1535 37/1536/1536
f 39/1537/1537 38/1538/1538 37/1539/1539
f 37/1540/1540 36/1541/1541 33/1542/1542
f 36/1543/1543 35/1544/1544 33/1545/1545
f 35/1546/1546 34/1547/1547 33/1548/1548
f 33/1549/1549 32/1550/1550 31/1551/1551
f 31/1552/1552 30/1553/1553 29/1554/1554
f 29/1555/1555 28/1556/1556 27/1557/1557
f 27/1558/1558 26/1559/1559 29/1560/1560
f 26/1561/1561 25/1562/1562 29/1563/1563
f 25/1564/1564 24/1565/1565 23/1566/1566
f 23/1567/1567 22/1568/1568 25/1569/1569
f 22/1570/1570 21/1571/1571 25/1572/1572
f 21/1573/1573 20/1574/1574 19/1575/1575
f 19/1576/1576 18/1577/1577 17/1578/1578
f 17/1579/1579 16/1580/1580 13/1581/1581
f 16/1582/1582 15/1583/1583 13/1584/1584
f 15/1585/1585 14/1586/1586 13/1587/1587
f 13/1588/1588 12/1589/1589 11/1590/1590
f 11/1591/1591 10/1592/1592 9/1593/1593
f 9/1594/1594 8/1595/1595 7/1596/1596
f 7/1597/1597 6/1598/1598 9/1599/1599
f 6/1600/1600 5/1601/1601 9/1602/1602
f 5/1603/1603 4/1604/1604 3/1605/1605
f 3/1606/1606 2/1607/1607 5/1608/1608
f 2/1609/1609 1/1610/1610 5/1611/1611
f 73/1612/1612 71/1613/1613 65/1614/1614
f 71/1615/1615 69/1616/1616 65/1617/1617
f 53/1618/1618 51/1619/1619 57/1620/1620
f 51/1621/1621 49/1622/1622 57/1623/1623
f 33/1624/1624 31/1625/1625 25/1626/1626
f 31/1627/1627 29/1628/1628 25/1629/1629
f 21/1630/1630 19/1631/1631 25/1632/1632
f 19/1633/1633 17/1634/1634 25/1635/1635
f 13/1636/1636 11/1637/1637 17/1638/1638
f 11/1639/1639 9/1640/1640 17/1641/1641
f 1/1642/1642 77/1643/1643 65/1644/1644
f 77/1645/1645 73/1646/1646 65/1647/1647
f 65/1648/1648 61/1649/1649 57/1650/1650
f 49/1651/1651 45/1652/1652 41/1653/1653
f 41/1654/1654 37/1655/1655 49/1656/1656
f 37/1657/1657 33/1658/1658 49/1659/1659
f 9/1660/1660 5/1661/1661 1/1662/1662
f 65/1663/1663 57/1664/1664 49/1665/1665
f 33/1666/1666 25/1667/1667 49/1668/1668
f 25/1669/1669 17/1670/1670 49/1671/1671
f 17/1672/1672 9/1673/1673 1/1674/1674
f 1/1675/1675 65/1676/1676 17/1677/1677
f 320/1678/1678 241/1679/1679 242/1680/1680
f 242/1681/1681 243/1682/1682 244/1683/1683
f 244/1684/1684 245/1685/1685 246/1686/1686
f 246/1687/1687 247/1688/1688 248/1689/1689
f 248/1690/1690 249/1691/1691 250/1692/1692
f 250/1693/1693 251/1694/1694 248/1695/1695
f 251/1696/1696 252/1697/1697 248/1698/1698
f 252/1699/1699 253/1700/1700 254/1701/1701
f 254/1702/1702 255/1703/1703 256/1704/1704
f 256/1705/1705 257/1706/1706 260/1707/1707
f 257/1708/1708 258/1709/1709 260/1710/1710
f 258/1711/1711 259/1712/1712 260/1713/1713
f 260/1714/1714 261/1715/1715 262/1716/1716
f 262/1717/1717 263/1718/1718 264/1719/1719
f 264/1720/1720 265/1721/1721 266/1722/1722
f 266/1723/1723 267/1724/1724 268/1725/1725
f 268/1726/1726 269/1727/1727 270/1728/1728
f 270/1729/1729 271/1730/1730 268/1731/1731
f 271/1732/1732 272/1733/1733 268/1734/1734
f 272/1735/1735 273/1736/1736 276/1737/1737
f 273/1738/1738 274/1739/1739 276/1740/1740
f 274/1741/1741 275/1742/1742 276/1743/1743
f 276/1744/1744 277/1745/1745 280/1746/1746
f 277/1747/1747 278/1748/1748 280/1749/1749
f 278/1750/1750 279/1751/1751 280/1752/1752
f 280/1753/1753 281/1754/1754 282/1755/1755
f 282/1756/1756 283/1757/1757 284/1758/1758
f 284/1759/1759 285/1760/1760 286/1761/1761
f 286/1762/1762 287/1763/1763 288/1764/1764
f 288/1765/1765 289/1766/1766 290/1767/1767
f 290/1768/1768 291/1769/1769 288/1770/1770
f 291/1771/1771 292/1772/1772 288/1773/1773
f 292/1774/1774 293/1775/1775 294/1776/1776
f 294/1777/1777 295/1778/1778 296/1779/1779
f 296/1780/1780 297/1781/1781 300/1782/1782
f 297/1783/1783 298/1784/1784 300/1785/1785
f 298/1786/1786 299/1787/1787 300/1788/1788
f 300/1789/1789 301/1790/1790 302/1791/1791
f 302/1792/1792 303/1793/1793 304/1794/1794
f 304/1795/1795 305/1796/1796 306/1797/1797
f 306/1798/1798 307/1799/1799 308/1800/1800
f 308/1801/1801 309/1802/1802 310/1803/1803
f 310/1804/1804 311/1805/1805 308/1806/1806
f 311/1807/1807 312/1808/1808 308/1809/1809
f 312/1810/1810 313/1811/1811 314/1812/1812
f 314/1813/1813 315/1814/1814 316/1815/1815
f 316/1816/1816 317/1817/1817 320/1818/1818
f 317/1819/1819 318/1820/1820 320/1821/1821
f 318/1822/1822 319/1823/1823 320/1824/1824
f 320/1825/1825 242/1826/1826 244/1827/1827
f 244/1828/1828 246/1829/1829 320/1830/1830
f 246/1831/1831 248/1832/1832 320/1833/1833
f 252/1834/1834 254/1835/1835 248/1836/1836
f 254/1837/1837 256/1838/1838 248/1839/1839
f 260/1840/1840 262/1841/1841 256/1842/1842
f 262/1843/1843 264/1844/1844 256/1845/1845
f 264/1846/1846 266/1847/1847 268/1848/1848
f 280/1849/1849 282/1850/1850 284/1851/1851
f 284/1852/1852 286/1853/1853 280/1854/1854
f 286/1855/1855 288/1856/1856 280/1857/1857
f 292/1858/1858 294/1859/1859 288/1860/1860
f 294/1861/1861 296/1862/1862 288/1863/1863
f 300/1864/1864 302/1865/1865 296/1866/1866
f 302/1867/1867 304/1868/1868 296/1869/1869
f 304/1870/1870 306/1871/1871 308/1872/1872
f 312/1873/1873 314/1874/1874 320/1875/1875
f 314/1876/1876 316/1877/1877 320/1878/1878
f 264/1879/1879 268/1880/1880 256/1881/1881
f 268/1882/1882 272/1883/1883 256/1884/1884
f 272/1885/1885 276/1886/1886 288/1887/1887
f 276/1888/1888 280/1889/1889 288/1890/1890
f 304/1891/1891 308/1892/1892 320/1893/1893
f 308/1894/1894 312/1895/1895 320/1896/1896
f 320/1897/1897 248/1898/1898 256/1899/1899
f 288/1900/1900 296/1901/1901 272/1902/1902
f 296/1903/1903 304/1904/1904 272/1905/1905
f 320/1906/1906 256/1907/1907 304/1908/1908
