# Original procedural X5 mesh; meters; +X front, +Y left, +Z up
o front_led
v 0.0131200003 0.0027750002 0.0033750001
v 0.0131200003 0.0027726474 0.0034108949
v 0.0131200003 0.0027656297 0.0034461753
v 0.0131200003 0.0027540671 0.0034802381
v 0.0131200003 0.0027381571 0.0035125003
v 0.0131200003 0.0027181723 0.0035424095
v 0.0131200003 0.0026944545 0.0035694544
v 0.0131200003 0.0026674096 0.0035931722
v 0.0131200003 0.0026375002 0.0036131572
v 0.0131200003 0.0026052380 0.0036290672
v 0.0131200003 0.0025711756 0.0036406298
v 0.0131200003 0.0025358947 0.0036476476
v 0.0131200003 -0.0025000002 0.0036500001
v 0.0131200003 -0.0025358947 0.0036476476
v 0.0131200003 -0.0025711756 0.0036406298
v 0.0131200003 -0.0026052380 0.0036290672
v 0.0131200003 -0.0026375002 0.0036131572
v 0.0131200003 -0.0026674096 0.0035931722
v 0.0131200003 -0.0026944545 0.0035694544
v 0.0131200003 -0.0027181723 0.0035424095
v 0.0131200003 -0.0027381571 0.0035125003
v 0.0131200003 -0.0027540671 0.0034802381
v 0.0131200003 -0.0027656297 0.0034461753
v 0.0131200003 -0.0027726474 0.0034108949
v 0.0131200003 -0.0027750002 0.0032250001
v 0.0131200003 -0.0027726474 0.0031891053
v 0.0131200003 -0.0027656297 0.0031538249
v 0.0131200003 -0.0027540671 0.0031197621
v 0.0131200003 -0.0027381571 0.0030875001
v 0.0131200003 -0.0027181723 0.0030575907
v 0.0131200003 -0.0026944545 0.0030305458
v 0.0131200003 -0.0026674096 0.0030068280
v 0.0131200003 -0.0026375002 0.0029868430
v 0.0131200003 -0.0026052380 0.0029709332
v 0.0131200003 -0.0025711756 0.0029593706
v 0.0131200003 -0.0025358947 0.0029523526
v 0.0131200003 0.0025000002 0.0029500001
v 0.0131200003 0.0025358947 0.0029523526
v 0.0131200003 0.0025711756 0.0029593706
v 0.0131200003 0.0026052380 0.0029709332
v 0.0131200003 0.0026375002 0.0029868430
v 0.0131200003 0.0026674096 0.0030068280
v 0.0131200003 0.0026944545 0.0030305458
v 0.0131200003 0.0027181723 0.0030575907
v 0.0131200003 0.0027381571 0.0030875001
v 0.0131200003 0.0027540671 0.0031197621
v 0.0131200003 0.0027656297 0.0031538249
v 0.0131200003 0.0027726474 0.0031891053
v 0.0131233502 0.0027874999 0.0033750001
v 0.0131233502 0.0027850405 0.0034125263
v 0.0131233502 0.0027777038 0.0034494107
v 0.0131233502 0.0027656157 0.0034850214
v 0.0131233502 0.0027489823 0.0035187502
v 0.0131233502 0.0027280892 0.0035500189
v 0.0131233502 0.0027032932 0.0035782934
v 0.0131233502 0.0026750192 0.0036030894
v 0.0131233502 0.0026437500 0.0036239824
v 0.0131233502 0.0026100217 0.0036406154
v 0.0131233502 0.0025744105 0.0036527037
v 0.0131233502 0.0025375264 0.0036600404
v 0.0131233502 -0.0025000002 0.0036625001
v 0.0131233502 -0.0025375264 0.0036600404
v 0.0131233502 -0.0025744105 0.0036527037
v 0.0131233502 -0.0026100217 0.0036406154
v 0.0131233502 -0.0026437500 0.0036239824
v 0.0131233502 -0.0026750192 0.0036030894
v 0.0131233502 -0.0027032932 0.0035782934
v 0.0131233502 -0.0027280892 0.0035500189
v 0.0131233502 -0.0027489823 0.0035187502
v 0.0131233502 -0.0027656157 0.0034850214
v 0.0131233502 -0.0027777038 0.0034494107
v 0.0131233502 -0.0027850405 0.0034125263
v 0.0131233502 -0.0027874999 0.0032250001
v 0.0131233502 -0.0027850405 0.0031874739
v 0.0131233502 -0.0027777038 0.0031505895
v 0.0131233502 -0.0027656157 0.0031149788
v 0.0131233502 -0.0027489823 0.0030812500
v 0.0131233502 -0.0027280892 0.0030499813
v 0.0131233502 -0.0027032932 0.0030217071
v 0.0131233502 -0.0026750192 0.0029969111
v 0.0131233502 -0.0026437500 0.0029760178
v 0.0131233502 -0.0026100217 0.0029593848
v 0.0131233502 -0.0025744105 0.0029472965
v 0.0131233502 -0.0025375264 0.0029399598
v 0.0131233502 0.0025000002 0.0029375001
v 0.0131233502 0.0025375264 0.0029399598
v 0.0131233502 0.0025744105 0.0029472965
v 0.0131233502 0.0026100217 0.0029593848
v 0.0131233502 0.0026437500 0.0029760178
v 0.0131233502 0.0026750192 0.0029969111
v 0.0131233502 0.0027032932 0.0030217071
v 0.0131233502 0.0027280892 0.0030499813
v 0.0131233502 0.0027489823 0.0030812500
v 0.0131233502 0.0027656157 0.0031149788
v 0.0131233502 0.0027777038 0.0031505895
v 0.0131233502 0.0027850405 0.0031874739
v 0.0131325005 0.0027966509 0.0033750001
v 0.0131325005 0.0027941128 0.0034137208
v 0.0131325005 0.0027865425 0.0034517790
v 0.0131325005 0.0027740698 0.0034885234
v 0.0131325005 0.0027569071 0.0035233253
v 0.0131325005 0.0027353489 0.0035555896
v 0.0131325005 0.0027097638 0.0035847637
v 0.0131325005 0.0026805897 0.0036103488
v 0.0131325005 0.0026483254 0.0036319070
v 0.0131325005 0.0026135233 0.0036490695
v 0.0131325005 0.0025767791 0.0036615427
v 0.0131325005 0.0025387208 0.0036691129
v 0.0131325005 -0.0025000002 0.0036716508
v 0.0131325005 -0.0025387208 0.0036691129
v 0.0131325005 -0.0025767791 0.0036615427
v 0.0131325005 -0.0026135233 0.0036490695
v 0.0131325005 -0.0026483254 0.0036319070
v 0.0131325005 -0.0026805897 0.0036103488
v 0.0131325005 -0.0027097638 0.0035847637
v 0.0131325005 -0.0027353489 0.0035555896
v 0.0131325005 -0.0027569071 0.0035233253
v 0.0131325005 -0.0027740698 0.0034885234
v 0.0131325005 -0.0027865425 0.0034517790
v 0.0131325005 -0.0027941128 0.0034137208
v 0.0131325005 -0.0027966509 0.0032250001
v 0.0131325005 -0.0027941128 0.0031862794
v 0.0131325005 -0.0027865425 0.0031482212
v 0.0131325005 -0.0027740698 0.0031114768
v 0.0131325005 -0.0027569071 0.0030766749
v 0.0131325005 -0.0027353489 0.0030444106
v 0.0131325005 -0.0027097638 0.0030152365
v 0.0131325005 -0.0026805897 0.0029896514
v 0.0131325005 -0.0026483254 0.0029680931
v 0.0131325005 -0.0026135233 0.0029509307
v 0.0131325005 -0.0025767791 0.0029384575
v 0.0131325005 -0.0025387208 0.0029308873
v 0.0131325005 0.0025000002 0.0029283494
v 0.0131325005 0.0025387208 0.0029308873
v 0.0131325005 0.0025767791 0.0029384575
v 0.0131325005 0.0026135233 0.0029509307
v 0.0131325005 0.0026483254 0.0029680931
v 0.0131325005 0.0026805897 0.0029896514
v 0.0131325005 0.0027097638 0.0030152365
v 0.0131325005 0.0027353489 0.0030444106
v 0.0131325005 0.0027569071 0.0030766749
v 0.0131325005 0.0027740698 0.0031114768
v 0.0131325005 0.0027865425 0.0031482212
v 0.0131325005 0.0027941128 0.0031862794
v 0.0131450007 0.0028000001 0.0033750001
v 0.0131450007 0.0027974334 0.0034141580
v 0.0131450007 0.0027897779 0.0034526458
v 0.0131450007 0.0027771639 0.0034898052
v 0.0131450007 0.0027598077 0.0035250001
v 0.0131450007 0.0027380062 0.0035576285
v 0.0131450007 0.0027121322 0.0035871321
v 0.0131450007 0.0026826286 0.0036130061
v 0.0131450007 0.0026500002 0.0036348077
v 0.0131450007 0.0026148050 0.0036521640
v 0.0131450007 0.0025776459 0.0036647778
v 0.0131450007 0.0025391581 0.0036724336
v 0.0131450007 -0.0025000002 0.0036750000
v 0.0131450007 -0.0025391581 0.0036724336
v 0.0131450007 -0.0025776459 0.0036647778
v 0.0131450007 -0.0026148050 0.0036521640
v 0.0131450007 -0.0026500002 0.0036348077
v 0.0131450007 -0.0026826286 0.0036130061
v 0.0131450007 -0.0027121322 0.0035871321
v 0.0131450007 -0.0027380062 0.0035576285
v 0.0131450007 -0.0027598077 0.0035250001
v 0.0131450007 -0.0027771639 0.0034898052
v 0.0131450007 -0.0027897779 0.0034526458
v 0.0131450007 -0.0027974334 0.0034141580
v 0.0131450007 -0.0028000001 0.0032250001
v 0.0131450007 -0.0027974334 0.0031858422
v 0.0131450007 -0.0027897779 0.0031473543
v 0.0131450007 -0.0027771639 0.0031101950
v 0.0131450007 -0.0027598077 0.0030750001
v 0.0131450007 -0.0027380062 0.0030423717
v 0.0131450007 -0.0027121322 0.0030128681
v 0.0131450007 -0.0026826286 0.0029869941
v 0.0131450007 -0.0026500002 0.0029651925
v 0.0131450007 -0.0026148050 0.0029478364
v 0.0131450007 -0.0025776459 0.0029352224
v 0.0131450007 -0.0025391581 0.0029275666
v 0.0131450007 0.0025000002 0.0029250002
v 0.0131450007 0.0025391581 0.0029275666
v 0.0131450007 0.0025776459 0.0029352224
v 0.0131450007 0.0026148050 0.0029478364
v 0.0131450007 0.0026500002 0.0029651925
v 0.0131450007 0.0026826286 0.0029869941
v 0.0131450007 0.0027121322 0.0030128681
v 0.0131450007 0.0027380062 0.0030423717
v 0.0131450007 0.0027598077 0.0030750001
v 0.0131450007 0.0027771639 0.0031101950
v 0.0131450007 0.0027897779 0.0031473543
v 0.0131450007 0.0027974334 0.0031858422
v 0.0131950006 0.0028000001 0.0033750001
v 0.0131950006 0.0027974334 0.0034141580
v 0.0131950006 0.0027897779 0.0034526458
v 0.0131950006 0.0027771639 0.0034898052
v 0.0131950006 0.0027598077 0.0035250001
v 0.0131950006 0.0027380062 0.0035576285
v 0.0131950006 0.0027121322 0.0035871321
v 0.0131950006 0.0026826286 0.0036130061
v 0.0131950006 0.0026500002 0.0036348077
v 0.0131950006 0.0026148050 0.0036521640
v 0.0131950006 0.0025776459 0.0036647778
v 0.0131950006 0.0025391581 0.0036724336
v 0.0131950006 -0.0025000002 0.0036750000
v 0.0131950006 -0.0025391581 0.0036724336
v 0.0131950006 -0.0025776459 0.0036647778
v 0.0131950006 -0.0026148050 0.0036521640
v 0.0131950006 -0.0026500002 0.0036348077
v 0.0131950006 -0.0026826286 0.0036130061
v 0.0131950006 -0.0027121322 0.0035871321
v 0.0131950006 -0.0027380062 0.0035576285
v 0.0131950006 -0.0027598077 0.0035250001
v 0.0131950006 -0.0027771639 0.0034898052
v 0.0131950006 -0.0027897779 0.0034526458
v 0.0131950006 -0.0027974334 0.0034141580
v 0.0131950006 -0.0028000001 0.0032250001
v 0.0131950006 -0.0027974334 0.0031858422
v 0.0131950006 -0.0027897779 0.0031473543
v 0.0131950006 -0.0027771639 0.0031101950
v 0.0131950006 -0.0027598077 0.0030750001
v 0.0131950006 -0.0027380062 0.0030423717
v 0.0131950006 -0.0027121322 0.0030128681
v 0.0131950006 -0.0026826286 0.0029869941
v 0.0131950006 -0.0026500002 0.0029651925
v 0.0131950006 -0.0026148050 0.0029478364
v 0.0131950006 -0.0025776459 0.0029352224
v 0.0131950006 -0.0025391581 0.0029275666
v 0.0131950006 0.0025000002 0.0029250002
v 0.0131950006 0.0025391581 0.0029275666
v 0.0131950006 0.0025776459 0.0029352224
v 0.0131950006 0.0026148050 0.0029478364
v 0.0131950006 0.0026500002 0.0029651925
v 0.0131950006 0.0026826286 0.0029869941
v 0.0131950006 0.0027121322 0.0030128681
v 0.0131950006 0.0027380062 0.0030423717
v 0.0131950006 0.0027598077 0.0030750001
v 0.0131950006 0.0027771639 0.0031101950
v 0.0131950006 0.0027897779 0.0031473543
v 0.0131950006 0.0027974334 0.0031858422
v 0.0132075008 0.0027966509 0.0033750001
v 0.0132075008 0.0027941128 0.0034137208
v 0.0132075008 0.0027865425 0.0034517790
v 0.0132075008 0.0027740698 0.0034885234
v 0.0132075008 0.0027569071 0.0035233253
v 0.0132075008 0.0027353489 0.0035555896
v 0.0132075008 0.0027097638 0.0035847637
v 0.0132075008 0.0026805897 0.0036103488
v 0.0132075008 0.0026483254 0.0036319070
v 0.0132075008 0.0026135233 0.0036490695
v 0.0132075008 0.0025767791 0.0036615427
v 0.0132075008 0.0025387208 0.0036691129
v 0.0132075008 -0.0025000002 0.0036716508
v 0.0132075008 -0.0025387208 0.0036691129
v 0.0132075008 -0.0025767791 0.0036615427
v 0.0132075008 -0.0026135233 0.0036490695
v 0.0132075008 -0.0026483254 0.0036319070
v 0.0132075008 -0.0026805897 0.0036103488
v 0.0132075008 -0.0027097638 0.0035847637
v 0.0132075008 -0.0027353489 0.0035555896
v 0.0132075008 -0.0027569071 0.0035233253
v 0.0132075008 -0.0027740698 0.0034885234
v 0.0132075008 -0.0027865425 0.0034517790
v 0.0132075008 -0.0027941128 0.0034137208
v 0.0132075008 -0.0027966509 0.0032250001
v 0.0132075008 -0.0027941128 0.0031862794
v 0.0132075008 -0.0027865425 0.0031482212
v 0.0132075008 -0.0027740698 0.0031114768
v 0.0132075008 -0.0027569071 0.0030766749
v 0.0132075008 -0.0027353489 0.0030444106
v 0.0132075008 -0.0027097638 0.0030152365
v 0.0132075008 -0.0026805897 0.0029896514
v 0.0132075008 -0.0026483254 0.0029680931
v 0.0132075008 -0.0026135233 0.0029509307
v 0.0132075008 -0.0025767791 0.0029384575
v 0.0132075008 -0.0025387208 0.0029308873
v 0.0132075008 0.0025000002 0.0029283494
v 0.0132075008 0.0025387208 0.0029308873
v 0.0132075008 0.0025767791 0.0029384575
v 0.0132075008 0.0026135233 0.0029509307
v 0.0132075008 0.0026483254 0.0029680931
v 0.0132075008 0.0026805897 0.0029896514
v 0.0132075008 0.0027097638 0.0030152365
v 0.0132075008 0.0027353489 0.0030444106
v 0.0132075008 0.0027569071 0.0030766749
v 0.0132075008 0.0027740698 0.0031114768
v 0.0132075008 0.0027865425 0.0031482212
v 0.0132075008 0.0027941128 0.0031862794
v 0.0132166520 0.0027874999 0.0033750001
v 0.0132166520 0.0027850405 0.0034125263
v 0.0132166520 0.0027777038 0.0034494107
v 0.0132166520 0.0027656157 0.0034850214
v 0.0132166520 0.0027489823 0.0035187502
v 0.0132166520 0.0027280892 0.0035500189
v 0.0132166520 0.0027032932 0.0035782934
v 0.0132166520 0.0026750192 0.0036030894
v 0.0132166520 0.0026437500 0.0036239824
v 0.0132166520 0.0026100217 0.0036406154
v 0.0132166520 0.0025744105 0.0036527037
v 0.0132166520 0.0025375264 0.0036600404
v 0.0132166520 -0.0025000002 0.0036625001
v 0.0132166520 -0.0025375264 0.0036600404
v 0.0132166520 -0.0025744105 0.0036527037
v 0.0132166520 -0.0026100217 0.0036406154
v 0.0132166520 -0.0026437500 0.0036239824
v 0.0132166520 -0.0026750192 0.0036030894
v 0.0132166520 -0.0027032932 0.0035782934
v 0.0132166520 -0.0027280892 0.0035500189
v 0.0132166520 -0.0027489823 0.0035187502
v 0.0132166520 -0.0027656157 0.0034850214
v 0.0132166520 -0.0027777038 0.0034494107
v 0.0132166520 -0.0027850405 0.0034125263
v 0.0132166520 -0.0027874999 0.0032250001
v 0.0132166520 -0.0027850405 0.0031874739
v 0.0132166520 -0.0027777038 0.0031505895
v 0.0132166520 -0.0027656157 0.0031149788
v 0.0132166520 -0.0027489823 0.0030812500
v 0.0132166520 -0.0027280892 0.0030499813
v 0.0132166520 -0.0027032932 0.0030217071
v 0.0132166520 -0.0026750192 0.0029969111
v 0.0132166520 -0.0026437500 0.0029760178
v 0.0132166520 -0.0026100217 0.0029593848
v 0.0132166520 -0.0025744105 0.0029472965
v 0.0132166520 -0.0025375264 0.0029399598
v 0.0132166520 0.0025000002 0.0029375001
v 0.0132166520 0.0025375264 0.0029399598
v 0.0132166520 0.0025744105 0.0029472965
v 0.0132166520 0.0026100217 0.0029593848
v 0.0132166520 0.0026437500 0.0029760178
v 0.0132166520 0.0026750192 0.0029969111
v 0.0132166520 0.0027032932 0.0030217071
v 0.0132166520 0.0027280892 0.0030499813
v 0.0132166520 0.0027489823 0.0030812500
v 0.0132166520 0.0027656157 0.0031149788
v 0.0132166520 0.0027777038 0.0031505895
v 0.0132166520 0.0027850405 0.0031874739
v 0.0132200010 0.0027750002 0.0033750001
v 0.0132200010 0.0027726474 0.0034108949
v 0.0132200010 0.0027656297 0.0034461753
v 0.0132200010 0.0027540671 0.0034802381
v 0.0132200010 0.0027381571 0.0035125003
v 0.0132200010 0.0027181723 0.0035424095
v 0.0132200010 0.0026944545 0.0035694544
v 0.0132200010 0.0026674096 0.0035931722
v 0.0132200010 0.0026375002 0.0036131572
v 0.0132200010 0.0026052380 0.0036290672
v 0.0132200010 0.0025711756 0.0036406298
v 0.0132200010 0.0025358947 0.0036476476
v 0.0132200010 -0.0025000002 0.0036500001
v 0.0132200010 -0.0025358947 0.0036476476
v 0.0132200010 -0.0025711756 0.0036406298
v 0.0132200010 -0.0026052380 0.0036290672
v 0.0132200010 -0.0026375002 0.0036131572
v 0.0132200010 -0.0026674096 0.0035931722
v 0.0132200010 -0.0026944545 0.0035694544
v 0.0132200010 -0.0027181723 0.0035424095
v 0.0132200010 -0.0027381571 0.0035125003
v 0.0132200010 -0.0027540671 0.0034802381
v 0.0132200010 -0.0027656297 0.0034461753
v 0.0132200010 -0.0027726474 0.0034108949
v 0.0132200010 -0.0027750002 0.0032250001
v 0.0132200010 -0.0027726474 0.0031891053
v 0.0132200010 -0.0027656297 0.0031538249
v 0.0132200010 -0.0027540671 0.0031197621
v 0.0132200010 -0.0027381571 0.0030875001
v 0.0132200010 -0.0027181723 0.0030575907
v 0.0132200010 -0.0026944545 0.0030305458
v 0.0132200010 -0.0026674096 0.0030068280
v 0.0132200010 -0.0026375002 0.0029868430
v 0.0132200010 -0.0026052380 0.0029709332
v 0.0132200010 -0.0025711756 0.0029593706
v 0.0132200010 -0.0025358947 0.0029523526
v 0.0132200010 0.0025000002 0.0029500001
v 0.0132200010 0.0025358947 0.0029523526
v 0.0132200010 0.0025711756 0.0029593706
v 0.0132200010 0.0026052380 0.0029709332
v 0.0132200010 0.0026375002 0.0029868430
v 0.0132200010 0.0026674096 0.0030068280
v 0.0132200010 0.0026944545 0.0030305458
v 0.0132200010 0.0027181723 0.0030575907
v 0.0132200010 0.0027381571 0.0030875001
v 0.0132200010 0.0027540671 0.0031197621
v 0.0132200010 0.0027656297 0.0031538249
v 0.0132200010 0.0027726474 0.0031891053
vt 0.06032609 0.02710843
vt 0.06054436 0.02740985
vt 0.06059783 0.02710843
vt 0.06012239 0.02768012
vt 0.06054436 0.02740985
vt 0.06027494 0.02739675
vt 0.06012239 0.02768012
vt 0.06012208 0.02799214
vt 0.06038487 0.02770611
vt 0.05987102 0.02795372
vt 0.05976048 0.02826305
vt 0.06012208 0.02799214
vt 0.05952515 0.02821285
vt 0.05930629 0.02851421
vt 0.05976048 0.02826305
vt 0.05857510 0.02867032
vt 0.05930629 0.02851421
vt 0.05909070 0.02845309
vt 0.05798716 0.02886082
vt 0.05876724 0.02874131
vt 0.05857510 0.02867032
vt 0.05733696 0.02902134
vt 0.05815259 0.02894048
vt 0.05798716 0.02886082
vt 0.05733696 0.02902134
vt 0.05673960 0.02924189
vt 0.05747283 0.02910829
vt 0.05663561 0.02914913
vt 0.05596545 0.02933899
vt 0.05673960 0.02924189
vt 0.05512815 0.02929837
vt 0.05596545 0.02933899
vt 0.05589512 0.02924201
vt 0.05512815 0.02929837
vt -0.05434783 0.02941767
vt 0.05516362 0.02939792
vt -0.05512815 0.02929837
vt -0.05434783 0.02941767
vt -0.05434783 0.02931727
vt -0.05512815 0.02929837
vt -0.05596545 0.02933899
vt -0.05516362 0.02939792
vt -0.05663561 0.02914913
vt -0.05596545 0.02933899
vt -0.05589512 0.02924201
vt -0.05733696 0.02902134
vt -0.05673960 0.02924189
vt -0.05663561 0.02914913
vt -0.05733696 0.02902134
vt -0.05815259 0.02894048
vt -0.05747283 0.02910829
vt -0.05798716 0.02886082
vt -0.05876724 0.02874131
vt -0.05815259 0.02894048
vt -0.05857510 0.02867032
vt -0.05930629 0.02851421
vt -0.05876724 0.02874131
vt -0.05952515 0.02821285
vt -0.05930629 0.02851421
vt -0.05909070 0.02845309
vt -0.05987102 0.02795372
vt -0.05976048 0.02826305
vt -0.05952515 0.02821285
vt -0.06012239 0.02768012
vt -0.06012208 0.02799214
vt -0.05987102 0.02795372
vt -0.06012239 0.02768012
vt -0.06054436 0.02740985
vt -0.06038487 0.02770611
vt -0.06027494 0.02739675
vt -0.06059783 0.02590362
vt -0.06054436 0.02740985
vt -0.06032609 0.02590362
vt -0.06054436 0.02560220
vt -0.06059783 0.02590362
vt -0.06012239 0.02533193
vt -0.06054436 0.02560220
vt -0.06027494 0.02561530
vt -0.06012239 0.02533193
vt -0.06012208 0.02501991
vt -0.06038487 0.02530594
vt -0.05987102 0.02505833
vt -0.05976048 0.02474900
vt -0.06012208 0.02501991
vt -0.05909070 0.02455896
vt -0.05976048 0.02474900
vt -0.05952515 0.02479920
vt -0.05909070 0.02455896
vt -0.05876724 0.02427074
vt -0.05930629 0.02449784
vt -0.05798716 0.02415123
vt -0.05876724 0.02427074
vt -0.05857510 0.02434173
vt -0.05733696 0.02399071
vt -0.05815259 0.02407157
vt -0.05798716 0.02415123
vt -0.05733696 0.02399071
vt -0.05673960 0.02377016
vt -0.05747283 0.02390376
vt -0.05589512 0.02377005
vt -0.05673960 0.02377016
vt -0.05663561 0.02386292
vt -0.05512815 0.02371368
vt -0.05596545 0.02367307
vt -0.05589512 0.02377005
vt -0.05512815 0.02371368
vt 0.05434783 0.02359438
vt -0.05516362 0.02361413
vt 0.05512815 0.02371368
vt 0.05434783 0.02359438
vt 0.05434783 0.02369478
vt 0.05512815 0.02371368
vt 0.05596545 0.02367307
vt 0.05516362 0.02361413
vt 0.05589512 0.02377005
vt 0.05673960 0.02377016
vt 0.05596545 0.02367307
vt 0.05733696 0.02399071
vt 0.05673960 0.02377016
vt 0.05663561 0.02386292
vt 0.05733696 0.02399071
vt 0.05815259 0.02407157
vt 0.05747283 0.02390376
vt 0.05798716 0.02415123
vt 0.05876724 0.02427074
vt 0.05815259 0.02407157
vt 0.05909070 0.02455896
vt 0.05876724 0.02427074
vt 0.05857510 0.02434173
vt 0.05909070 0.02455896
vt 0.05976048 0.02474900
vt 0.05930629 0.02449784
vt 0.05987102 0.02505833
vt 0.05976048 0.02474900
vt 0.05952515 0.02479920
vt 0.06012239 0.02533193
vt 0.06012208 0.02501991
vt 0.05987102 0.02505833
vt 0.06012239 0.02533193
vt 0.06054436 0.02560220
vt 0.06038487 0.02530594
vt 0.06027494 0.02561530
vt 0.06059783 0.02710843
vt 0.06054436 0.02560220
vt 0.06054436 0.02740985
vt 0.06079676 0.02710843
vt 0.06059783 0.02710843
vt 0.06038487 0.02770611
vt 0.06074158 0.02741944
vt 0.06054436 0.02740985
vt 0.06012208 0.02799214
vt 0.06057701 0.02772513
vt 0.06038487 0.02770611
vt 0.06012208 0.02799214
vt 0.05993276 0.02829980
vt 0.06030586 0.02802027
vt 0.05976048 0.02826305
vt 0.05946410 0.02855895
vt 0.05993276 0.02829980
vt 0.05930629 0.02851421
vt 0.05890791 0.02879328
vt 0.05946410 0.02855895
vt 0.05876724 0.02874131
vt 0.05827369 0.02899878
vt 0.05890791 0.02879328
vt 0.05815259 0.02894048
vt 0.05757229 0.02917194
vt 0.05827369 0.02899878
vt 0.05673960 0.02924189
vt 0.05757229 0.02917194
vt 0.05747283 0.02910829
vt 0.05596545 0.02933899
vt 0.05681572 0.02930979
vt 0.05673960 0.02924189
vt 0.05596545 0.02933899
vt 0.05518958 0.02947079
vt 0.05601694 0.02940998
vt 0.05516362 0.02939792
vt -0.05434783 0.02949117
vt 0.05518958 0.02947079
vt -0.05516362 0.02939792
vt -0.05434783 0.02949117
vt -0.05434783 0.02941767
vt -0.05596545 0.02933899
vt -0.05518958 0.02947079
vt -0.05516362 0.02939792
vt -0.05596545 0.02933899
vt -0.05681572 0.02930979
vt -0.05601694 0.02940998
vt -0.05673960 0.02924189
vt -0.05757229 0.02917194
vt -0.05681572 0.02930979
vt -0.05815259 0.02894048
vt -0.05757229 0.02917194
vt -0.05747283 0.02910829
vt -0.05876724 0.02874131
vt -0.05827369 0.02899878
vt -0.05815259 0.02894048
vt -0.05930629 0.02851421
vt -0.05890791 0.02879328
vt -0.05876724 0.02874131
vt -0.05976048 0.02826305
vt -0.05946410 0.02855895
vt -0.05930629 0.02851421
vt -0.06012208 0.02799214
vt -0.05993276 0.02829980
vt -0.05976048 0.02826305
vt -0.06012208 0.02799214
vt -0.06057701 0.02772513
vt -0.06030586 0.02802027
vt -0.06038487 0.02770611
vt -0.06074158 0.02741944
vt -0.06057701 0.02772513
vt -0.06054436 0.02740985
vt -0.06079676 0.02590362
vt -0.06074158 0.02741944
vt -0.06054436 0.02560220
vt -0.06079676 0.02590362
vt -0.06059783 0.02590362
vt -0.06038487 0.02530594
vt -0.06074158 0.02559261
vt -0.06054436 0.02560220
vt -0.06012208 0.02501991
vt -0.06057701 0.02528692
vt -0.06038487 0.02530594
vt -0.06012208 0.02501991
vt -0.05993276 0.02471225
vt -0.06030586 0.02499178
vt -0.05976048 0.02474900
vt -0.05946410 0.02445310
vt -0.05993276 0.02471225
vt -0.05876724 0.02427074
vt -0.05946410 0.02445310
vt -0.05930629 0.02449784
vt -0.05815259 0.02407157
vt -0.05890791 0.02421877
vt -0.05876724 0.02427074
vt -0.05815259 0.02407157
vt -0.05757229 0.02384011
vt -0.05827369 0.02401326
vt -0.05673960 0.02377016
vt -0.05757229 0.02384011
vt -0.05747283 0.02390376
vt -0.05596545 0.02367307
vt -0.05681572 0.02370225
vt -0.05673960 0.02377016
vt -0.05596545 0.02367307
vt -0.05518958 0.02354126
vt -0.05601694 0.02360207
vt -0.05516362 0.02361413
vt 0.05434783 0.02352088
vt -0.05518958 0.02354126
vt 0.05516362 0.02361413
vt 0.05434783 0.02352088
vt 0.05434783 0.02359438
vt 0.05596545 0.02367307
vt 0.05518958 0.02354126
vt 0.05516362 0.02361413
vt 0.05596545 0.02367307
vt 0.05681572 0.02370225
vt 0.05601694 0.02360207
vt 0.05673960 0.02377016
vt 0.05757229 0.02384011
vt 0.05681572 0.02370225
vt 0.05815259 0.02407157
vt 0.05757229 0.02384011
vt 0.05747283 0.02390376
vt 0.05815259 0.02407157
vt 0.05890791 0.02421877
vt 0.05827369 0.02401326
vt 0.05876724 0.02427074
vt 0.05946410 0.02445310
vt 0.05890791 0.02421877
vt 0.05976048 0.02474900
vt 0.05946410 0.02445310
vt 0.05930629 0.02449784
vt 0.06012208 0.02501991
vt 0.05993276 0.02471225
vt 0.05976048 0.02474900
vt 0.06012208 0.02501991
vt 0.06057701 0.02528692
vt 0.06030586 0.02499178
vt 0.06038487 0.02530594
vt 0.06074158 0.02559261
vt 0.06057701 0.02528692
vt 0.06054436 0.02560220
vt 0.06079676 0.02710843
vt 0.06074158 0.02559261
vt 0.50124049 0.02741944
vt 0.50171757 0.02710843
vt 0.50124049 0.02710843
vt 0.50124049 0.02772513
vt 0.50171757 0.02742296
vt 0.50124049 0.02741944
vt 0.50124049 0.02772513
vt 0.50171757 0.02803056
vt 0.50171757 0.02773209
vt 0.50124049 0.02829980
vt 0.50171757 0.02803056
vt 0.50124049 0.02802027
vt 0.50124049 0.02829980
vt 0.50171757 0.02857533
vt 0.50171757 0.02831325
vt 0.50124049 0.02855895
vt 0.50171757 0.02881231
vt 0.50171757 0.02857533
vt 0.50124049 0.02899878
vt 0.50171757 0.02881231
vt 0.50124049 0.02879328
vt 0.50124049 0.05757229
vt 0.50171757 0.05831801
vt 0.50124049 0.05827369
vt 0.50124049 0.05757229
vt 0.50171757 0.05684359
vt 0.50171757 0.05760870
vt 0.50124049 0.05601694
vt 0.50171757 0.05684359
vt 0.50124049 0.05681572
vt 0.50124049 0.05601694
vt 0.50171757 0.05519909
vt 0.50171757 0.05603578
vt 0.50124049 0.05518958
vt 0.50171757 -0.05434783
vt 0.50171757 0.05519909
vt 0.50124049 -0.05518958
vt 0.50171757 -0.05434783
vt 0.50124049 -0.05434783
vt 0.50124049 -0.05601694
vt 0.50171757 -0.05519909
vt 0.50124049 -0.05518958
vt 0.50124049 -0.05601694
vt 0.50171757 -0.05684359
vt 0.50171757 -0.05603578
vt 0.50124049 -0.05757229
vt 0.50171757 -0.05684359
vt 0.50124049 -0.05681572
vt 0.50124049 -0.05757229
vt 0.50171757 -0.05831801
vt 0.50171757 -0.05760870
vt 0.50124049 0.02899878
vt 0.50171757 0.02881231
vt 0.50171757 0.02902013
vt 0.50124049 0.02855895
vt 0.50171757 0.02881231
vt 0.50124049 0.02879328
vt 0.50124049 0.02829980
vt 0.50171757 0.02857533
vt 0.50124049 0.02855895
vt 0.50124049 0.02829980
vt 0.50171757 0.02803056
vt 0.50171757 0.02831325
vt 0.50124049 0.02772513
vt 0.50171757 0.02803056
vt 0.50124049 0.02802027
vt 0.50124049 0.02772513
vt 0.50171757 0.02742296
vt 0.50171757 0.02773209
vt 0.50124049 0.02741944
vt 0.50171757 0.02590362
vt 0.50171757 0.02742296
vt 0.50124049 0.02559261
vt 0.50171757 0.02590362
vt 0.50124049 0.02590362
vt 0.50124049 0.02528692
vt 0.50171757 0.02558909
vt 0.50124049 0.02559261
vt 0.50124049 0.02528692
vt 0.50171757 0.02498149
vt 0.50171757 0.02527995
vt 0.50124049 0.02471225
vt 0.50171757 0.02498149
vt 0.50124049 0.02499178
vt 0.50124049 0.02471225
vt 0.50171757 0.02443672
vt 0.50171757 0.02469880
vt 0.50124049 0.02445310
vt 0.50171757 0.02419974
vt 0.50171757 0.02443672
vt 0.50124049 0.02401326
vt 0.50171757 0.02419974
vt 0.50124049 0.02421877
vt 0.50124049 -0.05757229
vt 0.50171757 -0.05831801
vt 0.50124049 -0.05827369
vt 0.50124049 -0.05757229
vt 0.50171757 -0.05684359
vt 0.50171757 -0.05760870
vt 0.50124049 -0.05601694
vt 0.50171757 -0.05684359
vt 0.50124049 -0.05681572
vt 0.50124049 -0.05601694
vt 0.50171757 -0.05519909
vt 0.50171757 -0.05603578
vt 0.50124049 -0.05518958
vt 0.50171757 0.05434783
vt 0.50171757 -0.05519909
vt 0.50124049 0.05518958
vt 0.50171757 0.05434783
vt 0.50124049 0.05434783
vt 0.50124049 0.05601694
vt 0.50171757 0.05519909
vt 0.50124049 0.05518958
vt 0.50124049 0.05601694
vt 0.50171757 0.05684359
vt 0.50171757 0.05603578
vt 0.50124049 0.05757229
vt 0.50171757 0.05684359
vt 0.50124049 0.05681572
vt 0.50124049 0.05757229
vt 0.50171757 0.05831801
vt 0.50171757 0.05760870
vt 0.50124049 0.02401326
vt 0.50171757 0.02419974
vt 0.50171757 0.02399192
vt 0.50124049 0.02445310
vt 0.50171757 0.02419974
vt 0.50124049 0.02421877
vt 0.50124049 0.02471225
vt 0.50171757 0.02443672
vt 0.50124049 0.02445310
vt 0.50124049 0.02471225
vt 0.50171757 0.02498149
vt 0.50171757 0.02469880
vt 0.50124049 0.02528692
vt 0.50171757 0.02498149
vt 0.50124049 0.02499178
vt 0.50124049 0.02528692
vt 0.50171757 0.02558909
vt 0.50171757 0.02527995
vt 0.50124049 0.02559261
vt 0.50171757 0.02710843
vt 0.50171757 0.02558909
vt 0.50171757 0.02742296
vt 0.50362599 0.02710843
vt 0.50171757 0.02710843
vt 0.50171757 0.02773209
vt 0.50362599 0.02742296
vt 0.50171757 0.02742296
vt 0.50171757 0.02803056
vt 0.50362599 0.02773209
vt 0.50171757 0.02773209
vt 0.50171757 0.02831325
vt 0.50362599 0.02803056
vt 0.50171757 0.02803056
vt 0.50171757 0.02857533
vt 0.50362599 0.02831325
vt 0.50171757 0.02831325
vt 0.50171757 0.02881231
vt 0.50362599 0.02857533
vt 0.50171757 0.02857533
vt 0.50171757 0.02902013
vt 0.50362599 0.02881231
vt 0.50171757 0.02881231
vt 0.50171757 0.05760870
vt 0.50362599 0.05831801
vt 0.50171757 0.05831801
vt 0.50171757 0.05684359
vt 0.50362599 0.05760870
vt 0.50171757 0.05760870
vt 0.50171757 0.05603578
vt 0.50362599 0.05684359
vt 0.50171757 0.05684359
vt 0.50171757 0.05519909
vt 0.50362599 0.05603578
vt 0.50171757 0.05603578
vt 0.50171757 -0.05434783
vt 0.50362599 0.05519909
vt 0.50171757 0.05519909
vt 0.50171757 -0.05519909
vt 0.50362599 -0.05434783
vt 0.50171757 -0.05434783
vt 0.50171757 -0.05603578
vt 0.50362599 -0.05519909
vt 0.50171757 -0.05519909
vt 0.50171757 -0.05684359
vt 0.50362599 -0.05603578
vt 0.50171757 -0.05603578
vt 0.50171757 -0.05760870
vt 0.50362599 -0.05684359
vt 0.50171757 -0.05684359
vt 0.50171757 -0.05831801
vt 0.50362599 -0.05760870
vt 0.50171757 -0.05760870
vt 0.50171757 0.02881231
vt 0.50362599 0.02902013
vt 0.50171757 0.02902013
vt 0.50171757 0.02857533
vt 0.50362599 0.02881231
vt 0.50171757 0.02881231
vt 0.50171757 0.02831325
vt 0.50362599 0.02857533
vt 0.50171757 0.02857533
vt 0.50171757 0.02803056
vt 0.50362599 0.02831325
vt 0.50171757 0.02831325
vt 0.50171757 0.02773209
vt 0.50362599 0.02803056
vt 0.50171757 0.02803056
vt 0.50171757 0.02742296
vt 0.50362599 0.02773209
vt 0.50171757 0.02773209
vt 0.50171757 0.02590362
vt 0.50362599 0.02742296
vt 0.50171757 0.02742296
vt 0.50171757 0.02558909
vt 0.50362599 0.02590362
vt 0.50171757 0.02590362
vt 0.50171757 0.02527995
vt 0.50362599 0.02558909
vt 0.50171757 0.02558909
vt 0.50171757 0.02498149
vt 0.50362599 0.02527995
vt 0.50171757 0.02527995
vt 0.50171757 0.02469880
vt 0.50362599 0.02498149
vt 0.50171757 0.02498149
vt 0.50171757 0.02443672
vt 0.50362599 0.02469880
vt 0.50171757 0.02469880
vt 0.50171757 0.02419974
vt 0.50362599 0.02443672
vt 0.50171757 0.02443672
vt 0.50171757 0.02399192
vt 0.50362599 0.02419974
vt 0.50171757 0.02419974
vt 0.50171757 -0.05760870
vt 0.50362599 -0.05831801
vt 0.50171757 -0.05831801
vt 0.50171757 -0.05684359
vt 0.50362599 -0.05760870
vt 0.50171757 -0.05760870
vt 0.50171757 -0.05603578
vt 0.50362599 -0.05684359
vt 0.50171757 -0.05684359
vt 0.50171757 -0.05519909
vt 0.50362599 -0.05603578
vt 0.50171757 -0.05603578
vt 0.50171757 0.05434783
vt 0.50362599 -0.05519909
vt 0.50171757 -0.05519909
vt 0.50171757 0.05519909
vt 0.50362599 0.05434783
vt 0.50171757 0.05434783
vt 0.50171757 0.05603578
vt 0.50362599 0.05519909
vt 0.50171757 0.05519909
vt 0.50171757 0.05684359
vt 0.50362599 0.05603578
vt 0.50171757 0.05603578
vt 0.50171757 0.05760870
vt 0.50362599 0.05684359
vt 0.50171757 0.05684359
vt 0.50171757 0.05831801
vt 0.50362599 0.05760870
vt 0.50171757 0.05760870
vt 0.50171757 0.02419974
vt 0.50362599 0.02399192
vt 0.50171757 0.02399192
vt 0.50171757 0.02443672
vt 0.50362599 0.02419974
vt 0.50171757 0.02419974
vt 0.50171757 0.02469880
vt 0.50362599 0.02443672
vt 0.50171757 0.02443672
vt 0.50171757 0.02498149
vt 0.50362599 0.02469880
vt 0.50171757 0.02469880
vt 0.50171757 0.02527995
vt 0.50362599 0.02498149
vt 0.50171757 0.02498149
vt 0.50171757 0.02558909
vt 0.50362599 0.02527995
vt 0.50171757 0.02527995
vt 0.50171757 0.02710843
vt 0.50362599 0.02558909
vt 0.50171757 0.02558909
vt 0.50362599 0.02710843
vt 0.50410306 0.02741944
vt 0.50410306 0.02710843
vt 0.50362599 0.02742296
vt 0.50410306 0.02772513
vt 0.50410306 0.02741944
vt 0.50362599 0.02803056
vt 0.50410306 0.02772513
vt 0.50362599 0.02773209
vt 0.50362599 0.02803056
vt 0.50410306 0.02829980
vt 0.50410306 0.02802027
vt 0.50362599 0.02857533
vt 0.50410306 0.02829980
vt 0.50362599 0.02831325
vt 0.50362599 0.02881231
vt 0.50410306 0.02855895
vt 0.50362599 0.02857533
vt 0.50362599 0.02881231
vt 0.50410306 0.02899878
vt 0.50410306 0.02879328
vt 0.50362599 0.05831801
vt 0.50410306 0.05757229
vt 0.50410306 0.05827369
vt 0.50362599 0.05684359
vt 0.50410306 0.05757229
vt 0.50362599 0.05760870
vt 0.50362599 0.05684359
vt 0.50410306 0.05601694
vt 0.50410306 0.05681572
vt 0.50362599 0.05519909
vt 0.50410306 0.05601694
vt 0.50362599 0.05603578
vt 0.50362599 -0.05434783
vt 0.50410306 0.05518958
vt 0.50362599 0.05519909
vt 0.50362599 -0.05434783
vt 0.50410306 -0.05518958
vt 0.50410306 -0.05434783
vt 0.50362599 -0.05519909
vt 0.50410306 -0.05601694
vt 0.50410306 -0.05518958
vt 0.50362599 -0.05684359
vt 0.50410306 -0.05601694
vt 0.50362599 -0.05603578
vt 0.50362599 -0.05684359
vt 0.50410306 -0.05757229
vt 0.50410306 -0.05681572
vt 0.50362599 -0.05831801
vt 0.50410306 -0.05757229
vt 0.50362599 -0.05760870
vt 0.50362599 0.02881231
vt 0.50410306 0.02899878
vt 0.50362599 0.02902013
vt 0.50362599 0.02881231
vt 0.50410306 0.02855895
vt 0.50410306 0.02879328
vt 0.50362599 0.02857533
vt 0.50410306 0.02829980
vt 0.50410306 0.02855895
vt 0.50362599 0.02803056
vt 0.50410306 0.02829980
vt 0.50362599 0.02831325
vt 0.50362599 0.02803056
vt 0.50410306 0.02772513
vt 0.50410306 0.02802027
vt 0.50362599 0.02742296
vt 0.50410306 0.02772513
vt 0.50362599 0.02773209
vt 0.50362599 0.02590362
vt 0.50410306 0.02741944
vt 0.50362599 0.02742296
vt 0.50362599 0.02590362
vt 0.50410306 0.02559261
vt 0.50410306 0.02590362
vt 0.50362599 0.02558909
vt 0.50410306 0.02528692
vt 0.50410306 0.02559261
vt 0.50362599 0.02498149
vt 0.50410306 0.02528692
vt 0.50362599 0.02527995
vt 0.50362599 0.02498149
vt 0.50410306 0.02471225
vt 0.50410306 0.02499178
vt 0.50362599 0.02443672
vt 0.50410306 0.02471225
vt 0.50362599 0.02469880
vt 0.50362599 0.02419974
vt 0.50410306 0.02445310
vt 0.50362599 0.02443672
vt 0.50362599 0.02419974
vt 0.50410306 0.02401326
vt 0.50410306 0.02421877
vt 0.50362599 -0.05831801
vt 0.50410306 -0.05757229
vt 0.50410306 -0.05827369
vt 0.50362599 -0.05684359
vt 0.50410306 -0.05757229
vt 0.50362599 -0.05760870
vt 0.50362599 -0.05684359
vt 0.50410306 -0.05601694
vt 0.50410306 -0.05681572
vt 0.50362599 -0.05519909
vt 0.50410306 -0.05601694
vt 0.50362599 -0.05603578
vt 0.50362599 0.05434783
vt 0.50410306 -0.05518958
vt 0.50362599 -0.05519909
vt 0.50362599 0.05434783
vt 0.50410306 0.05518958
vt 0.50410306 0.05434783
vt 0.50362599 0.05519909
vt 0.50410306 0.05601694
vt 0.50410306 0.05518958
vt 0.50362599 0.05684359
vt 0.50410306 0.05601694
vt 0.50362599 0.05603578
vt 0.50362599 0.05684359
vt 0.50410306 0.05757229
vt 0.50410306 0.05681572
vt 0.50362599 0.05831801
vt 0.50410306 0.05757229
vt 0.50362599 0.05760870
vt 0.50362599 0.02419974
vt 0.50410306 0.02401326
vt 0.50362599 0.02399192
vt 0.50362599 0.02419974
vt 0.50410306 0.02445310
vt 0.50410306 0.02421877
vt 0.50362599 0.02443672
vt 0.50410306 0.02471225
vt 0.50410306 0.02445310
vt 0.50362599 0.02498149
vt 0.50410306 0.02471225
vt 0.50362599 0.02469880
vt 0.50362599 0.02498149
vt 0.50410306 0.02528692
vt 0.50410306 0.02499178
vt 0.50362599 0.02558909
vt 0.50410306 0.02528692
vt 0.50362599 0.02527995
vt 0.50362599 0.02710843
vt 0.50410306 0.02559261
vt 0.50362599 0.02558909
vt 0.06079676 0.02710843
vt 0.06054436 0.02740985
vt 0.06059783 0.02710843
vt 0.06074158 0.02741944
vt 0.06038487 0.02770611
vt 0.06054436 0.02740985
vt 0.06057701 0.02772513
vt 0.06012208 0.02799214
vt 0.06038487 0.02770611
vt 0.05993276 0.02829980
vt 0.06012208 0.02799214
vt 0.06030586 0.02802027
vt 0.05946410 0.02855895
vt 0.05976048 0.02826305
vt 0.05993276 0.02829980
vt 0.05890791 0.02879328
vt 0.05930629 0.02851421
vt 0.05946410 0.02855895
vt 0.05827369 0.02899878
vt 0.05876724 0.02874131
vt 0.05890791 0.02879328
vt 0.05757229 0.02917194
vt 0.05815259 0.02894048
vt 0.05827369 0.02899878
vt 0.05757229 0.02917194
vt 0.05673960 0.02924189
vt 0.05747283 0.02910829
vt 0.05681572 0.02930979
vt 0.05596545 0.02933899
vt 0.05673960 0.02924189
vt 0.05518958 0.02947079
vt 0.05596545 0.02933899
vt 0.05601694 0.02940998
vt -0.05434783 0.02949117
vt 0.05516362 0.02939792
vt 0.05518958 0.02947079
vt -0.05434783 0.02949117
vt -0.05516362 0.02939792
vt -0.05434783 0.02941767
vt -0.05518958 0.02947079
vt -0.05596545 0.02933899
vt -0.05516362 0.02939792
vt -0.05681572 0.02930979
vt -0.05596545 0.02933899
vt -0.05601694 0.02940998
vt -0.05757229 0.02917194
vt -0.05673960 0.02924189
vt -0.05681572 0.02930979
vt -0.05757229 0.02917194
vt -0.05815259 0.02894048
vt -0.05747283 0.02910829
vt -0.05827369 0.02899878
vt -0.05876724 0.02874131
vt -0.05815259 0.02894048
vt -0.05890791 0.02879328
vt -0.05930629 0.02851421
vt -0.05876724 0.02874131
vt -0.05946410 0.02855895
vt -0.05976048 0.02826305
vt -0.05930629 0.02851421
vt -0.05993276 0.02829980
vt -0.06012208 0.02799214
vt -0.05976048 0.02826305
vt -0.06057701 0.02772513
vt -0.06012208 0.02799214
vt -0.06030586 0.02802027
vt -0.06074158 0.02741944
vt -0.06038487 0.02770611
vt -0.06057701 0.02772513
vt -0.06079676 0.02590362
vt -0.06054436 0.02740985
vt -0.06074158 0.02741944
vt -0.06079676 0.02590362
vt -0.06054436 0.02560220
vt -0.06059783 0.02590362
vt -0.06074158 0.02559261
vt -0.06038487 0.02530594
vt -0.06054436 0.02560220
vt -0.06057701 0.02528692
vt -0.06012208 0.02501991
vt -0.06038487 0.02530594
vt -0.05993276 0.02471225
vt -0.06012208 0.02501991
vt -0.06030586 0.02499178
vt -0.05946410 0.02445310
vt -0.05976048 0.02474900
vt -0.05993276 0.02471225
vt -0.05946410 0.02445310
vt -0.05876724 0.02427074
vt -0.05930629 0.02449784
vt -0.05890791 0.02421877
vt -0.05815259 0.02407157
vt -0.05876724 0.02427074
vt -0.05757229 0.02384011
vt -0.05815259 0.02407157
vt -0.05827369 0.02401326
vt -0.05757229 0.02384011
vt -0.05673960 0.02377016
vt -0.05747283 0.02390376
vt -0.05681572 0.02370225
vt -0.05596545 0.02367307
vt -0.05673960 0.02377016
vt -0.05518958 0.02354126
vt -0.05596545 0.02367307
vt -0.05601694 0.02360207
vt 0.05434783 0.02352088
vt -0.05516362 0.02361413
vt -0.05518958 0.02354126
vt 0.05434783 0.02352088
vt 0.05516362 0.02361413
vt 0.05434783 0.02359438
vt 0.05518958 0.02354126
vt 0.05596545 0.02367307
vt 0.05516362 0.02361413
vt 0.05681572 0.02370225
vt 0.05596545 0.02367307
vt 0.05601694 0.02360207
vt 0.05757229 0.02384011
vt 0.05673960 0.02377016
vt 0.05681572 0.02370225
vt 0.05757229 0.02384011
vt 0.05815259 0.02407157
vt 0.05747283 0.02390376
vt 0.05890791 0.02421877
vt 0.05815259 0.02407157
vt 0.05827369 0.02401326
vt 0.05946410 0.02445310
vt 0.05876724 0.02427074
vt 0.05890791 0.02421877
vt 0.05946410 0.02445310
vt 0.05976048 0.02474900
vt 0.05930629 0.02449784
vt 0.05993276 0.02471225
vt 0.06012208 0.02501991
vt 0.05976048 0.02474900
vt 0.06057701 0.02528692
vt 0.06012208 0.02501991
vt 0.06030586 0.02499178
vt 0.06074158 0.02559261
vt 0.06038487 0.02530594
vt 0.06057701 0.02528692
vt 0.06079676 0.02710843
vt 0.06054436 0.02560220
vt 0.06074158 0.02559261
vt 0.06054436 0.02740985
vt 0.06032609 0.02710843
vt 0.06059783 0.02710843
vt 0.06054436 0.02740985
vt 0.06012239 0.02768012
vt 0.06027494 0.02739675
vt 0.06012208 0.02799214
vt 0.06012239 0.02768012
vt 0.06038487 0.02770611
vt 0.05976048 0.02826305
vt 0.05987102 0.02795372
vt 0.06012208 0.02799214
vt 0.05930629 0.02851421
vt 0.05952515 0.02821285
vt 0.05976048 0.02826305
vt 0.05930629 0.02851421
vt 0.05857510 0.02867032
vt 0.05909070 0.02845309
vt 0.05876724 0.02874131
vt 0.05798716 0.02886082
vt 0.05857510 0.02867032
vt 0.05815259 0.02894048
vt 0.05733696 0.02902134
vt 0.05798716 0.02886082
vt 0.05673960 0.02924189
vt 0.05733696 0.02902134
vt 0.05747283 0.02910829
vt 0.05596545 0.02933899
vt 0.05663561 0.02914913
vt 0.05673960 0.02924189
vt 0.05596545 0.02933899
vt 0.05512815 0.02929837
vt 0.05589512 0.02924201
vt -0.05434783 0.02941767
vt 0.05512815 0.02929837
vt 0.05516362 0.02939792
vt -0.05434783 0.02941767
vt -0.05512815 0.02929837
vt -0.05434783 0.02931727
vt -0.05596545 0.02933899
vt -0.05512815 0.02929837
vt -0.05516362 0.02939792
vt -0.05596545 0.02933899
vt -0.05663561 0.02914913
vt -0.05589512 0.02924201
vt -0.05673960 0.02924189
vt -0.05733696 0.02902134
vt -0.05663561 0.02914913
vt -0.05815259 0.02894048
vt -0.05733696 0.02902134
vt -0.05747283 0.02910829
vt -0.05876724 0.02874131
vt -0.05798716 0.02886082
vt -0.05815259 0.02894048
vt -0.05930629 0.02851421
vt -0.05857510 0.02867032
vt -0.05876724 0.02874131
vt -0.05930629 0.02851421
vt -0.05952515 0.02821285
vt -0.05909070 0.02845309
vt -0.05976048 0.02826305
vt -0.05987102 0.02795372
vt -0.05952515 0.02821285
vt -0.06012208 0.02799214
vt -0.06012239 0.02768012
vt -0.05987102 0.02795372
vt -0.06054436 0.02740985
vt -0.06012239 0.02768012
vt -0.06038487 0.02770611
vt -0.06059783 0.02590362
vt -0.06027494 0.02739675
vt -0.06054436 0.02740985
vt -0.06054436 0.02560220
vt -0.06032609 0.02590362
vt -0.06059783 0.02590362
vt -0.06054436 0.02560220
vt -0.06012239 0.02533193
vt -0.06027494 0.02561530
vt -0.06012208 0.02501991
vt -0.06012239 0.02533193
vt -0.06038487 0.02530594
vt -0.05976048 0.02474900
vt -0.05987102 0.02505833
vt -0.06012208 0.02501991
vt -0.05976048 0.02474900
vt -0.05909070 0.02455896
vt -0.05952515 0.02479920
vt -0.05876724 0.02427074
vt -0.05909070 0.02455896
vt -0.05930629 0.02449784
vt -0.05876724 0.02427074
vt -0.05798716 0.02415123
vt -0.05857510 0.02434173
vt -0.05815259 0.02407157
vt -0.05733696 0.02399071
vt -0.05798716 0.02415123
vt -0.05673960 0.02377016
vt -0.05733696 0.02399071
vt -0.05747283 0.02390376
vt -0.05673960 0.02377016
vt -0.05589512 0.02377005
vt -0.05663561 0.02386292
vt -0.05596545 0.02367307
vt -0.05512815 0.02371368
vt -0.05589512 0.02377005
vt 0.05434783 0.02359438
vt -0.05512815 0.02371368
vt -0.05516362 0.02361413
vt 0.05434783 0.02359438
vt 0.05512815 0.02371368
vt 0.05434783 0.02369478
vt 0.05596545 0.02367307
vt 0.05512815 0.02371368
vt 0.05516362 0.02361413
vt 0.05673960 0.02377016
vt 0.05589512 0.02377005
vt 0.05596545 0.02367307
vt 0.05673960 0.02377016
vt 0.05733696 0.02399071
vt 0.05663561 0.02386292
vt 0.05815259 0.02407157
vt 0.05733696 0.02399071
vt 0.05747283 0.02390376
vt 0.05876724 0.02427074
vt 0.05798716 0.02415123
vt 0.05815259 0.02407157
vt 0.05876724 0.02427074
vt 0.05909070 0.02455896
vt 0.05857510 0.02434173
vt 0.05976048 0.02474900
vt 0.05909070 0.02455896
vt 0.05930629 0.02449784
vt 0.05976048 0.02474900
vt 0.05987102 0.02505833
vt 0.05952515 0.02479920
vt 0.06012208 0.02501991
vt 0.06012239 0.02533193
vt 0.05987102 0.02505833
vt 0.06054436 0.02560220
vt 0.06012239 0.02533193
vt 0.06038487 0.02530594
vt 0.06059783 0.02710843
vt 0.06027494 0.02561530
vt 0.06054436 0.02560220
vt -0.05952515 0.02821285
vt -0.05733696 0.02902134
vt -0.05434783 0.02931727
vt -0.05987102 0.02505833
vt -0.05798716 0.02415123
vt -0.05512815 0.02371368
vt 0.06032609 0.02710843
vt 0.06027494 0.02739675
vt 0.06054436 0.02740985
vt 0.06012239 0.02768012
vt 0.06038487 0.02770611
vt 0.06054436 0.02740985
vt 0.06012239 0.02768012
vt 0.05987102 0.02795372
vt 0.06012208 0.02799214
vt 0.05987102 0.02795372
vt 0.05952515 0.02821285
vt 0.05976048 0.02826305
vt 0.05952515 0.02821285
vt 0.05909070 0.02845309
vt 0.05930629 0.02851421
vt 0.05857510 0.02867032
vt 0.05876724 0.02874131
vt 0.05930629 0.02851421
vt 0.05798716 0.02886082
vt 0.05815259 0.02894048
vt 0.05876724 0.02874131
vt 0.05733696 0.02902134
vt 0.05747283 0.02910829
vt 0.05815259 0.02894048
vt 0.05733696 0.02902134
vt 0.05663561 0.02914913
vt 0.05673960 0.02924189
vt 0.05663561 0.02914913
vt 0.05589512 0.02924201
vt 0.05596545 0.02933899
vt 0.05512815 0.02929837
vt 0.05516362 0.02939792
vt 0.05596545 0.02933899
vt 0.05512815 0.02929837
vt -0.05434783 0.02931727
vt -0.05434783 0.02941767
vt -0.05512815 0.02929837
vt -0.05516362 0.02939792
vt -0.05434783 0.02941767
vt -0.05512815 0.02929837
vt -0.05589512 0.02924201
vt -0.05596545 0.02933899
vt -0.05663561 0.02914913
vt -0.05673960 0.02924189
vt -0.05596545 0.02933899
vt -0.05733696 0.02902134
vt -0.05747283 0.02910829
vt -0.05673960 0.02924189
vt -0.05733696 0.02902134
vt -0.05798716 0.02886082
vt -0.05815259 0.02894048
vt -0.05798716 0.02886082
vt -0.05857510 0.02867032
vt -0.05876724 0.02874131
vt -0.05857510 0.02867032
vt -0.05909070 0.02845309
vt -0.05930629 0.02851421
vt -0.05952515 0.02821285
vt -0.05976048 0.02826305
vt -0.05930629 0.02851421
vt -0.05987102 0.02795372
vt -0.06012208 0.02799214
vt -0.05976048 0.02826305
vt -0.06012239 0.02768012
vt -0.06038487 0.02770611
vt -0.06012208 0.02799214
vt -0.06012239 0.02768012
vt -0.06027494 0.02739675
vt -0.06054436 0.02740985
vt -0.06027494 0.02739675
vt -0.06032609 0.02590362
vt -0.06059783 0.02590362
vt -0.06032609 0.02590362
vt -0.06027494 0.02561530
vt -0.06054436 0.02560220
vt -0.06012239 0.02533193
vt -0.06038487 0.02530594
vt -0.06054436 0.02560220
vt -0.06012239 0.02533193
vt -0.05987102 0.02505833
vt -0.06012208 0.02501991
vt -0.05987102 0.02505833
vt -0.05952515 0.02479920
vt -0.05976048 0.02474900
vt -0.05909070 0.02455896
vt -0.05930629 0.02449784
vt -0.05976048 0.02474900
vt -0.05909070 0.02455896
vt -0.05857510 0.02434173
vt -0.05876724 0.02427074
vt -0.05798716 0.02415123
vt -0.05815259 0.02407157
vt -0.05876724 0.02427074
vt -0.05733696 0.02399071
vt -0.05747283 0.02390376
vt -0.05815259 0.02407157
vt -0.05733696 0.02399071
vt -0.05663561 0.02386292
vt -0.05673960 0.02377016
vt -0.05589512 0.02377005
vt -0.05596545 0.02367307
vt -0.05673960 0.02377016
vt -0.05512815 0.02371368
vt -0.05516362 0.02361413
vt -0.05596545 0.02367307
vt -0.05512815 0.02371368
vt 0.05434783 0.02369478
vt 0.05434783 0.02359438
vt 0.05512815 0.02371368
vt 0.05516362 0.02361413
vt 0.05434783 0.02359438
vt 0.05512815 0.02371368
vt 0.05589512 0.02377005
vt 0.05596545 0.02367307
vt 0.05589512 0.02377005
vt 0.05663561 0.02386292
vt 0.05673960 0.02377016
vt 0.05733696 0.02399071
vt 0.05747283 0.02390376
vt 0.05673960 0.02377016
vt 0.05733696 0.02399071
vt 0.05798716 0.02415123
vt 0.05815259 0.02407157
vt 0.05798716 0.02415123
vt 0.05857510 0.02434173
vt 0.05876724 0.02427074
vt 0.05909070 0.02455896
vt 0.05930629 0.02449784
vt 0.05876724 0.02427074
vt 0.05909070 0.02455896
vt 0.05952515 0.02479920
vt 0.05976048 0.02474900
vt 0.05987102 0.02505833
vt 0.06012208 0.02501991
vt 0.05976048 0.02474900
vt 0.06012239 0.02533193
vt 0.06038487 0.02530594
vt 0.06012208 0.02501991
vt 0.06012239 0.02533193
vt 0.06027494 0.02561530
vt 0.06054436 0.02560220
vt 0.06027494 0.02561530
vt 0.06032609 0.02710843
vt 0.06059783 0.02710843
vt 0.06054436 0.02740985
vt 0.06074158 0.02741944
vt 0.06079676 0.02710843
vt 0.06038487 0.02770611
vt 0.06057701 0.02772513
vt 0.06074158 0.02741944
vt 0.06012208 0.02799214
vt 0.06030586 0.02802027
vt 0.06057701 0.02772513
vt 0.06012208 0.02799214
vt 0.05976048 0.02826305
vt 0.05993276 0.02829980
vt 0.05976048 0.02826305
vt 0.05930629 0.02851421
vt 0.05946410 0.02855895
vt 0.05930629 0.02851421
vt 0.05876724 0.02874131
vt 0.05890791 0.02879328
vt 0.05876724 0.02874131
vt 0.05815259 0.02894048
vt 0.05827369 0.02899878
vt 0.05815259 0.02894048
vt 0.05747283 0.02910829
vt 0.05757229 0.02917194
vt 0.05673960 0.02924189
vt 0.05681572 0.02930979
vt 0.05757229 0.02917194
vt 0.05596545 0.02933899
vt 0.05601694 0.02940998
vt 0.05681572 0.02930979
vt 0.05596545 0.02933899
vt 0.05516362 0.02939792
vt 0.05518958 0.02947079
vt 0.05516362 0.02939792
vt -0.05434783 0.02941767
vt -0.05434783 0.02949117
vt -0.05516362 0.02939792
vt -0.05518958 0.02947079
vt -0.05434783 0.02949117
vt -0.05596545 0.02933899
vt -0.05601694 0.02940998
vt -0.05518958 0.02947079
vt -0.05596545 0.02933899
vt -0.05673960 0.02924189
vt -0.05681572 0.02930979
vt -0.05673960 0.02924189
vt -0.05747283 0.02910829
vt -0.05757229 0.02917194
vt -0.05815259 0.02894048
vt -0.05827369 0.02899878
vt -0.05757229 0.02917194
vt -0.05876724 0.02874131
vt -0.05890791 0.02879328
vt -0.05827369 0.02899878
vt -0.05930629 0.02851421
vt -0.05946410 0.02855895
vt -0.05890791 0.02879328
vt -0.05976048 0.02826305
vt -0.05993276 0.02829980
vt -0.05946410 0.02855895
vt -0.06012208 0.02799214
vt -0.06030586 0.02802027
vt -0.05993276 0.02829980
vt -0.06012208 0.02799214
vt -0.06038487 0.02770611
vt -0.06057701 0.02772513
vt -0.06038487 0.02770611
vt -0.06054436 0.02740985
vt -0.06074158 0.02741944
vt -0.06054436 0.02740985
vt -0.06059783 0.02590362
vt -0.06079676 0.02590362
vt -0.06054436 0.02560220
vt -0.06074158 0.02559261
vt -0.06079676 0.02590362
vt -0.06038487 0.02530594
vt -0.06057701 0.02528692
vt -0.06074158 0.02559261
vt -0.06012208 0.02501991
vt -0.06030586 0.02499178
vt -0.06057701 0.02528692
vt -0.06012208 0.02501991
vt -0.05976048 0.02474900
vt -0.05993276 0.02471225
vt -0.05976048 0.02474900
vt -0.05930629 0.02449784
vt -0.05946410 0.02445310
vt -0.05876724 0.02427074
vt -0.05890791 0.02421877
vt -0.05946410 0.02445310
vt -0.05815259 0.02407157
vt -0.05827369 0.02401326
vt -0.05890791 0.02421877
vt -0.05815259 0.02407157
vt -0.05747283 0.02390376
vt -0.05757229 0.02384011
vt -0.05673960 0.02377016
vt -0.05681572 0.02370225
vt -0.05757229 0.02384011
vt -0.05596545 0.02367307
vt -0.05601694 0.02360207
vt -0.05681572 0.02370225
vt -0.05596545 0.02367307
vt -0.05516362 0.02361413
vt -0.05518958 0.02354126
vt -0.05516362 0.02361413
vt 0.05434783 0.02359438
vt 0.05434783 0.02352088
vt 0.05516362 0.02361413
vt 0.05518958 0.02354126
vt 0.05434783 0.02352088
vt 0.05596545 0.02367307
vt 0.05601694 0.02360207
vt 0.05518958 0.02354126
vt 0.05596545 0.02367307
vt 0.05673960 0.02377016
vt 0.05681572 0.02370225
vt 0.05673960 0.02377016
vt 0.05747283 0.02390376
vt 0.05757229 0.02384011
vt 0.05815259 0.02407157
vt 0.05827369 0.02401326
vt 0.05757229 0.02384011
vt 0.05815259 0.02407157
vt 0.05876724 0.02427074
vt 0.05890791 0.02421877
vt 0.05876724 0.02427074
vt 0.05930629 0.02449784
vt 0.05946410 0.02445310
vt 0.05976048 0.02474900
vt 0.05993276 0.02471225
vt 0.05946410 0.02445310
vt 0.06012208 0.02501991
vt 0.06030586 0.02499178
vt 0.05993276 0.02471225
vt 0.06012208 0.02501991
vt 0.06038487 0.02530594
vt 0.06057701 0.02528692
vt 0.06038487 0.02530594
vt 0.06054436 0.02560220
vt 0.06074158 0.02559261
vt 0.06054436 0.02560220
vt 0.06059783 0.02710843
vt 0.06079676 0.02710843
vt 0.50124049 0.02741944
vt 0.50171757 0.02742296
vt 0.50171757 0.02710843
vt 0.50124049 0.02772513
vt 0.50171757 0.02773209
vt 0.50171757 0.02742296
vt 0.50124049 0.02772513
vt 0.50124049 0.02802027
vt 0.50171757 0.02803056
vt 0.50124049 0.02829980
vt 0.50171757 0.02831325
vt 0.50171757 0.02803056
vt 0.50124049 0.02829980
vt 0.50124049 0.02855895
vt 0.50171757 0.02857533
vt 0.50124049 0.02855895
vt 0.50124049 0.02879328
vt 0.50171757 0.02881231
vt 0.50124049 0.02899878
vt 0.50171757 0.02902013
vt 0.50171757 0.02881231
vt 0.50124049 0.05757229
vt 0.50171757 0.05760870
vt 0.50171757 0.05831801
vt 0.50124049 0.05757229
vt 0.50124049 0.05681572
vt 0.50171757 0.05684359
vt 0.50124049 0.05601694
vt 0.50171757 0.05603578
vt 0.50171757 0.05684359
vt 0.50124049 0.05601694
vt 0.50124049 0.05518958
vt 0.50171757 0.05519909
vt 0.50124049 0.05518958
vt 0.50124049 -0.05434783
vt 0.50171757 -0.05434783
vt 0.50124049 -0.05518958
vt 0.50171757 -0.05519909
vt 0.50171757 -0.05434783
vt 0.50124049 -0.05601694
vt 0.50171757 -0.05603578
vt 0.50171757 -0.05519909
vt 0.50124049 -0.05601694
vt 0.50124049 -0.05681572
vt 0.50171757 -0.05684359
vt 0.50124049 -0.05757229
vt 0.50171757 -0.05760870
vt 0.50171757 -0.05684359
vt 0.50124049 -0.05757229
vt 0.50124049 -0.05827369
vt 0.50171757 -0.05831801
vt 0.50124049 0.02899878
vt 0.50124049 0.02879328
vt 0.50171757 0.02881231
vt 0.50124049 0.02855895
vt 0.50171757 0.02857533
vt 0.50171757 0.02881231
vt 0.50124049 0.02829980
vt 0.50171757 0.02831325
vt 0.50171757 0.02857533
vt 0.50124049 0.02829980
vt 0.50124049 0.02802027
vt 0.50171757 0.02803056
vt 0.50124049 0.02772513
vt 0.50171757 0.02773209
vt 0.50171757 0.02803056
vt 0.50124049 0.02772513
vt 0.50124049 0.02741944
vt 0.50171757 0.02742296
vt 0.50124049 0.02741944
vt 0.50124049 0.02590362
vt 0.50171757 0.02590362
vt 0.50124049 0.02559261
vt 0.50171757 0.02558909
vt 0.50171757 0.02590362
vt 0.50124049 0.02528692
vt 0.50171757 0.02527995
vt 0.50171757 0.02558909
vt 0.50124049 0.02528692
vt 0.50124049 0.02499178
vt 0.50171757 0.02498149
vt 0.50124049 0.02471225
vt 0.50171757 0.02469880
vt 0.50171757 0.02498149
vt 0.50124049 0.02471225
vt 0.50124049 0.02445310
vt 0.50171757 0.02443672
vt 0.50124049 0.02445310
vt 0.50124049 0.02421877
vt 0.50171757 0.02419974
vt 0.50124049 0.02401326
vt 0.50171757 0.02399192
vt 0.50171757 0.02419974
vt 0.50124049 -0.05757229
vt 0.50171757 -0.05760870
vt 0.50171757 -0.05831801
vt 0.50124049 -0.05757229
vt 0.50124049 -0.05681572
vt 0.50171757 -0.05684359
vt 0.50124049 -0.05601694
vt 0.50171757 -0.05603578
vt 0.50171757 -0.05684359
vt 0.50124049 -0.05601694
vt 0.50124049 -0.05518958
vt 0.50171757 -0.05519909
vt 0.50124049 -0.05518958
vt 0.50124049 0.05434783
vt 0.50171757 0.05434783
vt 0.50124049 0.05518958
vt 0.50171757 0.05519909
vt 0.50171757 0.05434783
vt 0.50124049 0.05601694
vt 0.50171757 0.05603578
vt 0.50171757 0.05519909
vt 0.50124049 0.05601694
vt 0.50124049 0.05681572
vt 0.50171757 0.05684359
vt 0.50124049 0.05757229
vt 0.50171757 0.05760870
vt 0.50171757 0.05684359
vt 0.50124049 0.05757229
vt 0.50124049 0.05827369
vt 0.50171757 0.05831801
vt 0.50124049 0.02401326
vt 0.50124049 0.02421877
vt 0.50171757 0.02419974
vt 0.50124049 0.02445310
vt 0.50171757 0.02443672
vt 0.50171757 0.02419974
vt 0.50124049 0.02471225
vt 0.50171757 0.02469880
vt 0.50171757 0.02443672
vt 0.50124049 0.02471225
vt 0.50124049 0.02499178
vt 0.50171757 0.02498149
vt 0.50124049 0.02528692
vt 0.50171757 0.02527995
vt 0.50171757 0.02498149
vt 0.50124049 0.02528692
vt 0.50124049 0.02559261
vt 0.50171757 0.02558909
vt 0.50124049 0.02559261
vt 0.50124049 0.02710843
vt 0.50171757 0.02710843
vt 0.50171757 0.02742296
vt 0.50362599 0.02742296
vt 0.50362599 0.02710843
vt 0.50171757 0.02773209
vt 0.50362599 0.02773209
vt 0.50362599 0.02742296
vt 0.50171757 0.02803056
vt 0.50362599 0.02803056
vt 0.50362599 0.02773209
vt 0.50171757 0.02831325
vt 0.50362599 0.02831325
vt 0.50362599 0.02803056
vt 0.50171757 0.02857533
vt 0.50362599 0.02857533
vt 0.50362599 0.02831325
vt 0.50171757 0.02881231
vt 0.50362599 0.02881231
vt 0.50362599 0.02857533
vt 0.50171757 0.02902013
vt 0.50362599 0.02902013
vt 0.50362599 0.02881231
vt 0.50171757 0.05760870
vt 0.50362599 0.05760870
vt 0.50362599 0.05831801
vt 0.50171757 0.05684359
vt 0.50362599 0.05684359
vt 0.50362599 0.05760870
vt 0.50171757 0.05603578
vt 0.50362599 0.05603578
vt 0.50362599 0.05684359
vt 0.50171757 0.05519909
vt 0.50362599 0.05519909
vt 0.50362599 0.05603578
vt 0.50171757 -0.05434783
vt 0.50362599 -0.05434783
vt 0.50362599 0.05519909
vt 0.50171757 -0.05519909
vt 0.50362599 -0.05519909
vt 0.50362599 -0.05434783
vt 0.50171757 -0.05603578
vt 0.50362599 -0.05603578
vt 0.50362599 -0.05519909
vt 0.50171757 -0.05684359
vt 0.50362599 -0.05684359
vt 0.50362599 -0.05603578
vt 0.50171757 -0.05760870
vt 0.50362599 -0.05760870
vt 0.50362599 -0.05684359
vt 0.50171757 -0.05831801
vt 0.50362599 -0.05831801
vt 0.50362599 -0.05760870
vt 0.50171757 0.02881231
vt 0.50362599 0.02881231
vt 0.50362599 0.02902013
vt 0.50171757 0.02857533
vt 0.50362599 0.02857533
vt 0.50362599 0.02881231
vt 0.50171757 0.02831325
vt 0.50362599 0.02831325
vt 0.50362599 0.02857533
vt 0.50171757 0.02803056
vt 0.50362599 0.02803056
vt 0.50362599 0.02831325
vt 0.50171757 0.02773209
vt 0.50362599 0.02773209
vt 0.50362599 0.02803056
vt 0.50171757 0.02742296
vt 0.50362599 0.02742296
vt 0.50362599 0.02773209
vt 0.50171757 0.02590362
vt 0.50362599 0.02590362
vt 0.50362599 0.02742296
vt 0.50171757 0.02558909
vt 0.50362599 0.02558909
vt 0.50362599 0.02590362
vt 0.50171757 0.02527995
vt 0.50362599 0.02527995
vt 0.50362599 0.02558909
vt 0.50171757 0.02498149
vt 0.50362599 0.02498149
vt 0.50362599 0.02527995
vt 0.50171757 0.02469880
vt 0.50362599 0.02469880
vt 0.50362599 0.02498149
vt 0.50171757 0.02443672
vt 0.50362599 0.02443672
vt 0.50362599 0.02469880
vt 0.50171757 0.02419974
vt 0.50362599 0.02419974
vt 0.50362599 0.02443672
vt 0.50171757 0.02399192
vt 0.50362599 0.02399192
vt 0.50362599 0.02419974
vt 0.50171757 -0.05760870
vt 0.50362599 -0.05760870
vt 0.50362599 -0.05831801
vt 0.50171757 -0.05684359
vt 0.50362599 -0.05684359
vt 0.50362599 -0.05760870
vt 0.50171757 -0.05603578
vt 0.50362599 -0.05603578
vt 0.50362599 -0.05684359
vt 0.50171757 -0.05519909
vt 0.50362599 -0.05519909
vt 0.50362599 -0.05603578
vt 0.50171757 0.05434783
vt 0.50362599 0.05434783
vt 0.50362599 -0.05519909
vt 0.50171757 0.05519909
vt 0.50362599 0.05519909
vt 0.50362599 0.05434783
vt 0.50171757 0.05603578
vt 0.50362599 0.05603578
vt 0.50362599 0.05519909
vt 0.50171757 0.05684359
vt 0.50362599 0.05684359
vt 0.50362599 0.05603578
vt 0.50171757 0.05760870
vt 0.50362599 0.05760870
vt 0.50362599 0.05684359
vt 0.50171757 0.05831801
vt 0.50362599 0.05831801
vt 0.50362599 0.05760870
vt 0.50171757 0.02419974
vt 0.50362599 0.02419974
vt 0.50362599 0.02399192
vt 0.50171757 0.02443672
vt 0.50362599 0.02443672
vt 0.50362599 0.02419974
vt 0.50171757 0.02469880
vt 0.50362599 0.02469880
vt 0.50362599 0.02443672
vt 0.50171757 0.02498149
vt 0.50362599 0.02498149
vt 0.50362599 0.02469880
vt 0.50171757 0.02527995
vt 0.50362599 0.02527995
vt 0.50362599 0.02498149
vt 0.50171757 0.02558909
vt 0.50362599 0.02558909
vt 0.50362599 0.02527995
vt 0.50171757 0.02710843
vt 0.50362599 0.02710843
vt 0.50362599 0.02558909
vt 0.50362599 0.02710843
vt 0.50362599 0.02742296
vt 0.50410306 0.02741944
vt 0.50362599 0.02742296
vt 0.50362599 0.02773209
vt 0.50410306 0.02772513
vt 0.50362599 0.02803056
vt 0.50410306 0.02802027
vt 0.50410306 0.02772513
vt 0.50362599 0.02803056
vt 0.50362599 0.02831325
vt 0.50410306 0.02829980
vt 0.50362599 0.02857533
vt 0.50410306 0.02855895
vt 0.50410306 0.02829980
vt 0.50362599 0.02881231
vt 0.50410306 0.02879328
vt 0.50410306 0.02855895
vt 0.50362599 0.02881231
vt 0.50362599 0.02902013
vt 0.50410306 0.02899878
vt 0.50362599 0.05831801
vt 0.50362599 0.05760870
vt 0.50410306 0.05757229
vt 0.50362599 0.05684359
vt 0.50410306 0.05681572
vt 0.50410306 0.05757229
vt 0.50362599 0.05684359
vt 0.50362599 0.05603578
vt 0.50410306 0.05601694
vt 0.50362599 0.05519909
vt 0.50410306 0.05518958
vt 0.50410306 0.05601694
vt 0.50362599 -0.05434783
vt 0.50410306 -0.05434783
vt 0.50410306 0.05518958
vt 0.50362599 -0.05434783
vt 0.50362599 -0.05519909
vt 0.50410306 -0.05518958
vt 0.50362599 -0.05519909
vt 0.50362599 -0.05603578
vt 0.50410306 -0.05601694
vt 0.50362599 -0.05684359
vt 0.50410306 -0.05681572
vt 0.50410306 -0.05601694
vt 0.50362599 -0.05684359
vt 0.50362599 -0.05760870
vt 0.50410306 -0.05757229
vt 0.50362599 -0.05831801
vt 0.50410306 -0.05827369
vt 0.50410306 -0.05757229
vt 0.50362599 0.02881231
vt 0.50410306 0.02879328
vt 0.50410306 0.02899878
vt 0.50362599 0.02881231
vt 0.50362599 0.02857533
vt 0.50410306 0.02855895
vt 0.50362599 0.02857533
vt 0.50362599 0.02831325
vt 0.50410306 0.02829980
vt 0.50362599 0.02803056
vt 0.50410306 0.02802027
vt 0.50410306 0.02829980
vt 0.50362599 0.02803056
vt 0.50362599 0.02773209
vt 0.50410306 0.02772513
vt 0.50362599 0.02742296
vt 0.50410306 0.02741944
vt 0.50410306 0.02772513
vt 0.50362599 0.02590362
vt 0.50410306 0.02590362
vt 0.50410306 0.02741944
vt 0.50362599 0.02590362
vt 0.50362599 0.02558909
vt 0.50410306 0.02559261
vt 0.50362599 0.02558909
vt 0.50362599 0.02527995
vt 0.50410306 0.02528692
vt 0.50362599 0.02498149
vt 0.50410306 0.02499178
vt 0.50410306 0.02528692
vt 0.50362599 0.02498149
vt 0.50362599 0.02469880
vt 0.50410306 0.02471225
vt 0.50362599 0.02443672
vt 0.50410306 0.02445310
vt 0.50410306 0.02471225
vt 0.50362599 0.02419974
vt 0.50410306 0.02421877
vt 0.50410306 0.02445310
vt 0.50362599 0.02419974
vt 0.50362599 0.02399192
vt 0.50410306 0.02401326
vt 0.50362599 -0.05831801
vt 0.50362599 -0.05760870
vt 0.50410306 -0.05757229
vt 0.50362599 -0.05684359
vt 0.50410306 -0.05681572
vt 0.50410306 -0.05757229
vt 0.50362599 -0.05684359
vt 0.50362599 -0.05603578
vt 0.50410306 -0.05601694
vt 0.50362599 -0.05519909
vt 0.50410306 -0.05518958
vt 0.50410306 -0.05601694
vt 0.50362599 0.05434783
vt 0.50410306 0.05434783
vt 0.50410306 -0.05518958
vt 0.50362599 0.05434783
vt 0.50362599 0.05519909
vt 0.50410306 0.05518958
vt 0.50362599 0.05519909
vt 0.50362599 0.05603578
vt 0.50410306 0.05601694
vt 0.50362599 0.05684359
vt 0.50410306 0.05681572
vt 0.50410306 0.05601694
vt 0.50362599 0.05684359
vt 0.50362599 0.05760870
vt 0.50410306 0.05757229
vt 0.50362599 0.05831801
vt 0.50410306 0.05827369
vt 0.50410306 0.05757229
vt 0.50362599 0.02419974
vt 0.50410306 0.02421877
vt 0.50410306 0.02401326
vt 0.50362599 0.02419974
vt 0.50362599 0.02443672
vt 0.50410306 0.02445310
vt 0.50362599 0.02443672
vt 0.50362599 0.02469880
vt 0.50410306 0.02471225
vt 0.50362599 0.02498149
vt 0.50410306 0.02499178
vt 0.50410306 0.02471225
vt 0.50362599 0.02498149
vt 0.50362599 0.02527995
vt 0.50410306 0.02528692
vt 0.50362599 0.02558909
vt 0.50410306 0.02559261
vt 0.50410306 0.02528692
vt 0.50362599 0.02710843
vt 0.50410306 0.02710843
vt 0.50410306 0.02559261
vt 0.06079676 0.02710843
vt 0.06074158 0.02741944
vt 0.06054436 0.02740985
vt 0.06074158 0.02741944
vt 0.06057701 0.02772513
vt 0.06038487 0.02770611
vt 0.06057701 0.02772513
vt 0.06030586 0.02802027
vt 0.06012208 0.02799214
vt 0.05993276 0.02829980
vt 0.05976048 0.02826305
vt 0.06012208 0.02799214
vt 0.05946410 0.02855895
vt 0.05930629 0.02851421
vt 0.05976048 0.02826305
vt 0.05890791 0.02879328
vt 0.05876724 0.02874131
vt 0.05930629 0.02851421
vt 0.05827369 0.02899878
vt 0.05815259 0.02894048
vt 0.05876724 0.02874131
vt 0.05757229 0.02917194
vt 0.05747283 0.02910829
vt 0.05815259 0.02894048
vt 0.05757229 0.02917194
vt 0.05681572 0.02930979
vt 0.05673960 0.02924189
vt 0.05681572 0.02930979
vt 0.05601694 0.02940998
vt 0.05596545 0.02933899
vt 0.05518958 0.02947079
vt 0.05516362 0.02939792
vt 0.05596545 0.02933899
vt -0.05434783 0.02949117
vt -0.05434783 0.02941767
vt 0.05516362 0.02939792
vt -0.05434783 0.02949117
vt -0.05518958 0.02947079
vt -0.05516362 0.02939792
vt -0.05518958 0.02947079
vt -0.05601694 0.02940998
vt -0.05596545 0.02933899
vt -0.05681572 0.02930979
vt -0.05673960 0.02924189
vt -0.05596545 0.02933899
vt -0.05757229 0.02917194
vt -0.05747283 0.02910829
vt -0.05673960 0.02924189
vt -0.05757229 0.02917194
vt -0.05827369 0.02899878
vt -0.05815259 0.02894048
vt -0.05827369 0.02899878
vt -0.05890791 0.02879328
vt -0.05876724 0.02874131
vt -0.05890791 0.02879328
vt -0.05946410 0.02855895
vt -0.05930629 0.02851421
vt -0.05946410 0.02855895
vt -0.05993276 0.02829980
vt -0.05976048 0.02826305
vt -0.05993276 0.02829980
vt -0.06030586 0.02802027
vt -0.06012208 0.02799214
vt -0.06057701 0.02772513
vt -0.06038487 0.02770611
vt -0.06012208 0.02799214
vt -0.06074158 0.02741944
vt -0.06054436 0.02740985
vt -0.06038487 0.02770611
vt -0.06079676 0.02590362
vt -0.06059783 0.02590362
vt -0.06054436 0.02740985
vt -0.06079676 0.02590362
vt -0.06074158 0.02559261
vt -0.06054436 0.02560220
vt -0.06074158 0.02559261
vt -0.06057701 0.02528692
vt -0.06038487 0.02530594
vt -0.06057701 0.02528692
vt -0.06030586 0.02499178
vt -0.06012208 0.02501991
vt -0.05993276 0.02471225
vt -0.05976048 0.02474900
vt -0.06012208 0.02501991
vt -0.05946410 0.02445310
vt -0.05930629 0.02449784
vt -0.05976048 0.02474900
vt -0.05946410 0.02445310
vt -0.05890791 0.02421877
vt -0.05876724 0.02427074
vt -0.05890791 0.02421877
vt -0.05827369 0.02401326
vt -0.05815259 0.02407157
vt -0.05757229 0.02384011
vt -0.05747283 0.02390376
vt -0.05815259 0.02407157
vt -0.05757229 0.02384011
vt -0.05681572 0.02370225
vt -0.05673960 0.02377016
vt -0.05681572 0.02370225
vt -0.05601694 0.02360207
vt -0.05596545 0.02367307
vt -0.05518958 0.02354126
vt -0.05516362 0.02361413
vt -0.05596545 0.02367307
vt 0.05434783 0.02352088
vt 0.05434783 0.02359438
vt -0.05516362 0.02361413
vt 0.05434783 0.02352088
vt 0.05518958 0.02354126
vt 0.05516362 0.02361413
vt 0.05518958 0.02354126
vt 0.05601694 0.02360207
vt 0.05596545 0.02367307
vt 0.05681572 0.02370225
vt 0.05673960 0.02377016
vt 0.05596545 0.02367307
vt 0.05757229 0.02384011
vt 0.05747283 0.02390376
vt 0.05673960 0.02377016
vt 0.05757229 0.02384011
vt 0.05827369 0.02401326
vt 0.05815259 0.02407157
vt 0.05890791 0.02421877
vt 0.05876724 0.02427074
vt 0.05815259 0.02407157
vt 0.05946410 0.02445310
vt 0.05930629 0.02449784
vt 0.05876724 0.02427074
vt 0.05946410 0.02445310
vt 0.05993276 0.02471225
vt 0.05976048 0.02474900
vt 0.05993276 0.02471225
vt 0.06030586 0.02499178
vt 0.06012208 0.02501991
vt 0.06057701 0.02528692
vt 0.06038487 0.02530594
vt 0.06012208 0.02501991
vt 0.06074158 0.02559261
vt 0.06054436 0.02560220
vt 0.06038487 0.02530594
vt 0.06079676 0.02710843
vt 0.06059783 0.02710843
vt 0.06054436 0.02560220
vt 0.06054436 0.02740985
vt 0.06027494 0.02739675
vt 0.06032609 0.02710843
vt 0.06054436 0.02740985
vt 0.06038487 0.02770611
vt 0.06012239 0.02768012
vt 0.06012208 0.02799214
vt 0.05987102 0.02795372
vt 0.06012239 0.02768012
vt 0.05976048 0.02826305
vt 0.05952515 0.02821285
vt 0.05987102 0.02795372
vt 0.05930629 0.02851421
vt 0.05909070 0.02845309
vt 0.05952515 0.02821285
vt 0.05930629 0.02851421
vt 0.05876724 0.02874131
vt 0.05857510 0.02867032
vt 0.05876724 0.02874131
vt 0.05815259 0.02894048
vt 0.05798716 0.02886082
vt 0.05815259 0.02894048
vt 0.05747283 0.02910829
vt 0.05733696 0.02902134
vt 0.05673960 0.02924189
vt 0.05663561 0.02914913
vt 0.05733696 0.02902134
vt 0.05596545 0.02933899
vt 0.05589512 0.02924201
vt 0.05663561 0.02914913
vt 0.05596545 0.02933899
vt 0.05516362 0.02939792
vt 0.05512815 0.02929837
vt -0.05434783 0.02941767
vt -0.05434783 0.02931727
vt 0.05512815 0.02929837
vt -0.05434783 0.02941767
vt -0.05516362 0.02939792
vt -0.05512815 0.02929837
vt -0.05596545 0.02933899
vt -0.05589512 0.02924201
vt -0.05512815 0.02929837
vt -0.05596545 0.02933899
vt -0.05673960 0.02924189
vt -0.05663561 0.02914913
vt -0.05673960 0.02924189
vt -0.05747283 0.02910829
vt -0.05733696 0.02902134
vt -0.05815259 0.02894048
vt -0.05798716 0.02886082
vt -0.05733696 0.02902134
vt -0.05876724 0.02874131
vt -0.05857510 0.02867032
vt -0.05798716 0.02886082
vt -0.05930629 0.02851421
vt -0.05909070 0.02845309
vt -0.05857510 0.02867032
vt -0.05930629 0.02851421
vt -0.05976048 0.02826305
vt -0.05952515 0.02821285
vt -0.05976048 0.02826305
vt -0.06012208 0.02799214
vt -0.05987102 0.02795372
vt -0.06012208 0.02799214
vt -0.06038487 0.02770611
vt -0.06012239 0.02768012
vt -0.06054436 0.02740985
vt -0.06027494 0.02739675
vt -0.06012239 0.02768012
vt -0.06059783 0.02590362
vt -0.06032609 0.02590362
vt -0.06027494 0.02739675
vt -0.06054436 0.02560220
vt -0.06027494 0.02561530
vt -0.06032609 0.02590362
vt -0.06054436 0.02560220
vt -0.06038487 0.02530594
vt -0.06012239 0.02533193
vt -0.06012208 0.02501991
vt -0.05987102 0.02505833
vt -0.06012239 0.02533193
vt -0.05976048 0.02474900
vt -0.05952515 0.02479920
vt -0.05987102 0.02505833
vt -0.05976048 0.02474900
vt -0.05930629 0.02449784
vt -0.05909070 0.02455896
vt -0.05876724 0.02427074
vt -0.05857510 0.02434173
vt -0.05909070 0.02455896
vt -0.05876724 0.02427074
vt -0.05815259 0.02407157
vt -0.05798716 0.02415123
vt -0.05815259 0.02407157
vt -0.05747283 0.02390376
vt -0.05733696 0.02399071
vt -0.05673960 0.02377016
vt -0.05663561 0.02386292
vt -0.05733696 0.02399071
vt -0.05673960 0.02377016
vt -0.05596545 0.02367307
vt -0.05589512 0.02377005
vt -0.05596545 0.02367307
vt -0.05516362 0.02361413
vt -0.05512815 0.02371368
vt 0.05434783 0.02359438
vt 0.05434783 0.02369478
vt -0.05512815 0.02371368
vt 0.05434783 0.02359438
vt 0.05516362 0.02361413
vt 0.05512815 0.02371368
vt 0.05596545 0.02367307
vt 0.05589512 0.02377005
vt 0.05512815 0.02371368
vt 0.05673960 0.02377016
vt 0.05663561 0.02386292
vt 0.05589512 0.02377005
vt 0.05673960 0.02377016
vt 0.05747283 0.02390376
vt 0.05733696 0.02399071
vt 0.05815259 0.02407157
vt 0.05798716 0.02415123
vt 0.05733696 0.02399071
vt 0.05876724 0.02427074
vt 0.05857510 0.02434173
vt 0.05798716 0.02415123
vt 0.05876724 0.02427074
vt 0.05930629 0.02449784
vt 0.05909070 0.02455896
vt 0.05976048 0.02474900
vt 0.05952515 0.02479920
vt 0.05909070 0.02455896
vt 0.05976048 0.02474900
vt 0.06012208 0.02501991
vt 0.05987102 0.02505833
vt 0.06012208 0.02501991
vt 0.06038487 0.02530594
vt 0.06012239 0.02533193
vt 0.06054436 0.02560220
vt 0.06027494 0.02561530
vt 0.06012239 0.02533193
vt 0.06059783 0.02710843
vt 0.06032609 0.02710843
vt 0.06027494 0.02561530
vt 0.06032609 0.02710843
vt 0.06027494 0.02561530
vt 0.05434783 0.02369478
vt 0.06027494 0.02561530
vt 0.06012239 0.02533193
vt 0.05434783 0.02369478
vt 0.06012239 0.02533193
vt 0.05987102 0.02505833
vt 0.05952515 0.02479920
vt 0.05952515 0.02479920
vt 0.05909070 0.02455896
vt 0.05857510 0.02434173
vt 0.05857510 0.02434173
vt 0.05798716 0.02415123
vt 0.05952515 0.02479920
vt 0.05798716 0.02415123
vt 0.05733696 0.02399071
vt 0.05952515 0.02479920
vt 0.05733696 0.02399071
vt 0.05663561 0.02386292
vt 0.05434783 0.02369478
vt 0.05663561 0.02386292
vt 0.05589512 0.02377005
vt 0.05434783 0.02369478
vt 0.05589512 0.02377005
vt 0.05512815 0.02371368
vt 0.05434783 0.02369478
vt 0.05434783 0.02369478
vt -0.05512815 0.02371368
vt -0.05434783 0.02931727
vt -0.05512815 0.02371368
vt -0.05589512 0.02377005
vt -0.06032609 0.02590362
vt -0.05434783 0.02931727
vt -0.06032609 0.02590362
vt -0.06027494 0.02739675
vt -0.05589512 0.02377005
vt -0.05663561 0.02386292
vt -0.05733696 0.02399071
vt -0.05733696 0.02399071
vt -0.05798716 0.02415123
vt -0.05952515 0.02479920
vt -0.05798716 0.02415123
vt -0.05857510 0.02434173
vt -0.05952515 0.02479920
vt -0.05857510 0.02434173
vt -0.05909070 0.02455896
vt -0.05952515 0.02479920
vt -0.05952515 0.02479920
vt -0.05987102 0.02505833
vt -0.06012239 0.02533193
vt -0.06012239 0.02533193
vt -0.06027494 0.02561530
vt -0.06032609 0.02590362
vt -0.06027494 0.02739675
vt -0.06012239 0.02768012
vt -0.05434783 0.02931727
vt -0.06012239 0.02768012
vt -0.05987102 0.02795372
vt -0.05952515 0.02821285
vt -0.05952515 0.02821285
vt -0.05909070 0.02845309
vt -0.05857510 0.02867032
vt -0.05857510 0.02867032
vt -0.05798716 0.02886082
vt -0.05952515 0.02821285
vt -0.05798716 0.02886082
vt -0.05733696 0.02902134
vt -0.05952515 0.02821285
vt -0.05733696 0.02902134
vt -0.05663561 0.02914913
vt -0.05589512 0.02924201
vt -0.05589512 0.02924201
vt -0.05512815 0.02929837
vt -0.05434783 0.02931727
vt -0.05434783 0.02931727
vt 0.05512815 0.02929837
vt 0.05434783 0.02369478
vt 0.05512815 0.02929837
vt 0.05589512 0.02924201
vt 0.06032609 0.02710843
vt 0.05434783 0.02369478
vt 0.05512815 0.02929837
vt 0.06032609 0.02710843
vt 0.05589512 0.02924201
vt 0.05663561 0.02914913
vt 0.05733696 0.02902134
vt 0.05733696 0.02902134
vt 0.05798716 0.02886082
vt 0.05952515 0.02821285
vt 0.05798716 0.02886082
vt 0.05857510 0.02867032
vt 0.05952515 0.02821285
vt 0.05857510 0.02867032
vt 0.05909070 0.02845309
vt 0.05952515 0.02821285
vt 0.05952515 0.02821285
vt 0.05987102 0.02795372
vt 0.06012239 0.02768012
vt 0.06012239 0.02768012
vt 0.06027494 0.02739675
vt 0.06032609 0.02710843
vt 0.06012239 0.02533193
vt 0.05952515 0.02479920
vt 0.05434783 0.02369478
vt -0.06032609 0.02590362
vt -0.05434783 0.02931727
vt -0.05512815 0.02371368
vt -0.05589512 0.02377005
vt -0.05733696 0.02399071
vt -0.06032609 0.02590362
vt -0.05952515 0.02479920
vt -0.06012239 0.02533193
vt -0.05733696 0.02399071
vt -0.06012239 0.02533193
vt -0.06032609 0.02590362
vt -0.05733696 0.02399071
vt -0.06012239 0.02768012
vt -0.05952515 0.02821285
vt -0.05434783 0.02931727
vt -0.05733696 0.02902134
vt -0.05589512 0.02924201
vt -0.05434783 0.02931727
vt 0.05589512 0.02924201
vt 0.05733696 0.02902134
vt 0.06032609 0.02710843
vt 0.05952515 0.02821285
vt 0.06012239 0.02768012
vt 0.05733696 0.02902134
vt 0.06012239 0.02768012
vt 0.06032609 0.02710843
vt 0.05733696 0.02902134
vt 0.05952515 0.02479920
vt 0.05733696 0.02399071
vt 0.05434783 0.02369478
vt 0.06027494 0.02561530
vt 0.06032609 0.02710843
vt 0.05512815 0.02371368
vt 0.06032609 0.02710843
vt 0.06027494 0.02739675
vt 0.05512815 0.02929837
vt 0.06027494 0.02739675
vt 0.06012239 0.02768012
vt 0.05987102 0.02795372
vt 0.05987102 0.02795372
vt 0.05952515 0.02821285
vt 0.05909070 0.02845309
vt 0.05909070 0.02845309
vt 0.05857510 0.02867032
vt 0.05798716 0.02886082
vt 0.05798716 0.02886082
vt 0.05733696 0.02902134
vt 0.05663561 0.02914913
vt 0.05663561 0.02914913
vt 0.05589512 0.02924201
vt 0.05798716 0.02886082
vt 0.05589512 0.02924201
vt 0.05512815 0.02929837
vt 0.05798716 0.02886082
vt 0.05512815 0.02929837
vt -0.05434783 0.02931727
vt 0.05434783 0.02369478
vt -0.05434783 0.02931727
vt -0.05512815 0.02929837
vt -0.06032609 0.02590362
vt -0.05512815 0.02371368
vt -0.05434783 0.02931727
vt -0.06032609 0.02590362
vt -0.05512815 0.02929837
vt -0.05589512 0.02924201
vt -0.05663561 0.02914913
vt -0.05663561 0.02914913
vt -0.05733696 0.02902134
vt -0.05798716 0.02886082
vt -0.05798716 0.02886082
vt -0.05857510 0.02867032
vt -0.05909070 0.02845309
vt -0.05909070 0.02845309
vt -0.05952515 0.02821285
vt -0.05987102 0.02795372
vt -0.05987102 0.02795372
vt -0.06012239 0.02768012
vt -0.05909070 0.02845309
vt -0.06012239 0.02768012
vt -0.06027494 0.02739675
vt -0.05909070 0.02845309
vt -0.06027494 0.02739675
vt -0.06032609 0.02590362
vt -0.05512815 0.02929837
vt -0.06032609 0.02590362
vt -0.06027494 0.02561530
vt -0.05512815 0.02371368
vt -0.06027494 0.02561530
vt -0.06012239 0.02533193
vt -0.05987102 0.02505833
vt -0.05987102 0.02505833
vt -0.05952515 0.02479920
vt -0.05798716 0.02415123
vt -0.05952515 0.02479920
vt -0.05909070 0.02455896
vt -0.05798716 0.02415123
vt -0.05909070 0.02455896
vt -0.05857510 0.02434173
vt -0.05798716 0.02415123
vt -0.05798716 0.02415123
vt -0.05733696 0.02399071
vt -0.05663561 0.02386292
vt -0.05663561 0.02386292
vt -0.05589512 0.02377005
vt -0.05798716 0.02415123
vt -0.05589512 0.02377005
vt -0.05512815 0.02371368
vt -0.05798716 0.02415123
vt -0.05512815 0.02371368
vt 0.05434783 0.02369478
vt -0.05434783 0.02931727
vt 0.05434783 0.02369478
vt 0.05512815 0.02371368
vt 0.06032609 0.02710843
vt 0.05512815 0.02929837
vt 0.05434783 0.02369478
vt 0.06032609 0.02710843
vt 0.05512815 0.02371368
vt 0.05589512 0.02377005
vt 0.05663561 0.02386292
vt 0.05663561 0.02386292
vt 0.05733696 0.02399071
vt 0.05798716 0.02415123
vt 0.05798716 0.02415123
vt 0.05857510 0.02434173
vt 0.05909070 0.02455896
vt 0.05909070 0.02455896
vt 0.05952515 0.02479920
vt 0.05987102 0.02505833
vt 0.05987102 0.02505833
vt 0.06012239 0.02533193
vt 0.05909070 0.02455896
vt 0.06012239 0.02533193
vt 0.06027494 0.02561530
vt 0.05909070 0.02455896
vt 0.06027494 0.02739675
vt 0.05987102 0.02795372
vt 0.05512815 0.02929837
vt 0.05987102 0.02795372
vt 0.05909070 0.02845309
vt 0.05798716 0.02886082
vt -0.05512815 0.02929837
vt -0.05663561 0.02914913
vt -0.06027494 0.02739675
vt -0.05663561 0.02914913
vt -0.05798716 0.02886082
vt -0.06027494 0.02739675
vt -0.05798716 0.02886082
vt -0.05909070 0.02845309
vt -0.06027494 0.02739675
vt -0.06027494 0.02561530
vt -0.05987102 0.02505833
vt -0.05512815 0.02371368
vt 0.05512815 0.02371368
vt 0.05663561 0.02386292
vt 0.06027494 0.02561530
vt 0.05663561 0.02386292
vt 0.05798716 0.02415123
vt 0.06027494 0.02561530
vt 0.05798716 0.02415123
vt 0.05909070 0.02455896
vt 0.06027494 0.02561530
vt 0.05987102 0.02795372
vt 0.05798716 0.02886082
vt 0.05512815 0.02929837
vn -0.96591175 0.25877690 0.00700466
vn -0.86132216 0.50371373 0.06630725
vn -0.86319005 0.50470293 0.01333684
vn -0.96593601 0.24995740 0.06699942
vn -0.86132216 0.50371373 0.06630725
vn -0.96587747 0.25678614 0.03378712
vn -0.96593601 0.24995740 0.06699942
vn -0.86134481 0.46935406 0.19440125
vn -0.86137426 0.49065924 0.13148336
vn -0.96590310 0.23920302 0.09906158
vn -0.86133868 0.43997666 0.25400043
vn -0.86134481 0.46935406 0.19440125
vn -0.96589953 0.22424433 0.12943208
vn -0.86133903 0.40306053 0.30925280
vn -0.86133868 0.43997666 0.25400043
vn -0.96591192 0.18305288 0.18304610
vn -0.86133903 0.40306053 0.30925280
vn -0.96589470 0.20546190 0.15758424
vn -0.96591538 0.15758511 0.20536363
vn -0.86135817 0.35919356 0.35922435
vn -0.96591192 0.18305288 0.18304610
vn -0.96592075 0.12936677 0.22419044
vn -0.86136109 0.30922511 0.40303478
vn -0.96591538 0.15758511 0.20536363
vn -0.96592075 0.12936677 0.22419044
vn -0.86134994 0.19439344 0.46934786
vn -0.86136198 0.25396097 0.43995383
vn -0.96591502 0.09904369 0.23916206
vn -0.86134773 0.13150221 0.49070081
vn -0.86134994 0.19439344 0.46934786
vn -0.96587634 0.02489064 0.25780484
vn -0.86134773 0.13150221 0.49070081
vn -0.96591157 0.06703016 0.25004366
vn -0.96587634 0.02489064 0.25780484
vn -0.86356419 -0.01648637 0.50396937
vn -0.85894316 0.04995019 0.50962889
vn -0.96591383 -0.03378819 0.25664955
vn -0.86356419 -0.01648637 0.50396937
vn -0.96587634 -0.00861116 0.25886023
vn -0.96591383 -0.03378819 0.25664955
vn -0.86134773 -0.13150223 0.49070081
vn -0.86135995 -0.06630259 0.50364965
vn -0.96591502 -0.09904368 0.23916207
vn -0.86134773 -0.13150223 0.49070081
vn -0.96591157 -0.06703016 0.25004366
vn -0.96592069 -0.12936676 0.22419043
vn -0.86134994 -0.19439344 0.46934786
vn -0.96591502 -0.09904368 0.23916207
vn -0.96592069 -0.12936676 0.22419043
vn -0.86136103 -0.30922508 0.40303472
vn -0.86136198 -0.25396100 0.43995383
vn -0.96591550 -0.15758511 0.20536363
vn -0.86135811 -0.35919362 0.35922441
vn -0.86136103 -0.30922508 0.40303472
vn -0.96591192 -0.18305288 0.18304610
vn -0.86133903 -0.40306053 0.30925283
vn -0.86135811 -0.35919362 0.35922441
vn -0.96589953 -0.22424430 0.12943208
vn -0.86133903 -0.40306053 0.30925283
vn -0.96589470 -0.20546190 0.15758424
vn -0.96590310 -0.23920302 0.09906157
vn -0.86133868 -0.43997666 0.25400043
vn -0.96589953 -0.22424430 0.12943208
vn -0.96593601 -0.24995738 0.06699942
vn -0.86134481 -0.46935406 0.19440123
vn -0.96590310 -0.23920302 0.09906157
vn -0.96593601 -0.24995738 0.06699942
vn -0.85942739 -0.50847805 0.05324136
vn -0.86137426 -0.49065924 0.13148336
vn -0.96587694 -0.25762683 0.02665125
vn -0.86319000 -0.50470304 -0.01333683
vn -0.85942739 -0.50847805 0.05324136
vn -0.96591163 -0.25877723 -0.00700463
vn -0.86132383 -0.50371099 -0.06630686
vn -0.86319000 -0.50470304 -0.01333683
vn -0.96593642 -0.24995600 -0.06699908
vn -0.86132383 -0.50371099 -0.06630686
vn -0.96587694 -0.25678802 -0.03378750
vn -0.96593642 -0.24995600 -0.06699908
vn -0.86134654 -0.46935132 -0.19440019
vn -0.86137319 -0.49066103 -0.13148405
vn -0.96590447 -0.23919687 -0.09906197
vn -0.86133301 -0.43998763 -0.25400060
vn -0.86134654 -0.46935132 -0.19440019
vn -0.96593070 -0.20528802 -0.15759020
vn -0.86133301 -0.43998763 -0.25400060
vn -0.96590000 -0.22424367 -0.12942973
vn -0.96593070 -0.20528802 -0.15759020
vn -0.86134762 -0.35923108 -0.35921216
vn -0.86138654 -0.40295076 -0.30926332
vn -0.96591896 -0.15755755 -0.20536843
vn -0.86134762 -0.35923108 -0.35921216
vn -0.96590596 -0.18309197 -0.18303853
vn -0.96591181 -0.12944870 -0.22418176
vn -0.86135459 -0.30924845 -0.40303072
vn -0.96591896 -0.15755755 -0.20536843
vn -0.96591181 -0.12944870 -0.22418176
vn -0.86134809 -0.19441505 -0.46934232
vn -0.86135596 -0.25398728 -0.43995053
vn -0.96591264 -0.06701324 -0.25004399
vn -0.86134809 -0.19441505 -0.46934232
vn -0.96591073 -0.09909049 -0.23916025
vn -0.96587503 -0.02489707 -0.25780937
vn -0.86135381 -0.13149011 -0.49069330
vn -0.96591264 -0.06701324 -0.25004399
vn -0.96587503 -0.02489707 -0.25780937
vn -0.86356658 0.01648619 -0.50396520
vn -0.85893416 -0.04995189 -0.50964391
vn -0.96591371 0.03379462 -0.25664884
vn -0.86356658 0.01648619 -0.50396520
vn -0.96587938 0.00861065 -0.25884902
vn -0.96591371 0.03379462 -0.25664884
vn -0.86135381 0.13149010 -0.49069333
vn -0.86135250 0.06630455 -0.50366217
vn -0.96591264 0.06701324 -0.25004399
vn -0.86134809 0.19441505 -0.46934232
vn -0.86135381 0.13149010 -0.49069333
vn -0.96591181 0.12944871 -0.22418176
vn -0.86134809 0.19441505 -0.46934232
vn -0.96591073 0.09909049 -0.23916025
vn -0.96591181 0.12944871 -0.22418176
vn -0.86135453 0.30924845 -0.40303072
vn -0.86135596 0.25398728 -0.43995053
vn -0.96591896 0.15755753 -0.20536841
vn -0.86134762 0.35923108 -0.35921216
vn -0.86135453 0.30924845 -0.40303072
vn -0.96593070 0.20528799 -0.15759018
vn -0.86134762 0.35923108 -0.35921216
vn -0.96590596 0.18309197 -0.18303853
vn -0.96593070 0.20528799 -0.15759018
vn -0.86133301 0.43998763 -0.25400060
vn -0.86138654 0.40295076 -0.30926332
vn -0.96590447 0.23919688 -0.09906197
vn -0.86133301 0.43998763 -0.25400060
vn -0.96590000 0.22424367 -0.12942973
vn -0.96593642 0.24995601 -0.06699909
vn -0.86134660 0.46935132 -0.19440019
vn -0.96590447 0.23919688 -0.09906197
vn -0.96593642 0.24995601 -0.06699909
vn -0.85942847 0.50847614 -0.05324103
vn -0.86137319 0.49066108 -0.13148403
vn -0.96587610 0.25762933 -0.02665162
vn -0.86319005 0.50470293 0.01333684
vn -0.85942847 0.50847614 -0.05324103
vn -0.86132216 0.50371373 0.06630725
vn -0.49707785 0.86741316 0.02253803
vn -0.86319005 0.50470293 0.01333684
vn -0.86137426 0.49065924 0.13148336
vn -0.49537963 0.86124462 0.11338799
vn -0.86132216 0.50371373 0.06630725
vn -0.86134481 0.46935406 0.19440125
vn -0.49537870 0.83907729 0.22483139
vn -0.86137426 0.49065924 0.13148336
vn -0.86134481 0.46935406 0.19440125
vn -0.49539119 0.75229961 0.43431890
vn -0.49537525 0.80256212 0.33241153
vn -0.86133868 0.43997666 0.25400043
vn -0.49538788 0.68916893 0.52880728
vn -0.49539119 0.75229961 0.43431890
vn -0.86133903 0.40306053 0.30925280
vn -0.49539417 0.61423904 0.61424351
vn -0.49538788 0.68916893 0.52880728
vn -0.86135817 0.35919356 0.35922435
vn -0.49540508 0.52878809 0.68917125
vn -0.49539417 0.61423904 0.61424351
vn -0.86136109 0.30922511 0.40303478
vn -0.49539241 0.43433031 0.75229222
vn -0.49540508 0.52878809 0.68917125
vn -0.86134994 0.19439344 0.46934786
vn -0.49539241 0.43433031 0.75229222
vn -0.86136198 0.25396097 0.43995383
vn -0.86134773 0.13150221 0.49070081
vn -0.49540079 0.33243117 0.80253822
vn -0.86134994 0.19439344 0.46934786
vn -0.86134773 0.13150221 0.49070081
vn -0.49301815 0.08569080 0.86578870
vn -0.49540401 0.22484531 0.83905870
vn -0.85894316 0.04995019 0.50962889
vn -0.49748799 -0.02808948 0.86701602
vn -0.49301815 0.08569080 0.86578870
vn -0.86135995 -0.06630259 0.50364965
vn -0.49748799 -0.02808948 0.86701602
vn -0.86356419 -0.01648637 0.50396937
vn -0.86134773 -0.13150223 0.49070081
vn -0.49541402 -0.11338094 0.86122578
vn -0.86135995 -0.06630259 0.50364965
vn -0.86134773 -0.13150223 0.49070081
vn -0.49540079 -0.33243117 0.80253822
vn -0.49540398 -0.22484526 0.83905870
vn -0.86134994 -0.19439344 0.46934786
vn -0.49539241 -0.43433028 0.75229222
vn -0.49540079 -0.33243117 0.80253822
vn -0.86136103 -0.30922508 0.40303472
vn -0.49539241 -0.43433028 0.75229222
vn -0.86136198 -0.25396100 0.43995383
vn -0.86135811 -0.35919362 0.35922441
vn -0.49540502 -0.52878809 0.68917131
vn -0.86136103 -0.30922508 0.40303472
vn -0.86133903 -0.40306053 0.30925283
vn -0.49539411 -0.61423904 0.61424345
vn -0.86135811 -0.35919362 0.35922441
vn -0.86133868 -0.43997666 0.25400043
vn -0.49538782 -0.68916893 0.52880728
vn -0.86133903 -0.40306053 0.30925283
vn -0.86134481 -0.46935406 0.19440123
vn -0.49539116 -0.75229961 0.43431896
vn -0.86133868 -0.43997666 0.25400043
vn -0.86134481 -0.46935406 0.19440123
vn -0.49537870 -0.83907735 0.22483140
vn -0.49537525 -0.80256212 0.33241156
vn -0.86137426 -0.49065924 0.13148336
vn -0.49352068 -0.86493379 0.09125164
vn -0.49537870 -0.83907735 0.22483140
vn -0.85942739 -0.50847805 0.05324136
vn -0.49707848 -0.86741281 -0.02253800
vn -0.49352068 -0.86493379 0.09125164
vn -0.86132383 -0.50371099 -0.06630686
vn -0.49707848 -0.86741281 -0.02253800
vn -0.86319000 -0.50470304 -0.01333683
vn -0.86137319 -0.49066103 -0.13148405
vn -0.49537843 -0.86124516 -0.11338811
vn -0.86132383 -0.50371099 -0.06630686
vn -0.86134654 -0.46935132 -0.19440019
vn -0.49537820 -0.83907765 -0.22483140
vn -0.86137319 -0.49066103 -0.13148405
vn -0.86134654 -0.46935132 -0.19440019
vn -0.49538156 -0.75230432 -0.43432164
vn -0.49537498 -0.80256224 -0.33241171
vn -0.86133301 -0.43998763 -0.25400060
vn -0.49540478 -0.68915027 -0.52881575
vn -0.49538156 -0.75230432 -0.43432164
vn -0.86134762 -0.35923108 -0.35921216
vn -0.49540478 -0.68915027 -0.52881575
vn -0.86138654 -0.40295076 -0.30926332
vn -0.86135459 -0.30924845 -0.40303072
vn -0.49539408 -0.61425114 -0.61423135
vn -0.86134762 -0.35923108 -0.35921216
vn -0.86135459 -0.30924845 -0.40303072
vn -0.49539444 -0.43431562 -0.75229931
vn -0.49540496 -0.52880609 -0.68915743
vn -0.86134809 -0.19441505 -0.46934232
vn -0.49539444 -0.43431562 -0.75229931
vn -0.86135596 -0.25398728 -0.43995053
vn -0.86135381 -0.13149011 -0.49069330
vn -0.49539360 -0.33242017 -0.80254716
vn -0.86134809 -0.19441505 -0.46934232
vn -0.86135381 -0.13149011 -0.49069330
vn -0.49297443 -0.08569285 -0.86581343
vn -0.49540463 -0.22484544 -0.83905822
vn -0.85893416 -0.04995189 -0.50964391
vn -0.49749884 0.02808943 -0.86700970
vn -0.49297443 -0.08569285 -0.86581343
vn -0.86135250 0.06630455 -0.50366217
vn -0.49749884 0.02808943 -0.86700970
vn -0.86356658 0.01648619 -0.50396520
vn -0.86135381 0.13149010 -0.49069333
vn -0.49538508 0.11338313 -0.86124212
vn -0.86135250 0.06630455 -0.50366217
vn -0.86135381 0.13149010 -0.49069333
vn -0.49539363 0.33242017 -0.80254722
vn -0.49540463 0.22484542 -0.83905822
vn -0.86134809 0.19441505 -0.46934232
vn -0.49539444 0.43431565 -0.75229931
vn -0.49539363 0.33242017 -0.80254722
vn -0.86135453 0.30924845 -0.40303072
vn -0.49539444 0.43431565 -0.75229931
vn -0.86135596 0.25398728 -0.43995053
vn -0.86135453 0.30924845 -0.40303072
vn -0.49539408 0.61425114 -0.61423135
vn -0.49540496 0.52880609 -0.68915743
vn -0.86134762 0.35923108 -0.35921216
vn -0.49540478 0.68915015 -0.52881575
vn -0.49539408 0.61425114 -0.61423135
vn -0.86133301 0.43998763 -0.25400060
vn -0.49540478 0.68915015 -0.52881575
vn -0.86138654 0.40295076 -0.30926332
vn -0.86134660 0.46935132 -0.19440019
vn -0.49538156 0.75230438 -0.43432164
vn -0.86133301 0.43998763 -0.25400060
vn -0.86134660 0.46935132 -0.19440019
vn -0.49537808 0.83907765 -0.22483137
vn -0.49537501 0.80256224 -0.33241171
vn -0.86137319 0.49066108 -0.13148403
vn -0.49351841 0.86493510 -0.09125178
vn -0.49537808 0.83907765 -0.22483137
vn -0.85942847 0.50847614 -0.05324103
vn -0.49707785 0.86741316 0.02253803
vn -0.49351841 0.86493510 -0.09125178
vn -0.49537963 0.86124462 0.11338799
vn -0.13002960 0.99117792 0.02566641
vn -0.49707785 0.86741316 0.02253803
vn -0.49537870 0.83907729 0.22483139
vn -0.12983708 0.98305190 0.12942721
vn -0.49537963 0.86124462 0.11338799
vn -0.49537870 0.83907729 0.22483139
vn -0.12981650 0.91606164 0.37944543
vn -0.12983732 0.95774609 0.25664109
vn -0.49539119 0.75229961 0.43431890
vn -0.12981650 0.91606164 0.37944543
vn -0.49537525 0.80256212 0.33241153
vn -0.49539119 0.75229961 0.43431890
vn -0.12981568 0.78663850 0.60361224
vn -0.12983622 0.85869712 0.49576381
vn -0.49538788 0.68916893 0.52880728
vn -0.12981956 0.70112431 0.70112163
vn -0.12981568 0.78663850 0.60361224
vn -0.49540508 0.52878809 0.68917125
vn -0.12981956 0.70112431 0.70112163
vn -0.49539417 0.61423904 0.61424351
vn -0.49539241 0.43433031 0.75229222
vn -0.12982787 0.60360670 0.78664076
vn -0.49540508 0.52878809 0.68917125
vn -0.49539241 0.43433031 0.75229222
vn -0.12982841 0.37944588 0.91605973
vn -0.12982363 0.49576649 0.85869753
vn -0.49540401 0.22484531 0.83905870
vn -0.12982841 0.37944588 0.91605973
vn -0.49540079 0.33243117 0.80253822
vn -0.49540401 0.22484531 0.83905870
vn -0.12943968 0.09768833 0.98676360
vn -0.12982473 0.25663278 0.95775002
vn -0.49301815 0.08569080 0.86578870
vn -0.13009205 -0.03210387 0.99098206
vn -0.12943968 0.09768833 0.98676360
vn -0.49541402 -0.11338094 0.86122578
vn -0.13009205 -0.03210387 0.99098206
vn -0.49748799 -0.02808948 0.86701602
vn -0.49540398 -0.22484526 0.83905870
vn -0.12983593 -0.12941428 0.98305368
vn -0.49541402 -0.11338094 0.86122578
vn -0.49540398 -0.22484526 0.83905870
vn -0.12982836 -0.37944558 0.91605985
vn -0.12982473 -0.25662968 0.95775086
vn -0.49539241 -0.43433028 0.75229222
vn -0.12982836 -0.37944558 0.91605985
vn -0.49540079 -0.33243117 0.80253822
vn -0.49539241 -0.43433028 0.75229222
vn -0.12982790 -0.60360581 0.78664148
vn -0.12982360 -0.49576634 0.85869765
vn -0.49540502 -0.52878809 0.68917131
vn -0.12981950 -0.70112181 0.70112419
vn -0.12982790 -0.60360581 0.78664148
vn -0.49538782 -0.68916893 0.52880728
vn -0.12981950 -0.70112181 0.70112419
vn -0.49539411 -0.61423904 0.61424345
vn -0.49539116 -0.75229961 0.43431896
vn -0.12981562 -0.78663373 0.60361856
vn -0.49538782 -0.68916893 0.52880728
vn -0.49539116 -0.75229961 0.43431896
vn -0.12981647 -0.91606158 0.37944537
vn -0.12983622 -0.85869569 0.49576622
vn -0.49537870 -0.83907735 0.22483140
vn -0.12981647 -0.91606158 0.37944537
vn -0.49537525 -0.80256212 0.33241156
vn -0.49537870 -0.83907735 0.22483140
vn -0.12952396 -0.98609996 0.10406912
vn -0.12983735 -0.95774633 0.25664032
vn -0.49352068 -0.86493379 0.09125164
vn -0.13002995 -0.99117780 -0.02566640
vn -0.12952396 -0.98609996 0.10406912
vn -0.49537843 -0.86124516 -0.11338811
vn -0.13002995 -0.99117780 -0.02566640
vn -0.49707848 -0.86741281 -0.02253800
vn -0.49537820 -0.83907765 -0.22483140
vn -0.12983373 -0.98305225 -0.12942731
vn -0.49537843 -0.86124516 -0.11338811
vn -0.49537820 -0.83907765 -0.22483140
vn -0.12981178 -0.91606212 -0.37944576
vn -0.12984064 -0.95774567 -0.25664088
vn -0.49538156 -0.75230432 -0.43432164
vn -0.12981178 -0.91606212 -0.37944576
vn -0.49537498 -0.80256224 -0.33241171
vn -0.49538156 -0.75230432 -0.43432164
vn -0.12982364 -0.78663766 -0.60361159
vn -0.12982287 -0.85869867 -0.49576467
vn -0.49540478 -0.68915027 -0.52881575
vn -0.12982492 -0.70112377 -0.70112121
vn -0.12982364 -0.78663766 -0.60361159
vn -0.49540496 -0.52880609 -0.68915743
vn -0.12982492 -0.70112377 -0.70112121
vn -0.49539408 -0.61425114 -0.61423135
vn -0.49539444 -0.43431562 -0.75229931
vn -0.12982850 -0.60360688 -0.78664058
vn -0.49540496 -0.52880609 -0.68915743
vn -0.49539444 -0.43431562 -0.75229931
vn -0.12982163 -0.37944001 -0.91606313
vn -0.12981692 -0.49576727 -0.85869807
vn -0.49540463 -0.22484544 -0.83905822
vn -0.12982163 -0.37944001 -0.91606313
vn -0.49539360 -0.33242017 -0.80254716
vn -0.49540463 -0.22484544 -0.83905822
vn -0.12940203 -0.09768842 -0.98676854
vn -0.12982473 -0.25663447 -0.95774961
vn -0.49297443 -0.08569285 -0.86581343
vn -0.13010265 0.03210397 -0.99098063
vn -0.12940203 -0.09768842 -0.98676854
vn -0.49538508 0.11338313 -0.86124212
vn -0.13010265 0.03210397 -0.99098063
vn -0.49749884 0.02808943 -0.86700970
vn -0.49540463 0.22484542 -0.83905822
vn -0.12981148 0.12941465 -0.98305690
vn -0.49538508 0.11338313 -0.86124212
vn -0.49540463 0.22484542 -0.83905822
vn -0.12982163 0.37943843 -0.91606373
vn -0.12982473 0.25663280 -0.95775008
vn -0.49539444 0.43431565 -0.75229931
vn -0.12982163 0.37943843 -0.91606373
vn -0.49539363 0.33242017 -0.80254722
vn -0.49539444 0.43431565 -0.75229931
vn -0.12982851 0.60360593 -0.78664124
vn -0.12981689 0.49576712 -0.85869819
vn -0.49540496 0.52880609 -0.68915743
vn -0.12982488 0.70112121 -0.70112377
vn -0.12982851 0.60360593 -0.78664124
vn -0.49540478 0.68915015 -0.52881575
vn -0.12982488 0.70112121 -0.70112377
vn -0.49539408 0.61425114 -0.61423135
vn -0.49538156 0.75230438 -0.43432164
vn -0.12982358 0.78663296 -0.60361779
vn -0.49540478 0.68915015 -0.52881575
vn -0.49538156 0.75230438 -0.43432164
vn -0.12981176 0.91606212 -0.37944573
vn -0.12982285 0.85869730 -0.49576706
vn -0.49537808 0.83907765 -0.22483137
vn -0.12981176 0.91606212 -0.37944573
vn -0.49537501 0.80256224 -0.33241171
vn -0.49537808 0.83907765 -0.22483137
vn -0.12952025 0.98610044 -0.10406926
vn -0.12984067 0.95774591 -0.25664017
vn -0.49351841 0.86493510 -0.09125178
vn -0.13002960 0.99117792 0.02566641
vn -0.12952025 0.98610044 -0.10406926
vn -0.12983708 0.98305190 0.12942721
vn 0.13004689 0.99117559 0.02566586
vn -0.13002960 0.99117792 0.02566641
vn -0.12983732 0.95774609 0.25664109
vn 0.12982456 0.98305428 0.12942128
vn -0.12983708 0.98305190 0.12942721
vn -0.12981650 0.91606164 0.37944543
vn 0.12982526 0.95775199 0.25662518
vn -0.12983732 0.95774609 0.25664109
vn -0.12983622 0.85869712 0.49576381
vn 0.12981674 0.91606355 0.37944055
vn -0.12981650 0.91606164 0.37944543
vn -0.12981568 0.78663850 0.60361224
vn 0.12983613 0.85869735 0.49576339
vn -0.12983622 0.85869712 0.49576381
vn -0.12981956 0.70112431 0.70112163
vn 0.12981586 0.78664225 0.60360736
vn -0.12981568 0.78663850 0.60361224
vn -0.12982787 0.60360670 0.78664076
vn 0.12981911 0.70112681 0.70111930
vn -0.12981956 0.70112431 0.70112163
vn -0.12982363 0.49576649 0.85869753
vn 0.12982127 0.60361356 0.78663665
vn -0.12982787 0.60360670 0.78664076
vn -0.12982841 0.37944588 0.91605973
vn 0.12983029 0.49576643 0.85869658
vn -0.12982363 0.49576649 0.85869753
vn -0.12982473 0.25663278 0.95775002
vn 0.12983114 0.37943912 0.91606212
vn -0.12982841 0.37944588 0.91605973
vn -0.12943968 0.09768833 0.98676360
vn 0.12982482 0.25663313 0.95774996
vn -0.12982473 0.25663278 0.95775002
vn -0.13009205 -0.03210387 0.99098206
vn 0.12943974 0.09768729 0.98676372
vn -0.12943968 0.09768833 0.98676360
vn -0.12983593 -0.12941428 0.98305368
vn 0.13009210 -0.03210774 0.99098188
vn -0.13009205 -0.03210387 0.99098206
vn -0.12982473 -0.25662968 0.95775086
vn 0.12984566 -0.12942001 0.98305166
vn -0.12983593 -0.12941428 0.98305368
vn -0.12982836 -0.37944558 0.91605985
vn 0.12982480 -0.25663334 0.95774990
vn -0.12982473 -0.25662968 0.95775086
vn -0.12982360 -0.49576634 0.85869765
vn 0.12983114 -0.37943956 0.91606194
vn -0.12982836 -0.37944558 0.91605985
vn -0.12982790 -0.60360581 0.78664148
vn 0.12983029 -0.49576899 0.85869503
vn -0.12982360 -0.49576634 0.85869765
vn -0.12981950 -0.70112181 0.70112419
vn 0.12982124 -0.60361439 0.78663594
vn -0.12982790 -0.60360581 0.78664148
vn -0.12981562 -0.78663373 0.60361856
vn 0.12981910 -0.70112640 0.70111966
vn -0.12981950 -0.70112181 0.70112419
vn -0.12983622 -0.85869569 0.49576622
vn 0.12981585 -0.78664529 0.60360342
vn -0.12981562 -0.78663373 0.60361856
vn -0.12981647 -0.91606158 0.37944537
vn 0.12983607 -0.85870081 0.49575740
vn -0.12983622 -0.85869569 0.49576622
vn -0.12983735 -0.95774633 0.25664032
vn 0.12981674 -0.91606462 0.37943810
vn -0.12981647 -0.91606158 0.37944537
vn -0.12952396 -0.98609996 0.10406912
vn 0.12982525 -0.95775181 0.25662595
vn -0.12983735 -0.95774633 0.25664032
vn -0.13002995 -0.99117780 -0.02566640
vn 0.12951462 -0.98610109 0.10407057
vn -0.12952396 -0.98609996 0.10406912
vn -0.12983373 -0.98305225 -0.12942731
vn 0.13004725 -0.99117553 -0.02566585
vn -0.13002995 -0.99117780 -0.02566640
vn -0.12984064 -0.95774567 -0.25664088
vn 0.12982191 -0.98305464 -0.12942138
vn -0.12983373 -0.98305225 -0.12942731
vn -0.12981178 -0.91606212 -0.37944576
vn 0.12982695 -0.95775181 -0.25662515
vn -0.12984064 -0.95774567 -0.25664088
vn -0.12982287 -0.85869867 -0.49576467
vn 0.12981054 -0.91606426 -0.37944096
vn -0.12981178 -0.91606212 -0.37944576
vn -0.12982364 -0.78663766 -0.60361159
vn 0.12982613 -0.85869855 -0.49576408
vn -0.12982287 -0.85869867 -0.49576467
vn -0.12982492 -0.70112377 -0.70112121
vn 0.12982167 -0.78664178 -0.60360682
vn -0.12982364 -0.78663766 -0.60361159
vn -0.12982850 -0.60360688 -0.78664058
vn 0.12982462 -0.70112616 -0.70111889
vn -0.12982492 -0.70112377 -0.70112121
vn -0.12981692 -0.49576727 -0.85869807
vn 0.12982272 -0.60361356 -0.78663635
vn -0.12982850 -0.60360688 -0.78664058
vn -0.12982163 -0.37944001 -0.91606313
vn 0.12982026 -0.49574563 -0.85870999
vn -0.12981692 -0.49576727 -0.85869807
vn -0.12982473 -0.25663447 -0.95774961
vn 0.12982114 -0.37945491 -0.91605705
vn -0.12982163 -0.37944001 -0.91606313
vn -0.12940203 -0.09768842 -0.98676854
vn 0.12982479 -0.25663283 -0.95775002
vn -0.12982473 -0.25663447 -0.95774961
vn -0.13010265 0.03210397 -0.99098063
vn 0.12940246 -0.09768772 -0.98676848
vn -0.12940203 -0.09768842 -0.98676854
vn -0.12981148 0.12941465 -0.98305690
vn 0.13010105 0.03210786 -0.99098080
vn -0.13010265 0.03210397 -0.99098063
vn -0.12982473 0.25663280 -0.95775008
vn 0.12980661 0.12942061 -0.98305672
vn -0.12981148 0.12941465 -0.98305690
vn -0.12982163 0.37943843 -0.91606373
vn 0.12982479 0.25663447 -0.95774955
vn -0.12982473 0.25663280 -0.95775008
vn -0.12981689 0.49576712 -0.85869819
vn 0.12982111 0.37945396 -0.91605741
vn -0.12982163 0.37943843 -0.91606373
vn -0.12982851 0.60360593 -0.78664124
vn 0.12982026 0.49574816 -0.85870856
vn -0.12981689 0.49576712 -0.85869819
vn -0.12982488 0.70112121 -0.70112377
vn 0.12982270 0.60361451 -0.78663570
vn -0.12982851 0.60360593 -0.78664124
vn -0.12982358 0.78663296 -0.60361779
vn 0.12982464 0.70112574 -0.70111924
vn -0.12982488 0.70112121 -0.70112377
vn -0.12982285 0.85869730 -0.49576706
vn 0.12982164 0.78664476 -0.60360283
vn -0.12982358 0.78663296 -0.60361779
vn -0.12981176 0.91606212 -0.37944573
vn 0.12982604 0.85870200 -0.49575809
vn -0.12982285 0.85869730 -0.49576706
vn -0.12984067 0.95774591 -0.25664017
vn 0.12981053 0.91606534 -0.37943849
vn -0.12981176 0.91606212 -0.37944573
vn -0.12952025 0.98610044 -0.10406926
vn 0.12982692 0.95775157 -0.25662586
vn -0.12984067 0.95774591 -0.25664017
vn -0.13002960 0.99117792 0.02566641
vn 0.12951158 0.98610145 -0.10407066
vn -0.12952025 0.98610044 -0.10406926
vn 0.13004689 0.99117559 0.02566586
vn 0.49538592 0.86124039 0.11339248
vn 0.49707666 0.86741382 0.02253939
vn 0.12982456 0.98305428 0.12942128
vn 0.49537006 0.83908373 0.22482653
vn 0.49538592 0.86124039 0.11339248
vn 0.12981674 0.91606355 0.37944055
vn 0.49537006 0.83908373 0.22482653
vn 0.12982526 0.95775199 0.25662518
vn 0.12981674 0.91606355 0.37944055
vn 0.49538550 0.75229400 0.43433508
vn 0.49537519 0.80255777 0.33242211
vn 0.12981586 0.78664225 0.60360736
vn 0.49538550 0.75229400 0.43433508
vn 0.12983613 0.85869735 0.49576339
vn 0.12981911 0.70112681 0.70111930
vn 0.49536875 0.68917507 0.52881700
vn 0.12981586 0.78664225 0.60360736
vn 0.12981911 0.70112681 0.70111930
vn 0.49537197 0.52881551 0.68917406
vn 0.49537185 0.61424989 0.61425072
vn 0.12982127 0.60361356 0.78663665
vn 0.49537900 0.43432781 0.75230247
vn 0.49537197 0.52881551 0.68917406
vn 0.12983114 0.37943912 0.91606212
vn 0.49537900 0.43432781 0.75230247
vn 0.12983029 0.49576643 0.85869658
vn 0.12983114 0.37943912 0.91606212
vn 0.49538767 0.22483258 0.83907175
vn 0.49538437 0.33243161 0.80254817
vn 0.12943974 0.09768729 0.98676372
vn 0.49538767 0.22483258 0.83907175
vn 0.12982482 0.25663313 0.95774996
vn 0.13009210 -0.03210774 0.99098188
vn 0.49299109 0.08569230 0.86580402
vn 0.12943974 0.09768729 0.98676372
vn 0.13009210 -0.03210774 0.99098188
vn 0.49539739 -0.11336394 0.86123747
vn 0.49746561 -0.02809644 0.86702853
vn 0.12984566 -0.12942001 0.98305166
vn 0.49538767 -0.22483258 0.83907175
vn 0.49539739 -0.11336394 0.86123747
vn 0.12983114 -0.37943956 0.91606194
vn 0.49538767 -0.22483258 0.83907175
vn 0.12982480 -0.25663334 0.95774990
vn 0.12983114 -0.37943956 0.91606194
vn 0.49537903 -0.43432778 0.75230247
vn 0.49538442 -0.33243161 0.80254817
vn 0.12982124 -0.60361439 0.78663594
vn 0.49537903 -0.43432778 0.75230247
vn 0.12983029 -0.49576899 0.85869503
vn 0.12981910 -0.70112640 0.70111966
vn 0.49537197 -0.52881551 0.68917394
vn 0.12982124 -0.60361439 0.78663594
vn 0.12981910 -0.70112640 0.70111966
vn 0.49536881 -0.68917513 0.52881700
vn 0.49537185 -0.61424989 0.61425072
vn 0.12981585 -0.78664529 0.60360342
vn 0.49538550 -0.75229400 0.43433514
vn 0.49536881 -0.68917513 0.52881700
vn 0.12981674 -0.91606462 0.37943810
vn 0.49538550 -0.75229400 0.43433514
vn 0.12983607 -0.85870081 0.49575740
vn 0.12981674 -0.91606462 0.37943810
vn 0.49537006 -0.83908373 0.22482651
vn 0.49537525 -0.80255777 0.33242211
vn 0.12951462 -0.98610109 0.10407057
vn 0.49537006 -0.83908373 0.22482651
vn 0.12982525 -0.95775181 0.25662595
vn 0.13004725 -0.99117553 -0.02566585
vn 0.49346185 -0.86496717 0.09125401
vn 0.12951462 -0.98610109 0.10407057
vn 0.13004725 -0.99117553 -0.02566585
vn 0.49538556 -0.86124057 -0.11339254
vn 0.49707687 -0.86741370 -0.02253938
vn 0.12982191 -0.98305464 -0.12942138
vn 0.49536803 -0.83908480 -0.22482680
vn 0.49538556 -0.86124057 -0.11339254
vn 0.12981054 -0.91606426 -0.37944096
vn 0.49536803 -0.83908480 -0.22482680
vn 0.12982695 -0.95775181 -0.25662515
vn 0.12981054 -0.91606426 -0.37944096
vn 0.49537992 -0.75229681 -0.43433660
vn 0.49537340 -0.80255866 -0.33242249
vn 0.12982167 -0.78664178 -0.60360682
vn 0.49537992 -0.75229681 -0.43433660
vn 0.12982613 -0.85869855 -0.49576408
vn 0.12982462 -0.70112616 -0.70111889
vn 0.49536306 -0.68918467 -0.52880991
vn 0.12982167 -0.78664178 -0.60360682
vn 0.12982462 -0.70112616 -0.70111889
vn 0.49537364 -0.52883285 -0.68915951
vn 0.49538860 -0.61423576 -0.61425120
vn 0.12982272 -0.60361356 -0.78663635
vn 0.49536493 -0.43433896 -0.75230533
vn 0.49537364 -0.52883285 -0.68915951
vn 0.12982114 -0.37945491 -0.91605705
vn 0.49536493 -0.43433896 -0.75230533
vn 0.12982026 -0.49574563 -0.85870999
vn 0.12982114 -0.37945491 -0.91605705
vn 0.49538589 -0.22483355 -0.83907253
vn 0.49536958 -0.33245951 -0.80254567
vn 0.12940246 -0.09768772 -0.98676848
vn 0.49538589 -0.22483355 -0.83907253
vn 0.12982479 -0.25663283 -0.95775002
vn 0.13010105 0.03210786 -0.99098080
vn 0.49295232 -0.08569444 -0.86582595
vn 0.12940246 -0.09768772 -0.98676848
vn 0.13010105 0.03210786 -0.99098080
vn 0.49536267 0.11336663 -0.86125714
vn 0.49747738 0.02809635 -0.86702186
vn 0.12980661 0.12942061 -0.98305672
vn 0.49538589 0.22483353 -0.83907253
vn 0.49536267 0.11336663 -0.86125714
vn 0.12982111 0.37945396 -0.91605741
vn 0.49538589 0.22483353 -0.83907253
vn 0.12982479 0.25663447 -0.95774955
vn 0.12982111 0.37945396 -0.91605741
vn 0.49536490 0.43433896 -0.75230527
vn 0.49536958 0.33245957 -0.80254573
vn 0.12982270 0.60361451 -0.78663570
vn 0.49536490 0.43433896 -0.75230527
vn 0.12982026 0.49574816 -0.85870856
vn 0.12982464 0.70112574 -0.70111924
vn 0.49537361 0.52883285 -0.68915951
vn 0.12982270 0.60361451 -0.78663570
vn 0.12982464 0.70112574 -0.70111924
vn 0.49536309 0.68918467 -0.52880991
vn 0.49538860 0.61423582 -0.61425120
vn 0.12982164 0.78664476 -0.60360283
vn 0.49537984 0.75229681 -0.43433663
vn 0.49536309 0.68918467 -0.52880991
vn 0.12981053 0.91606534 -0.37943849
vn 0.49537984 0.75229681 -0.43433663
vn 0.12982604 0.85870200 -0.49575809
vn 0.12981053 0.91606534 -0.37943849
vn 0.49536806 0.83908486 -0.22482678
vn 0.49537343 0.80255866 -0.33242249
vn 0.12951158 0.98610145 -0.10407066
vn 0.49536806 0.83908486 -0.22482678
vn 0.12982692 0.95775157 -0.25662586
vn 0.13004689 0.99117559 0.02566586
vn 0.49346042 0.86496788 -0.09125408
vn 0.12951158 0.98610145 -0.10407066
vn 0.49707666 0.86741382 0.02253939
vn 0.86135161 0.50366294 0.06630914
vn 0.86316943 0.50473827 0.01333417
vn 0.49538592 0.86124039 0.11339248
vn 0.86135602 0.49069241 0.13147850
vn 0.86135161 0.50366294 0.06630914
vn 0.49537006 0.83908373 0.22482653
vn 0.86135244 0.46933955 0.19440249
vn 0.86135602 0.49069241 0.13147850
vn 0.49538550 0.75229400 0.43433508
vn 0.86135244 0.46933955 0.19440249
vn 0.49537519 0.80255777 0.33242211
vn 0.49536875 0.68917507 0.52881700
vn 0.86135036 0.43995214 0.25400335
vn 0.49538550 0.75229400 0.43433508
vn 0.49537185 0.61424989 0.61425072
vn 0.86134434 0.40305173 0.30924931
vn 0.49536875 0.68917507 0.52881700
vn 0.49537197 0.52881551 0.68917406
vn 0.86135036 0.35922530 0.35921124
vn 0.49537185 0.61424989 0.61425072
vn 0.49537900 0.43432781 0.75230247
vn 0.86135817 0.30923909 0.40303022
vn 0.49537197 0.52881551 0.68917406
vn 0.49537900 0.43432781 0.75230247
vn 0.86135352 0.19441785 0.46933118
vn 0.86135757 0.25399339 0.43994376
vn 0.49538437 0.33243161 0.80254817
vn 0.86135346 0.13148420 0.49069566
vn 0.86135352 0.19441785 0.46933118
vn 0.49299109 0.08569230 0.86580402
vn 0.86135346 0.13148420 0.49069566
vn 0.49538767 0.22483258 0.83907175
vn 0.49746561 -0.02809644 0.86702853
vn 0.85894156 0.04996477 0.50963020
vn 0.49299109 0.08569230 0.86580402
vn 0.49746561 -0.02809644 0.86702853
vn 0.86135918 -0.06630138 0.50365114
vn 0.86356866 -0.01648597 0.50396168
vn 0.49539739 -0.11336394 0.86123747
vn 0.86135346 -0.13148420 0.49069566
vn 0.86135918 -0.06630138 0.50365114
vn 0.49538442 -0.33243161 0.80254817
vn 0.86135346 -0.13148420 0.49069566
vn 0.49538767 -0.22483258 0.83907175
vn 0.49537903 -0.43432778 0.75230247
vn 0.86135352 -0.19441785 0.46933123
vn 0.49538442 -0.33243161 0.80254817
vn 0.49537903 -0.43432778 0.75230247
vn 0.86135817 -0.30923912 0.40303022
vn 0.86135757 -0.25399342 0.43994379
vn 0.49537197 -0.52881551 0.68917394
vn 0.86135042 -0.35922530 0.35921124
vn 0.86135817 -0.30923912 0.40303022
vn 0.49537185 -0.61424989 0.61425072
vn 0.86134434 -0.40305173 0.30924931
vn 0.86135042 -0.35922530 0.35921124
vn 0.49536881 -0.68917513 0.52881700
vn 0.86135036 -0.43995216 0.25400338
vn 0.86134434 -0.40305173 0.30924931
vn 0.49538550 -0.75229400 0.43433514
vn 0.86135244 -0.46933952 0.19440247
vn 0.86135036 -0.43995216 0.25400338
vn 0.49537006 -0.83908373 0.22482651
vn 0.86135244 -0.46933952 0.19440247
vn 0.49537525 -0.80255777 0.33242211
vn 0.49346185 -0.86496717 0.09125401
vn 0.86135608 -0.49069244 0.13147852
vn 0.49537006 -0.83908373 0.22482651
vn 0.49707687 -0.86741370 -0.02253938
vn 0.85941803 -0.50849366 0.05324347
vn 0.49346185 -0.86496717 0.09125401
vn 0.49707687 -0.86741370 -0.02253938
vn 0.86135322 -0.50366038 -0.06630869
vn 0.86316937 -0.50473839 -0.01333415
vn 0.49538556 -0.86124057 -0.11339254
vn 0.86135495 -0.49069425 -0.13147917
vn 0.86135322 -0.50366038 -0.06630869
vn 0.49536803 -0.83908480 -0.22482680
vn 0.86135471 -0.46933609 -0.19440097
vn 0.86135495 -0.49069425 -0.13147917
vn 0.49537992 -0.75229681 -0.43433660
vn 0.86135471 -0.46933609 -0.19440097
vn 0.49537340 -0.80255866 -0.33242249
vn 0.49536306 -0.68918467 -0.52880991
vn 0.86136115 -0.43992943 -0.25400588
vn 0.49537992 -0.75229681 -0.43433660
vn 0.49536306 -0.68918467 -0.52880991
vn 0.86136240 -0.35919270 -0.35921511
vn 0.86135113 -0.40304297 -0.30924189
vn 0.49538860 -0.61423576 -0.61425120
vn 0.86134934 -0.30927199 -0.40302366
vn 0.86136240 -0.35919270 -0.35921511
vn 0.49536493 -0.43433896 -0.75230533
vn 0.86134934 -0.30927199 -0.40302366
vn 0.49537364 -0.52883285 -0.68915951
vn 0.49536493 -0.43433896 -0.75230533
vn 0.86134982 -0.19443049 -0.46933272
vn 0.86136079 -0.25399181 -0.43993819
vn 0.49536958 -0.33245951 -0.80254567
vn 0.86135828 -0.13147831 -0.49068871
vn 0.86134982 -0.19443049 -0.46933272
vn 0.49295232 -0.08569444 -0.86582595
vn 0.86135828 -0.13147831 -0.49068871
vn 0.49538589 -0.22483355 -0.83907253
vn 0.49747738 0.02809635 -0.86702186
vn 0.85893613 -0.04996549 -0.50963932
vn 0.49295232 -0.08569444 -0.86582595
vn 0.49747738 0.02809635 -0.86702186
vn 0.86135644 0.06630220 -0.50365579
vn 0.86357099 0.01648580 -0.50395763
vn 0.49536267 0.11336663 -0.86125714
vn 0.86135823 0.13147829 -0.49068871
vn 0.86135644 0.06630220 -0.50365579
vn 0.49536958 0.33245957 -0.80254573
vn 0.86135823 0.13147829 -0.49068871
vn 0.49538589 0.22483353 -0.83907253
vn 0.49536490 0.43433896 -0.75230527
vn 0.86134982 0.19443050 -0.46933278
vn 0.49536958 0.33245957 -0.80254573
vn 0.49536490 0.43433896 -0.75230527
vn 0.86134934 0.30927199 -0.40302369
vn 0.86136091 0.25399181 -0.43993819
vn 0.49538860 0.61423582 -0.61425120
vn 0.86134934 0.30927199 -0.40302369
vn 0.49537361 0.52883285 -0.68915951
vn 0.49536309 0.68918467 -0.52880991
vn 0.86136234 0.35919273 -0.35921514
vn 0.49538860 0.61423582 -0.61425120
vn 0.49536309 0.68918467 -0.52880991
vn 0.86136115 0.43992943 -0.25400591
vn 0.86135113 0.40304297 -0.30924189
vn 0.49537984 0.75229681 -0.43433663
vn 0.86135471 0.46933612 -0.19440097
vn 0.86136115 0.43992943 -0.25400591
vn 0.49536806 0.83908486 -0.22482678
vn 0.86135471 0.46933612 -0.19440097
vn 0.49537343 0.80255866 -0.33242249
vn 0.49346042 0.86496788 -0.09125408
vn 0.86135495 0.49069425 -0.13147917
vn 0.49536806 0.83908486 -0.22482678
vn 0.49707666 0.86741382 0.02253939
vn 0.85941952 0.50849128 -0.05324307
vn 0.49346042 0.86496788 -0.09125408
vn 0.86135161 0.50366294 0.06630914
vn 0.96591532 0.25876343 0.00700326
vn 0.86316943 0.50473827 0.01333417
vn 0.86135161 0.50366294 0.06630914
vn 0.96593606 0.24996197 0.06698109
vn 0.96592343 0.25661427 0.03377930
vn 0.86135244 0.46933955 0.19440249
vn 0.96593606 0.24996197 0.06698109
vn 0.86135602 0.49069241 0.13147850
vn 0.86135036 0.43995214 0.25400335
vn 0.96592629 0.23911962 0.09903660
vn 0.86135244 0.46933955 0.19440249
vn 0.86134434 0.40305173 0.30924931
vn 0.96592897 0.22413595 0.12939987
vn 0.86135036 0.43995214 0.25400335
vn 0.86134434 0.40305173 0.30924931
vn 0.96592540 0.18303469 0.18299307
vn 0.96592563 0.20534638 0.15754493
vn 0.86135036 0.35922530 0.35921124
vn 0.96593571 0.15752789 0.20531233
vn 0.96592540 0.18303469 0.18299307
vn 0.86135817 0.30923909 0.40303022
vn 0.96593082 0.12940036 0.22412769
vn 0.96593571 0.15752789 0.20531233
vn 0.86135352 0.19441785 0.46933118
vn 0.96593082 0.12940036 0.22412769
vn 0.86135757 0.25399339 0.43994376
vn 0.86135346 0.13148420 0.49069566
vn 0.96593142 0.09903809 0.23909812
vn 0.86135352 0.19441785 0.46933118
vn 0.86135346 0.13148420 0.49069566
vn 0.96589452 0.02489950 0.25773594
vn 0.96593159 0.06698531 0.24997817
vn 0.86356866 -0.01648597 0.50396168
vn 0.96589452 0.02489950 0.25773594
vn 0.85894156 0.04996477 0.50963020
vn 0.86356866 -0.01648597 0.50396168
vn 0.96593100 -0.03379105 0.25658417
vn 0.96589518 -0.00858036 0.25879103
vn 0.86135346 -0.13148420 0.49069566
vn 0.96593100 -0.03379105 0.25658417
vn 0.86135918 -0.06630138 0.50365114
vn 0.86135346 -0.13148420 0.49069566
vn 0.96593142 -0.09903809 0.23909813
vn 0.96593159 -0.06698531 0.24997817
vn 0.86135352 -0.19441785 0.46933123
vn 0.96593082 -0.12940036 0.22412774
vn 0.96593142 -0.09903809 0.23909813
vn 0.86135817 -0.30923912 0.40303022
vn 0.96593082 -0.12940036 0.22412774
vn 0.86135757 -0.25399342 0.43994379
vn 0.86135042 -0.35922530 0.35921124
vn 0.96593571 -0.15752789 0.20531231
vn 0.86135817 -0.30923912 0.40303022
vn 0.86134434 -0.40305173 0.30924931
vn 0.96592534 -0.18303469 0.18299307
vn 0.86135042 -0.35922530 0.35921124
vn 0.86134434 -0.40305173 0.30924931
vn 0.96592891 -0.22413595 0.12939987
vn 0.96592563 -0.20534638 0.15754493
vn 0.86135036 -0.43995216 0.25400338
vn 0.96592629 -0.23911962 0.09903660
vn 0.96592891 -0.22413595 0.12939987
vn 0.86135244 -0.46933952 0.19440247
vn 0.96593612 -0.24996197 0.06698110
vn 0.96592629 -0.23911962 0.09903660
vn 0.85941803 -0.50849366 0.05324347
vn 0.96593612 -0.24996197 0.06698110
vn 0.86135608 -0.49069244 0.13147852
vn 0.86316937 -0.50473839 -0.01333415
vn 0.96591079 -0.25750023 0.02664477
vn 0.85941803 -0.50849366 0.05324347
vn 0.86135322 -0.50366038 -0.06630869
vn 0.96591556 -0.25876278 -0.00700318
vn 0.86316937 -0.50473839 -0.01333415
vn 0.86135322 -0.50366038 -0.06630869
vn 0.96593654 -0.24996036 -0.06698073
vn 0.96592277 -0.25661665 -0.03377958
vn 0.86135471 -0.46933609 -0.19440097
vn 0.96593654 -0.24996036 -0.06698073
vn 0.86135495 -0.49069425 -0.13147917
vn 0.86136115 -0.43992943 -0.25400588
vn 0.96592969 -0.23910587 -0.09903635
vn 0.86135471 -0.46933609 -0.19440097
vn 0.86136115 -0.43992943 -0.25400588
vn 0.96593386 -0.20530662 -0.15754685
vn 0.96594459 -0.22406879 -0.12940004
vn 0.86136240 -0.35919270 -0.35921511
vn 0.96593386 -0.20530662 -0.15754685
vn 0.86135113 -0.40304297 -0.30924189
vn 0.86136240 -0.35919270 -0.35921511
vn 0.96592557 -0.15758924 -0.20531297
vn 0.96593165 -0.18300524 -0.18298966
vn 0.86134934 -0.30927199 -0.40302366
vn 0.96593618 -0.12936522 -0.22412489
vn 0.96592557 -0.15758924 -0.20531297
vn 0.86134982 -0.19443049 -0.46933272
vn 0.96593618 -0.12936522 -0.22412489
vn 0.86136079 -0.25399181 -0.43993819
vn 0.86134982 -0.19443049 -0.46933272
vn 0.96593112 -0.06697854 -0.24998187
vn 0.96592867 -0.09906158 -0.23909974
vn 0.86135828 -0.13147831 -0.49068871
vn 0.96589226 -0.02490266 -0.25774419
vn 0.96593112 -0.06697854 -0.24998187
vn 0.86357099 0.01648580 -0.50395763
vn 0.96589226 -0.02490266 -0.25774419
vn 0.85893613 -0.04996549 -0.50963932
vn 0.86357099 0.01648580 -0.50395763
vn 0.96593112 0.03379419 -0.25658333
vn 0.96589822 0.00857985 -0.25877985
vn 0.86135823 0.13147829 -0.49068871
vn 0.96593112 0.03379419 -0.25658333
vn 0.86135644 0.06630220 -0.50365579
vn 0.86134982 0.19443050 -0.46933278
vn 0.96593112 0.06697854 -0.24998185
vn 0.86135823 0.13147829 -0.49068871
vn 0.86134982 0.19443050 -0.46933278
vn 0.96593618 0.12936524 -0.22412491
vn 0.96592867 0.09906158 -0.23909974
vn 0.86134934 0.30927199 -0.40302369
vn 0.96593618 0.12936524 -0.22412491
vn 0.86136091 0.25399181 -0.43993819
vn 0.86136234 0.35919273 -0.35921514
vn 0.96592563 0.15758926 -0.20531298
vn 0.86134934 0.30927199 -0.40302369
vn 0.86136234 0.35919273 -0.35921514
vn 0.96593386 0.20530662 -0.15754685
vn 0.96593165 0.18300524 -0.18298966
vn 0.86136115 0.43992943 -0.25400591
vn 0.96593386 0.20530662 -0.15754685
vn 0.86135113 0.40304297 -0.30924189
vn 0.86136115 0.43992943 -0.25400591
vn 0.96592969 0.23910587 -0.09903634
vn 0.96594459 0.22406879 -0.12940004
vn 0.86135471 0.46933612 -0.19440097
vn 0.96593654 0.24996035 -0.06698072
vn 0.96592969 0.23910587 -0.09903634
vn 0.85941952 0.50849128 -0.05324307
vn 0.96593654 0.24996035 -0.06698072
vn 0.86135495 0.49069425 -0.13147917
vn 0.86316943 0.50473827 0.01333417
vn 0.96591049 0.25750148 -0.02664497
vn 0.85941952 0.50849128 -0.05324307
vn -1.00000000 0.00000000 0.00000000
vn -1.00000000 0.00000000 0.00000000
vn -1.00000000 0.00000000 0.00000000
vn 0.99999994 -0.00001122 0.00000000
vn 0.99999994 -0.00001122 0.00000000
vn 0.99999994 -0.00001122 0.00000000
vn -0.96591175 0.25877690 0.00700466
vn -0.96587747 0.25678614 0.03378712
vn -0.86132216 0.50371373 0.06630725
vn -0.96593601 0.24995740 0.06699942
vn -0.86137426 0.49065924 0.13148336
vn -0.86132216 0.50371373 0.06630725
vn -0.96593601 0.24995740 0.06699942
vn -0.96590310 0.23920302 0.09906158
vn -0.86134481 0.46935406 0.19440125
vn -0.96590310 0.23920302 0.09906158
vn -0.96589953 0.22424433 0.12943208
vn -0.86133868 0.43997666 0.25400043
vn -0.96589953 0.22424433 0.12943208
vn -0.96589470 0.20546190 0.15758424
vn -0.86133903 0.40306053 0.30925280
vn -0.96591192 0.18305288 0.18304610
vn -0.86135817 0.35919356 0.35922435
vn -0.86133903 0.40306053 0.30925280
vn -0.96591538 0.15758511 0.20536363
vn -0.86136109 0.30922511 0.40303478
vn -0.86135817 0.35919356 0.35922435
vn -0.96592075 0.12936677 0.22419044
vn -0.86136198 0.25396097 0.43995383
vn -0.86136109 0.30922511 0.40303478
vn -0.96592075 0.12936677 0.22419044
vn -0.96591502 0.09904369 0.23916206
vn -0.86134994 0.19439344 0.46934786
vn -0.96591502 0.09904369 0.23916206
vn -0.96591157 0.06703016 0.25004366
vn -0.86134773 0.13150221 0.49070081
vn -0.96587634 0.02489064 0.25780484
vn -0.85894316 0.04995019 0.50962889
vn -0.86134773 0.13150221 0.49070081
vn -0.96587634 0.02489064 0.25780484
vn -0.96587634 -0.00861116 0.25886023
vn -0.86356419 -0.01648637 0.50396937
vn -0.96591383 -0.03378819 0.25664955
vn -0.86135995 -0.06630259 0.50364965
vn -0.86356419 -0.01648637 0.50396937
vn -0.96591383 -0.03378819 0.25664955
vn -0.96591157 -0.06703016 0.25004366
vn -0.86134773 -0.13150223 0.49070081
vn -0.96591502 -0.09904368 0.23916207
vn -0.86134994 -0.19439344 0.46934786
vn -0.86134773 -0.13150223 0.49070081
vn -0.96592069 -0.12936676 0.22419043
vn -0.86136198 -0.25396100 0.43995383
vn -0.86134994 -0.19439344 0.46934786
vn -0.96592069 -0.12936676 0.22419043
vn -0.96591550 -0.15758511 0.20536363
vn -0.86136103 -0.30922508 0.40303472
vn -0.96591550 -0.15758511 0.20536363
vn -0.96591192 -0.18305288 0.18304610
vn -0.86135811 -0.35919362 0.35922441
vn -0.96591192 -0.18305288 0.18304610
vn -0.96589470 -0.20546190 0.15758424
vn -0.86133903 -0.40306053 0.30925283
vn -0.96589953 -0.22424430 0.12943208
vn -0.86133868 -0.43997666 0.25400043
vn -0.86133903 -0.40306053 0.30925283
vn -0.96590310 -0.23920302 0.09906157
vn -0.86134481 -0.46935406 0.19440123
vn -0.86133868 -0.43997666 0.25400043
vn -0.96593601 -0.24995738 0.06699942
vn -0.86137426 -0.49065924 0.13148336
vn -0.86134481 -0.46935406 0.19440123
vn -0.96593601 -0.24995738 0.06699942
vn -0.96587694 -0.25762683 0.02665125
vn -0.85942739 -0.50847805 0.05324136
vn -0.96587694 -0.25762683 0.02665125
vn -0.96591163 -0.25877723 -0.00700463
vn -0.86319000 -0.50470304 -0.01333683
vn -0.96591163 -0.25877723 -0.00700463
vn -0.96587694 -0.25678802 -0.03378750
vn -0.86132383 -0.50371099 -0.06630686
vn -0.96593642 -0.24995600 -0.06699908
vn -0.86137319 -0.49066103 -0.13148405
vn -0.86132383 -0.50371099 -0.06630686
vn -0.96593642 -0.24995600 -0.06699908
vn -0.96590447 -0.23919687 -0.09906197
vn -0.86134654 -0.46935132 -0.19440019
vn -0.96590447 -0.23919687 -0.09906197
vn -0.96590000 -0.22424367 -0.12942973
vn -0.86133301 -0.43998763 -0.25400060
vn -0.96593070 -0.20528802 -0.15759020
vn -0.86138654 -0.40295076 -0.30926332
vn -0.86133301 -0.43998763 -0.25400060
vn -0.96593070 -0.20528802 -0.15759020
vn -0.96590596 -0.18309197 -0.18303853
vn -0.86134762 -0.35923108 -0.35921216
vn -0.96591896 -0.15755755 -0.20536843
vn -0.86135459 -0.30924845 -0.40303072
vn -0.86134762 -0.35923108 -0.35921216
vn -0.96591181 -0.12944870 -0.22418176
vn -0.86135596 -0.25398728 -0.43995053
vn -0.86135459 -0.30924845 -0.40303072
vn -0.96591181 -0.12944870 -0.22418176
vn -0.96591073 -0.09909049 -0.23916025
vn -0.86134809 -0.19441505 -0.46934232
vn -0.96591264 -0.06701324 -0.25004399
vn -0.86135381 -0.13149011 -0.49069330
vn -0.86134809 -0.19441505 -0.46934232
vn -0.96587503 -0.02489707 -0.25780937
vn -0.85893416 -0.04995189 -0.50964391
vn -0.86135381 -0.13149011 -0.49069330
vn -0.96587503 -0.02489707 -0.25780937
vn -0.96587938 0.00861065 -0.25884902
vn -0.86356658 0.01648619 -0.50396520
vn -0.96591371 0.03379462 -0.25664884
vn -0.86135250 0.06630455 -0.50366217
vn -0.86356658 0.01648619 -0.50396520
vn -0.96591371 0.03379462 -0.25664884
vn -0.96591264 0.06701324 -0.25004399
vn -0.86135381 0.13149010 -0.49069333
vn -0.96591264 0.06701324 -0.25004399
vn -0.96591073 0.09909049 -0.23916025
vn -0.86134809 0.19441505 -0.46934232
vn -0.96591181 0.12944871 -0.22418176
vn -0.86135596 0.25398728 -0.43995053
vn -0.86134809 0.19441505 -0.46934232
vn -0.96591181 0.12944871 -0.22418176
vn -0.96591896 0.15755753 -0.20536841
vn -0.86135453 0.30924845 -0.40303072
vn -0.96591896 0.15755753 -0.20536841
vn -0.96590596 0.18309197 -0.18303853
vn -0.86134762 0.35923108 -0.35921216
vn -0.96593070 0.20528799 -0.15759018
vn -0.86138654 0.40295076 -0.30926332
vn -0.86134762 0.35923108 -0.35921216
vn -0.96593070 0.20528799 -0.15759018
vn -0.96590000 0.22424367 -0.12942973
vn -0.86133301 0.43998763 -0.25400060
vn -0.96590447 0.23919688 -0.09906197
vn -0.86134660 0.46935132 -0.19440019
vn -0.86133301 0.43998763 -0.25400060
vn -0.96593642 0.24995601 -0.06699909
vn -0.86137319 0.49066108 -0.13148403
vn -0.86134660 0.46935132 -0.19440019
vn -0.96593642 0.24995601 -0.06699909
vn -0.96587610 0.25762933 -0.02665162
vn -0.85942847 0.50847614 -0.05324103
vn -0.96587610 0.25762933 -0.02665162
vn -0.96591175 0.25877690 0.00700466
vn -0.86319005 0.50470293 0.01333684
vn -0.86132216 0.50371373 0.06630725
vn -0.49537963 0.86124462 0.11338799
vn -0.49707785 0.86741316 0.02253803
vn -0.86137426 0.49065924 0.13148336
vn -0.49537870 0.83907729 0.22483139
vn -0.49537963 0.86124462 0.11338799
vn -0.86134481 0.46935406 0.19440125
vn -0.49537525 0.80256212 0.33241153
vn -0.49537870 0.83907729 0.22483139
vn -0.86134481 0.46935406 0.19440125
vn -0.86133868 0.43997666 0.25400043
vn -0.49539119 0.75229961 0.43431890
vn -0.86133868 0.43997666 0.25400043
vn -0.86133903 0.40306053 0.30925280
vn -0.49538788 0.68916893 0.52880728
vn -0.86133903 0.40306053 0.30925280
vn -0.86135817 0.35919356 0.35922435
vn -0.49539417 0.61423904 0.61424351
vn -0.86135817 0.35919356 0.35922435
vn -0.86136109 0.30922511 0.40303478
vn -0.49540508 0.52878809 0.68917125
vn -0.86136109 0.30922511 0.40303478
vn -0.86136198 0.25396097 0.43995383
vn -0.49539241 0.43433031 0.75229222
vn -0.86134994 0.19439344 0.46934786
vn -0.49540079 0.33243117 0.80253822
vn -0.49539241 0.43433031 0.75229222
vn -0.86134773 0.13150221 0.49070081
vn -0.49540401 0.22484531 0.83905870
vn -0.49540079 0.33243117 0.80253822
vn -0.86134773 0.13150221 0.49070081
vn -0.85894316 0.04995019 0.50962889
vn -0.49301815 0.08569080 0.86578870
vn -0.85894316 0.04995019 0.50962889
vn -0.86356419 -0.01648637 0.50396937
vn -0.49748799 -0.02808948 0.86701602
vn -0.86135995 -0.06630259 0.50364965
vn -0.49541402 -0.11338094 0.86122578
vn -0.49748799 -0.02808948 0.86701602
vn -0.86134773 -0.13150223 0.49070081
vn -0.49540398 -0.22484526 0.83905870
vn -0.49541402 -0.11338094 0.86122578
vn -0.86134773 -0.13150223 0.49070081
vn -0.86134994 -0.19439344 0.46934786
vn -0.49540079 -0.33243117 0.80253822
vn -0.86134994 -0.19439344 0.46934786
vn -0.86136198 -0.25396100 0.43995383
vn -0.49539241 -0.43433028 0.75229222
vn -0.86136103 -0.30922508 0.40303472
vn -0.49540502 -0.52878809 0.68917131
vn -0.49539241 -0.43433028 0.75229222
vn -0.86135811 -0.35919362 0.35922441
vn -0.49539411 -0.61423904 0.61424345
vn -0.49540502 -0.52878809 0.68917131
vn -0.86133903 -0.40306053 0.30925283
vn -0.49538782 -0.68916893 0.52880728
vn -0.49539411 -0.61423904 0.61424345
vn -0.86133868 -0.43997666 0.25400043
vn -0.49539116 -0.75229961 0.43431896
vn -0.49538782 -0.68916893 0.52880728
vn -0.86134481 -0.46935406 0.19440123
vn -0.49537525 -0.80256212 0.33241156
vn -0.49539116 -0.75229961 0.43431896
vn -0.86134481 -0.46935406 0.19440123
vn -0.86137426 -0.49065924 0.13148336
vn -0.49537870 -0.83907735 0.22483140
vn -0.86137426 -0.49065924 0.13148336
vn -0.85942739 -0.50847805 0.05324136
vn -0.49352068 -0.86493379 0.09125164
vn -0.85942739 -0.50847805 0.05324136
vn -0.86319000 -0.50470304 -0.01333683
vn -0.49707848 -0.86741281 -0.02253800
vn -0.86132383 -0.50371099 -0.06630686
vn -0.49537843 -0.86124516 -0.11338811
vn -0.49707848 -0.86741281 -0.02253800
vn -0.86137319 -0.49066103 -0.13148405
vn -0.49537820 -0.83907765 -0.22483140
vn -0.49537843 -0.86124516 -0.11338811
vn -0.86134654 -0.46935132 -0.19440019
vn -0.49537498 -0.80256224 -0.33241171
vn -0.49537820 -0.83907765 -0.22483140
vn -0.86134654 -0.46935132 -0.19440019
vn -0.86133301 -0.43998763 -0.25400060
vn -0.49538156 -0.75230432 -0.43432164
vn -0.86133301 -0.43998763 -0.25400060
vn -0.86138654 -0.40295076 -0.30926332
vn -0.49540478 -0.68915027 -0.52881575
vn -0.86134762 -0.35923108 -0.35921216
vn -0.49539408 -0.61425114 -0.61423135
vn -0.49540478 -0.68915027 -0.52881575
vn -0.86135459 -0.30924845 -0.40303072
vn -0.49540496 -0.52880609 -0.68915743
vn -0.49539408 -0.61425114 -0.61423135
vn -0.86135459 -0.30924845 -0.40303072
vn -0.86135596 -0.25398728 -0.43995053
vn -0.49539444 -0.43431562 -0.75229931
vn -0.86134809 -0.19441505 -0.46934232
vn -0.49539360 -0.33242017 -0.80254716
vn -0.49539444 -0.43431562 -0.75229931
vn -0.86135381 -0.13149011 -0.49069330
vn -0.49540463 -0.22484544 -0.83905822
vn -0.49539360 -0.33242017 -0.80254716
vn -0.86135381 -0.13149011 -0.49069330
vn -0.85893416 -0.04995189 -0.50964391
vn -0.49297443 -0.08569285 -0.86581343
vn -0.85893416 -0.04995189 -0.50964391
vn -0.86356658 0.01648619 -0.50396520
vn -0.49749884 0.02808943 -0.86700970
vn -0.86135250 0.06630455 -0.50366217
vn -0.49538508 0.11338313 -0.86124212
vn -0.49749884 0.02808943 -0.86700970
vn -0.86135381 0.13149010 -0.49069333
vn -0.49540463 0.22484542 -0.83905822
vn -0.49538508 0.11338313 -0.86124212
vn -0.86135381 0.13149010 -0.49069333
vn -0.86134809 0.19441505 -0.46934232
vn -0.49539363 0.33242017 -0.80254722
vn -0.86134809 0.19441505 -0.46934232
vn -0.86135596 0.25398728 -0.43995053
vn -0.49539444 0.43431565 -0.75229931
vn -0.86135453 0.30924845 -0.40303072
vn -0.49540496 0.52880609 -0.68915743
vn -0.49539444 0.43431565 -0.75229931
vn -0.86135453 0.30924845 -0.40303072
vn -0.86134762 0.35923108 -0.35921216
vn -0.49539408 0.61425114 -0.61423135
vn -0.86134762 0.35923108 -0.35921216
vn -0.86138654 0.40295076 -0.30926332
vn -0.49540478 0.68915015 -0.52881575
vn -0.86133301 0.43998763 -0.25400060
vn -0.49538156 0.75230438 -0.43432164
vn -0.49540478 0.68915015 -0.52881575
vn -0.86134660 0.46935132 -0.19440019
vn -0.49537501 0.80256224 -0.33241171
vn -0.49538156 0.75230438 -0.43432164
vn -0.86134660 0.46935132 -0.19440019
vn -0.86137319 0.49066108 -0.13148403
vn -0.49537808 0.83907765 -0.22483137
vn -0.86137319 0.49066108 -0.13148403
vn -0.85942847 0.50847614 -0.05324103
vn -0.49351841 0.86493510 -0.09125178
vn -0.85942847 0.50847614 -0.05324103
vn -0.86319005 0.50470293 0.01333684
vn -0.49707785 0.86741316 0.02253803
vn -0.49537963 0.86124462 0.11338799
vn -0.12983708 0.98305190 0.12942721
vn -0.13002960 0.99117792 0.02566641
vn -0.49537870 0.83907729 0.22483139
vn -0.12983732 0.95774609 0.25664109
vn -0.12983708 0.98305190 0.12942721
vn -0.49537870 0.83907729 0.22483139
vn -0.49537525 0.80256212 0.33241153
vn -0.12981650 0.91606164 0.37944543
vn -0.49539119 0.75229961 0.43431890
vn -0.12983622 0.85869712 0.49576381
vn -0.12981650 0.91606164 0.37944543
vn -0.49539119 0.75229961 0.43431890
vn -0.49538788 0.68916893 0.52880728
vn -0.12981568 0.78663850 0.60361224
vn -0.49538788 0.68916893 0.52880728
vn -0.49539417 0.61423904 0.61424351
vn -0.12981956 0.70112431 0.70112163
vn -0.49540508 0.52878809 0.68917125
vn -0.12982787 0.60360670 0.78664076
vn -0.12981956 0.70112431 0.70112163
vn -0.49539241 0.43433031 0.75229222
vn -0.12982363 0.49576649 0.85869753
vn -0.12982787 0.60360670 0.78664076
vn -0.49539241 0.43433031 0.75229222
vn -0.49540079 0.33243117 0.80253822
vn -0.12982841 0.37944588 0.91605973
vn -0.49540401 0.22484531 0.83905870
vn -0.12982473 0.25663278 0.95775002
vn -0.12982841 0.37944588 0.91605973
vn -0.49540401 0.22484531 0.83905870
vn -0.49301815 0.08569080 0.86578870
vn -0.12943968 0.09768833 0.98676360
vn -0.49301815 0.08569080 0.86578870
vn -0.49748799 -0.02808948 0.86701602
vn -0.13009205 -0.03210387 0.99098206
vn -0.49541402 -0.11338094 0.86122578
vn -0.12983593 -0.12941428 0.98305368
vn -0.13009205 -0.03210387 0.99098206
vn -0.49540398 -0.22484526 0.83905870
vn -0.12982473 -0.25662968 0.95775086
vn -0.12983593 -0.12941428 0.98305368
vn -0.49540398 -0.22484526 0.83905870
vn -0.49540079 -0.33243117 0.80253822
vn -0.12982836 -0.37944558 0.91605985
vn -0.49539241 -0.43433028 0.75229222
vn -0.12982360 -0.49576634 0.85869765
vn -0.12982836 -0.37944558 0.91605985
vn -0.49539241 -0.43433028 0.75229222
vn -0.49540502 -0.52878809 0.68917131
vn -0.12982790 -0.60360581 0.78664148
vn -0.49540502 -0.52878809 0.68917131
vn -0.49539411 -0.61423904 0.61424345
vn -0.12981950 -0.70112181 0.70112419
vn -0.49538782 -0.68916893 0.52880728
vn -0.12981562 -0.78663373 0.60361856
vn -0.12981950 -0.70112181 0.70112419
vn -0.49539116 -0.75229961 0.43431896
vn -0.12983622 -0.85869569 0.49576622
vn -0.12981562 -0.78663373 0.60361856
vn -0.49539116 -0.75229961 0.43431896
vn -0.49537525 -0.80256212 0.33241156
vn -0.12981647 -0.91606158 0.37944537
vn -0.49537870 -0.83907735 0.22483140
vn -0.12983735 -0.95774633 0.25664032
vn -0.12981647 -0.91606158 0.37944537
vn -0.49537870 -0.83907735 0.22483140
vn -0.49352068 -0.86493379 0.09125164
vn -0.12952396 -0.98609996 0.10406912
vn -0.49352068 -0.86493379 0.09125164
vn -0.49707848 -0.86741281 -0.02253800
vn -0.13002995 -0.99117780 -0.02566640
vn -0.49537843 -0.86124516 -0.11338811
vn -0.12983373 -0.98305225 -0.12942731
vn -0.13002995 -0.99117780 -0.02566640
vn -0.49537820 -0.83907765 -0.22483140
vn -0.12984064 -0.95774567 -0.25664088
vn -0.12983373 -0.98305225 -0.12942731
vn -0.49537820 -0.83907765 -0.22483140
vn -0.49537498 -0.80256224 -0.33241171
vn -0.12981178 -0.91606212 -0.37944576
vn -0.49538156 -0.75230432 -0.43432164
vn -0.12982287 -0.85869867 -0.49576467
vn -0.12981178 -0.91606212 -0.37944576
vn -0.49538156 -0.75230432 -0.43432164
vn -0.49540478 -0.68915027 -0.52881575
vn -0.12982364 -0.78663766 -0.60361159
vn -0.49540478 -0.68915027 -0.52881575
vn -0.49539408 -0.61425114 -0.61423135
vn -0.12982492 -0.70112377 -0.70112121
vn -0.49540496 -0.52880609 -0.68915743
vn -0.12982850 -0.60360688 -0.78664058
vn -0.12982492 -0.70112377 -0.70112121
vn -0.49539444 -0.43431562 -0.75229931
vn -0.12981692 -0.49576727 -0.85869807
vn -0.12982850 -0.60360688 -0.78664058
vn -0.49539444 -0.43431562 -0.75229931
vn -0.49539360 -0.33242017 -0.80254716
vn -0.12982163 -0.37944001 -0.91606313
vn -0.49540463 -0.22484544 -0.83905822
vn -0.12982473 -0.25663447 -0.95774961
vn -0.12982163 -0.37944001 -0.91606313
vn -0.49540463 -0.22484544 -0.83905822
vn -0.49297443 -0.08569285 -0.86581343
vn -0.12940203 -0.09768842 -0.98676854
vn -0.49297443 -0.08569285 -0.86581343
vn -0.49749884 0.02808943 -0.86700970
vn -0.13010265 0.03210397 -0.99098063
vn -0.49538508 0.11338313 -0.86124212
vn -0.12981148 0.12941465 -0.98305690
vn -0.13010265 0.03210397 -0.99098063
vn -0.49540463 0.22484542 -0.83905822
vn -0.12982473 0.25663280 -0.95775008
vn -0.12981148 0.12941465 -0.98305690
vn -0.49540463 0.22484542 -0.83905822
vn -0.49539363 0.33242017 -0.80254722
vn -0.12982163 0.37943843 -0.91606373
vn -0.49539444 0.43431565 -0.75229931
vn -0.12981689 0.49576712 -0.85869819
vn -0.12982163 0.37943843 -0.91606373
vn -0.49539444 0.43431565 -0.75229931
vn -0.49540496 0.52880609 -0.68915743
vn -0.12982851 0.60360593 -0.78664124
vn -0.49540496 0.52880609 -0.68915743
vn -0.49539408 0.61425114 -0.61423135
vn -0.12982488 0.70112121 -0.70112377
vn -0.49540478 0.68915015 -0.52881575
vn -0.12982358 0.78663296 -0.60361779
vn -0.12982488 0.70112121 -0.70112377
vn -0.49538156 0.75230438 -0.43432164
vn -0.12982285 0.85869730 -0.49576706
vn -0.12982358 0.78663296 -0.60361779
vn -0.49538156 0.75230438 -0.43432164
vn -0.49537501 0.80256224 -0.33241171
vn -0.12981176 0.91606212 -0.37944573
vn -0.49537808 0.83907765 -0.22483137
vn -0.12984067 0.95774591 -0.25664017
vn -0.12981176 0.91606212 -0.37944573
vn -0.49537808 0.83907765 -0.22483137
vn -0.49351841 0.86493510 -0.09125178
vn -0.12952025 0.98610044 -0.10406926
vn -0.49351841 0.86493510 -0.09125178
vn -0.49707785 0.86741316 0.02253803
vn -0.13002960 0.99117792 0.02566641
vn -0.12983708 0.98305190 0.12942721
vn 0.12982456 0.98305428 0.12942128
vn 0.13004689 0.99117559 0.02566586
vn -0.12983732 0.95774609 0.25664109
vn 0.12982526 0.95775199 0.25662518
vn 0.12982456 0.98305428 0.12942128
vn -0.12981650 0.91606164 0.37944543
vn 0.12981674 0.91606355 0.37944055
vn 0.12982526 0.95775199 0.25662518
vn -0.12983622 0.85869712 0.49576381
vn 0.12983613 0.85869735 0.49576339
vn 0.12981674 0.91606355 0.37944055
vn -0.12981568 0.78663850 0.60361224
vn 0.12981586 0.78664225 0.60360736
vn 0.12983613 0.85869735 0.49576339
vn -0.12981956 0.70112431 0.70112163
vn 0.12981911 0.70112681 0.70111930
vn 0.12981586 0.78664225 0.60360736
vn -0.12982787 0.60360670 0.78664076
vn 0.12982127 0.60361356 0.78663665
vn 0.12981911 0.70112681 0.70111930
vn -0.12982363 0.49576649 0.85869753
vn 0.12983029 0.49576643 0.85869658
vn 0.12982127 0.60361356 0.78663665
vn -0.12982841 0.37944588 0.91605973
vn 0.12983114 0.37943912 0.91606212
vn 0.12983029 0.49576643 0.85869658
vn -0.12982473 0.25663278 0.95775002
vn 0.12982482 0.25663313 0.95774996
vn 0.12983114 0.37943912 0.91606212
vn -0.12943968 0.09768833 0.98676360
vn 0.12943974 0.09768729 0.98676372
vn 0.12982482 0.25663313 0.95774996
vn -0.13009205 -0.03210387 0.99098206
vn 0.13009210 -0.03210774 0.99098188
vn 0.12943974 0.09768729 0.98676372
vn -0.12983593 -0.12941428 0.98305368
vn 0.12984566 -0.12942001 0.98305166
vn 0.13009210 -0.03210774 0.99098188
vn -0.12982473 -0.25662968 0.95775086
vn 0.12982480 -0.25663334 0.95774990
vn 0.12984566 -0.12942001 0.98305166
vn -0.12982836 -0.37944558 0.91605985
vn 0.12983114 -0.37943956 0.91606194
vn 0.12982480 -0.25663334 0.95774990
vn -0.12982360 -0.49576634 0.85869765
vn 0.12983029 -0.49576899 0.85869503
vn 0.12983114 -0.37943956 0.91606194
vn -0.12982790 -0.60360581 0.78664148
vn 0.12982124 -0.60361439 0.78663594
vn 0.12983029 -0.49576899 0.85869503
vn -0.12981950 -0.70112181 0.70112419
vn 0.12981910 -0.70112640 0.70111966
vn 0.12982124 -0.60361439 0.78663594
vn -0.12981562 -0.78663373 0.60361856
vn 0.12981585 -0.78664529 0.60360342
vn 0.12981910 -0.70112640 0.70111966
vn -0.12983622 -0.85869569 0.49576622
vn 0.12983607 -0.85870081 0.49575740
vn 0.12981585 -0.78664529 0.60360342
vn -0.12981647 -0.91606158 0.37944537
vn 0.12981674 -0.91606462 0.37943810
vn 0.12983607 -0.85870081 0.49575740
vn -0.12983735 -0.95774633 0.25664032
vn 0.12982525 -0.95775181 0.25662595
vn 0.12981674 -0.91606462 0.37943810
vn -0.12952396 -0.98609996 0.10406912
vn 0.12951462 -0.98610109 0.10407057
vn 0.12982525 -0.95775181 0.25662595
vn -0.13002995 -0.99117780 -0.02566640
vn 0.13004725 -0.99117553 -0.02566585
vn 0.12951462 -0.98610109 0.10407057
vn -0.12983373 -0.98305225 -0.12942731
vn 0.12982191 -0.98305464 -0.12942138
vn 0.13004725 -0.99117553 -0.02566585
vn -0.12984064 -0.95774567 -0.25664088
vn 0.12982695 -0.95775181 -0.25662515
vn 0.12982191 -0.98305464 -0.12942138
vn -0.12981178 -0.91606212 -0.37944576
vn 0.12981054 -0.91606426 -0.37944096
vn 0.12982695 -0.95775181 -0.25662515
vn -0.12982287 -0.85869867 -0.49576467
vn 0.12982613 -0.85869855 -0.49576408
vn 0.12981054 -0.91606426 -0.37944096
vn -0.12982364 -0.78663766 -0.60361159
vn 0.12982167 -0.78664178 -0.60360682
vn 0.12982613 -0.85869855 -0.49576408
vn -0.12982492 -0.70112377 -0.70112121
vn 0.12982462 -0.70112616 -0.70111889
vn 0.12982167 -0.78664178 -0.60360682
vn -0.12982850 -0.60360688 -0.78664058
vn 0.12982272 -0.60361356 -0.78663635
vn 0.12982462 -0.70112616 -0.70111889
vn -0.12981692 -0.49576727 -0.85869807
vn 0.12982026 -0.49574563 -0.85870999
vn 0.12982272 -0.60361356 -0.78663635
vn -0.12982163 -0.37944001 -0.91606313
vn 0.12982114 -0.37945491 -0.91605705
vn 0.12982026 -0.49574563 -0.85870999
vn -0.12982473 -0.25663447 -0.95774961
vn 0.12982479 -0.25663283 -0.95775002
vn 0.12982114 -0.37945491 -0.91605705
vn -0.12940203 -0.09768842 -0.98676854
vn 0.12940246 -0.09768772 -0.98676848
vn 0.12982479 -0.25663283 -0.95775002
vn -0.13010265 0.03210397 -0.99098063
vn 0.13010105 0.03210786 -0.99098080
vn 0.12940246 -0.09768772 -0.98676848
vn -0.12981148 0.12941465 -0.98305690
vn 0.12980661 0.12942061 -0.98305672
vn 0.13010105 0.03210786 -0.99098080
vn -0.12982473 0.25663280 -0.95775008
vn 0.12982479 0.25663447 -0.95774955
vn 0.12980661 0.12942061 -0.98305672
vn -0.12982163 0.37943843 -0.91606373
vn 0.12982111 0.37945396 -0.91605741
vn 0.12982479 0.25663447 -0.95774955
vn -0.12981689 0.49576712 -0.85869819
vn 0.12982026 0.49574816 -0.85870856
vn 0.12982111 0.37945396 -0.91605741
vn -0.12982851 0.60360593 -0.78664124
vn 0.12982270 0.60361451 -0.78663570
vn 0.12982026 0.49574816 -0.85870856
vn -0.12982488 0.70112121 -0.70112377
vn 0.12982464 0.70112574 -0.70111924
vn 0.12982270 0.60361451 -0.78663570
vn -0.12982358 0.78663296 -0.60361779
vn 0.12982164 0.78664476 -0.60360283
vn 0.12982464 0.70112574 -0.70111924
vn -0.12982285 0.85869730 -0.49576706
vn 0.12982604 0.85870200 -0.49575809
vn 0.12982164 0.78664476 -0.60360283
vn -0.12981176 0.91606212 -0.37944573
vn 0.12981053 0.91606534 -0.37943849
vn 0.12982604 0.85870200 -0.49575809
vn -0.12984067 0.95774591 -0.25664017
vn 0.12982692 0.95775157 -0.25662586
vn 0.12981053 0.91606534 -0.37943849
vn -0.12952025 0.98610044 -0.10406926
vn 0.12951158 0.98610145 -0.10407066
vn 0.12982692 0.95775157 -0.25662586
vn -0.13002960 0.99117792 0.02566641
vn 0.13004689 0.99117559 0.02566586
vn 0.12951158 0.98610145 -0.10407066
vn 0.13004689 0.99117559 0.02566586
vn 0.12982456 0.98305428 0.12942128
vn 0.49538592 0.86124039 0.11339248
vn 0.12982456 0.98305428 0.12942128
vn 0.12982526 0.95775199 0.25662518
vn 0.49537006 0.83908373 0.22482653
vn 0.12981674 0.91606355 0.37944055
vn 0.49537519 0.80255777 0.33242211
vn 0.49537006 0.83908373 0.22482653
vn 0.12981674 0.91606355 0.37944055
vn 0.12983613 0.85869735 0.49576339
vn 0.49538550 0.75229400 0.43433508
vn 0.12981586 0.78664225 0.60360736
vn 0.49536875 0.68917507 0.52881700
vn 0.49538550 0.75229400 0.43433508
vn 0.12981911 0.70112681 0.70111930
vn 0.49537185 0.61424989 0.61425072
vn 0.49536875 0.68917507 0.52881700
vn 0.12981911 0.70112681 0.70111930
vn 0.12982127 0.60361356 0.78663665
vn 0.49537197 0.52881551 0.68917406
vn 0.12982127 0.60361356 0.78663665
vn 0.12983029 0.49576643 0.85869658
vn 0.49537900 0.43432781 0.75230247
vn 0.12983114 0.37943912 0.91606212
vn 0.49538437 0.33243161 0.80254817
vn 0.49537900 0.43432781 0.75230247
vn 0.12983114 0.37943912 0.91606212
vn 0.12982482 0.25663313 0.95774996
vn 0.49538767 0.22483258 0.83907175
vn 0.12943974 0.09768729 0.98676372
vn 0.49299109 0.08569230 0.86580402
vn 0.49538767 0.22483258 0.83907175
vn 0.13009210 -0.03210774 0.99098188
vn 0.49746561 -0.02809644 0.86702853
vn 0.49299109 0.08569230 0.86580402
vn 0.13009210 -0.03210774 0.99098188
vn 0.12984566 -0.12942001 0.98305166
vn 0.49539739 -0.11336394 0.86123747
vn 0.12984566 -0.12942001 0.98305166
vn 0.12982480 -0.25663334 0.95774990
vn 0.49538767 -0.22483258 0.83907175
vn 0.12983114 -0.37943956 0.91606194
vn 0.49538442 -0.33243161 0.80254817
vn 0.49538767 -0.22483258 0.83907175
vn 0.12983114 -0.37943956 0.91606194
vn 0.12983029 -0.49576899 0.85869503
vn 0.49537903 -0.43432778 0.75230247
vn 0.12982124 -0.60361439 0.78663594
vn 0.49537197 -0.52881551 0.68917394
vn 0.49537903 -0.43432778 0.75230247
vn 0.12981910 -0.70112640 0.70111966
vn 0.49537185 -0.61424989 0.61425072
vn 0.49537197 -0.52881551 0.68917394
vn 0.12981910 -0.70112640 0.70111966
vn 0.12981585 -0.78664529 0.60360342
vn 0.49536881 -0.68917513 0.52881700
vn 0.12981585 -0.78664529 0.60360342
vn 0.12983607 -0.85870081 0.49575740
vn 0.49538550 -0.75229400 0.43433514
vn 0.12981674 -0.91606462 0.37943810
vn 0.49537525 -0.80255777 0.33242211
vn 0.49538550 -0.75229400 0.43433514
vn 0.12981674 -0.91606462 0.37943810
vn 0.12982525 -0.95775181 0.25662595
vn 0.49537006 -0.83908373 0.22482651
vn 0.12951462 -0.98610109 0.10407057
vn 0.49346185 -0.86496717 0.09125401
vn 0.49537006 -0.83908373 0.22482651
vn 0.13004725 -0.99117553 -0.02566585
vn 0.49707687 -0.86741370 -0.02253938
vn 0.49346185 -0.86496717 0.09125401
vn 0.13004725 -0.99117553 -0.02566585
vn 0.12982191 -0.98305464 -0.12942138
vn 0.49538556 -0.86124057 -0.11339254
vn 0.12982191 -0.98305464 -0.12942138
vn 0.12982695 -0.95775181 -0.25662515
vn 0.49536803 -0.83908480 -0.22482680
vn 0.12981054 -0.91606426 -0.37944096
vn 0.49537340 -0.80255866 -0.33242249
vn 0.49536803 -0.83908480 -0.22482680
vn 0.12981054 -0.91606426 -0.37944096
vn 0.12982613 -0.85869855 -0.49576408
vn 0.49537992 -0.75229681 -0.43433660
vn 0.12982167 -0.78664178 -0.60360682
vn 0.49536306 -0.68918467 -0.52880991
vn 0.49537992 -0.75229681 -0.43433660
vn 0.12982462 -0.70112616 -0.70111889
vn 0.49538860 -0.61423576 -0.61425120
vn 0.49536306 -0.68918467 -0.52880991
vn 0.12982462 -0.70112616 -0.70111889
vn 0.12982272 -0.60361356 -0.78663635
vn 0.49537364 -0.52883285 -0.68915951
vn 0.12982272 -0.60361356 -0.78663635
vn 0.12982026 -0.49574563 -0.85870999
vn 0.49536493 -0.43433896 -0.75230533
vn 0.12982114 -0.37945491 -0.91605705
vn 0.49536958 -0.33245951 -0.80254567
vn 0.49536493 -0.43433896 -0.75230533
vn 0.12982114 -0.37945491 -0.91605705
vn 0.12982479 -0.25663283 -0.95775002
vn 0.49538589 -0.22483355 -0.83907253
vn 0.12940246 -0.09768772 -0.98676848
vn 0.49295232 -0.08569444 -0.86582595
vn 0.49538589 -0.22483355 -0.83907253
vn 0.13010105 0.03210786 -0.99098080
vn 0.49747738 0.02809635 -0.86702186
vn 0.49295232 -0.08569444 -0.86582595
vn 0.13010105 0.03210786 -0.99098080
vn 0.12980661 0.12942061 -0.98305672
vn 0.49536267 0.11336663 -0.86125714
vn 0.12980661 0.12942061 -0.98305672
vn 0.12982479 0.25663447 -0.95774955
vn 0.49538589 0.22483353 -0.83907253
vn 0.12982111 0.37945396 -0.91605741
vn 0.49536958 0.33245957 -0.80254573
vn 0.49538589 0.22483353 -0.83907253
vn 0.12982111 0.37945396 -0.91605741
vn 0.12982026 0.49574816 -0.85870856
vn 0.49536490 0.43433896 -0.75230527
vn 0.12982270 0.60361451 -0.78663570
vn 0.49537361 0.52883285 -0.68915951
vn 0.49536490 0.43433896 -0.75230527
vn 0.12982464 0.70112574 -0.70111924
vn 0.49538860 0.61423582 -0.61425120
vn 0.49537361 0.52883285 -0.68915951
vn 0.12982464 0.70112574 -0.70111924
vn 0.12982164 0.78664476 -0.60360283
vn 0.49536309 0.68918467 -0.52880991
vn 0.12982164 0.78664476 -0.60360283
vn 0.12982604 0.85870200 -0.49575809
vn 0.49537984 0.75229681 -0.43433663
vn 0.12981053 0.91606534 -0.37943849
vn 0.49537343 0.80255866 -0.33242249
vn 0.49537984 0.75229681 -0.43433663
vn 0.12981053 0.91606534 -0.37943849
vn 0.12982692 0.95775157 -0.25662586
vn 0.49536806 0.83908486 -0.22482678
vn 0.12951158 0.98610145 -0.10407066
vn 0.49346042 0.86496788 -0.09125408
vn 0.49536806 0.83908486 -0.22482678
vn 0.13004689 0.99117559 0.02566586
vn 0.49707666 0.86741382 0.02253939
vn 0.49346042 0.86496788 -0.09125408
vn 0.49707666 0.86741382 0.02253939
vn 0.49538592 0.86124039 0.11339248
vn 0.86135161 0.50366294 0.06630914
vn 0.49538592 0.86124039 0.11339248
vn 0.49537006 0.83908373 0.22482653
vn 0.86135602 0.49069241 0.13147850
vn 0.49537006 0.83908373 0.22482653
vn 0.49537519 0.80255777 0.33242211
vn 0.86135244 0.46933955 0.19440249
vn 0.49538550 0.75229400 0.43433508
vn 0.86135036 0.43995214 0.25400335
vn 0.86135244 0.46933955 0.19440249
vn 0.49536875 0.68917507 0.52881700
vn 0.86134434 0.40305173 0.30924931
vn 0.86135036 0.43995214 0.25400335
vn 0.49537185 0.61424989 0.61425072
vn 0.86135036 0.35922530 0.35921124
vn 0.86134434 0.40305173 0.30924931
vn 0.49537197 0.52881551 0.68917406
vn 0.86135817 0.30923909 0.40303022
vn 0.86135036 0.35922530 0.35921124
vn 0.49537900 0.43432781 0.75230247
vn 0.86135757 0.25399339 0.43994376
vn 0.86135817 0.30923909 0.40303022
vn 0.49537900 0.43432781 0.75230247
vn 0.49538437 0.33243161 0.80254817
vn 0.86135352 0.19441785 0.46933118
vn 0.49538437 0.33243161 0.80254817
vn 0.49538767 0.22483258 0.83907175
vn 0.86135346 0.13148420 0.49069566
vn 0.49299109 0.08569230 0.86580402
vn 0.85894156 0.04996477 0.50963020
vn 0.86135346 0.13148420 0.49069566
vn 0.49746561 -0.02809644 0.86702853
vn 0.86356866 -0.01648597 0.50396168
vn 0.85894156 0.04996477 0.50963020
vn 0.49746561 -0.02809644 0.86702853
vn 0.49539739 -0.11336394 0.86123747
vn 0.86135918 -0.06630138 0.50365114
vn 0.49539739 -0.11336394 0.86123747
vn 0.49538767 -0.22483258 0.83907175
vn 0.86135346 -0.13148420 0.49069566
vn 0.49538442 -0.33243161 0.80254817
vn 0.86135352 -0.19441785 0.46933123
vn 0.86135346 -0.13148420 0.49069566
vn 0.49537903 -0.43432778 0.75230247
vn 0.86135757 -0.25399342 0.43994379
vn 0.86135352 -0.19441785 0.46933123
vn 0.49537903 -0.43432778 0.75230247
vn 0.49537197 -0.52881551 0.68917394
vn 0.86135817 -0.30923912 0.40303022
vn 0.49537197 -0.52881551 0.68917394
vn 0.49537185 -0.61424989 0.61425072
vn 0.86135042 -0.35922530 0.35921124
vn 0.49537185 -0.61424989 0.61425072
vn 0.49536881 -0.68917513 0.52881700
vn 0.86134434 -0.40305173 0.30924931
vn 0.49536881 -0.68917513 0.52881700
vn 0.49538550 -0.75229400 0.43433514
vn 0.86135036 -0.43995216 0.25400338
vn 0.49538550 -0.75229400 0.43433514
vn 0.49537525 -0.80255777 0.33242211
vn 0.86135244 -0.46933952 0.19440247
vn 0.49537006 -0.83908373 0.22482651
vn 0.86135608 -0.49069244 0.13147852
vn 0.86135244 -0.46933952 0.19440247
vn 0.49346185 -0.86496717 0.09125401
vn 0.85941803 -0.50849366 0.05324347
vn 0.86135608 -0.49069244 0.13147852
vn 0.49707687 -0.86741370 -0.02253938
vn 0.86316937 -0.50473839 -0.01333415
vn 0.85941803 -0.50849366 0.05324347
vn 0.49707687 -0.86741370 -0.02253938
vn 0.49538556 -0.86124057 -0.11339254
vn 0.86135322 -0.50366038 -0.06630869
vn 0.49538556 -0.86124057 -0.11339254
vn 0.49536803 -0.83908480 -0.22482680
vn 0.86135495 -0.49069425 -0.13147917
vn 0.49536803 -0.83908480 -0.22482680
vn 0.49537340 -0.80255866 -0.33242249
vn 0.86135471 -0.46933609 -0.19440097
vn 0.49537992 -0.75229681 -0.43433660
vn 0.86136115 -0.43992943 -0.25400588
vn 0.86135471 -0.46933609 -0.19440097
vn 0.49536306 -0.68918467 -0.52880991
vn 0.86135113 -0.40304297 -0.30924189
vn 0.86136115 -0.43992943 -0.25400588
vn 0.49536306 -0.68918467 -0.52880991
vn 0.49538860 -0.61423576 -0.61425120
vn 0.86136240 -0.35919270 -0.35921511
vn 0.49538860 -0.61423576 -0.61425120
vn 0.49537364 -0.52883285 -0.68915951
vn 0.86134934 -0.30927199 -0.40302366
vn 0.49536493 -0.43433896 -0.75230533
vn 0.86136079 -0.25399181 -0.43993819
vn 0.86134934 -0.30927199 -0.40302366
vn 0.49536493 -0.43433896 -0.75230533
vn 0.49536958 -0.33245951 -0.80254567
vn 0.86134982 -0.19443049 -0.46933272
vn 0.49536958 -0.33245951 -0.80254567
vn 0.49538589 -0.22483355 -0.83907253
vn 0.86135828 -0.13147831 -0.49068871
vn 0.49295232 -0.08569444 -0.86582595
vn 0.85893613 -0.04996549 -0.50963932
vn 0.86135828 -0.13147831 -0.49068871
vn 0.49747738 0.02809635 -0.86702186
vn 0.86357099 0.01648580 -0.50395763
vn 0.85893613 -0.04996549 -0.50963932
vn 0.49747738 0.02809635 -0.86702186
vn 0.49536267 0.11336663 -0.86125714
vn 0.86135644 0.06630220 -0.50365579
vn 0.49536267 0.11336663 -0.86125714
vn 0.49538589 0.22483353 -0.83907253
vn 0.86135823 0.13147829 -0.49068871
vn 0.49536958 0.33245957 -0.80254573
vn 0.86134982 0.19443050 -0.46933278
vn 0.86135823 0.13147829 -0.49068871
vn 0.49536490 0.43433896 -0.75230527
vn 0.86136091 0.25399181 -0.43993819
vn 0.86134982 0.19443050 -0.46933278
vn 0.49536490 0.43433896 -0.75230527
vn 0.49537361 0.52883285 -0.68915951
vn 0.86134934 0.30927199 -0.40302369
vn 0.49538860 0.61423582 -0.61425120
vn 0.86136234 0.35919273 -0.35921514
vn 0.86134934 0.30927199 -0.40302369
vn 0.49536309 0.68918467 -0.52880991
vn 0.86135113 0.40304297 -0.30924189
vn 0.86136234 0.35919273 -0.35921514
vn 0.49536309 0.68918467 -0.52880991
vn 0.49537984 0.75229681 -0.43433663
vn 0.86136115 0.43992943 -0.25400591
vn 0.49537984 0.75229681 -0.43433663
vn 0.49537343 0.80255866 -0.33242249
vn 0.86135471 0.46933612 -0.19440097
vn 0.49536806 0.83908486 -0.22482678
vn 0.86135495 0.49069425 -0.13147917
vn 0.86135471 0.46933612 -0.19440097
vn 0.49346042 0.86496788 -0.09125408
vn 0.85941952 0.50849128 -0.05324307
vn 0.86135495 0.49069425 -0.13147917
vn 0.49707666 0.86741382 0.02253939
vn 0.86316943 0.50473827 0.01333417
vn 0.85941952 0.50849128 -0.05324307
vn 0.86135161 0.50366294 0.06630914
vn 0.96592343 0.25661427 0.03377930
vn 0.96591532 0.25876343 0.00700326
vn 0.86135161 0.50366294 0.06630914
vn 0.86135602 0.49069241 0.13147850
vn 0.96593606 0.24996197 0.06698109
vn 0.86135244 0.46933955 0.19440249
vn 0.96592629 0.23911962 0.09903660
vn 0.96593606 0.24996197 0.06698109
vn 0.86135036 0.43995214 0.25400335
vn 0.96592897 0.22413595 0.12939987
vn 0.96592629 0.23911962 0.09903660
vn 0.86134434 0.40305173 0.30924931
vn 0.96592563 0.20534638 0.15754493
vn 0.96592897 0.22413595 0.12939987
vn 0.86134434 0.40305173 0.30924931
vn 0.86135036 0.35922530 0.35921124
vn 0.96592540 0.18303469 0.18299307
vn 0.86135036 0.35922530 0.35921124
vn 0.86135817 0.30923909 0.40303022
vn 0.96593571 0.15752789 0.20531233
vn 0.86135817 0.30923909 0.40303022
vn 0.86135757 0.25399339 0.43994376
vn 0.96593082 0.12940036 0.22412769
vn 0.86135352 0.19441785 0.46933118
vn 0.96593142 0.09903809 0.23909812
vn 0.96593082 0.12940036 0.22412769
vn 0.86135346 0.13148420 0.49069566
vn 0.96593159 0.06698531 0.24997817
vn 0.96593142 0.09903809 0.23909812
vn 0.86135346 0.13148420 0.49069566
vn 0.85894156 0.04996477 0.50963020
vn 0.96589452 0.02489950 0.25773594
vn 0.86356866 -0.01648597 0.50396168
vn 0.96589518 -0.00858036 0.25879103
vn 0.96589452 0.02489950 0.25773594
vn 0.86356866 -0.01648597 0.50396168
vn 0.86135918 -0.06630138 0.50365114
vn 0.96593100 -0.03379105 0.25658417
vn 0.86135346 -0.13148420 0.49069566
vn 0.96593159 -0.06698531 0.24997817
vn 0.96593100 -0.03379105 0.25658417
vn 0.86135346 -0.13148420 0.49069566
vn 0.86135352 -0.19441785 0.46933123
vn 0.96593142 -0.09903809 0.23909813
vn 0.86135352 -0.19441785 0.46933123
vn 0.86135757 -0.25399342 0.43994379
vn 0.96593082 -0.12940036 0.22412774
vn 0.86135817 -0.30923912 0.40303022
vn 0.96593571 -0.15752789 0.20531231
vn 0.96593082 -0.12940036 0.22412774
vn 0.86135042 -0.35922530 0.35921124
vn 0.96592534 -0.18303469 0.18299307
vn 0.96593571 -0.15752789 0.20531231
vn 0.86134434 -0.40305173 0.30924931
vn 0.96592563 -0.20534638 0.15754493
vn 0.96592534 -0.18303469 0.18299307
vn 0.86134434 -0.40305173 0.30924931
vn 0.86135036 -0.43995216 0.25400338
vn 0.96592891 -0.22413595 0.12939987
vn 0.86135036 -0.43995216 0.25400338
vn 0.86135244 -0.46933952 0.19440247
vn 0.96592629 -0.23911962 0.09903660
vn 0.86135244 -0.46933952 0.19440247
vn 0.86135608 -0.49069244 0.13147852
vn 0.96593612 -0.24996197 0.06698110
vn 0.85941803 -0.50849366 0.05324347
vn 0.96591079 -0.25750023 0.02664477
vn 0.96593612 -0.24996197 0.06698110
vn 0.86316937 -0.50473839 -0.01333415
vn 0.96591556 -0.25876278 -0.00700318
vn 0.96591079 -0.25750023 0.02664477
vn 0.86135322 -0.50366038 -0.06630869
vn 0.96592277 -0.25661665 -0.03377958
vn 0.96591556 -0.25876278 -0.00700318
vn 0.86135322 -0.50366038 -0.06630869
vn 0.86135495 -0.49069425 -0.13147917
vn 0.96593654 -0.24996036 -0.06698073
vn 0.86135471 -0.46933609 -0.19440097
vn 0.96592969 -0.23910587 -0.09903635
vn 0.96593654 -0.24996036 -0.06698073
vn 0.86136115 -0.43992943 -0.25400588
vn 0.96594459 -0.22406879 -0.12940004
vn 0.96592969 -0.23910587 -0.09903635
vn 0.86136115 -0.43992943 -0.25400588
vn 0.86135113 -0.40304297 -0.30924189
vn 0.96593386 -0.20530662 -0.15754685
vn 0.86136240 -0.35919270 -0.35921511
vn 0.96593165 -0.18300524 -0.18298966
vn 0.96593386 -0.20530662 -0.15754685
vn 0.86136240 -0.35919270 -0.35921511
vn 0.86134934 -0.30927199 -0.40302366
vn 0.96592557 -0.15758924 -0.20531297
vn 0.86134934 -0.30927199 -0.40302366
vn 0.86136079 -0.25399181 -0.43993819
vn 0.96593618 -0.12936522 -0.22412489
vn 0.86134982 -0.19443049 -0.46933272
vn 0.96592867 -0.09906158 -0.23909974
vn 0.96593618 -0.12936522 -0.22412489
vn 0.86134982 -0.19443049 -0.46933272
vn 0.86135828 -0.13147831 -0.49068871
vn 0.96593112 -0.06697854 -0.24998187
vn 0.86135828 -0.13147831 -0.49068871
vn 0.85893613 -0.04996549 -0.50963932
vn 0.96589226 -0.02490266 -0.25774419
vn 0.86357099 0.01648580 -0.50395763
vn 0.96589822 0.00857985 -0.25877985
vn 0.96589226 -0.02490266 -0.25774419
vn 0.86357099 0.01648580 -0.50395763
vn 0.86135644 0.06630220 -0.50365579
vn 0.96593112 0.03379419 -0.25658333
vn 0.86135823 0.13147829 -0.49068871
vn 0.96593112 0.06697854 -0.24998185
vn 0.96593112 0.03379419 -0.25658333
vn 0.86134982 0.19443050 -0.46933278
vn 0.96592867 0.09906158 -0.23909974
vn 0.96593112 0.06697854 -0.24998185
vn 0.86134982 0.19443050 -0.46933278
vn 0.86136091 0.25399181 -0.43993819
vn 0.96593618 0.12936524 -0.22412491
vn 0.86134934 0.30927199 -0.40302369
vn 0.96592563 0.15758926 -0.20531298
vn 0.96593618 0.12936524 -0.22412491
vn 0.86136234 0.35919273 -0.35921514
vn 0.96593165 0.18300524 -0.18298966
vn 0.96592563 0.15758926 -0.20531298
vn 0.86136234 0.35919273 -0.35921514
vn 0.86135113 0.40304297 -0.30924189
vn 0.96593386 0.20530662 -0.15754685
vn 0.86136115 0.43992943 -0.25400591
vn 0.96594459 0.22406879 -0.12940004
vn 0.96593386 0.20530662 -0.15754685
vn 0.86136115 0.43992943 -0.25400591
vn 0.86135471 0.46933612 -0.19440097
vn 0.96592969 0.23910587 -0.09903634
vn 0.86135471 0.46933612 -0.19440097
vn 0.86135495 0.49069425 -0.13147917
vn 0.96593654 0.24996035 -0.06698072
vn 0.85941952 0.50849128 -0.05324307
vn 0.96591049 0.25750148 -0.02664497
vn 0.96593654 0.24996035 -0.06698072
vn 0.86316943 0.50473827 0.01333417
vn 0.96591532 0.25876343 0.00700326
vn 0.96591049 0.25750148 -0.02664497
vn -1.00000000 0.00000907 0.00000000
vn -1.00000000 0.00000907 0.00000000
vn -1.00000000 0.00000907 0.00000000
vn -1.00000000 0.00000000 0.00000000
vn -1.00000000 0.00000000 0.00000000
vn -1.00000000 0.00000000 0.00000000
vn -1.00000000 0.00000000 0.00000000
vn -1.00000000 0.00000000 0.00000000
vn -1.00000000 0.00000000 0.00000000
vn -0.99999994 0.00033653 0.00000000
vn -0.99999994 0.00033653 0.00000000
vn -0.99999994 0.00033653 0.00000000
vn -1.00000000 0.00000000 0.00000000
vn -1.00000000 0.00000000 0.00000000
vn -1.00000000 0.00000000 0.00000000
vn -1.00000000 0.00000000 0.00000000
vn -1.00000000 0.00000000 0.00000000
vn -1.00000000 0.00000000 0.00000000
vn -1.00000000 0.00000000 0.00000000
vn -1.00000000 0.00000000 0.00000000
vn -1.00000000 0.00000000 0.00000000
vn -1.00000000 0.00000000 0.00000000
vn -1.00000000 0.00000000 0.00000000
vn -1.00000000 0.00000000 0.00000000
vn -0.99999994 0.00000000 0.00000000
vn -0.99999994 0.00000000 0.00000000
vn -0.99999994 0.00000000 0.00000000
vn -1.00000000 0.00000000 0.00000000
vn -1.00000000 0.00000000 0.00000000
vn -1.00000000 0.00000000 0.00000000
vn -1.00000000 0.00000000 0.00000000
vn -1.00000000 0.00000000 0.00000000
vn -1.00000000 0.00000000 0.00000000
vn -1.00000000 -0.00000907 0.00000000
vn -1.00000000 -0.00000907 0.00000000
vn -1.00000000 -0.00000907 0.00000000
vn -1.00000000 0.00016829 0.00000000
vn -1.00000000 0.00016829 0.00000000
vn -1.00000000 0.00016829 0.00000000
vn -1.00000000 0.00000000 0.00000000
vn -1.00000000 0.00000000 0.00000000
vn -1.00000000 0.00000000 0.00000000
vn -1.00000000 0.00000000 0.00000000
vn -1.00000000 0.00000000 0.00000000
vn -1.00000000 0.00000000 0.00000000
vn -0.99999994 -0.00033653 0.00000000
vn -0.99999994 -0.00033653 0.00000000
vn -0.99999994 -0.00033653 0.00000000
vn -1.00000000 0.00000000 0.00000000
vn -1.00000000 0.00000000 0.00000000
vn -1.00000000 0.00000000 0.00000000
vn -0.99999988 0.00033656 0.00000000
vn -0.99999988 0.00033656 0.00000000
vn -0.99999988 0.00033656 0.00000000
vn -1.00000000 0.00000000 0.00000000
vn -1.00000000 0.00000000 0.00000000
vn -1.00000000 0.00000000 0.00000000
vn -0.99999994 0.00033653 0.00000000
vn -0.99999994 0.00033653 0.00000000
vn -0.99999994 0.00033653 0.00000000
vn -0.99999988 0.00033656 0.00000000
vn -0.99999988 0.00033656 0.00000000
vn -0.99999988 0.00033656 0.00000000
vn -0.99999988 -0.00045131 0.00000000
vn -0.99999988 -0.00045131 0.00000000
vn -0.99999988 -0.00045131 0.00000000
vn -1.00000000 0.00000000 0.00000000
vn -1.00000000 0.00000000 0.00000000
vn -1.00000000 0.00000000 0.00000000
vn -1.00000000 0.00000000 0.00000000
vn -1.00000000 0.00000000 0.00000000
vn -1.00000000 0.00000000 0.00000000
vn -1.00000000 0.00000000 0.00000000
vn -1.00000000 0.00000000 0.00000000
vn -1.00000000 0.00000000 0.00000000
vn -1.00000000 0.00000000 0.00000000
vn -1.00000000 0.00000000 0.00000000
vn -1.00000000 0.00000000 0.00000000
vn -1.00000000 0.00000000 0.00000000
vn -1.00000000 0.00000000 0.00000000
vn -1.00000000 0.00000000 0.00000000
vn -1.00000000 0.00000000 0.00000000
vn -1.00000000 0.00000000 0.00000000
vn -1.00000000 0.00000000 0.00000000
vn -1.00000000 0.00000000 0.00000000
vn -1.00000000 0.00000000 0.00000000
vn -1.00000000 0.00000000 0.00000000
vn -1.00000000 0.00000000 0.00000000
vn -1.00000000 0.00000000 0.00000000
vn -1.00000000 0.00000000 0.00000000
vn -1.00000000 0.00022566 0.00000000
vn -1.00000000 0.00022566 0.00000000
vn -1.00000000 0.00022566 0.00000000
vn -0.99999988 -0.00033656 0.00000000
vn -0.99999988 -0.00033656 0.00000000
vn -0.99999988 -0.00033656 0.00000000
vn -0.99999994 -0.00033653 0.00000000
vn -0.99999994 -0.00033653 0.00000000
vn -0.99999994 -0.00033653 0.00000000
vn -0.99999988 -0.00033656 0.00000000
vn -0.99999988 -0.00033656 0.00000000
vn -0.99999988 -0.00033656 0.00000000
vn -1.00000000 0.00000000 0.00000000
vn -1.00000000 0.00000000 0.00000000
vn -1.00000000 0.00000000 0.00000000
vn -1.00000000 0.00000000 0.00000000
vn -1.00000000 0.00000000 0.00000000
vn -1.00000000 0.00000000 0.00000000
vn -1.00000000 0.00000000 0.00000000
vn -1.00000000 0.00000000 0.00000000
vn -1.00000000 0.00000000 0.00000000
vn -1.00000000 0.00000000 0.00000000
vn -1.00000000 0.00000000 0.00000000
vn -1.00000000 0.00000000 0.00000000
vn -1.00000000 0.00000000 0.00000000
vn -1.00000000 0.00000000 0.00000000
vn -1.00000000 0.00000000 0.00000000
vn -1.00000000 -0.00001892 0.00000000
vn -1.00000000 -0.00001892 0.00000000
vn -1.00000000 -0.00001892 0.00000000
vn -1.00000000 0.00000000 0.00000000
vn -1.00000000 0.00000000 0.00000000
vn -1.00000000 0.00000000 0.00000000
vn -1.00000000 0.00000000 0.00000000
vn -1.00000000 0.00000000 0.00000000
vn -1.00000000 0.00000000 0.00000000
vn -1.00000000 0.00000000 0.00000000
vn -1.00000000 0.00000000 0.00000000
vn -1.00000000 0.00000000 0.00000000
vn -1.00000000 0.00000000 0.00000000
vn -1.00000000 0.00000000 0.00000000
vn -1.00000000 0.00000000 0.00000000
vn -1.00000000 0.00000000 0.00000000
vn -1.00000000 0.00000000 0.00000000
vn -1.00000000 0.00000000 0.00000000
vn 1.00000000 0.00000000 0.00000000
vn 1.00000000 0.00000000 0.00000000
vn 1.00000000 0.00000000 0.00000000
vn 1.00000000 0.00000000 0.00000000
vn 1.00000000 0.00000000 0.00000000
vn 1.00000000 0.00000000 0.00000000
vn 1.00000000 0.00000000 0.00000000
vn 1.00000000 0.00000000 0.00000000
vn 1.00000000 0.00000000 0.00000000
vn 1.00000000 0.00000000 0.00000000
vn 1.00000000 0.00000000 0.00000000
vn 1.00000000 0.00000000 0.00000000
vn 1.00000000 0.00000000 0.00000000
vn 1.00000000 0.00000000 0.00000000
vn 1.00000000 0.00000000 0.00000000
vn 0.99999994 0.00000000 0.00000000
vn 0.99999994 0.00000000 0.00000000
vn 0.99999994 0.00000000 0.00000000
vn 1.00000000 0.00000000 0.00000000
vn 1.00000000 0.00000000 0.00000000
vn 1.00000000 0.00000000 0.00000000
vn 1.00000000 0.00000000 0.00000000
vn 1.00000000 0.00000000 0.00000000
vn 1.00000000 0.00000000 0.00000000
vn 1.00000000 0.00000000 0.00000000
vn 1.00000000 0.00000000 0.00000000
vn 1.00000000 0.00000000 0.00000000
vn 1.00000000 0.00000000 0.00000000
vn 1.00000000 0.00000000 0.00000000
vn 1.00000000 0.00000000 0.00000000
vn 1.00000000 0.00000000 0.00000000
vn 1.00000000 0.00000000 0.00000000
vn 1.00000000 0.00000000 0.00000000
vn 1.00000000 0.00000000 0.00000000
vn 1.00000000 0.00000000 0.00000000
vn 1.00000000 0.00000000 0.00000000
vn 0.99999994 0.00000000 0.00000000
vn 0.99999994 0.00000000 0.00000000
vn 0.99999994 0.00000000 0.00000000
vn 1.00000000 0.00000000 0.00000000
vn 1.00000000 0.00000000 0.00000000
vn 1.00000000 0.00000000 0.00000000
vn 1.00000000 0.00000000 0.00000000
vn 1.00000000 0.00000000 0.00000000
vn 1.00000000 0.00000000 0.00000000
vn 1.00000000 0.00000000 0.00000000
vn 1.00000000 0.00000000 0.00000000
vn 1.00000000 0.00000000 0.00000000
vn 1.00000000 0.00000000 0.00000000
vn 1.00000000 0.00000000 0.00000000
vn 1.00000000 0.00000000 0.00000000
vn 1.00000000 0.00000000 0.00000000
vn 1.00000000 0.00000000 0.00000000
vn 1.00000000 0.00000000 0.00000000
vn 1.00000000 0.00000000 0.00000000
vn 1.00000000 0.00000000 0.00000000
vn 1.00000000 0.00000000 0.00000000
vn 0.99999994 0.00000000 0.00000000
vn 0.99999994 0.00000000 0.00000000
vn 0.99999994 0.00000000 0.00000000
vn 1.00000000 0.00022761 0.00000000
vn 1.00000000 0.00022761 0.00000000
vn 1.00000000 0.00022761 0.00000000
vn 1.00000000 -0.00022567 0.00000000
vn 1.00000000 -0.00022567 0.00000000
vn 1.00000000 -0.00022567 0.00000000
vn 1.00000000 0.00000000 0.00000000
vn 1.00000000 0.00000000 0.00000000
vn 1.00000000 0.00000000 0.00000000
vn 1.00000000 0.00000000 0.00000000
vn 1.00000000 0.00000000 0.00000000
vn 1.00000000 0.00000000 0.00000000
vn 1.00000000 0.00000000 0.00000000
vn 1.00000000 0.00000000 0.00000000
vn 1.00000000 0.00000000 0.00000000
vn 1.00000000 0.00000000 0.00000000
vn 1.00000000 0.00000000 0.00000000
vn 1.00000000 0.00000000 0.00000000
vn 1.00000000 0.00000000 0.00000000
vn 1.00000000 0.00000000 0.00000000
vn 1.00000000 0.00000000 0.00000000
vn 1.00000000 0.00000000 0.00000000
vn 1.00000000 0.00000000 0.00000000
vn 1.00000000 0.00000000 0.00000000
vn 1.00000000 0.00000000 0.00000000
vn 1.00000000 0.00000000 0.00000000
vn 1.00000000 0.00000000 0.00000000
vn 1.00000000 -0.00016827 0.00000000
vn 1.00000000 -0.00016827 0.00000000
vn 1.00000000 -0.00016827 0.00000000
vn 1.00000000 0.00000000 0.00000000
vn 1.00000000 0.00000000 0.00000000
vn 1.00000000 0.00000000 0.00000000
vn 1.00000000 0.00000000 0.00000000
vn 1.00000000 0.00000000 0.00000000
vn 1.00000000 0.00000000 0.00000000
vn 0.99999994 0.00033657 0.00000000
vn 0.99999994 0.00033657 0.00000000
vn 0.99999994 0.00033657 0.00000000
vn 1.00000000 0.00000000 0.00000000
vn 1.00000000 0.00000000 0.00000000
vn 1.00000000 0.00000000 0.00000000
vn 1.00000000 0.00000000 0.00000000
vn 1.00000000 0.00000000 0.00000000
vn 1.00000000 0.00000000 0.00000000
vn 1.00000000 0.00000000 0.00000000
vn 1.00000000 0.00000000 0.00000000
vn 1.00000000 0.00000000 0.00000000
vn 1.00000000 -0.00008523 0.00000000
vn 1.00000000 -0.00008523 0.00000000
vn 1.00000000 -0.00008523 0.00000000
vn 0.99999994 -0.00003784 0.00000000
vn 0.99999994 -0.00003784 0.00000000
vn 0.99999994 -0.00003784 0.00000000
vn 1.00000000 0.00006019 0.00000000
vn 1.00000000 0.00006019 0.00000000
vn 1.00000000 0.00006019 0.00000000
vn 1.00000000 -0.00005814 0.00000000
vn 1.00000000 -0.00005814 0.00000000
vn 1.00000000 -0.00005814 0.00000000
vn 1.00000000 0.00000000 0.00000000
vn 1.00000000 0.00000000 0.00000000
vn 1.00000000 0.00000000 0.00000000
vn 1.00000000 0.00000000 0.00000000
vn 1.00000000 0.00000000 0.00000000
vn 1.00000000 0.00000000 0.00000000
vn 1.00000000 0.00000000 0.00000000
vn 1.00000000 0.00000000 0.00000000
vn 1.00000000 0.00000000 0.00000000
vn 1.00000000 0.00005814 0.00000000
vn 1.00000000 0.00005814 0.00000000
vn 1.00000000 0.00005814 0.00000000
vn 1.00000000 0.00001122 0.00000000
vn 1.00000000 0.00001122 0.00000000
vn 1.00000000 0.00001122 0.00000000
f 1/1/1 50/2/2 49/3/3
f 3/4/4 50/5/5 2/6/6
f 3/7/7 52/8/8 51/9/9
f 4/10/10 53/11/11 52/12/12
f 5/13/13 54/14/14 53/15/15
f 7/16/16 54/17/17 6/18/18
f 8/19/19 55/20/20 7/21/21
f 9/22/22 56/23/23 8/24/24
f 9/25/25 58/26/26 57/27/27
f 10/28/28 59/29/29 58/30/30
f 12/31/31 59/32/32 11/33/33
f 12/34/34 61/35/35 60/36/36
f 14/37/37 61/38/38 13/39/39
f 14/40/40 63/41/41 62/42/42
f 16/43/43 63/44/44 15/45/45
f 17/46/46 64/47/47 16/48/48
f 17/49/49 66/50/50 65/51/51
f 18/52/52 67/53/53 66/54/54
f 19/55/55 68/56/56 67/57/57
f 21/58/58 68/59/59 20/60/60
f 22/61/61 69/62/62 21/63/63
f 23/64/64 70/65/65 22/66/66
f 23/67/67 72/68/68 71/69/69
f 24/70/70 73/71/71 72/72/72
f 25/73/73 74/74/74 73/75/75
f 27/76/76 74/77/77 26/78/78
f 27/79/79 76/80/80 75/81/81
f 28/82/82 77/83/83 76/84/84
f 30/85/85 77/86/86 29/87/87
f 30/88/88 79/89/89 78/90/90
f 32/91/91 79/92/92 31/93/93
f 33/94/94 80/95/95 32/96/96
f 33/97/97 82/98/98 81/99/99
f 35/100/100 82/101/101 34/102/102
f 36/103/103 83/104/104 35/105/105
f 36/106/106 85/107/107 84/108/108
f 38/109/109 85/110/110 37/111/111
f 38/112/112 87/113/113 86/114/114
f 39/115/115 88/116/116 87/117/117
f 41/118/118 88/119/119 40/120/120
f 41/121/121 90/122/122 89/123/123
f 42/124/124 91/125/125 90/126/126
f 44/127/127 91/128/128 43/129/129
f 44/130/130 93/131/131 92/132/132
f 46/133/133 93/134/134 45/135/135
f 47/136/136 94/137/137 46/138/138
f 47/139/139 96/140/140 95/141/141
f 48/142/142 49/143/143 96/144/144
f 50/145/145 97/146/146 49/147/147
f 51/148/148 98/149/149 50/150/150
f 52/151/151 99/152/152 51/153/153
f 52/154/154 101/155/155 100/156/156
f 53/157/157 102/158/158 101/159/159
f 54/160/160 103/161/161 102/162/162
f 55/163/163 104/164/164 103/165/165
f 56/166/166 105/167/167 104/168/168
f 58/169/169 105/170/170 57/171/171
f 59/172/172 106/173/173 58/174/174
f 59/175/175 108/176/176 107/177/177
f 60/178/178 109/179/179 108/180/180
f 62/181/181 109/182/182 61/183/183
f 63/184/184 110/185/185 62/186/186
f 63/187/187 112/188/188 111/189/189
f 64/190/190 113/191/191 112/192/192
f 66/193/193 113/194/194 65/195/195
f 67/196/196 114/197/197 66/198/198
f 68/199/199 115/200/200 67/201/201
f 69/202/202 116/203/203 68/204/204
f 70/205/205 117/206/206 69/207/207
f 70/208/208 119/209/209 118/210/210
f 71/211/211 120/212/212 119/213/213
f 72/214/214 121/215/215 120/216/216
f 74/217/217 121/218/218 73/219/219
f 75/220/220 122/221/221 74/222/222
f 76/223/223 123/224/224 75/225/225
f 76/226/226 125/227/227 124/228/228
f 77/229/229 126/230/230 125/231/231
f 79/232/232 126/233/233 78/234/234
f 80/235/235 127/236/236 79/237/237
f 80/238/238 129/239/239 128/240/240
f 82/241/241 129/242/242 81/243/243
f 83/244/244 130/245/245 82/246/246
f 83/247/247 132/248/248 131/249/249
f 84/250/250 133/251/251 132/252/252
f 86/253/253 133/254/254 85/255/255
f 87/256/256 134/257/257 86/258/258
f 87/259/259 136/260/260 135/261/261
f 88/262/262 137/263/263 136/264/264
f 90/265/265 137/266/266 89/267/267
f 90/268/268 139/269/269 138/270/270
f 91/271/271 140/272/272 139/273/273
f 93/274/274 140/275/275 92/276/276
f 94/277/277 141/278/278 93/279/279
f 94/280/280 143/281/281 142/282/282
f 95/283/283 144/284/284 143/285/285
f 96/286/286 97/287/287 144/288/288
f 98/289/289 145/290/290 97/291/291
f 99/292/292 146/293/293 98/294/294
f 99/295/295 148/296/296 147/297/297
f 101/298/298 148/299/299 100/300/300
f 101/301/301 150/302/302 149/303/303
f 102/304/304 151/305/305 150/306/306
f 104/307/307 151/308/308 103/309/309
f 105/310/310 152/311/311 104/312/312
f 105/313/313 154/314/314 153/315/315
f 107/316/316 154/317/317 106/318/318
f 107/319/319 156/320/320 155/321/321
f 108/322/322 157/323/323 156/324/324
f 110/325/325 157/326/326 109/327/327
f 111/328/328 158/329/329 110/330/330
f 111/331/331 160/332/332 159/333/333
f 113/334/334 160/335/335 112/336/336
f 113/337/337 162/338/338 161/339/339
f 114/340/340 163/341/341 162/342/342
f 116/343/343 163/344/344 115/345/345
f 117/346/346 164/347/347 116/348/348
f 117/349/349 166/350/350 165/351/351
f 119/352/352 166/353/353 118/354/354
f 119/355/355 168/356/356 167/357/357
f 120/358/358 169/359/359 168/360/360
f 122/361/361 169/362/362 121/363/363
f 123/364/364 170/365/365 122/366/366
f 123/367/367 172/368/368 171/369/369
f 125/370/370 172/371/371 124/372/372
f 125/373/373 174/374/374 173/375/375
f 126/376/376 175/377/377 174/378/378
f 128/379/379 175/380/380 127/381/381
f 129/382/382 176/383/383 128/384/384
f 129/385/385 178/386/386 177/387/387
f 131/388/388 178/389/389 130/390/390
f 131/391/391 180/392/392 179/393/393
f 132/394/394 181/395/395 180/396/396
f 134/397/397 181/398/398 133/399/399
f 135/400/400 182/401/401 134/402/402
f 135/403/403 184/404/404 183/405/405
f 137/406/406 184/407/407 136/408/408
f 137/409/409 186/410/410 185/411/411
f 138/412/412 187/413/413 186/414/414
f 140/415/415 187/416/416 139/417/417
f 141/418/418 188/419/419 140/420/420
f 141/421/421 190/422/422 189/423/423
f 143/424/424 190/425/425 142/426/426
f 143/427/427 192/428/428 191/429/429
f 144/430/430 145/431/431 192/432/432
f 146/433/433 193/434/434 145/435/435
f 147/436/436 194/437/437 146/438/438
f 148/439/439 195/440/440 147/441/441
f 149/442/442 196/443/443 148/444/444
f 150/445/445 197/446/446 149/447/447
f 151/448/448 198/449/449 150/450/450
f 152/451/451 199/452/452 151/453/453
f 153/454/454 200/455/455 152/456/456
f 154/457/457 201/458/458 153/459/459
f 155/460/460 202/461/461 154/462/462
f 156/463/463 203/464/464 155/465/465
f 157/466/466 204/467/467 156/468/468
f 158/469/469 205/470/470 157/471/471
f 159/472/472 206/473/473 158/474/474
f 160/475/475 207/476/476 159/477/477
f 161/478/478 208/479/479 160/480/480
f 162/481/481 209/482/482 161/483/483
f 163/484/484 210/485/485 162/486/486
f 164/487/487 211/488/488 163/489/489
f 165/490/490 212/491/491 164/492/492
f 166/493/493 213/494/494 165/495/495
f 167/496/496 214/497/497 166/498/498
f 168/499/499 215/500/500 167/501/501
f 169/502/502 216/503/503 168/504/504
f 170/505/505 217/506/506 169/507/507
f 171/508/508 218/509/509 170/510/510
f 172/511/511 219/512/512 171/513/513
f 173/514/514 220/515/515 172/516/516
f 174/517/517 221/518/518 173/519/519
f 175/520/520 222/521/521 174/522/522
f 176/523/523 223/524/524 175/525/525
f 177/526/526 224/527/527 176/528/528
f 178/529/529 225/530/530 177/531/531
f 179/532/532 226/533/533 178/534/534
f 180/535/535 227/536/536 179/537/537
f 181/538/538 228/539/539 180/540/540
f 182/541/541 229/542/542 181/543/543
f 183/544/544 230/545/545 182/546/546
f 184/547/547 231/548/548 183/549/549
f 185/550/550 232/551/551 184/552/552
f 186/553/553 233/554/554 185/555/555
f 187/556/556 234/557/557 186/558/558
f 188/559/559 235/560/560 187/561/561
f 189/562/562 236/563/563 188/564/564
f 190/565/565 237/566/566 189/567/567
f 191/568/568 238/569/569 190/570/570
f 192/571/571 239/572/572 191/573/573
f 145/574/574 240/575/575 192/576/576
f 193/577/577 242/578/578 241/579/579
f 194/580/580 243/581/581 242/582/582
f 196/583/583 243/584/584 195/585/585
f 196/586/586 245/587/587 244/588/588
f 198/589/589 245/590/590 197/591/591
f 199/592/592 246/593/593 198/594/594
f 199/595/595 248/596/596 247/597/597
f 200/598/598 249/599/599 248/600/600
f 202/601/601 249/602/602 201/603/603
f 202/604/604 251/605/605 250/606/606
f 204/607/607 251/608/608 203/609/609
f 205/610/610 252/611/611 204/612/612
f 205/613/613 254/614/614 253/615/615
f 206/616/616 255/617/617 254/618/618
f 208/619/619 255/620/620 207/621/621
f 208/622/622 257/623/623 256/624/624
f 210/625/625 257/626/626 209/627/627
f 211/628/628 258/629/629 210/630/630
f 211/631/631 260/632/632 259/633/633
f 212/634/634 261/635/635 260/636/636
f 214/637/637 261/638/638 213/639/639
f 214/640/640 263/641/641 262/642/642
f 216/643/643 263/644/644 215/645/645
f 217/646/646 264/647/647 216/648/648
f 217/649/649 266/650/650 265/651/651
f 218/652/652 267/653/653 266/654/654
f 220/655/655 267/656/656 219/657/657
f 220/658/658 269/659/659 268/660/660
f 222/661/661 269/662/662 221/663/663
f 223/664/664 270/665/665 222/666/666
f 223/667/667 272/668/668 271/669/669
f 224/670/670 273/671/671 272/672/672
f 226/673/673 273/674/674 225/675/675
f 226/676/676 275/677/677 274/678/678
f 228/679/679 275/680/680 227/681/681
f 229/682/682 276/683/683 228/684/684
f 229/685/685 278/686/686 277/687/687
f 230/688/688 279/689/689 278/690/690
f 232/691/691 279/692/692 231/693/693
f 232/694/694 281/695/695 280/696/696
f 234/697/697 281/698/698 233/699/699
f 235/700/700 282/701/701 234/702/702
f 235/703/703 284/704/704 283/705/705
f 236/706/706 285/707/707 284/708/708
f 238/709/709 285/710/710 237/711/711
f 238/712/712 287/713/713 286/714/714
f 240/715/715 287/716/716 239/717/717
f 193/718/718 288/719/719 240/720/720
f 241/721/721 290/722/722 289/723/723
f 242/724/724 291/725/725 290/726/726
f 243/727/727 292/728/728 291/729/729
f 245/730/730 292/731/731 244/732/732
f 246/733/733 293/734/734 245/735/735
f 247/736/736 294/737/737 246/738/738
f 248/739/739 295/740/740 247/741/741
f 249/742/742 296/743/743 248/744/744
f 249/745/745 298/746/746 297/747/747
f 250/748/748 299/749/749 298/750/750
f 252/751/751 299/752/752 251/753/753
f 253/754/754 300/755/755 252/756/756
f 253/757/757 302/758/758 301/759/759
f 254/760/760 303/761/761 302/762/762
f 256/763/763 303/764/764 255/765/765
f 257/766/766 304/767/767 256/768/768
f 257/769/769 306/770/770 305/771/771
f 258/772/772 307/773/773 306/774/774
f 259/775/775 308/776/776 307/777/777
f 260/778/778 309/779/779 308/780/780
f 261/781/781 310/782/782 309/783/783
f 263/784/784 310/785/785 262/786/786
f 264/787/787 311/788/788 263/789/789
f 265/790/790 312/791/791 264/792/792
f 265/793/793 314/794/794 313/795/795
f 266/796/796 315/797/797 314/798/798
f 267/799/799 316/800/800 315/801/801
f 269/802/802 316/803/803 268/804/804
f 270/805/805 317/806/806 269/807/807
f 270/808/808 319/809/809 318/810/810
f 271/811/811 320/812/812 319/813/813
f 273/814/814 320/815/815 272/816/816
f 273/817/817 322/818/818 321/819/819
f 274/820/820 323/821/821 322/822/822
f 276/823/823 323/824/824 275/825/825
f 277/826/826 324/827/827 276/828/828
f 277/829/829 326/830/830 325/831/831
f 278/832/832 327/833/833 326/834/834
f 280/835/835 327/836/836 279/837/837
f 281/838/838 328/839/839 280/840/840
f 281/841/841 330/842/842 329/843/843
f 283/844/844 330/845/845 282/846/846
f 284/847/847 331/848/848 283/849/849
f 284/850/850 333/851/851 332/852/852
f 285/853/853 334/854/854 333/855/855
f 287/856/856 334/857/857 286/858/858
f 288/859/859 335/860/860 287/861/861
f 241/862/862 336/863/863 288/864/864
f 290/865/865 337/866/866 289/867/867
f 290/868/868 339/869/869 338/870/870
f 292/871/871 339/872/872 291/873/873
f 293/874/874 340/875/875 292/876/876
f 294/877/877 341/878/878 293/879/879
f 294/880/880 343/881/881 342/882/882
f 295/883/883 344/884/884 343/885/885
f 296/886/886 345/887/887 344/888/888
f 298/889/889 345/890/890 297/891/891
f 299/892/892 346/893/893 298/894/894
f 299/895/895 348/896/896 347/897/897
f 301/898/898 348/899/899 300/900/900
f 301/901/901 350/902/902 349/903/903
f 303/904/904 350/905/905 302/906/906
f 303/907/907 352/908/908 351/909/909
f 304/910/910 353/911/911 352/912/912
f 306/913/913 353/914/914 305/915/915
f 307/916/916 354/917/917 306/918/918
f 308/919/919 355/920/920 307/921/921
f 308/922/922 357/923/923 356/924/924
f 309/925/925 358/926/926 357/927/927
f 310/928/928 359/929/929 358/930/930
f 312/931/931 359/932/932 311/933/933
f 313/934/934 360/935/935 312/936/936
f 314/937/937 361/938/938 313/939/939
f 314/940/940 363/941/941 362/942/942
f 316/943/943 363/944/944 315/945/945
f 317/946/946 364/947/947 316/948/948
f 317/949/949 366/950/950 365/951/951
f 319/952/952 366/953/953 318/954/954
f 319/955/955 368/956/956 367/957/957
f 320/958/958 369/959/959 368/960/960
f 322/961/961 369/962/962 321/963/963
f 322/964/964 371/965/965 370/966/966
f 323/967/967 372/968/968 371/969/969
f 325/970/970 372/971/971 324/972/972
f 325/973/973 374/974/974 373/975/975
f 327/976/976 374/977/977 326/978/978
f 328/979/979 375/980/980 327/981/981
f 328/982/982 377/983/983 376/984/984
f 330/985/985 377/986/986 329/987/987
f 331/988/988 378/989/989 330/990/990
f 331/991/991 380/992/992 379/993/993
f 333/994/994 380/995/995 332/996/996
f 333/997/997 382/998/998 381/999/999
f 334/1000/1000 383/1001/1001 382/1002/1002
f 336/1003/1003 383/1004/1004 335/1005/1005
f 289/1006/1006 384/1007/1007 336/1008/1008
f 21/1009/1009 17/1010/1010 13/1011/1011
f 364/1012/1012 368/1013/1013 372/1014/1014
f 1/1015/1015 2/1016/1016 50/1017/1017
f 3/1018/1018 51/1019/1019 50/1020/1020
f 3/1021/1021 4/1022/1022 52/1023/1023
f 4/1024/1024 5/1025/1025 53/1026/1026
f 5/1027/1027 6/1028/1028 54/1029/1029
f 7/1030/1030 55/1031/1031 54/1032/1032
f 8/1033/1033 56/1034/1034 55/1035/1035
f 9/1036/1036 57/1037/1037 56/1038/1038
f 9/1039/1039 10/1040/1040 58/1041/1041
f 10/1042/1042 11/1043/1043 59/1044/1044
f 12/1045/1045 60/1046/1046 59/1047/1047
f 12/1048/1048 13/1049/1049 61/1050/1050
f 14/1051/1051 62/1052/1052 61/1053/1053
f 14/1054/1054 15/1055/1055 63/1056/1056
f 16/1057/1057 64/1058/1058 63/1059/1059
f 17/1060/1060 65/1061/1061 64/1062/1062
f 17/1063/1063 18/1064/1064 66/1065/1065
f 18/1066/1066 19/1067/1067 67/1068/1068
f 19/1069/1069 20/1070/1070 68/1071/1071
f 21/1072/1072 69/1073/1073 68/1074/1074
f 22/1075/1075 70/1076/1076 69/1077/1077
f 23/1078/1078 71/1079/1079 70/1080/1080
f 23/1081/1081 24/1082/1082 72/1083/1083
f 24/1084/1084 25/1085/1085 73/1086/1086
f 25/1087/1087 26/1088/1088 74/1089/1089
f 27/1090/1090 75/1091/1091 74/1092/1092
f 27/1093/1093 28/1094/1094 76/1095/1095
f 28/1096/1096 29/1097/1097 77/1098/1098
f 30/1099/1099 78/1100/1100 77/1101/1101
f 30/1102/1102 31/1103/1103 79/1104/1104
f 32/1105/1105 80/1106/1106 79/1107/1107
f 33/1108/1108 81/1109/1109 80/1110/1110
f 33/1111/1111 34/1112/1112 82/1113/1113
f 35/1114/1114 83/1115/1115 82/1116/1116
f 36/1117/1117 84/1118/1118 83/1119/1119
f 36/1120/1120 37/1121/1121 85/1122/1122
f 38/1123/1123 86/1124/1124 85/1125/1125
f 38/1126/1126 39/1127/1127 87/1128/1128
f 39/1129/1129 40/1130/1130 88/1131/1131
f 41/1132/1132 89/1133/1133 88/1134/1134
f 41/1135/1135 42/1136/1136 90/1137/1137
f 42/1138/1138 43/1139/1139 91/1140/1140
f 44/1141/1141 92/1142/1142 91/1143/1143
f 44/1144/1144 45/1145/1145 93/1146/1146
f 46/1147/1147 94/1148/1148 93/1149/1149
f 47/1150/1150 95/1151/1151 94/1152/1152
f 47/1153/1153 48/1154/1154 96/1155/1155
f 48/1156/1156 1/1157/1157 49/1158/1158
f 50/1159/1159 98/1160/1160 97/1161/1161
f 51/1162/1162 99/1163/1163 98/1164/1164
f 52/1165/1165 100/1166/1166 99/1167/1167
f 52/1168/1168 53/1169/1169 101/1170/1170
f 53/1171/1171 54/1172/1172 102/1173/1173
f 54/1174/1174 55/1175/1175 103/1176/1176
f 55/1177/1177 56/1178/1178 104/1179/1179
f 56/1180/1180 57/1181/1181 105/1182/1182
f 58/1183/1183 106/1184/1184 105/1185/1185
f 59/1186/1186 107/1187/1187 106/1188/1188
f 59/1189/1189 60/1190/1190 108/1191/1191
f 60/1192/1192 61/1193/1193 109/1194/1194
f 62/1195/1195 110/1196/1196 109/1197/1197
f 63/1198/1198 111/1199/1199 110/1200/1200
f 63/1201/1201 64/1202/1202 112/1203/1203
f 64/1204/1204 65/1205/1205 113/1206/1206
f 66/1207/1207 114/1208/1208 113/1209/1209
f 67/1210/1210 115/1211/1211 114/1212/1212
f 68/1213/1213 116/1214/1214 115/1215/1215
f 69/1216/1216 117/1217/1217 116/1218/1218
f 70/1219/1219 118/1220/1220 117/1221/1221
f 70/1222/1222 71/1223/1223 119/1224/1224
f 71/1225/1225 72/1226/1226 120/1227/1227
f 72/1228/1228 73/1229/1229 121/1230/1230
f 74/1231/1231 122/1232/1232 121/1233/1233
f 75/1234/1234 123/1235/1235 122/1236/1236
f 76/1237/1237 124/1238/1238 123/1239/1239
f 76/1240/1240 77/1241/1241 125/1242/1242
f 77/1243/1243 78/1244/1244 126/1245/1245
f 79/1246/1246 127/1247/1247 126/1248/1248
f 80/1249/1249 128/1250/1250 127/1251/1251
f 80/1252/1252 81/1253/1253 129/1254/1254
f 82/1255/1255 130/1256/1256 129/1257/1257
f 83/1258/1258 131/1259/1259 130/1260/1260
f 83/1261/1261 84/1262/1262 132/1263/1263
f 84/1264/1264 85/1265/1265 133/1266/1266
f 86/1267/1267 134/1268/1268 133/1269/1269
f 87/1270/1270 135/1271/1271 134/1272/1272
f 87/1273/1273 88/1274/1274 136/1275/1275
f 88/1276/1276 89/1277/1277 137/1278/1278
f 90/1279/1279 138/1280/1280 137/1281/1281
f 90/1282/1282 91/1283/1283 139/1284/1284
f 91/1285/1285 92/1286/1286 140/1287/1287
f 93/1288/1288 141/1289/1289 140/1290/1290
f 94/1291/1291 142/1292/1292 141/1293/1293
f 94/1294/1294 95/1295/1295 143/1296/1296
f 95/1297/1297 96/1298/1298 144/1299/1299
f 96/1300/1300 49/1301/1301 97/1302/1302
f 98/1303/1303 146/1304/1304 145/1305/1305
f 99/1306/1306 147/1307/1307 146/1308/1308
f 99/1309/1309 100/1310/1310 148/1311/1311
f 101/1312/1312 149/1313/1313 148/1314/1314
f 101/1315/1315 102/1316/1316 150/1317/1317
f 102/1318/1318 103/1319/1319 151/1320/1320
f 104/1321/1321 152/1322/1322 151/1323/1323
f 105/1324/1324 153/1325/1325 152/1326/1326
f 105/1327/1327 106/1328/1328 154/1329/1329
f 107/1330/1330 155/1331/1331 154/1332/1332
f 107/1333/1333 108/1334/1334 156/1335/1335
f 108/1336/1336 109/1337/1337 157/1338/1338
f 110/1339/1339 158/1340/1340 157/1341/1341
f 111/1342/1342 159/1343/1343 158/1344/1344
f 111/1345/1345 112/1346/1346 160/1347/1347
f 113/1348/1348 161/1349/1349 160/1350/1350
f 113/1351/1351 114/1352/1352 162/1353/1353
f 114/1354/1354 115/1355/1355 163/1356/1356
f 116/1357/1357 164/1358/1358 163/1359/1359
f 117/1360/1360 165/1361/1361 164/1362/1362
f 117/1363/1363 118/1364/1364 166/1365/1365
f 119/1366/1366 167/1367/1367 166/1368/1368
f 119/1369/1369 120/1370/1370 168/1371/1371
f 120/1372/1372 121/1373/1373 169/1374/1374
f 122/1375/1375 170/1376/1376 169/1377/1377
f 123/1378/1378 171/1379/1379 170/1380/1380
f 123/1381/1381 124/1382/1382 172/1383/1383
f 125/1384/1384 173/1385/1385 172/1386/1386
f 125/1387/1387 126/1388/1388 174/1389/1389
f 126/1390/1390 127/1391/1391 175/1392/1392
f 128/1393/1393 176/1394/1394 175/1395/1395
f 129/1396/1396 177/1397/1397 176/1398/1398
f 129/1399/1399 130/1400/1400 178/1401/1401
f 131/1402/1402 179/1403/1403 178/1404/1404
f 131/1405/1405 132/1406/1406 180/1407/1407
f 132/1408/1408 133/1409/1409 181/1410/1410
f 134/1411/1411 182/1412/1412 181/1413/1413
f 135/1414/1414 183/1415/1415 182/1416/1416
f 135/1417/1417 136/1418/1418 184/1419/1419
f 137/1420/1420 185/1421/1421 184/1422/1422
f 137/1423/1423 138/1424/1424 186/1425/1425
f 138/1426/1426 139/1427/1427 187/1428/1428
f 140/1429/1429 188/1430/1430 187/1431/1431
f 141/1432/1432 189/1433/1433 188/1434/1434
f 141/1435/1435 142/1436/1436 190/1437/1437
f 143/1438/1438 191/1439/1439 190/1440/1440
f 143/1441/1441 144/1442/1442 192/1443/1443
f 144/1444/1444 97/1445/1445 145/1446/1446
f 146/1447/1447 194/1448/1448 193/1449/1449
f 147/1450/1450 195/1451/1451 194/1452/1452
f 148/1453/1453 196/1454/1454 195/1455/1455
f 149/1456/1456 197/1457/1457 196/1458/1458
f 150/1459/1459 198/1460/1460 197/1461/1461
f 151/1462/1462 199/1463/1463 198/1464/1464
f 152/1465/1465 200/1466/1466 199/1467/1467
f 153/1468/1468 201/1469/1469 200/1470/1470
f 154/1471/1471 202/1472/1472 201/1473/1473
f 155/1474/1474 203/1475/1475 202/1476/1476
f 156/1477/1477 204/1478/1478 203/1479/1479
f 157/1480/1480 205/1481/1481 204/1482/1482
f 158/1483/1483 206/1484/1484 205/1485/1485
f 159/1486/1486 207/1487/1487 206/1488/1488
f 160/1489/1489 208/1490/1490 207/1491/1491
f 161/1492/1492 209/1493/1493 208/1494/1494
f 162/1495/1495 210/1496/1496 209/1497/1497
f 163/1498/1498 211/1499/1499 210/1500/1500
f 164/1501/1501 212/1502/1502 211/1503/1503
f 165/1504/1504 213/1505/1505 212/1506/1506
f 166/1507/1507 214/1508/1508 213/1509/1509
f 167/1510/1510 215/1511/1511 214/1512/1512
f 168/1513/1513 216/1514/1514 215/1515/1515
f 169/1516/1516 217/1517/1517 216/1518/1518
f 170/1519/1519 218/1520/1520 217/1521/1521
f 171/1522/1522 219/1523/1523 218/1524/1524
f 172/1525/1525 220/1526/1526 219/1527/1527
f 173/1528/1528 221/1529/1529 220/1530/1530
f 174/1531/1531 222/1532/1532 221/1533/1533
f 175/1534/1534 223/1535/1535 222/1536/1536
f 176/1537/1537 224/1538/1538 223/1539/1539
f 177/1540/1540 225/1541/1541 224/1542/1542
f 178/1543/1543 226/1544/1544 225/1545/1545
f 179/1546/1546 227/1547/1547 226/1548/1548
f 180/1549/1549 228/1550/1550 227/1551/1551
f 181/1552/1552 229/1553/1553 228/1554/1554
f 182/1555/1555 230/1556/1556 229/1557/1557
f 183/1558/1558 231/1559/1559 230/1560/1560
f 184/1561/1561 232/1562/1562 231/1563/1563
f 185/1564/1564 233/1565/1565 232/1566/1566
f 186/1567/1567 234/1568/1568 233/1569/1569
f 187/1570/1570 235/1571/1571 234/1572/1572
f 188/1573/1573 236/1574/1574 235/1575/1575
f 189/1576/1576 237/1577/1577 236/1578/1578
f 190/1579/1579 238/1580/1580 237/1581/1581
f 191/1582/1582 239/1583/1583 238/1584/1584
f 192/1585/1585 240/1586/1586 239/1587/1587
f 145/1588/1588 193/1589/1589 240/1590/1590
f 193/1591/1591 194/1592/1592 242/1593/1593
f 194/1594/1594 195/1595/1595 243/1596/1596
f 196/1597/1597 244/1598/1598 243/1599/1599
f 196/1600/1600 197/1601/1601 245/1602/1602
f 198/1603/1603 246/1604/1604 245/1605/1605
f 199/1606/1606 247/1607/1607 246/1608/1608
f 199/1609/1609 200/1610/1610 248/1611/1611
f 200/1612/1612 201/1613/1613 249/1614/1614
f 202/1615/1615 250/1616/1616 249/1617/1617
f 202/1618/1618 203/1619/1619 251/1620/1620
f 204/1621/1621 252/1622/1622 251/1623/1623
f 205/1624/1624 253/1625/1625 252/1626/1626
f 205/1627/1627 206/1628/1628 254/1629/1629
f 206/1630/1630 207/1631/1631 255/1632/1632
f 208/1633/1633 256/1634/1634 255/1635/1635
f 208/1636/1636 209/1637/1637 257/1638/1638
f 210/1639/1639 258/1640/1640 257/1641/1641
f 211/1642/1642 259/1643/1643 258/1644/1644
f 211/1645/1645 212/1646/1646 260/1647/1647
f 212/1648/1648 213/1649/1649 261/1650/1650
f 214/1651/1651 262/1652/1652 261/1653/1653
f 214/1654/1654 215/1655/1655 263/1656/1656
f 216/1657/1657 264/1658/1658 263/1659/1659
f 217/1660/1660 265/1661/1661 264/1662/1662
f 217/1663/1663 218/1664/1664 266/1665/1665
f 218/1666/1666 219/1667/1667 267/1668/1668
f 220/1669/1669 268/1670/1670 267/1671/1671
f 220/1672/1672 221/1673/1673 269/1674/1674
f 222/1675/1675 270/1676/1676 269/1677/1677
f 223/1678/1678 271/1679/1679 270/1680/1680
f 223/1681/1681 224/1682/1682 272/1683/1683
f 224/1684/1684 225/1685/1685 273/1686/1686
f 226/1687/1687 274/1688/1688 273/1689/1689
f 226/1690/1690 227/1691/1691 275/1692/1692
f 228/1693/1693 276/1694/1694 275/1695/1695
f 229/1696/1696 277/1697/1697 276/1698/1698
f 229/1699/1699 230/1700/1700 278/1701/1701
f 230/1702/1702 231/1703/1703 279/1704/1704
f 232/1705/1705 280/1706/1706 279/1707/1707
f 232/1708/1708 233/1709/1709 281/1710/1710
f 234/1711/1711 282/1712/1712 281/1713/1713
f 235/1714/1714 283/1715/1715 282/1716/1716
f 235/1717/1717 236/1718/1718 284/1719/1719
f 236/1720/1720 237/1721/1721 285/1722/1722
f 238/1723/1723 286/1724/1724 285/1725/1725
f 238/1726/1726 239/1727/1727 287/1728/1728
f 240/1729/1729 288/1730/1730 287/1731/1731
f 193/1732/1732 241/1733/1733 288/1734/1734
f 241/1735/1735 242/1736/1736 290/1737/1737
f 242/1738/1738 243/1739/1739 291/1740/1740
f 243/1741/1741 244/1742/1742 292/1743/1743
f 245/1744/1744 293/1745/1745 292/1746/1746
f 246/1747/1747 294/1748/1748 293/1749/1749
f 247/1750/1750 295/1751/1751 294/1752/1752
f 248/1753/1753 296/1754/1754 295/1755/1755
f 249/1756/1756 297/1757/1757 296/1758/1758
f 249/1759/1759 250/1760/1760 298/1761/1761
f 250/1762/1762 251/1763/1763 299/1764/1764
f 252/1765/1765 300/1766/1766 299/1767/1767
f 253/1768/1768 301/1769/1769 300/1770/1770
f 253/1771/1771 254/1772/1772 302/1773/1773
f 254/1774/1774 255/1775/1775 303/1776/1776
f 256/1777/1777 304/1778/1778 303/1779/1779
f 257/1780/1780 305/1781/1781 304/1782/1782
f 257/1783/1783 258/1784/1784 306/1785/1785
f 258/1786/1786 259/1787/1787 307/1788/1788
f 259/1789/1789 260/1790/1790 308/1791/1791
f 260/1792/1792 261/1793/1793 309/1794/1794
f 261/1795/1795 262/1796/1796 310/1797/1797
f 263/1798/1798 311/1799/1799 310/1800/1800
f 264/1801/1801 312/1802/1802 311/1803/1803
f 265/1804/1804 313/1805/1805 312/1806/1806
f 265/1807/1807 266/1808/1808 314/1809/1809
f 266/1810/1810 267/1811/1811 315/1812/1812
f 267/1813/1813 268/1814/1814 316/1815/1815
f 269/1816/1816 317/1817/1817 316/1818/1818
f 270/1819/1819 318/1820/1820 317/1821/1821
f 270/1822/1822 271/1823/1823 319/1824/1824
f 271/1825/1825 272/1826/1826 320/1827/1827
f 273/1828/1828 321/1829/1829 320/1830/1830
f 273/1831/1831 274/1832/1832 322/1833/1833
f 274/1834/1834 275/1835/1835 323/1836/1836
f 276/1837/1837 324/1838/1838 323/1839/1839
f 277/1840/1840 325/1841/1841 324/1842/1842
f 277/1843/1843 278/1844/1844 326/1845/1845
f 278/1846/1846 279/1847/1847 327/1848/1848
f 280/1849/1849 328/1850/1850 327/1851/1851
f 281/1852/1852 329/1853/1853 328/1854/1854
f 281/1855/1855 282/1856/1856 330/1857/1857
f 283/1858/1858 331/1859/1859 330/1860/1860
f 284/1861/1861 332/1862/1862 331/1863/1863
f 284/1864/1864 285/1865/1865 333/1866/1866
f 285/1867/1867 286/1868/1868 334/1869/1869
f 287/1870/1870 335/1871/1871 334/1872/1872
f 288/1873/1873 336/1874/1874 335/1875/1875
f 241/1876/1876 289/1877/1877 336/1878/1878
f 290/1879/1879 338/1880/1880 337/1881/1881
f 290/1882/1882 291/1883/1883 339/1884/1884
f 292/1885/1885 340/1886/1886 339/1887/1887
f 293/1888/1888 341/1889/1889 340/1890/1890
f 294/1891/1891 342/1892/1892 341/1893/1893
f 294/1894/1894 295/1895/1895 343/1896/1896
f 295/1897/1897 296/1898/1898 344/1899/1899
f 296/1900/1900 297/1901/1901 345/1902/1902
f 298/1903/1903 346/1904/1904 345/1905/1905
f 299/1906/1906 347/1907/1907 346/1908/1908
f 299/1909/1909 300/1910/1910 348/1911/1911
f 301/1912/1912 349/1913/1913 348/1914/1914
f 301/1915/1915 302/1916/1916 350/1917/1917
f 303/1918/1918 351/1919/1919 350/1920/1920
f 303/1921/1921 304/1922/1922 352/1923/1923
f 304/1924/1924 305/1925/1925 353/1926/1926
f 306/1927/1927 354/1928/1928 353/1929/1929
f 307/1930/1930 355/1931/1931 354/1932/1932
f 308/1933/1933 356/1934/1934 355/1935/1935
f 308/1936/1936 309/1937/1937 357/1938/1938
f 309/1939/1939 310/1940/1940 358/1941/1941
f 310/1942/1942 311/1943/1943 359/1944/1944
f 312/1945/1945 360/1946/1946 359/1947/1947
f 313/1948/1948 361/1949/1949 360/1950/1950
f 314/1951/1951 362/1952/1952 361/1953/1953
f 314/1954/1954 315/1955/1955 363/1956/1956
f 316/1957/1957 364/1958/1958 363/1959/1959
f 317/1960/1960 365/1961/1961 364/1962/1962
f 317/1963/1963 318/1964/1964 366/1965/1965
f 319/1966/1966 367/1967/1967 366/1968/1968
f 319/1969/1969 320/1970/1970 368/1971/1971
f 320/1972/1972 321/1973/1973 369/1974/1974
f 322/1975/1975 370/1976/1976 369/1977/1977
f 322/1978/1978 323/1979/1979 371/1980/1980
f 323/1981/1981 324/1982/1982 372/1983/1983
f 325/1984/1984 373/1985/1985 372/1986/1986
f 325/1987/1987 326/1988/1988 374/1989/1989
f 327/1990/1990 375/1991/1991 374/1992/1992
f 328/1993/1993 376/1994/1994 375/1995/1995
f 328/1996/1996 329/1997/1997 377/1998/1998
f 330/1999/1999 378/2000/2000 377/2001/2001
f 331/2002/2002 379/2003/2003 378/2004/2004
f 331/2005/2005 332/2006/2006 380/2007/2007
f 333/2008/2008 381/2009/2009 380/2010/2010
f 333/2011/2011 334/2012/2012 382/2013/2013
f 334/2014/2014 335/2015/2015 383/2016/2016
f 336/2017/2017 384/2018/2018 383/2019/2019
f 289/2020/2020 337/2021/2021 384/2022/2022
f 1/2023/2023 48/2024/2024 37/2025/2025
f 48/2026/2026 47/2027/2027 37/2028/2028
f 47/2029/2029 46/2030/2030 45/2031/2031
f 45/2032/2032 44/2033/2033 43/2034/2034
f 43/2035/2035 42/2036/2036 45/2037/2037
f 42/2038/2038 41/2039/2039 45/2040/2040
f 41/2041/2041 40/2042/2042 37/2043/2043
f 40/2044/2044 39/2045/2045 37/2046/2046
f 39/2047/2047 38/2048/2048 37/2049/2049
f 37/2050/2050 36/2051/2051 13/2052/2052
f 36/2053/2053 35/2054/2054 25/2055/2055
f 13/2056/2056 25/2057/2057 24/2058/2058
f 35/2059/2059 34/2060/2060 33/2061/2061
f 33/2062/2062 32/2063/2063 29/2064/2064
f 32/2065/2065 31/2066/2066 29/2067/2067
f 31/2068/2068 30/2069/2069 29/2070/2070
f 29/2071/2071 28/2072/2072 27/2073/2073
f 27/2074/2074 26/2075/2075 25/2076/2076
f 24/2077/2077 23/2078/2078 13/2079/2079
f 23/2080/2080 22/2081/2081 21/2082/2082
f 21/2083/2083 20/2084/2084 19/2085/2085
f 19/2086/2086 18/2087/2087 21/2088/2088
f 18/2089/2089 17/2090/2090 21/2091/2091
f 17/2092/2092 16/2093/2093 15/2094/2094
f 15/2095/2095 14/2096/2096 13/2097/2097
f 13/2098/2098 12/2099/2099 37/2100/2100
f 12/2101/2101 11/2102/2102 1/2103/2103
f 37/2104/2104 12/2105/2105 1/2106/2106
f 11/2107/2107 10/2108/2108 9/2109/2109
f 9/2110/2110 8/2111/2111 5/2112/2112
f 8/2113/2113 7/2114/2114 5/2115/2115
f 7/2116/2116 6/2117/2117 5/2118/2118
f 5/2119/2119 4/2120/2120 3/2121/2121
f 3/2122/2122 2/2123/2123 1/2124/2124
f 47/2125/2125 45/2126/2126 37/2127/2127
f 25/2128/2128 13/2129/2129 36/2130/2130
f 35/2131/2131 33/2132/2132 25/2133/2133
f 29/2134/2134 27/2135/2135 33/2136/2136
f 27/2137/2137 25/2138/2138 33/2139/2139
f 23/2140/2140 21/2141/2141 13/2142/2142
f 17/2143/2143 15/2144/2144 13/2145/2145
f 11/2146/2146 9/2147/2147 1/2148/2148
f 5/2149/2149 3/2150/2150 9/2151/2151
f 3/2152/2152 1/2153/2153 9/2154/2154
f 45/2155/2155 41/2156/2156 37/2157/2157
f 384/2158/2158 337/2159/2159 374/2160/2160
f 337/2161/2161 338/2162/2162 348/2163/2163
f 338/2164/2164 339/2165/2165 340/2166/2166
f 340/2167/2167 341/2168/2168 342/2169/2169
f 342/2170/2170 343/2171/2171 344/2172/2172
f 344/2173/2173 345/2174/2174 346/2175/2175
f 346/2176/2176 347/2177/2177 344/2178/2178
f 347/2179/2179 348/2180/2180 344/2181/2181
f 348/2182/2182 349/2183/2183 373/2184/2184
f 349/2185/2185 350/2186/2186 361/2187/2187
f 372/2188/2188 349/2189/2189 361/2190/2190
f 350/2191/2191 351/2192/2192 352/2193/2193
f 352/2194/2194 353/2195/2195 354/2196/2196
f 354/2197/2197 355/2198/2198 356/2199/2199
f 356/2200/2200 357/2201/2201 358/2202/2202
f 358/2203/2203 359/2204/2204 356/2205/2205
f 359/2206/2206 360/2207/2207 356/2208/2208
f 360/2209/2209 361/2210/2210 350/2211/2211
f 361/2212/2212 362/2213/2213 372/2214/2214
f 362/2215/2215 363/2216/2216 364/2217/2217
f 364/2218/2218 365/2219/2219 368/2220/2220
f 365/2221/2221 366/2222/2222 368/2223/2223
f 366/2224/2224 367/2225/2225 368/2226/2226
f 368/2227/2227 369/2228/2228 370/2229/2229
f 370/2230/2230 371/2231/2231 368/2232/2232
f 371/2233/2233 372/2234/2234 368/2235/2235
f 372/2236/2236 373/2237/2237 349/2238/2238
f 373/2239/2239 374/2240/2240 337/2241/2241
f 348/2242/2242 373/2243/2243 337/2244/2244
f 374/2245/2245 375/2246/2246 376/2247/2247
f 376/2248/2248 377/2249/2249 378/2250/2250
f 378/2251/2251 379/2252/2252 380/2253/2253
f 380/2254/2254 381/2255/2255 382/2256/2256
f 382/2257/2257 383/2258/2258 380/2259/2259
f 383/2260/2260 384/2261/2261 380/2262/2262
f 338/2263/2263 340/2264/2264 348/2265/2265
f 340/2266/2266 342/2267/2267 344/2268/2268
f 350/2269/2269 352/2270/2270 360/2271/2271
f 352/2272/2272 354/2273/2273 360/2274/2274
f 354/2275/2275 356/2276/2276 360/2277/2277
f 362/2278/2278 364/2279/2279 372/2280/2280
f 374/2281/2281 376/2282/2282 384/2283/2283
f 376/2284/2284 378/2285/2285 384/2286/2286
f 378/2287/2287 380/2288/2288 384/2289/2289
f 340/2290/2290 344/2291/2291 348/2292/2292
o rear_led
v -0.0132100005 -0.0015200000 0.0131000010
v -0.0132100005 -0.0015181180 0.0131287165
v -0.0132100005 -0.0015125037 0.0131569412
v -0.0132100005 -0.0015032536 0.0131841917
v -0.0132100005 -0.0014905257 0.0132100005
v -0.0132100005 -0.0014745378 0.0132339280
v -0.0132100005 -0.0014555636 0.0132555645
v -0.0132100005 -0.0014339276 0.0132745383
v -0.0132100005 -0.0014100000 0.0132905263
v -0.0132100005 -0.0013841904 0.0133032538
v -0.0132100005 -0.0013569403 0.0133125046
v -0.0132100005 -0.0013287158 0.0133181186
v -0.0132100005 0.0013000000 0.0133199999
v -0.0132100005 0.0013287158 0.0133181186
v -0.0132100005 0.0013569403 0.0133125046
v -0.0132100005 0.0013841904 0.0133032538
v -0.0132100005 0.0014100000 0.0132905263
v -0.0132100005 0.0014339276 0.0132745383
v -0.0132100005 0.0014555636 0.0132555645
v -0.0132100005 0.0014745378 0.0132339280
v -0.0132100005 0.0014905257 0.0132100005
v -0.0132100005 0.0015032536 0.0131841917
v -0.0132100005 0.0015125037 0.0131569412
v -0.0132100005 0.0015181180 0.0131287165
v -0.0132100005 0.0015200000 0.0129000004
v -0.0132100005 0.0015181180 0.0128712850
v -0.0132100005 0.0015125037 0.0128430603
v -0.0132100005 0.0015032536 0.0128158098
v -0.0132100005 0.0014905257 0.0127900010
v -0.0132100005 0.0014745378 0.0127660725
v -0.0132100005 0.0014555636 0.0127444370
v -0.0132100005 0.0014339276 0.0127254622
v -0.0132100005 0.0014100000 0.0127094751
v -0.0132100005 0.0013841904 0.0126967477
v -0.0132100005 0.0013569403 0.0126874968
v -0.0132100005 0.0013287158 0.0126818828
v -0.0132100005 -0.0013000000 0.0126800006
v -0.0132100005 -0.0013287158 0.0126818828
v -0.0132100005 -0.0013569403 0.0126874968
v -0.0132100005 -0.0013841904 0.0126967477
v -0.0132100005 -0.0014100000 0.0127094751
v -0.0132100005 -0.0014339276 0.0127254622
v -0.0132100005 -0.0014555636 0.0127444370
v -0.0132100005 -0.0014745378 0.0127660725
v -0.0132100005 -0.0014905257 0.0127900010
v -0.0132100005 -0.0015032536 0.0128158098
v -0.0132100005 -0.0015125037 0.0128430603
v -0.0132100005 -0.0015181180 0.0128712850
v -0.0132140201 -0.0015350000 0.0131000010
v -0.0132140201 -0.0015329896 0.0131306741
v -0.0132140201 -0.0015269927 0.0131608238
v -0.0132140201 -0.0015171118 0.0131899314
v -0.0132140201 -0.0015035160 0.0132175004
v -0.0132140201 -0.0014864381 0.0132430596
v -0.0132140201 -0.0014661702 0.0132661713
v -0.0132140201 -0.0014430591 0.0132864388
v -0.0132140201 -0.0014175001 0.0133035174
v -0.0132140201 -0.0013899307 0.0133171128
v -0.0132140201 -0.0013608225 0.0133269932
v -0.0132140201 -0.0013306738 0.0133329900
v -0.0132140201 0.0013000000 0.0133350007
v -0.0132140201 0.0013306738 0.0133329900
v -0.0132140201 0.0013608225 0.0133269932
v -0.0132140201 0.0013899307 0.0133171128
v -0.0132140201 0.0014175001 0.0133035174
v -0.0132140201 0.0014430591 0.0132864388
v -0.0132140201 0.0014661702 0.0132661713
v -0.0132140201 0.0014864381 0.0132430596
v -0.0132140201 0.0015035160 0.0132175004
v -0.0132140201 0.0015171118 0.0131899314
v -0.0132140201 0.0015269927 0.0131608238
v -0.0132140201 0.0015329896 0.0131306741
v -0.0132140201 0.0015350000 0.0129000004
v -0.0132140201 0.0015329896 0.0128693273
v -0.0132140201 0.0015269927 0.0128391776
v -0.0132140201 0.0015171118 0.0128100701
v -0.0132140201 0.0015035160 0.0127825011
v -0.0132140201 0.0014864381 0.0127569418
v -0.0132140201 0.0014661702 0.0127338301
v -0.0132140201 0.0014430591 0.0127135627
v -0.0132140201 0.0014175001 0.0126964841
v -0.0132140201 0.0013899307 0.0126828887
v -0.0132140201 0.0013608225 0.0126730073
v -0.0132140201 0.0013306738 0.0126670105
v -0.0132140201 -0.0013000000 0.0126650007
v -0.0132140201 -0.0013306738 0.0126670105
v -0.0132140201 -0.0013608225 0.0126730073
v -0.0132140201 -0.0013899307 0.0126828887
v -0.0132140201 -0.0014175001 0.0126964841
v -0.0132140201 -0.0014430591 0.0127135627
v -0.0132140201 -0.0014661702 0.0127338301
v -0.0132140201 -0.0014864381 0.0127569418
v -0.0132140201 -0.0015035160 0.0127825011
v -0.0132140201 -0.0015171118 0.0128100701
v -0.0132140201 -0.0015269927 0.0128391776
v -0.0132140201 -0.0015329896 0.0128693273
v -0.0132250013 -0.0015459809 0.0131000010
v -0.0132250013 -0.0015438765 0.0131321074
v -0.0132250013 -0.0015375993 0.0131636653
v -0.0132250013 -0.0015272567 0.0131941335
v -0.0132250013 -0.0015130257 0.0132229906
v -0.0132250013 -0.0014951497 0.0132497437
v -0.0132250013 -0.0014739347 0.0132739348
v -0.0132250013 -0.0014497438 0.0132951504
v -0.0132250013 -0.0014229903 0.0133130262
v -0.0132250013 -0.0013941329 0.0133272568
v -0.0132250013 -0.0013636645 0.0133375991
v -0.0132250013 -0.0013321070 0.0133438762
v -0.0132250013 0.0013000000 0.0133459810
v -0.0132250013 0.0013321070 0.0133438762
v -0.0132250013 0.0013636645 0.0133375991
v -0.0132250013 0.0013941329 0.0133272568
v -0.0132250013 0.0014229903 0.0133130262
v -0.0132250013 0.0014497438 0.0132951504
v -0.0132250013 0.0014739347 0.0132739348
v -0.0132250013 0.0014951497 0.0132497437
v -0.0132250013 0.0015130257 0.0132229906
v -0.0132250013 0.0015272567 0.0131941335
v -0.0132250013 0.0015375993 0.0131636653
v -0.0132250013 0.0015438765 0.0131321074
v -0.0132250013 0.0015459809 0.0129000004
v -0.0132250013 0.0015438765 0.0128678940
v -0.0132250013 0.0015375993 0.0128363362
v -0.0132250013 0.0015272567 0.0128058679
v -0.0132250013 0.0015130257 0.0127770109
v -0.0132250013 0.0014951497 0.0127502568
v -0.0132250013 0.0014739347 0.0127260666
v -0.0132250013 0.0014497438 0.0127048511
v -0.0132250013 0.0014229903 0.0126869753
v -0.0132250013 0.0013941329 0.0126727447
v -0.0132250013 0.0013636645 0.0126624014
v -0.0132250013 0.0013321070 0.0126561243
v -0.0132250013 -0.0013000000 0.0126540195
v -0.0132250013 -0.0013321070 0.0126561243
v -0.0132250013 -0.0013636645 0.0126624014
v -0.0132250013 -0.0013941329 0.0126727447
v -0.0132250013 -0.0014229903 0.0126869753
v -0.0132250013 -0.0014497438 0.0127048511
v -0.0132250013 -0.0014739347 0.0127260666
v -0.0132250013 -0.0014951497 0.0127502568
v -0.0132250013 -0.0015130257 0.0127770109
v -0.0132250013 -0.0015272567 0.0128058679
v -0.0132250013 -0.0015375993 0.0128363362
v -0.0132250013 -0.0015438765 0.0128678940
v -0.0132400012 -0.0015500000 0.0131000010
v -0.0132400012 -0.0015478613 0.0131326318
v -0.0132400012 -0.0015414816 0.0131647047
v -0.0132400012 -0.0015309700 0.0131956721
v -0.0132400012 -0.0015165064 0.0132250013
v -0.0132400012 -0.0014983384 0.0132521912
v -0.0132400012 -0.0014767768 0.0132767772
v -0.0132400012 -0.0014521905 0.0132983383
v -0.0132400012 -0.0014250000 0.0133165075
v -0.0132400012 -0.0013956709 0.0133309709
v -0.0132400012 -0.0013647048 0.0133414818
v -0.0132400012 -0.0013326317 0.0133478623
v -0.0132400012 0.0013000000 0.0133500006
v -0.0132400012 0.0013326317 0.0133478623
v -0.0132400012 0.0013647048 0.0133414818
v -0.0132400012 0.0013956709 0.0133309709
v -0.0132400012 0.0014250000 0.0133165075
v -0.0132400012 0.0014521905 0.0132983383
v -0.0132400012 0.0014767768 0.0132767772
v -0.0132400012 0.0014983384 0.0132521912
v -0.0132400012 0.0015165064 0.0132250013
v -0.0132400012 0.0015309700 0.0131956721
v -0.0132400012 0.0015414816 0.0131647047
v -0.0132400012 0.0015478613 0.0131326318
v -0.0132400012 0.0015500000 0.0129000004
v -0.0132400012 0.0015478613 0.0128673697
v -0.0132400012 0.0015414816 0.0128352959
v -0.0132400012 0.0015309700 0.0128043294
v -0.0132400012 0.0015165064 0.0127750002
v -0.0132400012 0.0014983384 0.0127478102
v -0.0132400012 0.0014767768 0.0127232242
v -0.0132400012 0.0014521905 0.0127016623
v -0.0132400012 0.0014250000 0.0126834940
v -0.0132400012 0.0013956709 0.0126690306
v -0.0132400012 0.0013647048 0.0126585197
v -0.0132400012 0.0013326317 0.0126521392
v -0.0132400012 -0.0013000000 0.0126499999
v -0.0132400012 -0.0013326317 0.0126521392
v -0.0132400012 -0.0013647048 0.0126585197
v -0.0132400012 -0.0013956709 0.0126690306
v -0.0132400012 -0.0014250000 0.0126834940
v -0.0132400012 -0.0014521905 0.0127016623
v -0.0132400012 -0.0014767768 0.0127232242
v -0.0132400012 -0.0014983384 0.0127478102
v -0.0132400012 -0.0015165064 0.0127750002
v -0.0132400012 -0.0015309700 0.0128043294
v -0.0132400012 -0.0015414816 0.0128352959
v -0.0132400012 -0.0015478613 0.0128673697
v -0.0133000007 -0.0015500000 0.0131000010
v -0.0133000007 -0.0015478613 0.0131326318
v -0.0133000007 -0.0015414816 0.0131647047
v -0.0133000007 -0.0015309700 0.0131956721
v -0.0133000007 -0.0015165064 0.0132250013
v -0.0133000007 -0.0014983384 0.0132521912
v -0.0133000007 -0.0014767768 0.0132767772
v -0.0133000007 -0.0014521905 0.0132983383
v -0.0133000007 -0.0014250000 0.0133165075
v -0.0133000007 -0.0013956709 0.0133309709
v -0.0133000007 -0.0013647048 0.0133414818
v -0.0133000007 -0.0013326317 0.0133478623
v -0.0133000007 0.0013000000 0.0133500006
v -0.0133000007 0.0013326317 0.0133478623
v -0.0133000007 0.0013647048 0.0133414818
v -0.0133000007 0.0013956709 0.0133309709
v -0.0133000007 0.0014250000 0.0133165075
v -0.0133000007 0.0014521905 0.0132983383
v -0.0133000007 0.0014767768 0.0132767772
v -0.0133000007 0.0014983384 0.0132521912
v -0.0133000007 0.0015165064 0.0132250013
v -0.0133000007 0.0015309700 0.0131956721
v -0.0133000007 0.0015414816 0.0131647047
v -0.0133000007 0.0015478613 0.0131326318
v -0.0133000007 0.0015500000 0.0129000004
v -0.0133000007 0.0015478613 0.0128673697
v -0.0133000007 0.0015414816 0.0128352959
v -0.0133000007 0.0015309700 0.0128043294
v -0.0133000007 0.0015165064 0.0127750002
v -0.0133000007 0.0014983384 0.0127478102
v -0.0133000007 0.0014767768 0.0127232242
v -0.0133000007 0.0014521905 0.0127016623
v -0.0133000007 0.0014250000 0.0126834940
v -0.0133000007 0.0013956709 0.0126690306
v -0.0133000007 0.0013647048 0.0126585197
v -0.0133000007 0.0013326317 0.0126521392
v -0.0133000007 -0.0013000000 0.0126499999
v -0.0133000007 -0.0013326317 0.0126521392
v -0.0133000007 -0.0013647048 0.0126585197
v -0.0133000007 -0.0013956709 0.0126690306
v -0.0133000007 -0.0014250000 0.0126834940
v -0.0133000007 -0.0014521905 0.0127016623
v -0.0133000007 -0.0014767768 0.0127232242
v -0.0133000007 -0.0014983384 0.0127478102
v -0.0133000007 -0.0015165064 0.0127750002
v -0.0133000007 -0.0015309700 0.0128043294
v -0.0133000007 -0.0015414816 0.0128352959
v -0.0133000007 -0.0015478613 0.0128673697
v -0.0133150015 -0.0015459809 0.0131000010
v -0.0133150015 -0.0015438765 0.0131321074
v -0.0133150015 -0.0015375993 0.0131636653
v -0.0133150015 -0.0015272567 0.0131941335
v -0.0133150015 -0.0015130257 0.0132229906
v -0.0133150015 -0.0014951497 0.0132497437
v -0.0133150015 -0.0014739347 0.0132739348
v -0.0133150015 -0.0014497438 0.0132951504
v -0.0133150015 -0.0014229903 0.0133130262
v -0.0133150015 -0.0013941329 0.0133272568
v -0.0133150015 -0.0013636645 0.0133375991
v -0.0133150015 -0.0013321070 0.0133438762
v -0.0133150015 0.0013000000 0.0133459810
v -0.0133150015 0.0013321070 0.0133438762
v -0.0133150015 0.0013636645 0.0133375991
v -0.0133150015 0.0013941329 0.0133272568
v -0.0133150015 0.0014229903 0.0133130262
v -0.0133150015 0.0014497438 0.0132951504
v -0.0133150015 0.0014739347 0.0132739348
v -0.0133150015 0.0014951497 0.0132497437
v -0.0133150015 0.0015130257 0.0132229906
v -0.0133150015 0.0015272567 0.0131941335
v -0.0133150015 0.0015375993 0.0131636653
v -0.0133150015 0.0015438765 0.0131321074
v -0.0133150015 0.0015459809 0.0129000004
v -0.0133150015 0.0015438765 0.0128678940
v -0.0133150015 0.0015375993 0.0128363362
v -0.0133150015 0.0015272567 0.0128058679
v -0.0133150015 0.0015130257 0.0127770109
v -0.0133150015 0.0014951497 0.0127502568
v -0.0133150015 0.0014739347 0.0127260666
v -0.0133150015 0.0014497438 0.0127048511
v -0.0133150015 0.0014229903 0.0126869753
v -0.0133150015 0.0013941329 0.0126727447
v -0.0133150015 0.0013636645 0.0126624014
v -0.0133150015 0.0013321070 0.0126561243
v -0.0133150015 -0.0013000000 0.0126540195
v -0.0133150015 -0.0013321070 0.0126561243
v -0.0133150015 -0.0013636645 0.0126624014
v -0.0133150015 -0.0013941329 0.0126727447
v -0.0133150015 -0.0014229903 0.0126869753
v -0.0133150015 -0.0014497438 0.0127048511
v -0.0133150015 -0.0014739347 0.0127260666
v -0.0133150015 -0.0014951497 0.0127502568
v -0.0133150015 -0.0015130257 0.0127770109
v -0.0133150015 -0.0015272567 0.0128058679
v -0.0133150015 -0.0015375993 0.0128363362
v -0.0133150015 -0.0015438765 0.0128678940
v -0.0133259818 -0.0015350000 0.0131000010
v -0.0133259818 -0.0015329896 0.0131306741
v -0.0133259818 -0.0015269927 0.0131608238
v -0.0133259818 -0.0015171118 0.0131899314
v -0.0133259818 -0.0015035160 0.0132175004
v -0.0133259818 -0.0014864381 0.0132430596
v -0.0133259818 -0.0014661702 0.0132661713
v -0.0133259818 -0.0014430591 0.0132864388
v -0.0133259818 -0.0014175001 0.0133035174
v -0.0133259818 -0.0013899307 0.0133171128
v -0.0133259818 -0.0013608225 0.0133269932
v -0.0133259818 -0.0013306738 0.0133329900
v -0.0133259818 0.0013000000 0.0133350007
v -0.0133259818 0.0013306738 0.0133329900
v -0.0133259818 0.0013608225 0.0133269932
v -0.0133259818 0.0013899307 0.0133171128
v -0.0133259818 0.0014175001 0.0133035174
v -0.0133259818 0.0014430591 0.0132864388
v -0.0133259818 0.0014661702 0.0132661713
v -0.0133259818 0.0014864381 0.0132430596
v -0.0133259818 0.0015035160 0.0132175004
v -0.0133259818 0.0015171118 0.0131899314
v -0.0133259818 0.0015269927 0.0131608238
v -0.0133259818 0.0015329896 0.0131306741
v -0.0133259818 0.0015350000 0.0129000004
v -0.0133259818 0.0015329896 0.0128693273
v -0.0133259818 0.0015269927 0.0128391776
v -0.0133259818 0.0015171118 0.0128100701
v -0.0133259818 0.0015035160 0.0127825011
v -0.0133259818 0.0014864381 0.0127569418
v -0.0133259818 0.0014661702 0.0127338301
v -0.0133259818 0.0014430591 0.0127135627
v -0.0133259818 0.0014175001 0.0126964841
v -0.0133259818 0.0013899307 0.0126828887
v -0.0133259818 0.0013608225 0.0126730073
v -0.0133259818 0.0013306738 0.0126670105
v -0.0133259818 -0.0013000000 0.0126650007
v -0.0133259818 -0.0013306738 0.0126670105
v -0.0133259818 -0.0013608225 0.0126730073
v -0.0133259818 -0.0013899307 0.0126828887
v -0.0133259818 -0.0014175001 0.0126964841
v -0.0133259818 -0.0014430591 0.0127135627
v -0.0133259818 -0.0014661702 0.0127338301
v -0.0133259818 -0.0014864381 0.0127569418
v -0.0133259818 -0.0015035160 0.0127825011
v -0.0133259818 -0.0015171118 0.0128100701
v -0.0133259818 -0.0015269927 0.0128391776
v -0.0133259818 -0.0015329896 0.0128693273
v -0.0133300014 -0.0015200000 0.0131000010
v -0.0133300014 -0.0015181180 0.0131287165
v -0.0133300014 -0.0015125037 0.0131569412
v -0.0133300014 -0.0015032536 0.0131841917
v -0.0133300014 -0.0014905257 0.0132100005
v -0.0133300014 -0.0014745378 0.0132339280
v -0.0133300014 -0.0014555636 0.0132555645
v -0.0133300014 -0.0014339276 0.0132745383
v -0.0133300014 -0.0014100000 0.0132905263
v -0.0133300014 -0.0013841904 0.0133032538
v -0.0133300014 -0.0013569403 0.0133125046
v -0.0133300014 -0.0013287158 0.0133181186
v -0.0133300014 0.0013000000 0.0133199999
v -0.0133300014 0.0013287158 0.0133181186
v -0.0133300014 0.0013569403 0.0133125046
v -0.0133300014 0.0013841904 0.0133032538
v -0.0133300014 0.0014100000 0.0132905263
v -0.0133300014 0.0014339276 0.0132745383
v -0.0133300014 0.0014555636 0.0132555645
v -0.0133300014 0.0014745378 0.0132339280
v -0.0133300014 0.0014905257 0.0132100005
v -0.0133300014 0.0015032536 0.0131841917
v -0.0133300014 0.0015125037 0.0131569412
v -0.0133300014 0.0015181180 0.0131287165
v -0.0133300014 0.0015200000 0.0129000004
v -0.0133300014 0.0015181180 0.0128712850
v -0.0133300014 0.0015125037 0.0128430603
v -0.0133300014 0.0015032536 0.0128158098
v -0.0133300014 0.0014905257 0.0127900010
v -0.0133300014 0.0014745378 0.0127660725
v -0.0133300014 0.0014555636 0.0127444370
v -0.0133300014 0.0014339276 0.0127254622
v -0.0133300014 0.0014100000 0.0127094751
v -0.0133300014 0.0013841904 0.0126967477
v -0.0133300014 0.0013569403 0.0126874968
v -0.0133300014 0.0013287158 0.0126818828
v -0.0133300014 -0.0013000000 0.0126800006
v -0.0133300014 -0.0013287158 0.0126818828
v -0.0133300014 -0.0013569403 0.0126874968
v -0.0133300014 -0.0013841904 0.0126967477
v -0.0133300014 -0.0014100000 0.0127094751
v -0.0133300014 -0.0014339276 0.0127254622
v -0.0133300014 -0.0014555636 0.0127444370
v -0.0133300014 -0.0014745378 0.0127660725
v -0.0133300014 -0.0014905257 0.0127900010
v -0.0133300014 -0.0015032536 0.0128158098
v -0.0133300014 -0.0015125037 0.0128430603
v -0.0133300014 -0.0015181180 0.0128712850
vt -0.03304348 0.10522089
vt -0.03332586 0.10546726
vt -0.03336957 0.10522089
vt -0.03288051 0.10567825
vt -0.03332586 0.10546726
vt -0.03300256 0.10545154
vt -0.03288051 0.10567825
vt -0.03298069 0.10594323
vt -0.03319549 0.10570943
vt -0.03267943 0.10589712
vt -0.03268513 0.10616466
vt -0.03298069 0.10594323
vt -0.03205517 0.10629661
vt -0.03268513 0.10616466
vt -0.03240273 0.10610442
vt -0.03164269 0.10647040
vt -0.03231387 0.10636996
vt -0.03205517 0.10629661
vt -0.03164269 0.10647040
vt -0.03137085 0.10671838
vt -0.03187326 0.10655560
vt -0.03065217 0.10675122
vt -0.03137085 0.10671838
vt -0.03117234 0.10662280
vt -0.03009110 0.10685345
vt -0.03081522 0.10685556
vt -0.03065217 0.10675122
vt -0.02949870 0.10692775
vt -0.03021589 0.10696476
vt -0.03009110 0.10685345
vt -0.02949870 0.10692775
vt -0.02892769 0.10709229
vt -0.02958310 0.10704412
vt -0.02888513 0.10697284
vt 0.02826087 0.10710844
vt -0.02892769 0.10709229
vt 0.02888513 0.10697284
vt 0.02826087 0.10710844
vt 0.02826087 0.10698795
vt 0.02949870 0.10692775
vt 0.02892769 0.10709229
vt 0.02888513 0.10697284
vt 0.02949870 0.10692775
vt 0.03021589 0.10696476
vt 0.02958310 0.10704412
vt 0.03009110 0.10685345
vt 0.03081522 0.10685556
vt 0.03021589 0.10696476
vt 0.03065217 0.10675122
vt 0.03137085 0.10671838
vt 0.03081522 0.10685556
vt 0.03164269 0.10647040
vt 0.03137085 0.10671838
vt 0.03117234 0.10662280
vt 0.03164269 0.10647040
vt 0.03231387 0.10636996
vt 0.03187326 0.10655560
vt 0.03205517 0.10629661
vt 0.03268513 0.10616466
vt 0.03231387 0.10636996
vt 0.03267943 0.10589712
vt 0.03268513 0.10616466
vt 0.03240273 0.10610442
vt 0.03288051 0.10567825
vt 0.03298069 0.10594323
vt 0.03267943 0.10589712
vt 0.03288051 0.10567825
vt 0.03332586 0.10546726
vt 0.03319549 0.10570943
vt 0.03300256 0.10545154
vt 0.03336957 0.10361446
vt 0.03332586 0.10546726
vt 0.03304348 0.10361446
vt 0.03332586 0.10336809
vt 0.03336957 0.10361446
vt 0.03288051 0.10315711
vt 0.03332586 0.10336809
vt 0.03300256 0.10338382
vt 0.03288051 0.10315711
vt 0.03298069 0.10289213
vt 0.03319549 0.10312592
vt 0.03267943 0.10293823
vt 0.03268513 0.10267069
vt 0.03298069 0.10289213
vt 0.03240273 0.10273093
vt 0.03231387 0.10246540
vt 0.03268513 0.10267069
vt 0.03205517 0.10253873
vt 0.03187326 0.10227976
vt 0.03231387 0.10246540
vt 0.03164269 0.10236496
vt 0.03137085 0.10211697
vt 0.03187326 0.10227976
vt 0.03117234 0.10221255
vt 0.03081522 0.10197979
vt 0.03137085 0.10211697
vt 0.03009110 0.10198191
vt 0.03081522 0.10197979
vt 0.03065217 0.10208414
vt 0.02949870 0.10190760
vt 0.03021589 0.10187059
vt 0.03009110 0.10198191
vt 0.02888513 0.10186251
vt 0.02958310 0.10179123
vt 0.02949870 0.10190760
vt 0.02888513 0.10186251
vt -0.02826087 0.10172691
vt 0.02892769 0.10174306
vt -0.02888513 0.10186251
vt -0.02826087 0.10172691
vt -0.02826087 0.10184740
vt -0.02888513 0.10186251
vt -0.02958310 0.10179123
vt -0.02892769 0.10174306
vt -0.02949870 0.10190760
vt -0.03021589 0.10187059
vt -0.02958310 0.10179123
vt -0.03009110 0.10198191
vt -0.03081522 0.10197979
vt -0.03021589 0.10187059
vt -0.03117234 0.10221255
vt -0.03081522 0.10197979
vt -0.03065217 0.10208414
vt -0.03164269 0.10236496
vt -0.03137085 0.10211697
vt -0.03117234 0.10221255
vt -0.03205517 0.10253873
vt -0.03187326 0.10227976
vt -0.03164269 0.10236496
vt -0.03240273 0.10273093
vt -0.03231387 0.10246540
vt -0.03205517 0.10253873
vt -0.03267943 0.10293823
vt -0.03268513 0.10267069
vt -0.03240273 0.10273093
vt -0.03288051 0.10315711
vt -0.03298069 0.10289213
vt -0.03267943 0.10293823
vt -0.03288051 0.10315711
vt -0.03332586 0.10336809
vt -0.03319549 0.10312592
vt -0.03300256 0.10338382
vt -0.03336957 0.10522089
vt -0.03332586 0.10336809
vt -0.03336957 0.10522089
vt -0.03356253 0.10547877
vt -0.03360828 0.10522089
vt -0.03332586 0.10546726
vt -0.03342607 0.10573225
vt -0.03356253 0.10547877
vt -0.03319549 0.10570943
vt -0.03320123 0.10597698
vt -0.03342607 0.10573225
vt -0.03298069 0.10594323
vt -0.03289186 0.10620876
vt -0.03320123 0.10597698
vt -0.03268513 0.10616466
vt -0.03250325 0.10642365
vt -0.03289186 0.10620876
vt -0.03231387 0.10636996
vt -0.03204206 0.10661795
vt -0.03250325 0.10642365
vt -0.03187326 0.10655560
vt -0.03151617 0.10678836
vt -0.03204206 0.10661795
vt -0.03137085 0.10671838
vt -0.03093457 0.10693194
vt -0.03151617 0.10678836
vt -0.03081522 0.10685556
vt -0.03030724 0.10704624
vt -0.03093457 0.10693194
vt -0.03021589 0.10696476
vt -0.02964488 0.10712931
vt -0.03030724 0.10704624
vt -0.02958310 0.10704412
vt -0.02895885 0.10717973
vt -0.02964488 0.10712931
vt -0.02892769 0.10709229
vt 0.02826087 0.10719664
vt -0.02895885 0.10717973
vt 0.02826087 0.10710844
vt 0.02895885 0.10717973
vt 0.02826087 0.10719664
vt 0.02958310 0.10704412
vt 0.02895885 0.10717973
vt 0.02892769 0.10709229
vt 0.03021589 0.10696476
vt 0.02964488 0.10712931
vt 0.02958310 0.10704412
vt 0.03081522 0.10685556
vt 0.03030724 0.10704624
vt 0.03021589 0.10696476
vt 0.03137085 0.10671838
vt 0.03093457 0.10693194
vt 0.03081522 0.10685556
vt 0.03187326 0.10655560
vt 0.03151617 0.10678836
vt 0.03137085 0.10671838
vt 0.03231387 0.10636996
vt 0.03204206 0.10661795
vt 0.03187326 0.10655560
vt 0.03268513 0.10616466
vt 0.03250325 0.10642365
vt 0.03231387 0.10636996
vt 0.03298069 0.10594323
vt 0.03289186 0.10620876
vt 0.03268513 0.10616466
vt 0.03319549 0.10570943
vt 0.03320123 0.10597698
vt 0.03298069 0.10594323
vt 0.03332586 0.10546726
vt 0.03342607 0.10573225
vt 0.03319549 0.10570943
vt 0.03332586 0.10546726
vt 0.03360828 0.10361446
vt 0.03356253 0.10547877
vt 0.03336957 0.10361446
vt 0.03356253 0.10335658
vt 0.03360828 0.10361446
vt 0.03332586 0.10336809
vt 0.03342607 0.10310310
vt 0.03356253 0.10335658
vt 0.03319549 0.10312592
vt 0.03320123 0.10285838
vt 0.03342607 0.10310310
vt 0.03298069 0.10289213
vt 0.03289186 0.10262659
vt 0.03320123 0.10285838
vt 0.03231387 0.10246540
vt 0.03289186 0.10262659
vt 0.03268513 0.10267069
vt 0.03231387 0.10246540
vt 0.03204206 0.10221741
vt 0.03250325 0.10241170
vt 0.03187326 0.10227976
vt 0.03151617 0.10204700
vt 0.03204206 0.10221741
vt 0.03137085 0.10211697
vt 0.03093457 0.10190342
vt 0.03151617 0.10204700
vt 0.03081522 0.10197979
vt 0.03030724 0.10178912
vt 0.03093457 0.10190342
vt 0.03021589 0.10187059
vt 0.02964488 0.10170604
vt 0.03030724 0.10178912
vt 0.02958310 0.10179123
vt 0.02895885 0.10165562
vt 0.02964488 0.10170604
vt 0.02892769 0.10174306
vt -0.02826087 0.10163871
vt 0.02895885 0.10165562
vt -0.02892769 0.10174306
vt -0.02826087 0.10163871
vt -0.02826087 0.10172691
vt -0.02958310 0.10179123
vt -0.02895885 0.10165562
vt -0.02892769 0.10174306
vt -0.03021589 0.10187059
vt -0.02964488 0.10170604
vt -0.02958310 0.10179123
vt -0.03081522 0.10197979
vt -0.03030724 0.10178912
vt -0.03021589 0.10187059
vt -0.03137085 0.10211697
vt -0.03093457 0.10190342
vt -0.03081522 0.10197979
vt -0.03187326 0.10227976
vt -0.03151617 0.10204700
vt -0.03137085 0.10211697
vt -0.03231387 0.10246540
vt -0.03204206 0.10221741
vt -0.03187326 0.10227976
vt -0.03231387 0.10246540
vt -0.03289186 0.10262659
vt -0.03250325 0.10241170
vt -0.03298069 0.10289213
vt -0.03289186 0.10262659
vt -0.03268513 0.10267069
vt -0.03319549 0.10312592
vt -0.03320123 0.10285838
vt -0.03298069 0.10289213
vt -0.03332586 0.10336809
vt -0.03342607 0.10310310
vt -0.03319549 0.10312592
vt -0.03332586 0.10336809
vt -0.03360828 0.10522089
vt -0.03356253 0.10335658
vt -0.50477105 0.10522089
vt -0.50534356 0.10548299
vt -0.50534356 0.10522089
vt -0.50477105 0.10547877
vt -0.50534356 0.10574060
vt -0.50534356 0.10548299
vt -0.50477105 0.10573225
vt -0.50534356 0.10598934
vt -0.50534356 0.10574060
vt -0.50477105 0.10620876
vt -0.50534356 0.10598934
vt -0.50477105 0.10597698
vt -0.50477105 0.10642365
vt -0.50534356 0.10622491
vt -0.50477105 0.10620876
vt -0.50477105 0.10661795
vt -0.50534356 0.10644330
vt -0.50477105 0.10642365
vt -0.50477105 0.10661795
vt -0.50534356 0.10681396
vt -0.50534356 0.10664078
vt -0.50477105 -0.03151617
vt -0.50534356 -0.03097826
vt -0.50534356 -0.03156936
vt -0.50477105 -0.03030724
vt -0.50534356 -0.03097826
vt -0.50477105 -0.03093457
vt -0.50477105 -0.02964488
vt -0.50534356 -0.03034067
vt -0.50477105 -0.03030724
vt -0.50477105 -0.02895885
vt -0.50534356 -0.02966749
vt -0.50477105 -0.02964488
vt -0.50477105 -0.02895885
vt -0.50534356 0.02826087
vt -0.50534356 -0.02897025
vt -0.50477105 0.02826087
vt -0.50534356 0.02897025
vt -0.50534356 0.02826087
vt -0.50477105 0.02895885
vt -0.50534356 0.02966749
vt -0.50534356 0.02897025
vt -0.50477105 0.02964488
vt -0.50534356 0.03034067
vt -0.50534356 0.02966749
vt -0.50477105 0.03030724
vt -0.50534356 0.03097826
vt -0.50534356 0.03034067
vt -0.50477105 0.03151617
vt -0.50534356 0.03097826
vt -0.50477105 0.03093457
vt -0.50477105 0.10661795
vt -0.50534356 0.10681396
vt -0.50477105 0.10678836
vt -0.50477105 0.10661795
vt -0.50534356 0.10644330
vt -0.50534356 0.10664078
vt -0.50477105 0.10642365
vt -0.50534356 0.10622491
vt -0.50534356 0.10644330
vt -0.50477105 0.10620876
vt -0.50534356 0.10598934
vt -0.50534356 0.10622491
vt -0.50477105 0.10573225
vt -0.50534356 0.10598934
vt -0.50477105 0.10597698
vt -0.50477105 0.10547877
vt -0.50534356 0.10574060
vt -0.50477105 0.10573225
vt -0.50477105 0.10547877
vt -0.50534356 0.10361446
vt -0.50534356 0.10548299
vt -0.50477105 0.10361446
vt -0.50534356 0.10335237
vt -0.50534356 0.10361446
vt -0.50477105 0.10335658
vt -0.50534356 0.10309475
vt -0.50534356 0.10335237
vt -0.50477105 0.10285838
vt -0.50534356 0.10309475
vt -0.50477105 0.10310310
vt -0.50477105 0.10262659
vt -0.50534356 0.10284602
vt -0.50477105 0.10285838
vt -0.50477105 0.10241170
vt -0.50534356 0.10261045
vt -0.50477105 0.10262659
vt -0.50477105 0.10221741
vt -0.50534356 0.10239205
vt -0.50477105 0.10241170
vt -0.50477105 0.10204700
vt -0.50534356 0.10219457
vt -0.50477105 0.10221741
vt -0.50477105 0.03093457
vt -0.50534356 0.03156936
vt -0.50477105 0.03151617
vt -0.50477105 0.03030724
vt -0.50534356 0.03097826
vt -0.50477105 0.03093457
vt -0.50477105 0.02964488
vt -0.50534356 0.03034067
vt -0.50477105 0.03030724
vt -0.50477105 0.02964488
vt -0.50534356 0.02897025
vt -0.50534356 0.02966749
vt -0.50477105 0.02895885
vt -0.50534356 -0.02826087
vt -0.50534356 0.02897025
vt -0.50477105 -0.02826087
vt -0.50534356 -0.02897025
vt -0.50534356 -0.02826087
vt -0.50477105 -0.02964488
vt -0.50534356 -0.02897025
vt -0.50477105 -0.02895885
vt -0.50477105 -0.02964488
vt -0.50534356 -0.03034067
vt -0.50534356 -0.02966749
vt -0.50477105 -0.03030724
vt -0.50534356 -0.03097826
vt -0.50534356 -0.03034067
vt -0.50477105 -0.03093457
vt -0.50534356 -0.03156936
vt -0.50534356 -0.03097826
vt -0.50477105 0.10204700
vt -0.50534356 0.10219457
vt -0.50534356 0.10202138
vt -0.50477105 0.10241170
vt -0.50534356 0.10219457
vt -0.50477105 0.10221741
vt -0.50477105 0.10241170
vt -0.50534356 0.10261045
vt -0.50534356 0.10239205
vt -0.50477105 0.10262659
vt -0.50534356 0.10284602
vt -0.50534356 0.10261045
vt -0.50477105 0.10285838
vt -0.50534356 0.10309475
vt -0.50534356 0.10284602
vt -0.50477105 0.10335658
vt -0.50534356 0.10309475
vt -0.50477105 0.10310310
vt -0.50477105 0.10335658
vt -0.50534356 0.10522089
vt -0.50534356 0.10335237
vt -0.50534356 0.10548299
vt -0.50763363 0.10522089
vt -0.50534356 0.10522089
vt -0.50534356 0.10574060
vt -0.50763363 0.10548299
vt -0.50534356 0.10548299
vt -0.50534356 0.10598934
vt -0.50763363 0.10574060
vt -0.50534356 0.10574060
vt -0.50534356 0.10622491
vt -0.50763363 0.10598934
vt -0.50534356 0.10598934
vt -0.50534356 0.10644330
vt -0.50763363 0.10622491
vt -0.50534356 0.10622491
vt -0.50534356 0.10664078
vt -0.50763363 0.10644330
vt -0.50534356 0.10644330
vt -0.50534356 0.10681396
vt -0.50763363 0.10664078
vt -0.50534356 0.10664078
vt -0.50534356 -0.03097826
vt -0.50763363 -0.03156936
vt -0.50534356 -0.03156936
vt -0.50534356 -0.03034067
vt -0.50763363 -0.03097826
vt -0.50534356 -0.03097826
vt -0.50534356 -0.02966749
vt -0.50763363 -0.03034067
vt -0.50534356 -0.03034067
vt -0.50534356 -0.02897025
vt -0.50763363 -0.02966749
vt -0.50534356 -0.02966749
vt -0.50534356 0.02826087
vt -0.50763363 -0.02897025
vt -0.50534356 -0.02897025
vt -0.50534356 0.02897025
vt -0.50763363 0.02826087
vt -0.50534356 0.02826087
vt -0.50534356 0.02966749
vt -0.50763363 0.02897025
vt -0.50534356 0.02897025
vt -0.50534356 0.03034067
vt -0.50763363 0.02966749
vt -0.50534356 0.02966749
vt -0.50534356 0.03097826
vt -0.50763363 0.03034067
vt -0.50534356 0.03034067
vt -0.50534356 0.03156936
vt -0.50763363 0.03097826
vt -0.50534356 0.03097826
vt -0.50534356 0.10664078
vt -0.50763363 0.10681396
vt -0.50534356 0.10681396
vt -0.50534356 0.10644330
vt -0.50763363 0.10664078
vt -0.50534356 0.10664078
vt -0.50534356 0.10622491
vt -0.50763363 0.10644330
vt -0.50534356 0.10644330
vt -0.50534356 0.10598934
vt -0.50763363 0.10622491
vt -0.50534356 0.10622491
vt -0.50534356 0.10574060
vt -0.50763363 0.10598934
vt -0.50534356 0.10598934
vt -0.50534356 0.10548299
vt -0.50763363 0.10574060
vt -0.50534356 0.10574060
vt -0.50534356 0.10361446
vt -0.50763363 0.10548299
vt -0.50534356 0.10548299
vt -0.50534356 0.10335237
vt -0.50763363 0.10361446
vt -0.50534356 0.10361446
vt -0.50534356 0.10309475
vt -0.50763363 0.10335237
vt -0.50534356 0.10335237
vt -0.50534356 0.10284602
vt -0.50763363 0.10309475
vt -0.50534356 0.10309475
vt -0.50534356 0.10261045
vt -0.50763363 0.10284602
vt -0.50534356 0.10284602
vt -0.50534356 0.10239205
vt -0.50763363 0.10261045
vt -0.50534356 0.10261045
vt -0.50534356 0.10219457
vt -0.50763363 0.10239205
vt -0.50534356 0.10239205
vt -0.50534356 0.10202138
vt -0.50763363 0.10219457
vt -0.50534356 0.10219457
vt -0.50534356 0.03097826
vt -0.50763363 0.03156936
vt -0.50534356 0.03156936
vt -0.50534356 0.03034067
vt -0.50763363 0.03097826
vt -0.50534356 0.03097826
vt -0.50534356 0.02966749
vt -0.50763363 0.03034067
vt -0.50534356 0.03034067
vt -0.50534356 0.02897025
vt -0.50763363 0.02966749
vt -0.50534356 0.02966749
vt -0.50534356 -0.02826087
vt -0.50763363 0.02897025
vt -0.50534356 0.02897025
vt -0.50534356 -0.02897025
vt -0.50763363 -0.02826087
vt -0.50534356 -0.02826087
vt -0.50534356 -0.02966749
vt -0.50763363 -0.02897025
vt -0.50534356 -0.02897025
vt -0.50534356 -0.03034067
vt -0.50763363 -0.02966749
vt -0.50534356 -0.02966749
vt -0.50534356 -0.03097826
vt -0.50763363 -0.03034067
vt -0.50534356 -0.03034067
vt -0.50534356 -0.03156936
vt -0.50763363 -0.03097826
vt -0.50534356 -0.03097826
vt -0.50534356 0.10219457
vt -0.50763363 0.10202138
vt -0.50534356 0.10202138
vt -0.50534356 0.10239205
vt -0.50763363 0.10219457
vt -0.50534356 0.10219457
vt -0.50534356 0.10261045
vt -0.50763363 0.10239205
vt -0.50534356 0.10239205
vt -0.50534356 0.10284602
vt -0.50763363 0.10261045
vt -0.50534356 0.10261045
vt -0.50534356 0.10309475
vt -0.50763363 0.10284602
vt -0.50534356 0.10284602
vt -0.50534356 0.10335237
vt -0.50763363 0.10309475
vt -0.50534356 0.10309475
vt -0.50534356 0.10522089
vt -0.50763363 0.10335237
vt -0.50534356 0.10335237
vt -0.50763363 0.10548299
vt -0.50820619 0.10522089
vt -0.50763363 0.10522089
vt -0.50763363 0.10574060
vt -0.50820619 0.10547877
vt -0.50763363 0.10548299
vt -0.50763363 0.10598934
vt -0.50820619 0.10573225
vt -0.50763363 0.10574060
vt -0.50763363 0.10598934
vt -0.50820619 0.10620876
vt -0.50820619 0.10597698
vt -0.50763363 0.10622491
vt -0.50820619 0.10642365
vt -0.50820619 0.10620876
vt -0.50763363 0.10644330
vt -0.50820619 0.10661795
vt -0.50820619 0.10642365
vt -0.50763363 0.10681396
vt -0.50820619 0.10661795
vt -0.50763363 0.10664078
vt -0.50763363 -0.03097826
vt -0.50820619 -0.03151617
vt -0.50763363 -0.03156936
vt -0.50763363 -0.03097826
vt -0.50820619 -0.03030724
vt -0.50820619 -0.03093457
vt -0.50763363 -0.03034067
vt -0.50820619 -0.02964488
vt -0.50820619 -0.03030724
vt -0.50763363 -0.02966749
vt -0.50820619 -0.02895885
vt -0.50820619 -0.02964488
vt -0.50763363 0.02826087
vt -0.50820619 -0.02895885
vt -0.50763363 -0.02897025
vt -0.50763363 0.02897025
vt -0.50820619 0.02826087
vt -0.50763363 0.02826087
vt -0.50763363 0.02966749
vt -0.50820619 0.02895885
vt -0.50763363 0.02897025
vt -0.50763363 0.03034067
vt -0.50820619 0.02964488
vt -0.50763363 0.02966749
vt -0.50763363 0.03097826
vt -0.50820619 0.03030724
vt -0.50763363 0.03034067
vt -0.50763363 0.03097826
vt -0.50820619 0.03151617
vt -0.50820619 0.03093457
vt -0.50763363 0.10681396
vt -0.50820619 0.10661795
vt -0.50820619 0.10678836
vt -0.50763363 0.10644330
vt -0.50820619 0.10661795
vt -0.50763363 0.10664078
vt -0.50763363 0.10622491
vt -0.50820619 0.10642365
vt -0.50763363 0.10644330
vt -0.50763363 0.10598934
vt -0.50820619 0.10620876
vt -0.50763363 0.10622491
vt -0.50763363 0.10598934
vt -0.50820619 0.10573225
vt -0.50820619 0.10597698
vt -0.50763363 0.10574060
vt -0.50820619 0.10547877
vt -0.50820619 0.10573225
vt -0.50763363 0.10361446
vt -0.50820619 0.10547877
vt -0.50763363 0.10548299
vt -0.50763363 0.10335237
vt -0.50820619 0.10361446
vt -0.50763363 0.10361446
vt -0.50763363 0.10309475
vt -0.50820619 0.10335658
vt -0.50763363 0.10335237
vt -0.50763363 0.10309475
vt -0.50820619 0.10285838
vt -0.50820619 0.10310310
vt -0.50763363 0.10284602
vt -0.50820619 0.10262659
vt -0.50820619 0.10285838
vt -0.50763363 0.10261045
vt -0.50820619 0.10241170
vt -0.50820619 0.10262659
vt -0.50763363 0.10239205
vt -0.50820619 0.10221741
vt -0.50820619 0.10241170
vt -0.50763363 0.10219457
vt -0.50820619 0.10204700
vt -0.50820619 0.10221741
vt -0.50763363 0.03156936
vt -0.50820619 0.03093457
vt -0.50820619 0.03151617
vt -0.50763363 0.03097826
vt -0.50820619 0.03030724
vt -0.50820619 0.03093457
vt -0.50763363 0.03034067
vt -0.50820619 0.02964488
vt -0.50820619 0.03030724
vt -0.50763363 0.02897025
vt -0.50820619 0.02964488
vt -0.50763363 0.02966749
vt -0.50763363 -0.02826087
vt -0.50820619 0.02895885
vt -0.50763363 0.02897025
vt -0.50763363 -0.02897025
vt -0.50820619 -0.02826087
vt -0.50763363 -0.02826087
vt -0.50763363 -0.02897025
vt -0.50820619 -0.02964488
vt -0.50820619 -0.02895885
vt -0.50763363 -0.03034067
vt -0.50820619 -0.02964488
vt -0.50763363 -0.02966749
vt -0.50763363 -0.03097826
vt -0.50820619 -0.03030724
vt -0.50763363 -0.03034067
vt -0.50763363 -0.03156936
vt -0.50820619 -0.03093457
vt -0.50763363 -0.03097826
vt -0.50763363 0.10219457
vt -0.50820619 0.10204700
vt -0.50763363 0.10202138
vt -0.50763363 0.10239205
vt -0.50820619 0.10221741
vt -0.50763363 0.10219457
vt -0.50763363 0.10261045
vt -0.50820619 0.10241170
vt -0.50763363 0.10239205
vt -0.50763363 0.10284602
vt -0.50820619 0.10262659
vt -0.50763363 0.10261045
vt -0.50763363 0.10309475
vt -0.50820619 0.10285838
vt -0.50763363 0.10284602
vt -0.50763363 0.10309475
vt -0.50820619 0.10335658
vt -0.50820619 0.10310310
vt -0.50763363 0.10522089
vt -0.50820619 0.10335658
vt -0.50763363 0.10335237
vt -0.03356253 0.10547877
vt -0.03336957 0.10522089
vt -0.03360828 0.10522089
vt -0.03342607 0.10573225
vt -0.03332586 0.10546726
vt -0.03356253 0.10547877
vt -0.03320123 0.10597698
vt -0.03319549 0.10570943
vt -0.03342607 0.10573225
vt -0.03289186 0.10620876
vt -0.03298069 0.10594323
vt -0.03320123 0.10597698
vt -0.03250325 0.10642365
vt -0.03268513 0.10616466
vt -0.03289186 0.10620876
vt -0.03204206 0.10661795
vt -0.03231387 0.10636996
vt -0.03250325 0.10642365
vt -0.03151617 0.10678836
vt -0.03187326 0.10655560
vt -0.03204206 0.10661795
vt -0.03093457 0.10693194
vt -0.03137085 0.10671838
vt -0.03151617 0.10678836
vt -0.03030724 0.10704624
vt -0.03081522 0.10685556
vt -0.03093457 0.10693194
vt -0.02964488 0.10712931
vt -0.03021589 0.10696476
vt -0.03030724 0.10704624
vt -0.02895885 0.10717973
vt -0.02958310 0.10704412
vt -0.02964488 0.10712931
vt 0.02826087 0.10719664
vt -0.02892769 0.10709229
vt -0.02895885 0.10717973
vt 0.02895885 0.10717973
vt 0.02826087 0.10710844
vt 0.02826087 0.10719664
vt 0.02895885 0.10717973
vt 0.02958310 0.10704412
vt 0.02892769 0.10709229
vt 0.02964488 0.10712931
vt 0.03021589 0.10696476
vt 0.02958310 0.10704412
vt 0.03030724 0.10704624
vt 0.03081522 0.10685556
vt 0.03021589 0.10696476
vt 0.03093457 0.10693194
vt 0.03137085 0.10671838
vt 0.03081522 0.10685556
vt 0.03151617 0.10678836
vt 0.03187326 0.10655560
vt 0.03137085 0.10671838
vt 0.03204206 0.10661795
vt 0.03231387 0.10636996
vt 0.03187326 0.10655560
vt 0.03250325 0.10642365
vt 0.03268513 0.10616466
vt 0.03231387 0.10636996
vt 0.03289186 0.10620876
vt 0.03298069 0.10594323
vt 0.03268513 0.10616466
vt 0.03320123 0.10597698
vt 0.03319549 0.10570943
vt 0.03298069 0.10594323
vt 0.03342607 0.10573225
vt 0.03332586 0.10546726
vt 0.03319549 0.10570943
vt 0.03360828 0.10361446
vt 0.03332586 0.10546726
vt 0.03356253 0.10547877
vt 0.03356253 0.10335658
vt 0.03336957 0.10361446
vt 0.03360828 0.10361446
vt 0.03342607 0.10310310
vt 0.03332586 0.10336809
vt 0.03356253 0.10335658
vt 0.03320123 0.10285838
vt 0.03319549 0.10312592
vt 0.03342607 0.10310310
vt 0.03289186 0.10262659
vt 0.03298069 0.10289213
vt 0.03320123 0.10285838
vt 0.03289186 0.10262659
vt 0.03231387 0.10246540
vt 0.03268513 0.10267069
vt 0.03204206 0.10221741
vt 0.03231387 0.10246540
vt 0.03250325 0.10241170
vt 0.03151617 0.10204700
vt 0.03187326 0.10227976
vt 0.03204206 0.10221741
vt 0.03093457 0.10190342
vt 0.03137085 0.10211697
vt 0.03151617 0.10204700
vt 0.03030724 0.10178912
vt 0.03081522 0.10197979
vt 0.03093457 0.10190342
vt 0.02964488 0.10170604
vt 0.03021589 0.10187059
vt 0.03030724 0.10178912
vt 0.02895885 0.10165562
vt 0.02958310 0.10179123
vt 0.02964488 0.10170604
vt -0.02826087 0.10163871
vt 0.02892769 0.10174306
vt 0.02895885 0.10165562
vt -0.02826087 0.10163871
vt -0.02892769 0.10174306
vt -0.02826087 0.10172691
vt -0.02895885 0.10165562
vt -0.02958310 0.10179123
vt -0.02892769 0.10174306
vt -0.02964488 0.10170604
vt -0.03021589 0.10187059
vt -0.02958310 0.10179123
vt -0.03030724 0.10178912
vt -0.03081522 0.10197979
vt -0.03021589 0.10187059
vt -0.03093457 0.10190342
vt -0.03137085 0.10211697
vt -0.03081522 0.10197979
vt -0.03151617 0.10204700
vt -0.03187326 0.10227976
vt -0.03137085 0.10211697
vt -0.03204206 0.10221741
vt -0.03231387 0.10246540
vt -0.03187326 0.10227976
vt -0.03289186 0.10262659
vt -0.03231387 0.10246540
vt -0.03250325 0.10241170
vt -0.03289186 0.10262659
vt -0.03298069 0.10289213
vt -0.03268513 0.10267069
vt -0.03320123 0.10285838
vt -0.03319549 0.10312592
vt -0.03298069 0.10289213
vt -0.03342607 0.10310310
vt -0.03332586 0.10336809
vt -0.03319549 0.10312592
vt -0.03360828 0.10522089
vt -0.03332586 0.10336809
vt -0.03356253 0.10335658
vt -0.03332586 0.10546726
vt -0.03304348 0.10522089
vt -0.03336957 0.10522089
vt -0.03332586 0.10546726
vt -0.03288051 0.10567825
vt -0.03300256 0.10545154
vt -0.03298069 0.10594323
vt -0.03288051 0.10567825
vt -0.03319549 0.10570943
vt -0.03268513 0.10616466
vt -0.03267943 0.10589712
vt -0.03298069 0.10594323
vt -0.03268513 0.10616466
vt -0.03205517 0.10629661
vt -0.03240273 0.10610442
vt -0.03231387 0.10636996
vt -0.03164269 0.10647040
vt -0.03205517 0.10629661
vt -0.03137085 0.10671838
vt -0.03164269 0.10647040
vt -0.03187326 0.10655560
vt -0.03137085 0.10671838
vt -0.03065217 0.10675122
vt -0.03117234 0.10662280
vt -0.03081522 0.10685556
vt -0.03009110 0.10685345
vt -0.03065217 0.10675122
vt -0.03021589 0.10696476
vt -0.02949870 0.10692775
vt -0.03009110 0.10685345
vt -0.02892769 0.10709229
vt -0.02949870 0.10692775
vt -0.02958310 0.10704412
vt 0.02826087 0.10710844
vt -0.02888513 0.10697284
vt -0.02892769 0.10709229
vt 0.02826087 0.10710844
vt 0.02888513 0.10697284
vt 0.02826087 0.10698795
vt 0.02892769 0.10709229
vt 0.02949870 0.10692775
vt 0.02888513 0.10697284
vt 0.03021589 0.10696476
vt 0.02949870 0.10692775
vt 0.02958310 0.10704412
vt 0.03081522 0.10685556
vt 0.03009110 0.10685345
vt 0.03021589 0.10696476
vt 0.03137085 0.10671838
vt 0.03065217 0.10675122
vt 0.03081522 0.10685556
vt 0.03137085 0.10671838
vt 0.03164269 0.10647040
vt 0.03117234 0.10662280
vt 0.03231387 0.10636996
vt 0.03164269 0.10647040
vt 0.03187326 0.10655560
vt 0.03268513 0.10616466
vt 0.03205517 0.10629661
vt 0.03231387 0.10636996
vt 0.03268513 0.10616466
vt 0.03267943 0.10589712
vt 0.03240273 0.10610442
vt 0.03298069 0.10594323
vt 0.03288051 0.10567825
vt 0.03267943 0.10589712
vt 0.03332586 0.10546726
vt 0.03288051 0.10567825
vt 0.03319549 0.10570943
vt 0.03336957 0.10361446
vt 0.03300256 0.10545154
vt 0.03332586 0.10546726
vt 0.03332586 0.10336809
vt 0.03304348 0.10361446
vt 0.03336957 0.10361446
vt 0.03332586 0.10336809
vt 0.03288051 0.10315711
vt 0.03300256 0.10338382
vt 0.03298069 0.10289213
vt 0.03288051 0.10315711
vt 0.03319549 0.10312592
vt 0.03268513 0.10267069
vt 0.03267943 0.10293823
vt 0.03298069 0.10289213
vt 0.03231387 0.10246540
vt 0.03240273 0.10273093
vt 0.03268513 0.10267069
vt 0.03187326 0.10227976
vt 0.03205517 0.10253873
vt 0.03231387 0.10246540
vt 0.03137085 0.10211697
vt 0.03164269 0.10236496
vt 0.03187326 0.10227976
vt 0.03081522 0.10197979
vt 0.03117234 0.10221255
vt 0.03137085 0.10211697
vt 0.03081522 0.10197979
vt 0.03009110 0.10198191
vt 0.03065217 0.10208414
vt 0.03021589 0.10187059
vt 0.02949870 0.10190760
vt 0.03009110 0.10198191
vt 0.02958310 0.10179123
vt 0.02888513 0.10186251
vt 0.02949870 0.10190760
vt -0.02826087 0.10172691
vt 0.02888513 0.10186251
vt 0.02892769 0.10174306
vt -0.02826087 0.10172691
vt -0.02888513 0.10186251
vt -0.02826087 0.10184740
vt -0.02958310 0.10179123
vt -0.02888513 0.10186251
vt -0.02892769 0.10174306
vt -0.03021589 0.10187059
vt -0.02949870 0.10190760
vt -0.02958310 0.10179123
vt -0.03081522 0.10197979
vt -0.03009110 0.10198191
vt -0.03021589 0.10187059
vt -0.03081522 0.10197979
vt -0.03117234 0.10221255
vt -0.03065217 0.10208414
vt -0.03137085 0.10211697
vt -0.03164269 0.10236496
vt -0.03117234 0.10221255
vt -0.03187326 0.10227976
vt -0.03205517 0.10253873
vt -0.03164269 0.10236496
vt -0.03231387 0.10246540
vt -0.03240273 0.10273093
vt -0.03205517 0.10253873
vt -0.03268513 0.10267069
vt -0.03267943 0.10293823
vt -0.03240273 0.10273093
vt -0.03298069 0.10289213
vt -0.03288051 0.10315711
vt -0.03267943 0.10293823
vt -0.03332586 0.10336809
vt -0.03288051 0.10315711
vt -0.03319549 0.10312592
vt -0.03336957 0.10522089
vt -0.03300256 0.10338382
vt -0.03332586 0.10336809
vt -0.03065217 0.10675122
vt -0.03240273 0.10610442
vt -0.03304348 0.10522089
vt -0.03009110 0.10198191
vt -0.03205517 0.10253873
vt -0.03300256 0.10338382
vt -0.03304348 0.10522089
vt -0.03300256 0.10545154
vt -0.03332586 0.10546726
vt -0.03288051 0.10567825
vt -0.03319549 0.10570943
vt -0.03332586 0.10546726
vt -0.03288051 0.10567825
vt -0.03267943 0.10589712
vt -0.03298069 0.10594323
vt -0.03267943 0.10589712
vt -0.03240273 0.10610442
vt -0.03268513 0.10616466
vt -0.03205517 0.10629661
vt -0.03231387 0.10636996
vt -0.03268513 0.10616466
vt -0.03164269 0.10647040
vt -0.03187326 0.10655560
vt -0.03231387 0.10636996
vt -0.03164269 0.10647040
vt -0.03117234 0.10662280
vt -0.03137085 0.10671838
vt -0.03065217 0.10675122
vt -0.03081522 0.10685556
vt -0.03137085 0.10671838
vt -0.03009110 0.10685345
vt -0.03021589 0.10696476
vt -0.03081522 0.10685556
vt -0.02949870 0.10692775
vt -0.02958310 0.10704412
vt -0.03021589 0.10696476
vt -0.02949870 0.10692775
vt -0.02888513 0.10697284
vt -0.02892769 0.10709229
vt -0.02888513 0.10697284
vt 0.02826087 0.10698795
vt 0.02826087 0.10710844
vt 0.02888513 0.10697284
vt 0.02892769 0.10709229
vt 0.02826087 0.10710844
vt 0.02949870 0.10692775
vt 0.02958310 0.10704412
vt 0.02892769 0.10709229
vt 0.02949870 0.10692775
vt 0.03009110 0.10685345
vt 0.03021589 0.10696476
vt 0.03009110 0.10685345
vt 0.03065217 0.10675122
vt 0.03081522 0.10685556
vt 0.03065217 0.10675122
vt 0.03117234 0.10662280
vt 0.03137085 0.10671838
vt 0.03164269 0.10647040
vt 0.03187326 0.10655560
vt 0.03137085 0.10671838
vt 0.03164269 0.10647040
vt 0.03205517 0.10629661
vt 0.03231387 0.10636996
vt 0.03205517 0.10629661
vt 0.03240273 0.10610442
vt 0.03268513 0.10616466
vt 0.03267943 0.10589712
vt 0.03298069 0.10594323
vt 0.03268513 0.10616466
vt 0.03288051 0.10567825
vt 0.03319549 0.10570943
vt 0.03298069 0.10594323
vt 0.03288051 0.10567825
vt 0.03300256 0.10545154
vt 0.03332586 0.10546726
vt 0.03300256 0.10545154
vt 0.03304348 0.10361446
vt 0.03336957 0.10361446
vt 0.03304348 0.10361446
vt 0.03300256 0.10338382
vt 0.03332586 0.10336809
vt 0.03288051 0.10315711
vt 0.03319549 0.10312592
vt 0.03332586 0.10336809
vt 0.03288051 0.10315711
vt 0.03267943 0.10293823
vt 0.03298069 0.10289213
vt 0.03267943 0.10293823
vt 0.03240273 0.10273093
vt 0.03268513 0.10267069
vt 0.03240273 0.10273093
vt 0.03205517 0.10253873
vt 0.03231387 0.10246540
vt 0.03205517 0.10253873
vt 0.03164269 0.10236496
vt 0.03187326 0.10227976
vt 0.03164269 0.10236496
vt 0.03117234 0.10221255
vt 0.03137085 0.10211697
vt 0.03117234 0.10221255
vt 0.03065217 0.10208414
vt 0.03081522 0.10197979
vt 0.03009110 0.10198191
vt 0.03021589 0.10187059
vt 0.03081522 0.10197979
vt 0.02949870 0.10190760
vt 0.02958310 0.10179123
vt 0.03021589 0.10187059
vt 0.02888513 0.10186251
vt 0.02892769 0.10174306
vt 0.02958310 0.10179123
vt 0.02888513 0.10186251
vt -0.02826087 0.10184740
vt -0.02826087 0.10172691
vt -0.02888513 0.10186251
vt -0.02892769 0.10174306
vt -0.02826087 0.10172691
vt -0.02888513 0.10186251
vt -0.02949870 0.10190760
vt -0.02958310 0.10179123
vt -0.02949870 0.10190760
vt -0.03009110 0.10198191
vt -0.03021589 0.10187059
vt -0.03009110 0.10198191
vt -0.03065217 0.10208414
vt -0.03081522 0.10197979
vt -0.03117234 0.10221255
vt -0.03137085 0.10211697
vt -0.03081522 0.10197979
vt -0.03164269 0.10236496
vt -0.03187326 0.10227976
vt -0.03137085 0.10211697
vt -0.03205517 0.10253873
vt -0.03231387 0.10246540
vt -0.03187326 0.10227976
vt -0.03240273 0.10273093
vt -0.03268513 0.10267069
vt -0.03231387 0.10246540
vt -0.03267943 0.10293823
vt -0.03298069 0.10289213
vt -0.03268513 0.10267069
vt -0.03288051 0.10315711
vt -0.03319549 0.10312592
vt -0.03298069 0.10289213
vt -0.03288051 0.10315711
vt -0.03300256 0.10338382
vt -0.03332586 0.10336809
vt -0.03300256 0.10338382
vt -0.03304348 0.10522089
vt -0.03336957 0.10522089
vt -0.03336957 0.10522089
vt -0.03332586 0.10546726
vt -0.03356253 0.10547877
vt -0.03332586 0.10546726
vt -0.03319549 0.10570943
vt -0.03342607 0.10573225
vt -0.03319549 0.10570943
vt -0.03298069 0.10594323
vt -0.03320123 0.10597698
vt -0.03298069 0.10594323
vt -0.03268513 0.10616466
vt -0.03289186 0.10620876
vt -0.03268513 0.10616466
vt -0.03231387 0.10636996
vt -0.03250325 0.10642365
vt -0.03231387 0.10636996
vt -0.03187326 0.10655560
vt -0.03204206 0.10661795
vt -0.03187326 0.10655560
vt -0.03137085 0.10671838
vt -0.03151617 0.10678836
vt -0.03137085 0.10671838
vt -0.03081522 0.10685556
vt -0.03093457 0.10693194
vt -0.03081522 0.10685556
vt -0.03021589 0.10696476
vt -0.03030724 0.10704624
vt -0.03021589 0.10696476
vt -0.02958310 0.10704412
vt -0.02964488 0.10712931
vt -0.02958310 0.10704412
vt -0.02892769 0.10709229
vt -0.02895885 0.10717973
vt -0.02892769 0.10709229
vt 0.02826087 0.10710844
vt 0.02826087 0.10719664
vt 0.02826087 0.10710844
vt 0.02892769 0.10709229
vt 0.02895885 0.10717973
vt 0.02958310 0.10704412
vt 0.02964488 0.10712931
vt 0.02895885 0.10717973
vt 0.03021589 0.10696476
vt 0.03030724 0.10704624
vt 0.02964488 0.10712931
vt 0.03081522 0.10685556
vt 0.03093457 0.10693194
vt 0.03030724 0.10704624
vt 0.03137085 0.10671838
vt 0.03151617 0.10678836
vt 0.03093457 0.10693194
vt 0.03187326 0.10655560
vt 0.03204206 0.10661795
vt 0.03151617 0.10678836
vt 0.03231387 0.10636996
vt 0.03250325 0.10642365
vt 0.03204206 0.10661795
vt 0.03268513 0.10616466
vt 0.03289186 0.10620876
vt 0.03250325 0.10642365
vt 0.03298069 0.10594323
vt 0.03320123 0.10597698
vt 0.03289186 0.10620876
vt 0.03319549 0.10570943
vt 0.03342607 0.10573225
vt 0.03320123 0.10597698
vt 0.03332586 0.10546726
vt 0.03356253 0.10547877
vt 0.03342607 0.10573225
vt 0.03332586 0.10546726
vt 0.03336957 0.10361446
vt 0.03360828 0.10361446
vt 0.03336957 0.10361446
vt 0.03332586 0.10336809
vt 0.03356253 0.10335658
vt 0.03332586 0.10336809
vt 0.03319549 0.10312592
vt 0.03342607 0.10310310
vt 0.03319549 0.10312592
vt 0.03298069 0.10289213
vt 0.03320123 0.10285838
vt 0.03298069 0.10289213
vt 0.03268513 0.10267069
vt 0.03289186 0.10262659
vt 0.03231387 0.10246540
vt 0.03250325 0.10241170
vt 0.03289186 0.10262659
vt 0.03231387 0.10246540
vt 0.03187326 0.10227976
vt 0.03204206 0.10221741
vt 0.03187326 0.10227976
vt 0.03137085 0.10211697
vt 0.03151617 0.10204700
vt 0.03137085 0.10211697
vt 0.03081522 0.10197979
vt 0.03093457 0.10190342
vt 0.03081522 0.10197979
vt 0.03021589 0.10187059
vt 0.03030724 0.10178912
vt 0.03021589 0.10187059
vt 0.02958310 0.10179123
vt 0.02964488 0.10170604
vt 0.02958310 0.10179123
vt 0.02892769 0.10174306
vt 0.02895885 0.10165562
vt 0.02892769 0.10174306
vt -0.02826087 0.10172691
vt -0.02826087 0.10163871
vt -0.02892769 0.10174306
vt -0.02895885 0.10165562
vt -0.02826087 0.10163871
vt -0.02958310 0.10179123
vt -0.02964488 0.10170604
vt -0.02895885 0.10165562
vt -0.03021589 0.10187059
vt -0.03030724 0.10178912
vt -0.02964488 0.10170604
vt -0.03081522 0.10197979
vt -0.03093457 0.10190342
vt -0.03030724 0.10178912
vt -0.03137085 0.10211697
vt -0.03151617 0.10204700
vt -0.03093457 0.10190342
vt -0.03187326 0.10227976
vt -0.03204206 0.10221741
vt -0.03151617 0.10204700
vt -0.03231387 0.10246540
vt -0.03250325 0.10241170
vt -0.03204206 0.10221741
vt -0.03231387 0.10246540
vt -0.03268513 0.10267069
vt -0.03289186 0.10262659
vt -0.03298069 0.10289213
vt -0.03320123 0.10285838
vt -0.03289186 0.10262659
vt -0.03319549 0.10312592
vt -0.03342607 0.10310310
vt -0.03320123 0.10285838
vt -0.03332586 0.10336809
vt -0.03356253 0.10335658
vt -0.03342607 0.10310310
vt -0.03332586 0.10336809
vt -0.03336957 0.10522089
vt -0.03360828 0.10522089
vt -0.50477105 0.10522089
vt -0.50477105 0.10547877
vt -0.50534356 0.10548299
vt -0.50477105 0.10547877
vt -0.50477105 0.10573225
vt -0.50534356 0.10574060
vt -0.50477105 0.10573225
vt -0.50477105 0.10597698
vt -0.50534356 0.10598934
vt -0.50477105 0.10620876
vt -0.50534356 0.10622491
vt -0.50534356 0.10598934
vt -0.50477105 0.10642365
vt -0.50534356 0.10644330
vt -0.50534356 0.10622491
vt -0.50477105 0.10661795
vt -0.50534356 0.10664078
vt -0.50534356 0.10644330
vt -0.50477105 0.10661795
vt -0.50477105 0.10678836
vt -0.50534356 0.10681396
vt -0.50477105 -0.03151617
vt -0.50477105 -0.03093457
vt -0.50534356 -0.03097826
vt -0.50477105 -0.03030724
vt -0.50534356 -0.03034067
vt -0.50534356 -0.03097826
vt -0.50477105 -0.02964488
vt -0.50534356 -0.02966749
vt -0.50534356 -0.03034067
vt -0.50477105 -0.02895885
vt -0.50534356 -0.02897025
vt -0.50534356 -0.02966749
vt -0.50477105 -0.02895885
vt -0.50477105 0.02826087
vt -0.50534356 0.02826087
vt -0.50477105 0.02826087
vt -0.50477105 0.02895885
vt -0.50534356 0.02897025
vt -0.50477105 0.02895885
vt -0.50477105 0.02964488
vt -0.50534356 0.02966749
vt -0.50477105 0.02964488
vt -0.50477105 0.03030724
vt -0.50534356 0.03034067
vt -0.50477105 0.03030724
vt -0.50477105 0.03093457
vt -0.50534356 0.03097826
vt -0.50477105 0.03151617
vt -0.50534356 0.03156936
vt -0.50534356 0.03097826
vt -0.50477105 0.10661795
vt -0.50534356 0.10664078
vt -0.50534356 0.10681396
vt -0.50477105 0.10661795
vt -0.50477105 0.10642365
vt -0.50534356 0.10644330
vt -0.50477105 0.10642365
vt -0.50477105 0.10620876
vt -0.50534356 0.10622491
vt -0.50477105 0.10620876
vt -0.50477105 0.10597698
vt -0.50534356 0.10598934
vt -0.50477105 0.10573225
vt -0.50534356 0.10574060
vt -0.50534356 0.10598934
vt -0.50477105 0.10547877
vt -0.50534356 0.10548299
vt -0.50534356 0.10574060
vt -0.50477105 0.10547877
vt -0.50477105 0.10361446
vt -0.50534356 0.10361446
vt -0.50477105 0.10361446
vt -0.50477105 0.10335658
vt -0.50534356 0.10335237
vt -0.50477105 0.10335658
vt -0.50477105 0.10310310
vt -0.50534356 0.10309475
vt -0.50477105 0.10285838
vt -0.50534356 0.10284602
vt -0.50534356 0.10309475
vt -0.50477105 0.10262659
vt -0.50534356 0.10261045
vt -0.50534356 0.10284602
vt -0.50477105 0.10241170
vt -0.50534356 0.10239205
vt -0.50534356 0.10261045
vt -0.50477105 0.10221741
vt -0.50534356 0.10219457
vt -0.50534356 0.10239205
vt -0.50477105 0.10204700
vt -0.50534356 0.10202138
vt -0.50534356 0.10219457
vt -0.50477105 0.03093457
vt -0.50534356 0.03097826
vt -0.50534356 0.03156936
vt -0.50477105 0.03030724
vt -0.50534356 0.03034067
vt -0.50534356 0.03097826
vt -0.50477105 0.02964488
vt -0.50534356 0.02966749
vt -0.50534356 0.03034067
vt -0.50477105 0.02964488
vt -0.50477105 0.02895885
vt -0.50534356 0.02897025
vt -0.50477105 0.02895885
vt -0.50477105 -0.02826087
vt -0.50534356 -0.02826087
vt -0.50477105 -0.02826087
vt -0.50477105 -0.02895885
vt -0.50534356 -0.02897025
vt -0.50477105 -0.02964488
vt -0.50534356 -0.02966749
vt -0.50534356 -0.02897025
vt -0.50477105 -0.02964488
vt -0.50477105 -0.03030724
vt -0.50534356 -0.03034067
vt -0.50477105 -0.03030724
vt -0.50477105 -0.03093457
vt -0.50534356 -0.03097826
vt -0.50477105 -0.03093457
vt -0.50477105 -0.03151617
vt -0.50534356 -0.03156936
vt -0.50477105 0.10204700
vt -0.50477105 0.10221741
vt -0.50534356 0.10219457
vt -0.50477105 0.10241170
vt -0.50534356 0.10239205
vt -0.50534356 0.10219457
vt -0.50477105 0.10241170
vt -0.50477105 0.10262659
vt -0.50534356 0.10261045
vt -0.50477105 0.10262659
vt -0.50477105 0.10285838
vt -0.50534356 0.10284602
vt -0.50477105 0.10285838
vt -0.50477105 0.10310310
vt -0.50534356 0.10309475
vt -0.50477105 0.10335658
vt -0.50534356 0.10335237
vt -0.50534356 0.10309475
vt -0.50477105 0.10335658
vt -0.50477105 0.10522089
vt -0.50534356 0.10522089
vt -0.50534356 0.10548299
vt -0.50763363 0.10548299
vt -0.50763363 0.10522089
vt -0.50534356 0.10574060
vt -0.50763363 0.10574060
vt -0.50763363 0.10548299
vt -0.50534356 0.10598934
vt -0.50763363 0.10598934
vt -0.50763363 0.10574060
vt -0.50534356 0.10622491
vt -0.50763363 0.10622491
vt -0.50763363 0.10598934
vt -0.50534356 0.10644330
vt -0.50763363 0.10644330
vt -0.50763363 0.10622491
vt -0.50534356 0.10664078
vt -0.50763363 0.10664078
vt -0.50763363 0.10644330
vt -0.50534356 0.10681396
vt -0.50763363 0.10681396
vt -0.50763363 0.10664078
vt -0.50534356 -0.03097826
vt -0.50763363 -0.03097826
vt -0.50763363 -0.03156936
vt -0.50534356 -0.03034067
vt -0.50763363 -0.03034067
vt -0.50763363 -0.03097826
vt -0.50534356 -0.02966749
vt -0.50763363 -0.02966749
vt -0.50763363 -0.03034067
vt -0.50534356 -0.02897025
vt -0.50763363 -0.02897025
vt -0.50763363 -0.02966749
vt -0.50534356 0.02826087
vt -0.50763363 0.02826087
vt -0.50763363 -0.02897025
vt -0.50534356 0.02897025
vt -0.50763363 0.02897025
vt -0.50763363 0.02826087
vt -0.50534356 0.02966749
vt -0.50763363 0.02966749
vt -0.50763363 0.02897025
vt -0.50534356 0.03034067
vt -0.50763363 0.03034067
vt -0.50763363 0.02966749
vt -0.50534356 0.03097826
vt -0.50763363 0.03097826
vt -0.50763363 0.03034067
vt -0.50534356 0.03156936
vt -0.50763363 0.03156936
vt -0.50763363 0.03097826
vt -0.50534356 0.10664078
vt -0.50763363 0.10664078
vt -0.50763363 0.10681396
vt -0.50534356 0.10644330
vt -0.50763363 0.10644330
vt -0.50763363 0.10664078
vt -0.50534356 0.10622491
vt -0.50763363 0.10622491
vt -0.50763363 0.10644330
vt -0.50534356 0.10598934
vt -0.50763363 0.10598934
vt -0.50763363 0.10622491
vt -0.50534356 0.10574060
vt -0.50763363 0.10574060
vt -0.50763363 0.10598934
vt -0.50534356 0.10548299
vt -0.50763363 0.10548299
vt -0.50763363 0.10574060
vt -0.50534356 0.10361446
vt -0.50763363 0.10361446
vt -0.50763363 0.10548299
vt -0.50534356 0.10335237
vt -0.50763363 0.10335237
vt -0.50763363 0.10361446
vt -0.50534356 0.10309475
vt -0.50763363 0.10309475
vt -0.50763363 0.10335237
vt -0.50534356 0.10284602
vt -0.50763363 0.10284602
vt -0.50763363 0.10309475
vt -0.50534356 0.10261045
vt -0.50763363 0.10261045
vt -0.50763363 0.10284602
vt -0.50534356 0.10239205
vt -0.50763363 0.10239205
vt -0.50763363 0.10261045
vt -0.50534356 0.10219457
vt -0.50763363 0.10219457
vt -0.50763363 0.10239205
vt -0.50534356 0.10202138
vt -0.50763363 0.10202138
vt -0.50763363 0.10219457
vt -0.50534356 0.03097826
vt -0.50763363 0.03097826
vt -0.50763363 0.03156936
vt -0.50534356 0.03034067
vt -0.50763363 0.03034067
vt -0.50763363 0.03097826
vt -0.50534356 0.02966749
vt -0.50763363 0.02966749
vt -0.50763363 0.03034067
vt -0.50534356 0.02897025
vt -0.50763363 0.02897025
vt -0.50763363 0.02966749
vt -0.50534356 -0.02826087
vt -0.50763363 -0.02826087
vt -0.50763363 0.02897025
vt -0.50534356 -0.02897025
vt -0.50763363 -0.02897025
vt -0.50763363 -0.02826087
vt -0.50534356 -0.02966749
vt -0.50763363 -0.02966749
vt -0.50763363 -0.02897025
vt -0.50534356 -0.03034067
vt -0.50763363 -0.03034067
vt -0.50763363 -0.02966749
vt -0.50534356 -0.03097826
vt -0.50763363 -0.03097826
vt -0.50763363 -0.03034067
vt -0.50534356 -0.03156936
vt -0.50763363 -0.03156936
vt -0.50763363 -0.03097826
vt -0.50534356 0.10219457
vt -0.50763363 0.10219457
vt -0.50763363 0.10202138
vt -0.50534356 0.10239205
vt -0.50763363 0.10239205
vt -0.50763363 0.10219457
vt -0.50534356 0.10261045
vt -0.50763363 0.10261045
vt -0.50763363 0.10239205
vt -0.50534356 0.10284602
vt -0.50763363 0.10284602
vt -0.50763363 0.10261045
vt -0.50534356 0.10309475
vt -0.50763363 0.10309475
vt -0.50763363 0.10284602
vt -0.50534356 0.10335237
vt -0.50763363 0.10335237
vt -0.50763363 0.10309475
vt -0.50534356 0.10522089
vt -0.50763363 0.10522089
vt -0.50763363 0.10335237
vt -0.50763363 0.10548299
vt -0.50820619 0.10547877
vt -0.50820619 0.10522089
vt -0.50763363 0.10574060
vt -0.50820619 0.10573225
vt -0.50820619 0.10547877
vt -0.50763363 0.10598934
vt -0.50820619 0.10597698
vt -0.50820619 0.10573225
vt -0.50763363 0.10598934
vt -0.50763363 0.10622491
vt -0.50820619 0.10620876
vt -0.50763363 0.10622491
vt -0.50763363 0.10644330
vt -0.50820619 0.10642365
vt -0.50763363 0.10644330
vt -0.50763363 0.10664078
vt -0.50820619 0.10661795
vt -0.50763363 0.10681396
vt -0.50820619 0.10678836
vt -0.50820619 0.10661795
vt -0.50763363 -0.03097826
vt -0.50820619 -0.03093457
vt -0.50820619 -0.03151617
vt -0.50763363 -0.03097826
vt -0.50763363 -0.03034067
vt -0.50820619 -0.03030724
vt -0.50763363 -0.03034067
vt -0.50763363 -0.02966749
vt -0.50820619 -0.02964488
vt -0.50763363 -0.02966749
vt -0.50763363 -0.02897025
vt -0.50820619 -0.02895885
vt -0.50763363 0.02826087
vt -0.50820619 0.02826087
vt -0.50820619 -0.02895885
vt -0.50763363 0.02897025
vt -0.50820619 0.02895885
vt -0.50820619 0.02826087
vt -0.50763363 0.02966749
vt -0.50820619 0.02964488
vt -0.50820619 0.02895885
vt -0.50763363 0.03034067
vt -0.50820619 0.03030724
vt -0.50820619 0.02964488
vt -0.50763363 0.03097826
vt -0.50820619 0.03093457
vt -0.50820619 0.03030724
vt -0.50763363 0.03097826
vt -0.50763363 0.03156936
vt -0.50820619 0.03151617
vt -0.50763363 0.10681396
vt -0.50763363 0.10664078
vt -0.50820619 0.10661795
vt -0.50763363 0.10644330
vt -0.50820619 0.10642365
vt -0.50820619 0.10661795
vt -0.50763363 0.10622491
vt -0.50820619 0.10620876
vt -0.50820619 0.10642365
vt -0.50763363 0.10598934
vt -0.50820619 0.10597698
vt -0.50820619 0.10620876
vt -0.50763363 0.10598934
vt -0.50763363 0.10574060
vt -0.50820619 0.10573225
vt -0.50763363 0.10574060
vt -0.50763363 0.10548299
vt -0.50820619 0.10547877
vt -0.50763363 0.10361446
vt -0.50820619 0.10361446
vt -0.50820619 0.10547877
vt -0.50763363 0.10335237
vt -0.50820619 0.10335658
vt -0.50820619 0.10361446
vt -0.50763363 0.10309475
vt -0.50820619 0.10310310
vt -0.50820619 0.10335658
vt -0.50763363 0.10309475
vt -0.50763363 0.10284602
vt -0.50820619 0.10285838
vt -0.50763363 0.10284602
vt -0.50763363 0.10261045
vt -0.50820619 0.10262659
vt -0.50763363 0.10261045
vt -0.50763363 0.10239205
vt -0.50820619 0.10241170
vt -0.50763363 0.10239205
vt -0.50763363 0.10219457
vt -0.50820619 0.10221741
vt -0.50763363 0.10219457
vt -0.50763363 0.10202138
vt -0.50820619 0.10204700
vt -0.50763363 0.03156936
vt -0.50763363 0.03097826
vt -0.50820619 0.03093457
vt -0.50763363 0.03097826
vt -0.50763363 0.03034067
vt -0.50820619 0.03030724
vt -0.50763363 0.03034067
vt -0.50763363 0.02966749
vt -0.50820619 0.02964488
vt -0.50763363 0.02897025
vt -0.50820619 0.02895885
vt -0.50820619 0.02964488
vt -0.50763363 -0.02826087
vt -0.50820619 -0.02826087
vt -0.50820619 0.02895885
vt -0.50763363 -0.02897025
vt -0.50820619 -0.02895885
vt -0.50820619 -0.02826087
vt -0.50763363 -0.02897025
vt -0.50763363 -0.02966749
vt -0.50820619 -0.02964488
vt -0.50763363 -0.03034067
vt -0.50820619 -0.03030724
vt -0.50820619 -0.02964488
vt -0.50763363 -0.03097826
vt -0.50820619 -0.03093457
vt -0.50820619 -0.03030724
vt -0.50763363 -0.03156936
vt -0.50820619 -0.03151617
vt -0.50820619 -0.03093457
vt -0.50763363 0.10219457
vt -0.50820619 0.10221741
vt -0.50820619 0.10204700
vt -0.50763363 0.10239205
vt -0.50820619 0.10241170
vt -0.50820619 0.10221741
vt -0.50763363 0.10261045
vt -0.50820619 0.10262659
vt -0.50820619 0.10241170
vt -0.50763363 0.10284602
vt -0.50820619 0.10285838
vt -0.50820619 0.10262659
vt -0.50763363 0.10309475
vt -0.50820619 0.10310310
vt -0.50820619 0.10285838
vt -0.50763363 0.10309475
vt -0.50763363 0.10335237
vt -0.50820619 0.10335658
vt -0.50763363 0.10522089
vt -0.50820619 0.10522089
vt -0.50820619 0.10335658
vt -0.03356253 0.10547877
vt -0.03332586 0.10546726
vt -0.03336957 0.10522089
vt -0.03342607 0.10573225
vt -0.03319549 0.10570943
vt -0.03332586 0.10546726
vt -0.03320123 0.10597698
vt -0.03298069 0.10594323
vt -0.03319549 0.10570943
vt -0.03289186 0.10620876
vt -0.03268513 0.10616466
vt -0.03298069 0.10594323
vt -0.03250325 0.10642365
vt -0.03231387 0.10636996
vt -0.03268513 0.10616466
vt -0.03204206 0.10661795
vt -0.03187326 0.10655560
vt -0.03231387 0.10636996
vt -0.03151617 0.10678836
vt -0.03137085 0.10671838
vt -0.03187326 0.10655560
vt -0.03093457 0.10693194
vt -0.03081522 0.10685556
vt -0.03137085 0.10671838
vt -0.03030724 0.10704624
vt -0.03021589 0.10696476
vt -0.03081522 0.10685556
vt -0.02964488 0.10712931
vt -0.02958310 0.10704412
vt -0.03021589 0.10696476
vt -0.02895885 0.10717973
vt -0.02892769 0.10709229
vt -0.02958310 0.10704412
vt 0.02826087 0.10719664
vt 0.02826087 0.10710844
vt -0.02892769 0.10709229
vt 0.02895885 0.10717973
vt 0.02892769 0.10709229
vt 0.02826087 0.10710844
vt 0.02895885 0.10717973
vt 0.02964488 0.10712931
vt 0.02958310 0.10704412
vt 0.02964488 0.10712931
vt 0.03030724 0.10704624
vt 0.03021589 0.10696476
vt 0.03030724 0.10704624
vt 0.03093457 0.10693194
vt 0.03081522 0.10685556
vt 0.03093457 0.10693194
vt 0.03151617 0.10678836
vt 0.03137085 0.10671838
vt 0.03151617 0.10678836
vt 0.03204206 0.10661795
vt 0.03187326 0.10655560
vt 0.03204206 0.10661795
vt 0.03250325 0.10642365
vt 0.03231387 0.10636996
vt 0.03250325 0.10642365
vt 0.03289186 0.10620876
vt 0.03268513 0.10616466
vt 0.03289186 0.10620876
vt 0.03320123 0.10597698
vt 0.03298069 0.10594323
vt 0.03320123 0.10597698
vt 0.03342607 0.10573225
vt 0.03319549 0.10570943
vt 0.03342607 0.10573225
vt 0.03356253 0.10547877
vt 0.03332586 0.10546726
vt 0.03360828 0.10361446
vt 0.03336957 0.10361446
vt 0.03332586 0.10546726
vt 0.03356253 0.10335658
vt 0.03332586 0.10336809
vt 0.03336957 0.10361446
vt 0.03342607 0.10310310
vt 0.03319549 0.10312592
vt 0.03332586 0.10336809
vt 0.03320123 0.10285838
vt 0.03298069 0.10289213
vt 0.03319549 0.10312592
vt 0.03289186 0.10262659
vt 0.03268513 0.10267069
vt 0.03298069 0.10289213
vt 0.03289186 0.10262659
vt 0.03250325 0.10241170
vt 0.03231387 0.10246540
vt 0.03204206 0.10221741
vt 0.03187326 0.10227976
vt 0.03231387 0.10246540
vt 0.03151617 0.10204700
vt 0.03137085 0.10211697
vt 0.03187326 0.10227976
vt 0.03093457 0.10190342
vt 0.03081522 0.10197979
vt 0.03137085 0.10211697
vt 0.03030724 0.10178912
vt 0.03021589 0.10187059
vt 0.03081522 0.10197979
vt 0.02964488 0.10170604
vt 0.02958310 0.10179123
vt 0.03021589 0.10187059
vt 0.02895885 0.10165562
vt 0.02892769 0.10174306
vt 0.02958310 0.10179123
vt -0.02826087 0.10163871
vt -0.02826087 0.10172691
vt 0.02892769 0.10174306
vt -0.02826087 0.10163871
vt -0.02895885 0.10165562
vt -0.02892769 0.10174306
vt -0.02895885 0.10165562
vt -0.02964488 0.10170604
vt -0.02958310 0.10179123
vt -0.02964488 0.10170604
vt -0.03030724 0.10178912
vt -0.03021589 0.10187059
vt -0.03030724 0.10178912
vt -0.03093457 0.10190342
vt -0.03081522 0.10197979
vt -0.03093457 0.10190342
vt -0.03151617 0.10204700
vt -0.03137085 0.10211697
vt -0.03151617 0.10204700
vt -0.03204206 0.10221741
vt -0.03187326 0.10227976
vt -0.03204206 0.10221741
vt -0.03250325 0.10241170
vt -0.03231387 0.10246540
vt -0.03289186 0.10262659
vt -0.03268513 0.10267069
vt -0.03231387 0.10246540
vt -0.03289186 0.10262659
vt -0.03320123 0.10285838
vt -0.03298069 0.10289213
vt -0.03320123 0.10285838
vt -0.03342607 0.10310310
vt -0.03319549 0.10312592
vt -0.03342607 0.10310310
vt -0.03356253 0.10335658
vt -0.03332586 0.10336809
vt -0.03360828 0.10522089
vt -0.03336957 0.10522089
vt -0.03332586 0.10336809
vt -0.03332586 0.10546726
vt -0.03300256 0.10545154
vt -0.03304348 0.10522089
vt -0.03332586 0.10546726
vt -0.03319549 0.10570943
vt -0.03288051 0.10567825
vt -0.03298069 0.10594323
vt -0.03267943 0.10589712
vt -0.03288051 0.10567825
vt -0.03268513 0.10616466
vt -0.03240273 0.10610442
vt -0.03267943 0.10589712
vt -0.03268513 0.10616466
vt -0.03231387 0.10636996
vt -0.03205517 0.10629661
vt -0.03231387 0.10636996
vt -0.03187326 0.10655560
vt -0.03164269 0.10647040
vt -0.03137085 0.10671838
vt -0.03117234 0.10662280
vt -0.03164269 0.10647040
vt -0.03137085 0.10671838
vt -0.03081522 0.10685556
vt -0.03065217 0.10675122
vt -0.03081522 0.10685556
vt -0.03021589 0.10696476
vt -0.03009110 0.10685345
vt -0.03021589 0.10696476
vt -0.02958310 0.10704412
vt -0.02949870 0.10692775
vt -0.02892769 0.10709229
vt -0.02888513 0.10697284
vt -0.02949870 0.10692775
vt 0.02826087 0.10710844
vt 0.02826087 0.10698795
vt -0.02888513 0.10697284
vt 0.02826087 0.10710844
vt 0.02892769 0.10709229
vt 0.02888513 0.10697284
vt 0.02892769 0.10709229
vt 0.02958310 0.10704412
vt 0.02949870 0.10692775
vt 0.03021589 0.10696476
vt 0.03009110 0.10685345
vt 0.02949870 0.10692775
vt 0.03081522 0.10685556
vt 0.03065217 0.10675122
vt 0.03009110 0.10685345
vt 0.03137085 0.10671838
vt 0.03117234 0.10662280
vt 0.03065217 0.10675122
vt 0.03137085 0.10671838
vt 0.03187326 0.10655560
vt 0.03164269 0.10647040
vt 0.03231387 0.10636996
vt 0.03205517 0.10629661
vt 0.03164269 0.10647040
vt 0.03268513 0.10616466
vt 0.03240273 0.10610442
vt 0.03205517 0.10629661
vt 0.03268513 0.10616466
vt 0.03298069 0.10594323
vt 0.03267943 0.10589712
vt 0.03298069 0.10594323
vt 0.03319549 0.10570943
vt 0.03288051 0.10567825
vt 0.03332586 0.10546726
vt 0.03300256 0.10545154
vt 0.03288051 0.10567825
vt 0.03336957 0.10361446
vt 0.03304348 0.10361446
vt 0.03300256 0.10545154
vt 0.03332586 0.10336809
vt 0.03300256 0.10338382
vt 0.03304348 0.10361446
vt 0.03332586 0.10336809
vt 0.03319549 0.10312592
vt 0.03288051 0.10315711
vt 0.03298069 0.10289213
vt 0.03267943 0.10293823
vt 0.03288051 0.10315711
vt 0.03268513 0.10267069
vt 0.03240273 0.10273093
vt 0.03267943 0.10293823
vt 0.03231387 0.10246540
vt 0.03205517 0.10253873
vt 0.03240273 0.10273093
vt 0.03187326 0.10227976
vt 0.03164269 0.10236496
vt 0.03205517 0.10253873
vt 0.03137085 0.10211697
vt 0.03117234 0.10221255
vt 0.03164269 0.10236496
vt 0.03081522 0.10197979
vt 0.03065217 0.10208414
vt 0.03117234 0.10221255
vt 0.03081522 0.10197979
vt 0.03021589 0.10187059
vt 0.03009110 0.10198191
vt 0.03021589 0.10187059
vt 0.02958310 0.10179123
vt 0.02949870 0.10190760
vt 0.02958310 0.10179123
vt 0.02892769 0.10174306
vt 0.02888513 0.10186251
vt -0.02826087 0.10172691
vt -0.02826087 0.10184740
vt 0.02888513 0.10186251
vt -0.02826087 0.10172691
vt -0.02892769 0.10174306
vt -0.02888513 0.10186251
vt -0.02958310 0.10179123
vt -0.02949870 0.10190760
vt -0.02888513 0.10186251
vt -0.03021589 0.10187059
vt -0.03009110 0.10198191
vt -0.02949870 0.10190760
vt -0.03081522 0.10197979
vt -0.03065217 0.10208414
vt -0.03009110 0.10198191
vt -0.03081522 0.10197979
vt -0.03137085 0.10211697
vt -0.03117234 0.10221255
vt -0.03137085 0.10211697
vt -0.03187326 0.10227976
vt -0.03164269 0.10236496
vt -0.03187326 0.10227976
vt -0.03231387 0.10246540
vt -0.03205517 0.10253873
vt -0.03231387 0.10246540
vt -0.03268513 0.10267069
vt -0.03240273 0.10273093
vt -0.03268513 0.10267069
vt -0.03298069 0.10289213
vt -0.03267943 0.10293823
vt -0.03298069 0.10289213
vt -0.03319549 0.10312592
vt -0.03288051 0.10315711
vt -0.03332586 0.10336809
vt -0.03300256 0.10338382
vt -0.03288051 0.10315711
vt -0.03336957 0.10522089
vt -0.03304348 0.10522089
vt -0.03300256 0.10338382
vt -0.03304348 0.10522089
vt -0.03300256 0.10338382
vt -0.02826087 0.10184740
vt -0.03300256 0.10338382
vt -0.03288051 0.10315711
vt -0.02826087 0.10184740
vt -0.03288051 0.10315711
vt -0.03267943 0.10293823
vt -0.03240273 0.10273093
vt -0.03240273 0.10273093
vt -0.03205517 0.10253873
vt -0.03164269 0.10236496
vt -0.03164269 0.10236496
vt -0.03117234 0.10221255
vt -0.03065217 0.10208414
vt -0.03065217 0.10208414
vt -0.03009110 0.10198191
vt -0.02826087 0.10184740
vt -0.03009110 0.10198191
vt -0.02949870 0.10190760
vt -0.02826087 0.10184740
vt -0.02949870 0.10190760
vt -0.02888513 0.10186251
vt -0.02826087 0.10184740
vt -0.02826087 0.10184740
vt 0.02888513 0.10186251
vt 0.02826087 0.10698795
vt 0.02888513 0.10186251
vt 0.02949870 0.10190760
vt 0.03304348 0.10361446
vt 0.02826087 0.10698795
vt 0.03304348 0.10361446
vt 0.03300256 0.10545154
vt 0.02949870 0.10190760
vt 0.03009110 0.10198191
vt 0.03065217 0.10208414
vt 0.03065217 0.10208414
vt 0.03117234 0.10221255
vt 0.03164269 0.10236496
vt 0.03164269 0.10236496
vt 0.03205517 0.10253873
vt 0.03240273 0.10273093
vt 0.03240273 0.10273093
vt 0.03267943 0.10293823
vt 0.03288051 0.10315711
vt 0.03288051 0.10315711
vt 0.03300256 0.10338382
vt 0.03240273 0.10273093
vt 0.03300256 0.10338382
vt 0.03304348 0.10361446
vt 0.03240273 0.10273093
vt 0.03300256 0.10545154
vt 0.03288051 0.10567825
vt 0.02826087 0.10698795
vt 0.03288051 0.10567825
vt 0.03267943 0.10589712
vt 0.03240273 0.10610442
vt 0.03240273 0.10610442
vt 0.03205517 0.10629661
vt 0.03164269 0.10647040
vt 0.03164269 0.10647040
vt 0.03117234 0.10662280
vt 0.03240273 0.10610442
vt 0.03117234 0.10662280
vt 0.03065217 0.10675122
vt 0.03240273 0.10610442
vt 0.03065217 0.10675122
vt 0.03009110 0.10685345
vt 0.02826087 0.10698795
vt 0.03009110 0.10685345
vt 0.02949870 0.10692775
vt 0.02826087 0.10698795
vt 0.02949870 0.10692775
vt 0.02888513 0.10697284
vt 0.02826087 0.10698795
vt 0.02826087 0.10698795
vt -0.02888513 0.10697284
vt -0.02826087 0.10184740
vt -0.02888513 0.10697284
vt -0.02949870 0.10692775
vt -0.03304348 0.10522089
vt -0.02826087 0.10184740
vt -0.02888513 0.10697284
vt -0.03304348 0.10522089
vt -0.02949870 0.10692775
vt -0.03009110 0.10685345
vt -0.03065217 0.10675122
vt -0.03065217 0.10675122
vt -0.03117234 0.10662280
vt -0.03240273 0.10610442
vt -0.03117234 0.10662280
vt -0.03164269 0.10647040
vt -0.03240273 0.10610442
vt -0.03164269 0.10647040
vt -0.03205517 0.10629661
vt -0.03240273 0.10610442
vt -0.03240273 0.10610442
vt -0.03267943 0.10589712
vt -0.03288051 0.10567825
vt -0.03288051 0.10567825
vt -0.03300256 0.10545154
vt -0.03240273 0.10610442
vt -0.03300256 0.10545154
vt -0.03304348 0.10522089
vt -0.03240273 0.10610442
vt -0.03288051 0.10315711
vt -0.03240273 0.10273093
vt -0.02826087 0.10184740
vt -0.03240273 0.10273093
vt -0.03164269 0.10236496
vt -0.03065217 0.10208414
vt 0.03304348 0.10361446
vt 0.02826087 0.10698795
vt 0.02888513 0.10186251
vt 0.02949870 0.10190760
vt 0.03065217 0.10208414
vt 0.03304348 0.10361446
vt 0.03065217 0.10208414
vt 0.03164269 0.10236496
vt 0.03240273 0.10273093
vt 0.03288051 0.10567825
vt 0.03240273 0.10610442
vt 0.02826087 0.10698795
vt -0.02949870 0.10692775
vt -0.03065217 0.10675122
vt -0.03304348 0.10522089
vt -0.03240273 0.10273093
vt -0.03065217 0.10208414
vt -0.02826087 0.10184740
vt 0.03065217 0.10208414
vt 0.03240273 0.10273093
vt 0.03304348 0.10361446
vt 0.03240273 0.10610442
vt 0.03065217 0.10675122
vt 0.02826087 0.10698795
vt -0.03300256 0.10338382
vt -0.03304348 0.10522089
vt -0.02826087 0.10184740
vt -0.03304348 0.10522089
vt -0.03300256 0.10545154
vt -0.02888513 0.10697284
vt -0.03300256 0.10545154
vt -0.03288051 0.10567825
vt -0.03267943 0.10589712
vt -0.03267943 0.10589712
vt -0.03240273 0.10610442
vt -0.03117234 0.10662280
vt -0.03240273 0.10610442
vt -0.03205517 0.10629661
vt -0.03117234 0.10662280
vt -0.03205517 0.10629661
vt -0.03164269 0.10647040
vt -0.03117234 0.10662280
vt -0.03117234 0.10662280
vt -0.03065217 0.10675122
vt -0.03009110 0.10685345
vt -0.03009110 0.10685345
vt -0.02949870 0.10692775
vt -0.02888513 0.10697284
vt -0.02888513 0.10697284
vt 0.02826087 0.10698795
vt -0.02826087 0.10184740
vt 0.02826087 0.10698795
vt 0.02888513 0.10697284
vt 0.03300256 0.10545154
vt 0.02888513 0.10186251
vt 0.02826087 0.10698795
vt 0.03304348 0.10361446
vt 0.02888513 0.10697284
vt 0.02949870 0.10692775
vt 0.03009110 0.10685345
vt 0.03009110 0.10685345
vt 0.03065217 0.10675122
vt 0.03117234 0.10662280
vt 0.03117234 0.10662280
vt 0.03164269 0.10647040
vt 0.03205517 0.10629661
vt 0.03205517 0.10629661
vt 0.03240273 0.10610442
vt 0.03300256 0.10545154
vt 0.03240273 0.10610442
vt 0.03267943 0.10589712
vt 0.03300256 0.10545154
vt 0.03267943 0.10589712
vt 0.03288051 0.10567825
vt 0.03300256 0.10545154
vt 0.03300256 0.10545154
vt 0.03304348 0.10361446
vt 0.02826087 0.10698795
vt 0.03304348 0.10361446
vt 0.03300256 0.10338382
vt 0.02888513 0.10186251
vt 0.03300256 0.10338382
vt 0.03288051 0.10315711
vt 0.03267943 0.10293823
vt 0.03267943 0.10293823
vt 0.03240273 0.10273093
vt 0.03117234 0.10221255
vt 0.03240273 0.10273093
vt 0.03205517 0.10253873
vt 0.03117234 0.10221255
vt 0.03205517 0.10253873
vt 0.03164269 0.10236496
vt 0.03117234 0.10221255
vt 0.03117234 0.10221255
vt 0.03065217 0.10208414
vt 0.03009110 0.10198191
vt 0.03009110 0.10198191
vt 0.02949870 0.10190760
vt 0.02888513 0.10186251
vt 0.02888513 0.10186251
vt -0.02826087 0.10184740
vt 0.02826087 0.10698795
vt -0.02826087 0.10184740
vt -0.02888513 0.10186251
vt -0.03300256 0.10338382
vt -0.02888513 0.10697284
vt -0.02826087 0.10184740
vt -0.03304348 0.10522089
vt -0.02888513 0.10186251
vt -0.02949870 0.10190760
vt -0.03009110 0.10198191
vt -0.03009110 0.10198191
vt -0.03065217 0.10208414
vt -0.03117234 0.10221255
vt -0.03117234 0.10221255
vt -0.03164269 0.10236496
vt -0.03009110 0.10198191
vt -0.03164269 0.10236496
vt -0.03205517 0.10253873
vt -0.03009110 0.10198191
vt -0.03205517 0.10253873
vt -0.03240273 0.10273093
vt -0.03300256 0.10338382
vt -0.03240273 0.10273093
vt -0.03267943 0.10293823
vt -0.03300256 0.10338382
vt -0.03267943 0.10293823
vt -0.03288051 0.10315711
vt -0.03300256 0.10338382
vt -0.03300256 0.10545154
vt -0.03267943 0.10589712
vt -0.02888513 0.10697284
vt -0.03117234 0.10662280
vt -0.03009110 0.10685345
vt -0.02888513 0.10697284
vt 0.02888513 0.10697284
vt 0.03009110 0.10685345
vt 0.03300256 0.10545154
vt 0.03009110 0.10685345
vt 0.03117234 0.10662280
vt 0.03205517 0.10629661
vt 0.03300256 0.10338382
vt 0.03267943 0.10293823
vt 0.02888513 0.10186251
vt 0.03117234 0.10221255
vt 0.03009110 0.10198191
vt 0.02888513 0.10186251
vt -0.02888513 0.10186251
vt -0.03009110 0.10198191
vt -0.03300256 0.10338382
vt -0.03267943 0.10589712
vt -0.03117234 0.10662280
vt -0.02888513 0.10697284
vt 0.03009110 0.10685345
vt 0.03205517 0.10629661
vt 0.03300256 0.10545154
vt 0.03267943 0.10293823
vt 0.03117234 0.10221255
vt 0.02888513 0.10186251
vn 0.96590233 -0.25879580 0.00758153
vn 0.86135739 -0.50365323 0.06630898
vn 0.86329156 -0.50449878 0.01444626
vn 0.96591932 -0.25002426 0.06699073
vn 0.86135739 -0.50365323 0.06630898
vn 0.96592623 -0.25660297 0.03378564
vn 0.96591932 -0.25002426 0.06699073
vn 0.86137128 -0.46930119 0.19441187
vn 0.86133558 -0.49072853 0.13147818
vn 0.96593404 -0.23908015 0.09905618
vn 0.86133170 -0.43998724 0.25400555
vn 0.86137128 -0.46930119 0.19441187
vn 0.96591866 -0.20535535 0.15757647
vn 0.86133170 -0.43998724 0.25400555
vn 0.96591139 -0.22419716 0.12942488
vn 0.96592796 -0.18299082 0.18302327
vn 0.86135024 -0.40303853 0.30925021
vn 0.96591866 -0.20535535 0.15757647
vn 0.96592796 -0.18299082 0.18302327
vn 0.86135626 -0.30926022 0.40301809
vn 0.86134356 -0.35922292 0.35922998
vn 0.96592265 -0.12941630 0.22415359
vn 0.86135626 -0.30926022 0.40301809
vn 0.96592361 -0.15757205 0.20533529
vn 0.96592265 -0.09907599 0.23911817
vn 0.86134207 -0.25401506 0.43996146
vn 0.96592265 -0.12941630 0.22415359
vn 0.96592236 -0.06698567 0.25001401
vn 0.86133194 -0.19441576 0.46937168
vn 0.96592265 -0.09907599 0.23911817
vn 0.96592236 -0.06698567 0.25001401
vn 0.85891241 -0.05005123 0.50967079
vn 0.86135000 -0.13145451 0.49070954
vn 0.96588171 -0.02496753 0.25777739
vn 0.86356086 0.01640997 0.50397754
vn 0.85891241 -0.05005123 0.50967079
vn 0.96591544 0.03381373 0.25663963
vn 0.86356086 0.01640997 0.50397754
vn 0.96588469 0.00854979 0.25883138
vn 0.96592236 0.06698568 0.25001404
vn 0.86132556 0.06632318 0.50370574
vn 0.96591544 0.03381373 0.25663963
vn 0.96592236 0.06698568 0.25001404
vn 0.86133194 0.19441576 0.46937171
vn 0.86135000 0.13145453 0.49070951
vn 0.96592265 0.09907599 0.23911816
vn 0.86134207 0.25401506 0.43996149
vn 0.86133194 0.19441576 0.46937171
vn 0.96592265 0.12941629 0.22415358
vn 0.86135626 0.30926025 0.40301806
vn 0.86134207 0.25401506 0.43996149
vn 0.96592802 0.18299080 0.18302327
vn 0.86135626 0.30926025 0.40301806
vn 0.96592361 0.15757205 0.20533529
vn 0.96592802 0.18299080 0.18302327
vn 0.86135024 0.40303853 0.30925021
vn 0.86134356 0.35922286 0.35923001
vn 0.96591866 0.20535533 0.15757649
vn 0.86133182 0.43998724 0.25400555
vn 0.86135024 0.40303853 0.30925021
vn 0.96593404 0.23908015 0.09905618
vn 0.86133182 0.43998724 0.25400555
vn 0.96591139 0.22419716 0.12942488
vn 0.96591932 0.25002426 0.06699073
vn 0.86137128 0.46930119 0.19441187
vn 0.96593404 0.23908015 0.09905618
vn 0.96591932 0.25002426 0.06699073
vn 0.85927194 0.50885600 0.05212879
vn 0.86133558 0.49072853 0.13147818
vn 0.96590841 0.25757125 0.02603926
vn 0.86328840 0.50450420 -0.01444658
vn 0.85927194 0.50885600 0.05212879
vn 0.96590173 0.25879821 -0.00758169
vn 0.86135042 0.50366533 -0.06630875
vn 0.86328840 0.50450420 -0.01444658
vn 0.96591783 0.25002900 -0.06699339
vn 0.86135042 0.50366533 -0.06630875
vn 0.96592623 0.25660312 -0.03378460
vn 0.96591783 0.25002900 -0.06699339
vn 0.86136496 0.46931142 -0.19441490
vn 0.86133009 0.49073702 -0.13148265
vn 0.96593332 0.23908298 -0.09905641
vn 0.86132437 0.44000551 -0.25399905
vn 0.86136496 0.46931142 -0.19441490
vn 0.96590525 0.22422406 -0.12942453
vn 0.86133254 0.40306413 -0.30926624
vn 0.86132437 0.44000551 -0.25399905
vn 0.96591622 0.20536788 -0.15757497
vn 0.86134499 0.35921878 -0.35923082
vn 0.86133254 0.40306413 -0.30926624
vn 0.96593517 0.18295254 -0.18302371
vn 0.86134857 0.30926049 -0.40303424
vn 0.86134499 0.35921878 -0.35923082
vn 0.96592122 0.15756103 -0.20535520
vn 0.86133051 0.25403371 -0.43997344
vn 0.86134857 0.30926049 -0.40303424
vn 0.96591747 0.09908162 -0.23913667
vn 0.86133051 0.25403371 -0.43997344
vn 0.96591634 0.12944648 -0.22416341
vn 0.96592301 0.06698857 -0.25001043
vn 0.86134964 0.19441231 -0.46934059
vn 0.96591747 0.09908162 -0.23913667
vn 0.96588206 0.02493952 -0.25777882
vn 0.86133808 0.13147059 -0.49072614
vn 0.96592301 0.06698857 -0.25001043
vn 0.96588206 0.02493952 -0.25777882
vn 0.86356390 -0.01639238 -0.50397289
vn 0.85890937 0.05004818 -0.50967628
vn 0.96592349 -0.03378502 -0.25661308
vn 0.86356390 -0.01639238 -0.50397289
vn 0.96589488 -0.00854882 -0.25879332
vn 0.96592349 -0.03378502 -0.25661308
vn 0.86133802 -0.13147059 -0.49072617
vn 0.86132306 -0.06632261 -0.50371021
vn 0.96592301 -0.06698858 -0.25001043
vn 0.86134964 -0.19441231 -0.46934059
vn 0.86133802 -0.13147059 -0.49072617
vn 0.96591747 -0.09908163 -0.23913665
vn 0.86133057 -0.25403374 -0.43997347
vn 0.86134964 -0.19441231 -0.46934059
vn 0.96592122 -0.15756103 -0.20535518
vn 0.86133057 -0.25403374 -0.43997347
vn 0.96591634 -0.12944648 -0.22416341
vn 0.96593517 -0.18295254 -0.18302371
vn 0.86134857 -0.30926046 -0.40303421
vn 0.96592122 -0.15756103 -0.20535518
vn 0.96591622 -0.20536788 -0.15757498
vn 0.86134499 -0.35921878 -0.35923082
vn 0.96593517 -0.18295254 -0.18302371
vn 0.96590525 -0.22422406 -0.12942453
vn 0.86133254 -0.40306413 -0.30926624
vn 0.96591622 -0.20536788 -0.15757498
vn 0.96593332 -0.23908298 -0.09905641
vn 0.86132437 -0.44000554 -0.25399905
vn 0.96590525 -0.22422406 -0.12942453
vn 0.96591783 -0.25002903 -0.06699339
vn 0.86136496 -0.46931145 -0.19441491
vn 0.96593332 -0.23908298 -0.09905641
vn 0.96591783 -0.25002903 -0.06699339
vn 0.85927588 -0.50884938 -0.05212705
vn 0.86133009 -0.49073696 -0.13148263
vn 0.96591026 -0.25756454 -0.02603774
vn 0.86329156 -0.50449878 0.01444626
vn 0.85927588 -0.50884938 -0.05212705
vn 0.86329156 -0.50449878 0.01444626
vn 0.49539921 -0.86123288 0.11339132
vn 0.49718809 -0.86729848 0.02444055
vn 0.86135739 -0.50365323 0.06630898
vn 0.49537343 -0.83908325 0.22482078
vn 0.49539921 -0.86123288 0.11339132
vn 0.86133558 -0.49072853 0.13147818
vn 0.49541098 -0.80253118 0.33243296
vn 0.49537343 -0.83908325 0.22482078
vn 0.86137128 -0.46930119 0.19441187
vn 0.49537578 -0.75228882 0.43435517
vn 0.49541098 -0.80253118 0.33243296
vn 0.86133170 -0.43998724 0.25400555
vn 0.49541038 -0.68915188 0.52880836
vn 0.49537578 -0.75228882 0.43435517
vn 0.86135024 -0.40303853 0.30925021
vn 0.49538231 -0.61423683 0.61425519
vn 0.49541038 -0.68915188 0.52880836
vn 0.86134356 -0.35922292 0.35922998
vn 0.49535835 -0.52883542 0.68916845
vn 0.49538231 -0.61423683 0.61425519
vn 0.86135626 -0.30926022 0.40301809
vn 0.49539560 -0.43433523 0.75228733
vn 0.49535835 -0.52883542 0.68916845
vn 0.86134207 -0.25401506 0.43996146
vn 0.49539039 -0.33242002 0.80254930
vn 0.49539560 -0.43433523 0.75228733
vn 0.86133194 -0.19441576 0.46937168
vn 0.49537563 -0.22481196 0.83908439
vn 0.49539039 -0.33242002 0.80254930
vn 0.86135000 -0.13145451 0.49070954
vn 0.49296725 -0.08582580 0.86580443
vn 0.49537563 -0.22481196 0.83908439
vn 0.85891241 -0.05005123 0.50967079
vn 0.49749786 0.02796248 0.86701441
vn 0.49296725 -0.08582580 0.86580443
vn 0.86356086 0.01640997 0.50397754
vn 0.49539420 0.11338955 0.86123598
vn 0.49749786 0.02796248 0.86701441
vn 0.86135000 0.13145453 0.49070951
vn 0.49539420 0.11338955 0.86123598
vn 0.86132556 0.06632318 0.50370574
vn 0.86133194 0.19441576 0.46937171
vn 0.49537563 0.22481196 0.83908439
vn 0.86135000 0.13145453 0.49070951
vn 0.86134207 0.25401506 0.43996149
vn 0.49539039 0.33242002 0.80254930
vn 0.86133194 0.19441576 0.46937171
vn 0.86135626 0.30926025 0.40301806
vn 0.49539560 0.43433523 0.75228733
vn 0.86134207 0.25401506 0.43996149
vn 0.86134356 0.35922286 0.35923001
vn 0.49535835 0.52883554 0.68916845
vn 0.86135626 0.30926025 0.40301806
vn 0.86135024 0.40303853 0.30925021
vn 0.49538231 0.61423677 0.61425525
vn 0.86134356 0.35922286 0.35923001
vn 0.86133182 0.43998724 0.25400555
vn 0.49541038 0.68915188 0.52880836
vn 0.86135024 0.40303853 0.30925021
vn 0.86137128 0.46930119 0.19441187
vn 0.49537572 0.75228882 0.43435514
vn 0.86133182 0.43998724 0.25400555
vn 0.86133558 0.49072853 0.13147818
vn 0.49541098 0.80253118 0.33243293
vn 0.86137128 0.46930119 0.19441187
vn 0.85927194 0.50885600 0.05212879
vn 0.49537346 0.83908319 0.22482078
vn 0.86133558 0.49072853 0.13147818
vn 0.85927194 0.50885600 0.05212879
vn 0.49718732 0.86729890 -0.02444058
vn 0.49334136 0.86523104 0.08938514
vn 0.86328840 0.50450420 -0.01444658
vn 0.49539217 0.86123729 -0.11338786
vn 0.49718732 0.86729890 -0.02444058
vn 0.86135042 0.50366533 -0.06630875
vn 0.49537736 0.83907872 -0.22482924
vn 0.49539217 0.86123729 -0.11338786
vn 0.86133009 0.49073702 -0.13148265
vn 0.49540156 0.80253536 -0.33243698
vn 0.49537736 0.83907872 -0.22482924
vn 0.86136496 0.46931142 -0.19441490
vn 0.49539781 0.75229108 -0.43432617
vn 0.49540156 0.80253536 -0.33243698
vn 0.86133254 0.40306413 -0.30926624
vn 0.49539781 0.75229108 -0.43432617
vn 0.86132437 0.44000551 -0.25399905
vn 0.86133254 0.40306413 -0.30926624
vn 0.49537873 0.61424202 -0.61425292
vn 0.49537715 0.68915564 -0.52883458
vn 0.86134499 0.35921878 -0.35923082
vn 0.49537379 0.52882254 -0.68916726
vn 0.49537873 0.61424202 -0.61425292
vn 0.86134857 0.30926049 -0.40303424
vn 0.49537760 0.43432793 -0.75230330
vn 0.49537379 0.52882254 -0.68916726
vn 0.86133051 0.25403371 -0.43997344
vn 0.49539113 0.33243236 -0.80254370
vn 0.49537760 0.43432793 -0.75230330
vn 0.86134964 0.19441231 -0.46934059
vn 0.49536926 0.22481571 -0.83908713
vn 0.49539113 0.33243236 -0.80254370
vn 0.86133808 0.13147059 -0.49072614
vn 0.49301448 0.08582590 -0.86577743
vn 0.49536926 0.22481571 -0.83908713
vn 0.85890937 0.05004818 -0.50967628
vn 0.49748734 -0.02795880 -0.86702055
vn 0.49301448 0.08582590 -0.86577743
vn 0.86132306 -0.06632261 -0.50371021
vn 0.49748734 -0.02795880 -0.86702055
vn 0.86356390 -0.01639238 -0.50397289
vn 0.86133802 -0.13147059 -0.49072617
vn 0.49537593 -0.11340201 -0.86124486
vn 0.86132306 -0.06632261 -0.50371021
vn 0.86134964 -0.19441231 -0.46934059
vn 0.49536926 -0.22481573 -0.83908713
vn 0.86133802 -0.13147059 -0.49072617
vn 0.86133057 -0.25403374 -0.43997347
vn 0.49539113 -0.33243236 -0.80254370
vn 0.86134964 -0.19441231 -0.46934059
vn 0.86134857 -0.30926046 -0.40303421
vn 0.49537760 -0.43432799 -0.75230330
vn 0.86133057 -0.25403374 -0.43997347
vn 0.86134499 -0.35921878 -0.35923082
vn 0.49537382 -0.52882254 -0.68916726
vn 0.86134857 -0.30926046 -0.40303421
vn 0.86133254 -0.40306413 -0.30926624
vn 0.49537948 -0.61423361 -0.61426073
vn 0.86134499 -0.35921878 -0.35923082
vn 0.86133254 -0.40306413 -0.30926624
vn 0.49539778 -0.75229108 -0.43432620
vn 0.49539840 -0.68915176 -0.52881956
vn 0.86136496 -0.46931145 -0.19441491
vn 0.49539778 -0.75229108 -0.43432620
vn 0.86132437 -0.44000554 -0.25399905
vn 0.86133009 -0.49073696 -0.13148263
vn 0.49540159 -0.80253536 -0.33243695
vn 0.86136496 -0.46931145 -0.19441491
vn 0.85927588 -0.50884938 -0.05212705
vn 0.49537736 -0.83907872 -0.22482921
vn 0.86133009 -0.49073696 -0.13148263
vn 0.85927588 -0.50884938 -0.05212705
vn 0.49718809 -0.86729848 0.02444055
vn 0.49334204 -0.86523092 -0.08938149
vn 0.49718809 -0.86729848 0.02444055
vn 0.12983106 -0.98305267 0.12942705
vn 0.13005905 -0.99111551 0.02783207
vn 0.49539921 -0.86123288 0.11339132
vn 0.12982729 -0.95775288 0.25662097
vn 0.12983106 -0.98305267 0.12942705
vn 0.49537343 -0.83908325 0.22482078
vn 0.12982863 -0.91606176 0.37944078
vn 0.12982729 -0.95775288 0.25662097
vn 0.49537578 -0.75228882 0.43435517
vn 0.12982863 -0.91606176 0.37944078
vn 0.49541098 -0.80253118 0.33243296
vn 0.49541038 -0.68915188 0.52880836
vn 0.12982851 -0.85868710 0.49578312
vn 0.49537578 -0.75228882 0.43435517
vn 0.49538231 -0.61423683 0.61425519
vn 0.12985246 -0.78663445 0.60360968
vn 0.49541038 -0.68915188 0.52880836
vn 0.49538231 -0.61423683 0.61425519
vn 0.12977915 -0.60362852 0.78663212
vn 0.12984486 -0.70110935 0.70113194
vn 0.49535835 -0.52883542 0.68916845
vn 0.12983367 -0.49578297 0.85868651
vn 0.12977915 -0.60362852 0.78663212
vn 0.49539039 -0.33242002 0.80254930
vn 0.12983367 -0.49578297 0.85868651
vn 0.49539560 -0.43433523 0.75228733
vn 0.49537563 -0.22481196 0.83908439
vn 0.12986030 -0.37944746 0.91605455
vn 0.49539039 -0.33242002 0.80254930
vn 0.49296725 -0.08582580 0.86580443
vn 0.12982543 -0.25662312 0.95775259
vn 0.49537563 -0.22481196 0.83908439
vn 0.49296725 -0.08582580 0.86580443
vn 0.13010019 0.03194758 0.99098599
vn 0.12944987 -0.09784225 0.98674703
vn 0.49749786 0.02796248 0.86701441
vn 0.12986712 0.12942386 0.98304826
vn 0.13010019 0.03194758 0.99098599
vn 0.49539420 0.11338955 0.86123598
vn 0.12982543 0.25662276 0.95775265
vn 0.12986712 0.12942386 0.98304826
vn 0.49537563 0.22481196 0.83908439
vn 0.12986031 0.37944636 0.91605508
vn 0.12982543 0.25662276 0.95775265
vn 0.49539039 0.33242002 0.80254930
vn 0.12983367 0.49578193 0.85868704
vn 0.12986031 0.37944636 0.91605508
vn 0.49535835 0.52883554 0.68916845
vn 0.12983367 0.49578193 0.85868704
vn 0.49539560 0.43433523 0.75228733
vn 0.49538231 0.61423677 0.61425525
vn 0.12977917 0.60363114 0.78662997
vn 0.49535835 0.52883554 0.68916845
vn 0.49538231 0.61423677 0.61425525
vn 0.12985243 0.78663522 0.60360867
vn 0.12984487 0.70111102 0.70113015
vn 0.49541038 0.68915188 0.52880836
vn 0.12982850 0.85868752 0.49578243
vn 0.12985243 0.78663522 0.60360867
vn 0.49537572 0.75228882 0.43435514
vn 0.12982866 0.91606188 0.37944055
vn 0.12982850 0.85868752 0.49578243
vn 0.49537346 0.83908319 0.22482078
vn 0.12982866 0.91606188 0.37944055
vn 0.49541098 0.80253118 0.33243293
vn 0.49334136 0.86523104 0.08938514
vn 0.12982731 0.95775300 0.25662032
vn 0.49537346 0.83908319 0.22482078
vn 0.49334136 0.86523104 0.08938514
vn 0.13005617 0.99111599 -0.02783212
vn 0.12949240 0.98632747 0.10193081
vn 0.49718732 0.86729890 -0.02444058
vn 0.12982550 0.98305428 -0.12942046
vn 0.13005617 0.99111599 -0.02783212
vn 0.49539217 0.86123729 -0.11338786
vn 0.12983370 0.95775098 -0.25662470
vn 0.12982550 0.98305428 -0.12942046
vn 0.49540156 0.80253536 -0.33243698
vn 0.12983370 0.95775098 -0.25662470
vn 0.49537736 0.83907872 -0.22482924
vn 0.49539781 0.75229108 -0.43432617
vn 0.12983789 0.91606069 -0.37944022
vn 0.49540156 0.80253536 -0.33243698
vn 0.49537715 0.68915564 -0.52883458
vn 0.12986535 0.85868847 -0.49577117
vn 0.49539781 0.75229108 -0.43432617
vn 0.49537873 0.61424202 -0.61425292
vn 0.12983571 0.78663152 -0.60361707
vn 0.49537715 0.68915564 -0.52883458
vn 0.49537379 0.52882254 -0.68916726
vn 0.12984414 0.70112062 -0.70112085
vn 0.49537873 0.61424202 -0.61425292
vn 0.49537760 0.43432793 -0.75230330
vn 0.12981927 0.60361856 -0.78663313
vn 0.49537379 0.52882254 -0.68916726
vn 0.49539113 0.33243236 -0.80254370
vn 0.12985849 0.49576190 -0.85869485
vn 0.49537760 0.43432793 -0.75230330
vn 0.49536926 0.22481571 -0.83908713
vn 0.12985224 0.37944770 -0.91605556
vn 0.49539113 0.33243236 -0.80254370
vn 0.49536926 0.22481571 -0.83908713
vn 0.12948163 0.09784345 -0.98674268
vn 0.12981629 0.25662097 -0.95775437
vn 0.49301448 0.08582590 -0.86577743
vn 0.13012676 -0.03196094 -0.99098212
vn 0.12948163 0.09784345 -0.98674268
vn 0.49748734 -0.02795880 -0.86702055
vn 0.12985426 -0.12943605 -0.98304838
vn 0.13012676 -0.03196094 -0.99098212
vn 0.49536926 -0.22481573 -0.83908713
vn 0.12985426 -0.12943605 -0.98304838
vn 0.49537593 -0.11340201 -0.86124486
vn 0.49536926 -0.22481573 -0.83908713
vn 0.12985227 -0.37944660 -0.91605604
vn 0.12981628 -0.25662056 -0.95775449
vn 0.49539113 -0.33243236 -0.80254370
vn 0.12985851 -0.49576095 -0.85869545
vn 0.12985227 -0.37944660 -0.91605604
vn 0.49537760 -0.43432799 -0.75230330
vn 0.12981927 -0.60361844 -0.78663319
vn 0.12985851 -0.49576095 -0.85869545
vn 0.49537382 -0.52882254 -0.68916726
vn 0.12982805 -0.70111847 -0.70112586
vn 0.12981927 -0.60361844 -0.78663319
vn 0.49539840 -0.68915176 -0.52881956
vn 0.12982805 -0.70111847 -0.70112586
vn 0.49537948 -0.61423361 -0.61426073
vn 0.49539840 -0.68915176 -0.52881956
vn 0.12986533 -0.85868895 -0.49577051
vn 0.12984186 -0.78663659 -0.60360909
vn 0.49539778 -0.75229108 -0.43432620
vn 0.12983789 -0.91606057 -0.37944061
vn 0.12986533 -0.85868895 -0.49577051
vn 0.49540159 -0.80253536 -0.33243695
vn 0.12983371 -0.95775133 -0.25662336
vn 0.12983789 -0.91606057 -0.37944061
vn 0.49334204 -0.86523092 -0.08938149
vn 0.12983371 -0.95775133 -0.25662336
vn 0.49537736 -0.83907872 -0.22482921
vn 0.49334204 -0.86523092 -0.08938149
vn 0.13005905 -0.99111551 0.02783207
vn 0.12948579 -0.98632902 -0.10192423
vn 0.12983106 -0.98305267 0.12942705
vn -0.13005091 -0.99111658 0.02783293
vn 0.13005905 -0.99111551 0.02783207
vn 0.12982729 -0.95775288 0.25662097
vn -0.12982473 -0.98305368 0.12942550
vn 0.12983106 -0.98305267 0.12942705
vn 0.12982863 -0.91606176 0.37944078
vn -0.12981331 -0.95775396 0.25662377
vn 0.12982729 -0.95775288 0.25662097
vn 0.12982851 -0.85868710 0.49578312
vn -0.12981662 -0.91606468 0.37943795
vn 0.12982863 -0.91606176 0.37944078
vn 0.12985246 -0.78663445 0.60360968
vn -0.12982148 -0.85868824 0.49578303
vn 0.12982851 -0.85868710 0.49578312
vn 0.12984486 -0.70110935 0.70113194
vn -0.12983713 -0.78664112 0.60360426
vn 0.12985246 -0.78663445 0.60360968
vn 0.12977915 -0.60362852 0.78663212
vn -0.12984127 -0.70110023 0.70114172
vn 0.12984486 -0.70110935 0.70113194
vn 0.12983367 -0.49578297 0.85868651
vn -0.12979411 -0.60360718 0.78664595
vn 0.12977915 -0.60362852 0.78663212
vn 0.12986030 -0.37944746 0.91605455
vn -0.12982993 -0.49577740 0.85869020
vn 0.12983367 -0.49578297 0.85868651
vn 0.12982543 -0.25662312 0.95775259
vn -0.12985332 -0.37943727 0.91605973
vn 0.12986030 -0.37944746 0.91605455
vn 0.12944987 -0.09784225 0.98674703
vn -0.12981130 -0.25662705 0.95775336
vn 0.12982543 -0.25662312 0.95775259
vn 0.13010019 0.03194758 0.99098599
vn -0.12944227 -0.09785023 0.98674721
vn 0.12944987 -0.09784225 0.98674703
vn 0.12986712 0.12942386 0.98304826
vn -0.13009387 0.03194835 0.99098688
vn 0.13010019 0.03194758 0.99098599
vn 0.12982543 0.25662276 0.95775265
vn -0.12984629 0.12943211 0.98304999
vn 0.12986712 0.12942386 0.98304826
vn 0.12986031 0.37944636 0.91605508
vn -0.12981132 0.25662744 0.95775330
vn 0.12982543 0.25662276 0.95775265
vn 0.12983367 0.49578193 0.85868704
vn -0.12985334 0.37943846 0.91605926
vn 0.12986031 0.37944636 0.91605508
vn 0.12977917 0.60363114 0.78662997
vn -0.12982993 0.49577841 0.85868967
vn 0.12983367 0.49578193 0.85868704
vn 0.12984487 0.70111102 0.70113015
vn -0.12979411 0.60360736 0.78664589
vn 0.12977917 0.60363114 0.78662997
vn 0.12985243 0.78663522 0.60360867
vn -0.12984127 0.70109594 0.70114595
vn 0.12984487 0.70111102 0.70113015
vn 0.12982850 0.85868752 0.49578243
vn -0.12983713 0.78663874 0.60360724
vn 0.12985243 0.78663522 0.60360867
vn 0.12982866 0.91606188 0.37944055
vn -0.12982148 0.85868913 0.49578151
vn 0.12982850 0.85868752 0.49578243
vn 0.12982731 0.95775300 0.25662032
vn -0.12981659 0.91606510 0.37943682
vn 0.12982866 0.91606188 0.37944055
vn 0.12949240 0.98632747 0.10193081
vn -0.12981333 0.95775318 0.25662678
vn 0.12982731 0.95775300 0.25662032
vn 0.13005617 0.99111599 -0.02783212
vn -0.12949401 0.98632675 0.10193536
vn 0.12949240 0.98632747 0.10193081
vn 0.12982550 0.98305428 -0.12942046
vn -0.13004754 0.99111700 -0.02783298
vn 0.13005617 0.99111599 -0.02783212
vn 0.12983370 0.95775098 -0.25662470
vn -0.12982169 0.98305428 -0.12942421
vn 0.12982550 0.98305428 -0.12942046
vn 0.12983789 0.91606069 -0.37944022
vn -0.12982146 0.95775402 -0.25661945
vn 0.12983370 0.95775098 -0.25662470
vn 0.12986535 0.85868847 -0.49577117
vn -0.12982599 0.91606116 -0.37944329
vn 0.12983789 0.91606069 -0.37944022
vn 0.12983571 0.78663152 -0.60361707
vn -0.12984680 0.85869098 -0.49577180
vn 0.12986535 0.85868847 -0.49577117
vn 0.12984414 0.70112062 -0.70112085
vn -0.12982188 0.78663492 -0.60361558
vn 0.12983571 0.78663152 -0.60361707
vn 0.12981927 0.60361856 -0.78663313
vn -0.12983571 0.70111644 -0.70112646
vn 0.12984414 0.70112062 -0.70112085
vn 0.12985849 0.49576190 -0.85869485
vn -0.12981965 0.60360438 -0.78664386
vn 0.12981927 0.60361856 -0.78663313
vn 0.12985224 0.37944770 -0.91605556
vn -0.12983327 0.49575585 -0.85870218
vn 0.12985849 0.49576190 -0.85869485
vn 0.12981629 0.25662097 -0.95775437
vn -0.12983474 0.37943813 -0.91606212
vn 0.12985224 0.37944770 -0.91605556
vn 0.12948163 0.09784345 -0.98674268
vn -0.12980852 0.25662038 -0.95775563
vn 0.12981629 0.25662097 -0.95775437
vn 0.13012676 -0.03196094 -0.99098212
vn -0.12947255 0.09784692 -0.98674351
vn 0.12948163 0.09784345 -0.98674268
vn 0.12985426 -0.12943605 -0.98304838
vn -0.13012038 -0.03196202 -0.99098289
vn 0.13012676 -0.03196094 -0.99098212
vn 0.12981628 -0.25662056 -0.95775449
vn -0.12984937 -0.12943895 -0.98304868
vn 0.12985426 -0.12943605 -0.98304838
vn 0.12985227 -0.37944660 -0.91605604
vn -0.12980852 -0.25662071 -0.95775545
vn 0.12981628 -0.25662056 -0.95775449
vn 0.12985851 -0.49576095 -0.85869545
vn -0.12983473 -0.37943926 -0.91606158
vn 0.12985227 -0.37944660 -0.91605604
vn 0.12981927 -0.60361844 -0.78663319
vn -0.12983327 -0.49575683 -0.85870159
vn 0.12985851 -0.49576095 -0.85869545
vn 0.12982805 -0.70111847 -0.70112586
vn -0.12981965 -0.60360175 -0.78664595
vn 0.12981927 -0.60361844 -0.78663319
vn 0.12984186 -0.78663659 -0.60360909
vn -0.12983568 -0.70111477 -0.70112818
vn 0.12982805 -0.70111847 -0.70112586
vn 0.12986533 -0.85868895 -0.49577051
vn -0.12982188 -0.78663266 -0.60361856
vn 0.12984186 -0.78663659 -0.60360909
vn 0.12983789 -0.91606057 -0.37944061
vn -0.12984680 -0.85869181 -0.49577031
vn 0.12986533 -0.85868895 -0.49577051
vn 0.12983371 -0.95775133 -0.25662336
vn -0.12982599 -0.91606134 -0.37944290
vn 0.12983789 -0.91606057 -0.37944061
vn 0.12948579 -0.98632902 -0.10192423
vn -0.12982146 -0.95775342 -0.25662175
vn 0.12983371 -0.95775133 -0.25662336
vn 0.13005905 -0.99111551 0.02783207
vn -0.12949160 -0.98632717 -0.10193408
vn 0.12948579 -0.98632902 -0.10192423
vn -0.12982473 -0.98305368 0.12942550
vn -0.49719614 -0.86729383 0.02443984
vn -0.13005091 -0.99111658 0.02783293
vn -0.12981331 -0.95775396 0.25662377
vn -0.49540341 -0.86123061 0.11339003
vn -0.12982473 -0.98305368 0.12942550
vn -0.12981662 -0.91606468 0.37943795
vn -0.49537939 -0.83907938 0.22482234
vn -0.12981331 -0.95775396 0.25662377
vn -0.12981662 -0.91606468 0.37943795
vn -0.49538431 -0.75228518 0.43435174
vn -0.49539778 -0.80254912 0.33240935
vn -0.12982148 -0.85868824 0.49578303
vn -0.49540535 -0.68916589 0.52879488
vn -0.49538431 -0.75228518 0.43435174
vn -0.12983713 -0.78664112 0.60360426
vn -0.49539575 -0.61422503 0.61425620
vn -0.49540535 -0.68916589 0.52879488
vn -0.12979411 -0.60360718 0.78664595
vn -0.49539575 -0.61422503 0.61425620
vn -0.12984127 -0.70110023 0.70114172
vn -0.12982993 -0.49577740 0.85869020
vn -0.49537456 -0.52883482 0.68915737
vn -0.12979411 -0.60360718 0.78664595
vn -0.12982993 -0.49577740 0.85869020
vn -0.49540740 -0.33243430 0.80253291
vn -0.49539328 -0.43435454 0.75227761
vn -0.12985332 -0.37943727 0.91605973
vn -0.49539313 -0.22483128 0.83906889
vn -0.49540740 -0.33243430 0.80253291
vn -0.12981130 -0.25662705 0.95775336
vn -0.49299064 -0.08583938 0.86578977
vn -0.49539313 -0.22483128 0.83906889
vn -0.13009387 0.03194835 0.99098688
vn -0.49299064 -0.08583938 0.86578977
vn -0.12944227 -0.09785023 0.98674721
vn -0.12984629 0.12943211 0.98304999
vn -0.49750698 0.02795874 0.86700922
vn -0.13009387 0.03194835 0.99098688
vn -0.12981132 0.25662744 0.95775330
vn -0.49539441 0.11339571 0.86123508
vn -0.12984629 0.12943211 0.98304999
vn -0.12985334 0.37943846 0.91605926
vn -0.49539313 0.22483128 0.83906883
vn -0.12981132 0.25662744 0.95775330
vn -0.12982993 0.49577841 0.85868967
vn -0.49540740 0.33243430 0.80253291
vn -0.12985334 0.37943846 0.91605926
vn -0.12982993 0.49577841 0.85868967
vn -0.49537453 0.52883482 0.68915731
vn -0.49539325 0.43435454 0.75227761
vn -0.12979411 0.60360736 0.78664589
vn -0.49539569 0.61422503 0.61425620
vn -0.49537453 0.52883482 0.68915731
vn -0.12983713 0.78663874 0.60360724
vn -0.49539569 0.61422503 0.61425620
vn -0.12984127 0.70109594 0.70114595
vn -0.12982148 0.85868913 0.49578151
vn -0.49540532 0.68916589 0.52879488
vn -0.12983713 0.78663874 0.60360724
vn -0.12981659 0.91606510 0.37943682
vn -0.49538428 0.75228518 0.43435171
vn -0.12982148 0.85868913 0.49578151
vn -0.12981659 0.91606510 0.37943682
vn -0.49537933 0.83907938 0.22482233
vn -0.49539778 0.80254912 0.33240932
vn -0.12981333 0.95775318 0.25662678
vn -0.49334899 0.86522657 0.08938567
vn -0.49537933 0.83907938 0.22482233
vn -0.13004754 0.99111700 -0.02783298
vn -0.49334899 0.86522657 0.08938567
vn -0.12949401 0.98632675 0.10193536
vn -0.12982169 0.98305428 -0.12942421
vn -0.49719453 0.86729479 -0.02443989
vn -0.13004754 0.99111700 -0.02783298
vn -0.12982146 0.95775402 -0.25661945
vn -0.49540362 0.86123061 -0.11338906
vn -0.12982169 0.98305428 -0.12942421
vn -0.12982146 0.95775402 -0.25661945
vn -0.49539667 0.80254626 -0.33241776
vn -0.49539107 0.83907372 -0.22481762
vn -0.12982599 0.91606116 -0.37944329
vn -0.49541283 0.75227952 -0.43432900
vn -0.49539667 0.80254626 -0.33241776
vn -0.12984680 0.85869098 -0.49577180
vn -0.49537557 0.68917197 -0.52881479
vn -0.49541283 0.75227952 -0.43432900
vn -0.12982188 0.78663492 -0.60361558
vn -0.49539334 0.61423743 -0.61424583
vn -0.49537557 0.68917197 -0.52881479
vn -0.12983571 0.70111644 -0.70112646
vn -0.49538359 0.52882934 -0.68915504
vn -0.49539334 0.61423743 -0.61424583
vn -0.12981965 0.60360438 -0.78664386
vn -0.49537030 0.43434286 -0.75229955
vn -0.49538359 0.52882934 -0.68915504
vn -0.12983327 0.49575585 -0.85870218
vn -0.49539757 0.33243644 -0.80253804
vn -0.49537030 0.43434286 -0.75229955
vn -0.12983474 0.37943813 -0.91606212
vn -0.49538082 0.22484902 -0.83907139
vn -0.49539757 0.33243644 -0.80253804
vn -0.12947255 0.09784692 -0.98674351
vn -0.49538082 0.22484902 -0.83907139
vn -0.12980852 0.25662038 -0.95775563
vn -0.13012038 -0.03196202 -0.99098289
vn -0.49302799 0.08583687 -0.86576861
vn -0.12947255 0.09784692 -0.98674351
vn -0.12984937 -0.12943895 -0.98304868
vn -0.49750197 -0.02796108 -0.86701214
vn -0.13012038 -0.03196202 -0.99098289
vn -0.12984937 -0.12943895 -0.98304868
vn -0.49538079 -0.22484899 -0.83907139
vn -0.49539998 -0.11339980 -0.86123133
vn -0.12983473 -0.37943926 -0.91606158
vn -0.49538079 -0.22484899 -0.83907139
vn -0.12980852 -0.25662071 -0.95775545
vn -0.12983327 -0.49575683 -0.85870159
vn -0.49539751 -0.33243641 -0.80253804
vn -0.12983473 -0.37943926 -0.91606158
vn -0.12981965 -0.60360175 -0.78664595
vn -0.49537030 -0.43434283 -0.75229955
vn -0.12983327 -0.49575683 -0.85870159
vn -0.12983568 -0.70111477 -0.70112818
vn -0.49538359 -0.52882934 -0.68915504
vn -0.12981965 -0.60360175 -0.78664595
vn -0.12982188 -0.78663266 -0.60361856
vn -0.49539334 -0.61423737 -0.61424583
vn -0.12983568 -0.70111477 -0.70112818
vn -0.12984680 -0.85869181 -0.49577031
vn -0.49537551 -0.68917197 -0.52881485
vn -0.12982188 -0.78663266 -0.60361856
vn -0.12982599 -0.91606134 -0.37944290
vn -0.49541283 -0.75227952 -0.43432900
vn -0.12984680 -0.85869181 -0.49577031
vn -0.12982146 -0.95775342 -0.25662175
vn -0.49539667 -0.80254626 -0.33241779
vn -0.12982599 -0.91606134 -0.37944290
vn -0.12982146 -0.95775342 -0.25662175
vn -0.49335560 -0.86522287 -0.08938445
vn -0.49539107 -0.83907372 -0.22481762
vn -0.13005091 -0.99111658 0.02783293
vn -0.49335560 -0.86522287 -0.08938445
vn -0.12949160 -0.98632717 -0.10193408
vn -0.49540341 -0.86123061 0.11339003
vn -0.86328870 -0.50450367 0.01444527
vn -0.49719614 -0.86729383 0.02443984
vn -0.49537939 -0.83907938 0.22482234
vn -0.86135930 -0.50365001 0.06630825
vn -0.49540341 -0.86123061 0.11339003
vn -0.49539778 -0.80254912 0.33240935
vn -0.86136478 -0.49067774 0.13147676
vn -0.49537939 -0.83907938 0.22482234
vn -0.49538431 -0.75228518 0.43435174
vn -0.86136436 -0.46931887 0.19439963
vn -0.49539778 -0.80254912 0.33240935
vn -0.49540535 -0.68916589 0.52879488
vn -0.86135572 -0.43993804 0.25400972
vn -0.49538431 -0.75228518 0.43435174
vn -0.49539575 -0.61422503 0.61425620
vn -0.86136651 -0.40301016 0.30924195
vn -0.49540535 -0.68916589 0.52879488
vn -0.49537456 -0.52883482 0.68915737
vn -0.86136758 -0.35917902 0.35921630
vn -0.49539575 -0.61422503 0.61425620
vn -0.49539328 -0.43435454 0.75227761
vn -0.86137003 -0.30924627 0.40299922
vn -0.49537456 -0.52883482 0.68915737
vn -0.49540740 -0.33243430 0.80253291
vn -0.86134958 -0.25400198 0.43995452
vn -0.49539328 -0.43435454 0.75227761
vn -0.49539313 -0.22483128 0.83906889
vn -0.86135340 -0.19439906 0.46933925
vn -0.49540740 -0.33243430 0.80253291
vn -0.49299064 -0.08583938 0.86578977
vn -0.86136526 -0.13147198 0.49067807
vn -0.49539313 -0.22483128 0.83906889
vn -0.49750698 0.02795874 0.86700922
vn -0.85893142 -0.05003780 0.50964004
vn -0.49299064 -0.08583938 0.86578977
vn -0.49539441 0.11339571 0.86123508
vn -0.86357152 0.01641167 0.50395918
vn -0.49750698 0.02795874 0.86700922
vn -0.49539441 0.11339571 0.86123508
vn -0.86136532 0.13147198 0.49067807
vn -0.86133975 0.06629676 0.50368488
vn -0.49539313 0.22483128 0.83906883
vn -0.86135340 0.19439906 0.46933925
vn -0.86136532 0.13147198 0.49067807
vn -0.49540740 0.33243430 0.80253291
vn -0.86134952 0.25400198 0.43995455
vn -0.86135340 0.19439906 0.46933925
vn -0.49539325 0.43435454 0.75227761
vn -0.86137003 0.30924627 0.40299922
vn -0.86134952 0.25400198 0.43995455
vn -0.49537453 0.52883482 0.68915731
vn -0.86136752 0.35917905 0.35921627
vn -0.86137003 0.30924627 0.40299922
vn -0.49539569 0.61422503 0.61425620
vn -0.86136651 0.40301016 0.30924195
vn -0.86136752 0.35917905 0.35921627
vn -0.49540532 0.68916589 0.52879488
vn -0.86135572 0.43993804 0.25400972
vn -0.86136651 0.40301016 0.30924195
vn -0.49538428 0.75228518 0.43435171
vn -0.86136436 0.46931890 0.19439964
vn -0.86135572 0.43993804 0.25400972
vn -0.49539778 0.80254912 0.33240932
vn -0.86136478 0.49067765 0.13147676
vn -0.86136436 0.46931890 0.19439964
vn -0.49537933 0.83907938 0.22482233
vn -0.85928357 0.50883627 0.05212788
vn -0.86136478 0.49067765 0.13147676
vn -0.49719453 0.86729479 -0.02443989
vn -0.85928357 0.50883627 0.05212788
vn -0.49334899 0.86522657 0.08938567
vn -0.49540362 0.86123061 -0.11338906
vn -0.86328638 0.50450760 -0.01444551
vn -0.49719453 0.86729479 -0.02443989
vn -0.49539107 0.83907372 -0.22481762
vn -0.86135566 0.50365633 -0.06630751
vn -0.49540362 0.86123061 -0.11338906
vn -0.49539667 0.80254626 -0.33241776
vn -0.86136270 0.49068069 -0.13147897
vn -0.49539107 0.83907372 -0.22481762
vn -0.49541283 0.75227952 -0.43432900
vn -0.86136371 0.46932015 -0.19439955
vn -0.49539667 0.80254626 -0.33241776
vn -0.49541283 0.75227952 -0.43432900
vn -0.86135638 0.40302524 -0.30925038
vn -0.86135334 0.43994790 -0.25400048
vn -0.49539334 0.61423743 -0.61424583
vn -0.86135638 0.40302524 -0.30925038
vn -0.49537557 0.68917197 -0.52881479
vn -0.49538359 0.52882934 -0.68915504
vn -0.86136371 0.35918805 -0.35921645
vn -0.49539334 0.61423743 -0.61424583
vn -0.49537030 0.43434286 -0.75229955
vn -0.86135203 0.30928066 -0.40301123
vn -0.49538359 0.52882934 -0.68915504
vn -0.49539757 0.33243644 -0.80253804
vn -0.86134726 0.25399983 -0.43996018
vn -0.49537030 0.43434286 -0.75229955
vn -0.49538082 0.22484902 -0.83907139
vn -0.86136639 0.19439307 -0.46931788
vn -0.49539757 0.33243644 -0.80253804
vn -0.49302799 0.08583687 -0.86576861
vn -0.86135310 0.13149986 -0.49069214
vn -0.49538082 0.22484902 -0.83907139
vn -0.49750197 -0.02796108 -0.86701214
vn -0.85893053 0.05003981 -0.50964147
vn -0.49302799 0.08583687 -0.86576861
vn -0.49750197 -0.02796108 -0.86701214
vn -0.86134285 -0.06629080 -0.50368065
vn -0.86357385 -0.01639936 -0.50395560
vn -0.49539998 -0.11339980 -0.86123133
vn -0.86135304 -0.13149986 -0.49069214
vn -0.86134285 -0.06629080 -0.50368065
vn -0.49538079 -0.22484899 -0.83907139
vn -0.86136639 -0.19439307 -0.46931791
vn -0.86135304 -0.13149986 -0.49069214
vn -0.49539751 -0.33243641 -0.80253804
vn -0.86134726 -0.25399980 -0.43996015
vn -0.86136639 -0.19439307 -0.46931791
vn -0.49537030 -0.43434283 -0.75229955
vn -0.86135203 -0.30928066 -0.40301129
vn -0.86134726 -0.25399980 -0.43996015
vn -0.49538359 -0.52882934 -0.68915504
vn -0.86136377 -0.35918811 -0.35921648
vn -0.86135203 -0.30928066 -0.40301129
vn -0.49539334 -0.61423737 -0.61424583
vn -0.86135638 -0.40302521 -0.30925038
vn -0.86136377 -0.35918811 -0.35921648
vn -0.49541283 -0.75227952 -0.43432900
vn -0.86135638 -0.40302521 -0.30925038
vn -0.49537551 -0.68917197 -0.52881485
vn -0.49541283 -0.75227952 -0.43432900
vn -0.86136371 -0.46932021 -0.19439955
vn -0.86135334 -0.43994793 -0.25400051
vn -0.49539667 -0.80254626 -0.33241779
vn -0.86136270 -0.49068066 -0.13147897
vn -0.86136371 -0.46932021 -0.19439955
vn -0.49539107 -0.83907372 -0.22481762
vn -0.85928798 -0.50882900 -0.05212604
vn -0.86136270 -0.49068066 -0.13147897
vn -0.49719614 -0.86729383 0.02443984
vn -0.85928798 -0.50882900 -0.05212604
vn -0.49335560 -0.86522287 -0.08938445
vn -0.86135930 -0.50365001 0.06630825
vn -0.96588486 -0.25886083 0.00758162
vn -0.86328870 -0.50450367 0.01444527
vn -0.86135930 -0.50365001 0.06630825
vn -0.96592367 -0.25000739 0.06699069
vn -0.96591121 -0.25665957 0.03378479
vn -0.86136436 -0.46931887 0.19439963
vn -0.96592367 -0.25000739 0.06699069
vn -0.86136478 -0.49067774 0.13147676
vn -0.86135572 -0.43993804 0.25400972
vn -0.96591544 -0.23915610 0.09905434
vn -0.86136436 -0.46931887 0.19439963
vn -0.86135572 -0.43993804 0.25400972
vn -0.96591645 -0.20536579 0.15757596
vn -0.96591830 -0.22416696 0.12942570
vn -0.86136651 -0.40301016 0.30924195
vn -0.96593374 -0.18296488 0.18301882
vn -0.96591645 -0.20536579 0.15757596
vn -0.86137003 -0.30924627 0.40299922
vn -0.96593374 -0.18296488 0.18301882
vn -0.86136758 -0.35917902 0.35921630
vn -0.86137003 -0.30924627 0.40299922
vn -0.96592087 -0.12941954 0.22415935
vn -0.96593058 -0.15753579 0.20533027
vn -0.86134958 -0.25400198 0.43995452
vn -0.96592706 -0.09904248 0.23911384
vn -0.96592087 -0.12941954 0.22415935
vn -0.86135340 -0.19439906 0.46933925
vn -0.96592242 -0.06699321 0.25001165
vn -0.96592706 -0.09904248 0.23911384
vn -0.85893142 -0.05003780 0.50964004
vn -0.96592242 -0.06699321 0.25001165
vn -0.86136526 -0.13147198 0.49067807
vn -0.86357152 0.01641167 0.50395918
vn -0.96588433 -0.02491990 0.25777203
vn -0.85893142 -0.05003780 0.50964004
vn -0.86357152 0.01641167 0.50395918
vn -0.96591860 0.03377063 0.25663346
vn -0.96588445 0.00857791 0.25883132
vn -0.86133975 0.06629676 0.50368488
vn -0.96592247 0.06699321 0.25001162
vn -0.96591860 0.03377063 0.25663346
vn -0.86135340 0.19439906 0.46933925
vn -0.96592247 0.06699321 0.25001162
vn -0.86136532 0.13147198 0.49067807
vn -0.86134952 0.25400198 0.43995455
vn -0.96592706 0.09904248 0.23911385
vn -0.86135340 0.19439906 0.46933925
vn -0.86137003 0.30924627 0.40299922
vn -0.96592087 0.12941954 0.22415937
vn -0.86134952 0.25400198 0.43995455
vn -0.86137003 0.30924627 0.40299922
vn -0.96593374 0.18296488 0.18301883
vn -0.96593058 0.15753579 0.20533027
vn -0.86136651 0.40301016 0.30924195
vn -0.96593374 0.18296488 0.18301883
vn -0.86136752 0.35917905 0.35921627
vn -0.86135572 0.43993804 0.25400972
vn -0.96591645 0.20536581 0.15757596
vn -0.86136651 0.40301016 0.30924195
vn -0.86135572 0.43993804 0.25400972
vn -0.96591544 0.23915610 0.09905434
vn -0.96591830 0.22416696 0.12942570
vn -0.86136436 0.46931890 0.19439964
vn -0.96592367 0.25000739 0.06699069
vn -0.96591544 0.23915610 0.09905434
vn -0.85928357 0.50883627 0.05212788
vn -0.96592367 0.25000739 0.06699069
vn -0.86136478 0.49067765 0.13147676
vn -0.86328638 0.50450760 -0.01444551
vn -0.96590900 0.25756913 0.02603873
vn -0.85928357 0.50883627 0.05212788
vn -0.86135566 0.50365633 -0.06630751
vn -0.96588427 0.25886306 -0.00758177
vn -0.86328638 0.50450760 -0.01444551
vn -0.86135566 0.50365633 -0.06630751
vn -0.96592057 0.25001842 -0.06699460
vn -0.96591014 0.25666362 -0.03378453
vn -0.86136371 0.46932015 -0.19439955
vn -0.96592057 0.25001842 -0.06699460
vn -0.86136270 0.49068069 -0.13147897
vn -0.86135334 0.43994790 -0.25400048
vn -0.96591479 0.23915893 -0.09905458
vn -0.86136371 0.46932015 -0.19439955
vn -0.86135638 0.40302524 -0.30925038
vn -0.96590984 0.22420388 -0.12942500
vn -0.86135334 0.43994790 -0.25400048
vn -0.86136371 0.35918805 -0.35921645
vn -0.96592027 0.20534720 -0.15757734
vn -0.86135638 0.40302524 -0.30925038
vn -0.86135203 0.30928066 -0.40301123
vn -0.96592444 0.18300711 -0.18302563
vn -0.86136371 0.35918805 -0.35921645
vn -0.86134726 0.25399983 -0.43996018
vn -0.96591812 0.15758906 -0.20534813
vn -0.86135203 0.30928066 -0.40301123
vn -0.86134726 0.25399983 -0.43996018
vn -0.96591872 0.09905249 -0.23914357
vn -0.96592432 0.12938394 -0.22416519
vn -0.86136639 0.19439307 -0.46931788
vn -0.96592319 0.06699470 -0.25000823
vn -0.96591872 0.09905249 -0.23914357
vn -0.86135310 0.13149986 -0.49069214
vn -0.96588659 0.02493239 -0.25776258
vn -0.96592319 0.06699470 -0.25000823
vn -0.86357385 -0.01639936 -0.50395560
vn -0.96588659 0.02493239 -0.25776258
vn -0.85893053 0.05003981 -0.50964147
vn -0.86357385 -0.01639936 -0.50395560
vn -0.96592450 -0.03375829 -0.25661284
vn -0.96589476 -0.00856087 -0.25879329
vn -0.86135304 -0.13149986 -0.49069214
vn -0.96592450 -0.03375829 -0.25661284
vn -0.86134285 -0.06629080 -0.50368065
vn -0.86136639 -0.19439307 -0.46931791
vn -0.96592319 -0.06699470 -0.25000823
vn -0.86135304 -0.13149986 -0.49069214
vn -0.86134726 -0.25399980 -0.43996015
vn -0.96591872 -0.09905249 -0.23914358
vn -0.86136639 -0.19439307 -0.46931791
vn -0.86134726 -0.25399980 -0.43996015
vn -0.96591812 -0.15758905 -0.20534812
vn -0.96592432 -0.12938394 -0.22416519
vn -0.86135203 -0.30928066 -0.40301129
vn -0.96592444 -0.18300711 -0.18302563
vn -0.96591812 -0.15758905 -0.20534812
vn -0.86136377 -0.35918811 -0.35921648
vn -0.96592021 -0.20534720 -0.15757734
vn -0.96592444 -0.18300711 -0.18302563
vn -0.86135638 -0.40302521 -0.30925038
vn -0.96590984 -0.22420387 -0.12942499
vn -0.96592021 -0.20534720 -0.15757734
vn -0.86135334 -0.43994793 -0.25400051
vn -0.96591479 -0.23915893 -0.09905458
vn -0.96590984 -0.22420387 -0.12942499
vn -0.86136371 -0.46932021 -0.19439955
vn -0.96592063 -0.25001851 -0.06699461
vn -0.96591479 -0.23915893 -0.09905458
vn -0.85928798 -0.50882900 -0.05212604
vn -0.96592063 -0.25001851 -0.06699461
vn -0.86136270 -0.49068066 -0.13147897
vn -0.86328870 -0.50450367 0.01444527
vn -0.96590972 -0.25756627 -0.02603796
vn -0.85928798 -0.50882900 -0.05212604
vn 1.00000000 0.00000000 0.00000000
vn 1.00000000 0.00000000 0.00000000
vn 1.00000000 0.00000000 0.00000000
vn -1.00000000 0.00000000 0.00000000
vn -1.00000000 0.00000000 0.00000000
vn -1.00000000 0.00000000 0.00000000
vn 0.96590233 -0.25879580 0.00758153
vn 0.96592623 -0.25660297 0.03378564
vn 0.86135739 -0.50365323 0.06630898
vn 0.96591932 -0.25002426 0.06699073
vn 0.86133558 -0.49072853 0.13147818
vn 0.86135739 -0.50365323 0.06630898
vn 0.96591932 -0.25002426 0.06699073
vn 0.96593404 -0.23908015 0.09905618
vn 0.86137128 -0.46930119 0.19441187
vn 0.96593404 -0.23908015 0.09905618
vn 0.96591139 -0.22419716 0.12942488
vn 0.86133170 -0.43998724 0.25400555
vn 0.96591866 -0.20535535 0.15757647
vn 0.86135024 -0.40303853 0.30925021
vn 0.86133170 -0.43998724 0.25400555
vn 0.96592796 -0.18299082 0.18302327
vn 0.86134356 -0.35922292 0.35922998
vn 0.86135024 -0.40303853 0.30925021
vn 0.96592796 -0.18299082 0.18302327
vn 0.96592361 -0.15757205 0.20533529
vn 0.86135626 -0.30926022 0.40301809
vn 0.96592265 -0.12941630 0.22415359
vn 0.86134207 -0.25401506 0.43996146
vn 0.86135626 -0.30926022 0.40301809
vn 0.96592265 -0.09907599 0.23911817
vn 0.86133194 -0.19441576 0.46937168
vn 0.86134207 -0.25401506 0.43996146
vn 0.96592236 -0.06698567 0.25001401
vn 0.86135000 -0.13145451 0.49070954
vn 0.86133194 -0.19441576 0.46937168
vn 0.96592236 -0.06698567 0.25001401
vn 0.96588171 -0.02496753 0.25777739
vn 0.85891241 -0.05005123 0.50967079
vn 0.96588171 -0.02496753 0.25777739
vn 0.96588469 0.00854979 0.25883138
vn 0.86356086 0.01640997 0.50397754
vn 0.96591544 0.03381373 0.25663963
vn 0.86132556 0.06632318 0.50370574
vn 0.86356086 0.01640997 0.50397754
vn 0.96592236 0.06698568 0.25001404
vn 0.86135000 0.13145453 0.49070951
vn 0.86132556 0.06632318 0.50370574
vn 0.96592236 0.06698568 0.25001404
vn 0.96592265 0.09907599 0.23911816
vn 0.86133194 0.19441576 0.46937171
vn 0.96592265 0.09907599 0.23911816
vn 0.96592265 0.12941629 0.22415358
vn 0.86134207 0.25401506 0.43996149
vn 0.96592265 0.12941629 0.22415358
vn 0.96592361 0.15757205 0.20533529
vn 0.86135626 0.30926025 0.40301806
vn 0.96592802 0.18299080 0.18302327
vn 0.86134356 0.35922286 0.35923001
vn 0.86135626 0.30926025 0.40301806
vn 0.96592802 0.18299080 0.18302327
vn 0.96591866 0.20535533 0.15757649
vn 0.86135024 0.40303853 0.30925021
vn 0.96591866 0.20535533 0.15757649
vn 0.96591139 0.22419716 0.12942488
vn 0.86133182 0.43998724 0.25400555
vn 0.96593404 0.23908015 0.09905618
vn 0.86137128 0.46930119 0.19441187
vn 0.86133182 0.43998724 0.25400555
vn 0.96591932 0.25002426 0.06699073
vn 0.86133558 0.49072853 0.13147818
vn 0.86137128 0.46930119 0.19441187
vn 0.96591932 0.25002426 0.06699073
vn 0.96590841 0.25757125 0.02603926
vn 0.85927194 0.50885600 0.05212879
vn 0.96590841 0.25757125 0.02603926
vn 0.96590173 0.25879821 -0.00758169
vn 0.86328840 0.50450420 -0.01444658
vn 0.96590173 0.25879821 -0.00758169
vn 0.96592623 0.25660312 -0.03378460
vn 0.86135042 0.50366533 -0.06630875
vn 0.96591783 0.25002900 -0.06699339
vn 0.86133009 0.49073702 -0.13148265
vn 0.86135042 0.50366533 -0.06630875
vn 0.96591783 0.25002900 -0.06699339
vn 0.96593332 0.23908298 -0.09905641
vn 0.86136496 0.46931142 -0.19441490
vn 0.96593332 0.23908298 -0.09905641
vn 0.96590525 0.22422406 -0.12942453
vn 0.86132437 0.44000551 -0.25399905
vn 0.96590525 0.22422406 -0.12942453
vn 0.96591622 0.20536788 -0.15757497
vn 0.86133254 0.40306413 -0.30926624
vn 0.96591622 0.20536788 -0.15757497
vn 0.96593517 0.18295254 -0.18302371
vn 0.86134499 0.35921878 -0.35923082
vn 0.96593517 0.18295254 -0.18302371
vn 0.96592122 0.15756103 -0.20535520
vn 0.86134857 0.30926049 -0.40303424
vn 0.96592122 0.15756103 -0.20535520
vn 0.96591634 0.12944648 -0.22416341
vn 0.86133051 0.25403371 -0.43997344
vn 0.96591747 0.09908162 -0.23913667
vn 0.86134964 0.19441231 -0.46934059
vn 0.86133051 0.25403371 -0.43997344
vn 0.96592301 0.06698857 -0.25001043
vn 0.86133808 0.13147059 -0.49072614
vn 0.86134964 0.19441231 -0.46934059
vn 0.96588206 0.02493952 -0.25777882
vn 0.85890937 0.05004818 -0.50967628
vn 0.86133808 0.13147059 -0.49072614
vn 0.96588206 0.02493952 -0.25777882
vn 0.96589488 -0.00854882 -0.25879332
vn 0.86356390 -0.01639238 -0.50397289
vn 0.96592349 -0.03378502 -0.25661308
vn 0.86132306 -0.06632261 -0.50371021
vn 0.86356390 -0.01639238 -0.50397289
vn 0.96592349 -0.03378502 -0.25661308
vn 0.96592301 -0.06698858 -0.25001043
vn 0.86133802 -0.13147059 -0.49072617
vn 0.96592301 -0.06698858 -0.25001043
vn 0.96591747 -0.09908163 -0.23913665
vn 0.86134964 -0.19441231 -0.46934059
vn 0.96591747 -0.09908163 -0.23913665
vn 0.96591634 -0.12944648 -0.22416341
vn 0.86133057 -0.25403374 -0.43997347
vn 0.96592122 -0.15756103 -0.20535518
vn 0.86134857 -0.30926046 -0.40303421
vn 0.86133057 -0.25403374 -0.43997347
vn 0.96593517 -0.18295254 -0.18302371
vn 0.86134499 -0.35921878 -0.35923082
vn 0.86134857 -0.30926046 -0.40303421
vn 0.96591622 -0.20536788 -0.15757498
vn 0.86133254 -0.40306413 -0.30926624
vn 0.86134499 -0.35921878 -0.35923082
vn 0.96590525 -0.22422406 -0.12942453
vn 0.86132437 -0.44000554 -0.25399905
vn 0.86133254 -0.40306413 -0.30926624
vn 0.96593332 -0.23908298 -0.09905641
vn 0.86136496 -0.46931145 -0.19441491
vn 0.86132437 -0.44000554 -0.25399905
vn 0.96591783 -0.25002903 -0.06699339
vn 0.86133009 -0.49073696 -0.13148263
vn 0.86136496 -0.46931145 -0.19441491
vn 0.96591783 -0.25002903 -0.06699339
vn 0.96591026 -0.25756454 -0.02603774
vn 0.85927588 -0.50884938 -0.05212705
vn 0.96591026 -0.25756454 -0.02603774
vn 0.96590233 -0.25879580 0.00758153
vn 0.86329156 -0.50449878 0.01444626
vn 0.86329156 -0.50449878 0.01444626
vn 0.86135739 -0.50365323 0.06630898
vn 0.49539921 -0.86123288 0.11339132
vn 0.86135739 -0.50365323 0.06630898
vn 0.86133558 -0.49072853 0.13147818
vn 0.49537343 -0.83908325 0.22482078
vn 0.86133558 -0.49072853 0.13147818
vn 0.86137128 -0.46930119 0.19441187
vn 0.49541098 -0.80253118 0.33243296
vn 0.86137128 -0.46930119 0.19441187
vn 0.86133170 -0.43998724 0.25400555
vn 0.49537578 -0.75228882 0.43435517
vn 0.86133170 -0.43998724 0.25400555
vn 0.86135024 -0.40303853 0.30925021
vn 0.49541038 -0.68915188 0.52880836
vn 0.86135024 -0.40303853 0.30925021
vn 0.86134356 -0.35922292 0.35922998
vn 0.49538231 -0.61423683 0.61425519
vn 0.86134356 -0.35922292 0.35922998
vn 0.86135626 -0.30926022 0.40301809
vn 0.49535835 -0.52883542 0.68916845
vn 0.86135626 -0.30926022 0.40301809
vn 0.86134207 -0.25401506 0.43996146
vn 0.49539560 -0.43433523 0.75228733
vn 0.86134207 -0.25401506 0.43996146
vn 0.86133194 -0.19441576 0.46937168
vn 0.49539039 -0.33242002 0.80254930
vn 0.86133194 -0.19441576 0.46937168
vn 0.86135000 -0.13145451 0.49070954
vn 0.49537563 -0.22481196 0.83908439
vn 0.86135000 -0.13145451 0.49070954
vn 0.85891241 -0.05005123 0.50967079
vn 0.49296725 -0.08582580 0.86580443
vn 0.85891241 -0.05005123 0.50967079
vn 0.86356086 0.01640997 0.50397754
vn 0.49749786 0.02796248 0.86701441
vn 0.86356086 0.01640997 0.50397754
vn 0.86132556 0.06632318 0.50370574
vn 0.49539420 0.11338955 0.86123598
vn 0.86135000 0.13145453 0.49070951
vn 0.49537563 0.22481196 0.83908439
vn 0.49539420 0.11338955 0.86123598
vn 0.86133194 0.19441576 0.46937171
vn 0.49539039 0.33242002 0.80254930
vn 0.49537563 0.22481196 0.83908439
vn 0.86134207 0.25401506 0.43996149
vn 0.49539560 0.43433523 0.75228733
vn 0.49539039 0.33242002 0.80254930
vn 0.86135626 0.30926025 0.40301806
vn 0.49535835 0.52883554 0.68916845
vn 0.49539560 0.43433523 0.75228733
vn 0.86134356 0.35922286 0.35923001
vn 0.49538231 0.61423677 0.61425525
vn 0.49535835 0.52883554 0.68916845
vn 0.86135024 0.40303853 0.30925021
vn 0.49541038 0.68915188 0.52880836
vn 0.49538231 0.61423677 0.61425525
vn 0.86133182 0.43998724 0.25400555
vn 0.49537572 0.75228882 0.43435514
vn 0.49541038 0.68915188 0.52880836
vn 0.86137128 0.46930119 0.19441187
vn 0.49541098 0.80253118 0.33243293
vn 0.49537572 0.75228882 0.43435514
vn 0.86133558 0.49072853 0.13147818
vn 0.49537346 0.83908319 0.22482078
vn 0.49541098 0.80253118 0.33243293
vn 0.85927194 0.50885600 0.05212879
vn 0.49334136 0.86523104 0.08938514
vn 0.49537346 0.83908319 0.22482078
vn 0.85927194 0.50885600 0.05212879
vn 0.86328840 0.50450420 -0.01444658
vn 0.49718732 0.86729890 -0.02444058
vn 0.86328840 0.50450420 -0.01444658
vn 0.86135042 0.50366533 -0.06630875
vn 0.49539217 0.86123729 -0.11338786
vn 0.86135042 0.50366533 -0.06630875
vn 0.86133009 0.49073702 -0.13148265
vn 0.49537736 0.83907872 -0.22482924
vn 0.86133009 0.49073702 -0.13148265
vn 0.86136496 0.46931142 -0.19441490
vn 0.49540156 0.80253536 -0.33243698
vn 0.86136496 0.46931142 -0.19441490
vn 0.86132437 0.44000551 -0.25399905
vn 0.49539781 0.75229108 -0.43432617
vn 0.86133254 0.40306413 -0.30926624
vn 0.49537715 0.68915564 -0.52883458
vn 0.49539781 0.75229108 -0.43432617
vn 0.86133254 0.40306413 -0.30926624
vn 0.86134499 0.35921878 -0.35923082
vn 0.49537873 0.61424202 -0.61425292
vn 0.86134499 0.35921878 -0.35923082
vn 0.86134857 0.30926049 -0.40303424
vn 0.49537379 0.52882254 -0.68916726
vn 0.86134857 0.30926049 -0.40303424
vn 0.86133051 0.25403371 -0.43997344
vn 0.49537760 0.43432793 -0.75230330
vn 0.86133051 0.25403371 -0.43997344
vn 0.86134964 0.19441231 -0.46934059
vn 0.49539113 0.33243236 -0.80254370
vn 0.86134964 0.19441231 -0.46934059
vn 0.86133808 0.13147059 -0.49072614
vn 0.49536926 0.22481571 -0.83908713
vn 0.86133808 0.13147059 -0.49072614
vn 0.85890937 0.05004818 -0.50967628
vn 0.49301448 0.08582590 -0.86577743
vn 0.85890937 0.05004818 -0.50967628
vn 0.86356390 -0.01639238 -0.50397289
vn 0.49748734 -0.02795880 -0.86702055
vn 0.86132306 -0.06632261 -0.50371021
vn 0.49537593 -0.11340201 -0.86124486
vn 0.49748734 -0.02795880 -0.86702055
vn 0.86133802 -0.13147059 -0.49072617
vn 0.49536926 -0.22481573 -0.83908713
vn 0.49537593 -0.11340201 -0.86124486
vn 0.86134964 -0.19441231 -0.46934059
vn 0.49539113 -0.33243236 -0.80254370
vn 0.49536926 -0.22481573 -0.83908713
vn 0.86133057 -0.25403374 -0.43997347
vn 0.49537760 -0.43432799 -0.75230330
vn 0.49539113 -0.33243236 -0.80254370
vn 0.86134857 -0.30926046 -0.40303421
vn 0.49537382 -0.52882254 -0.68916726
vn 0.49537760 -0.43432799 -0.75230330
vn 0.86134499 -0.35921878 -0.35923082
vn 0.49537948 -0.61423361 -0.61426073
vn 0.49537382 -0.52882254 -0.68916726
vn 0.86133254 -0.40306413 -0.30926624
vn 0.49539840 -0.68915176 -0.52881956
vn 0.49537948 -0.61423361 -0.61426073
vn 0.86133254 -0.40306413 -0.30926624
vn 0.86132437 -0.44000554 -0.25399905
vn 0.49539778 -0.75229108 -0.43432620
vn 0.86136496 -0.46931145 -0.19441491
vn 0.49540159 -0.80253536 -0.33243695
vn 0.49539778 -0.75229108 -0.43432620
vn 0.86133009 -0.49073696 -0.13148263
vn 0.49537736 -0.83907872 -0.22482921
vn 0.49540159 -0.80253536 -0.33243695
vn 0.85927588 -0.50884938 -0.05212705
vn 0.49334204 -0.86523092 -0.08938149
vn 0.49537736 -0.83907872 -0.22482921
vn 0.85927588 -0.50884938 -0.05212705
vn 0.86329156 -0.50449878 0.01444626
vn 0.49718809 -0.86729848 0.02444055
vn 0.49718809 -0.86729848 0.02444055
vn 0.49539921 -0.86123288 0.11339132
vn 0.12983106 -0.98305267 0.12942705
vn 0.49539921 -0.86123288 0.11339132
vn 0.49537343 -0.83908325 0.22482078
vn 0.12982729 -0.95775288 0.25662097
vn 0.49537343 -0.83908325 0.22482078
vn 0.49541098 -0.80253118 0.33243296
vn 0.12982863 -0.91606176 0.37944078
vn 0.49537578 -0.75228882 0.43435517
vn 0.12982851 -0.85868710 0.49578312
vn 0.12982863 -0.91606176 0.37944078
vn 0.49541038 -0.68915188 0.52880836
vn 0.12985246 -0.78663445 0.60360968
vn 0.12982851 -0.85868710 0.49578312
vn 0.49538231 -0.61423683 0.61425519
vn 0.12984486 -0.70110935 0.70113194
vn 0.12985246 -0.78663445 0.60360968
vn 0.49538231 -0.61423683 0.61425519
vn 0.49535835 -0.52883542 0.68916845
vn 0.12977915 -0.60362852 0.78663212
vn 0.49535835 -0.52883542 0.68916845
vn 0.49539560 -0.43433523 0.75228733
vn 0.12983367 -0.49578297 0.85868651
vn 0.49539039 -0.33242002 0.80254930
vn 0.12986030 -0.37944746 0.91605455
vn 0.12983367 -0.49578297 0.85868651
vn 0.49537563 -0.22481196 0.83908439
vn 0.12982543 -0.25662312 0.95775259
vn 0.12986030 -0.37944746 0.91605455
vn 0.49296725 -0.08582580 0.86580443
vn 0.12944987 -0.09784225 0.98674703
vn 0.12982543 -0.25662312 0.95775259
vn 0.49296725 -0.08582580 0.86580443
vn 0.49749786 0.02796248 0.86701441
vn 0.13010019 0.03194758 0.99098599
vn 0.49749786 0.02796248 0.86701441
vn 0.49539420 0.11338955 0.86123598
vn 0.12986712 0.12942386 0.98304826
vn 0.49539420 0.11338955 0.86123598
vn 0.49537563 0.22481196 0.83908439
vn 0.12982543 0.25662276 0.95775265
vn 0.49537563 0.22481196 0.83908439
vn 0.49539039 0.33242002 0.80254930
vn 0.12986031 0.37944636 0.91605508
vn 0.49539039 0.33242002 0.80254930
vn 0.49539560 0.43433523 0.75228733
vn 0.12983367 0.49578193 0.85868704
vn 0.49535835 0.52883554 0.68916845
vn 0.12977917 0.60363114 0.78662997
vn 0.12983367 0.49578193 0.85868704
vn 0.49538231 0.61423677 0.61425525
vn 0.12984487 0.70111102 0.70113015
vn 0.12977917 0.60363114 0.78662997
vn 0.49538231 0.61423677 0.61425525
vn 0.49541038 0.68915188 0.52880836
vn 0.12985243 0.78663522 0.60360867
vn 0.49541038 0.68915188 0.52880836
vn 0.49537572 0.75228882 0.43435514
vn 0.12982850 0.85868752 0.49578243
vn 0.49537572 0.75228882 0.43435514
vn 0.49541098 0.80253118 0.33243293
vn 0.12982866 0.91606188 0.37944055
vn 0.49537346 0.83908319 0.22482078
vn 0.12982731 0.95775300 0.25662032
vn 0.12982866 0.91606188 0.37944055
vn 0.49334136 0.86523104 0.08938514
vn 0.12949240 0.98632747 0.10193081
vn 0.12982731 0.95775300 0.25662032
vn 0.49334136 0.86523104 0.08938514
vn 0.49718732 0.86729890 -0.02444058
vn 0.13005617 0.99111599 -0.02783212
vn 0.49718732 0.86729890 -0.02444058
vn 0.49539217 0.86123729 -0.11338786
vn 0.12982550 0.98305428 -0.12942046
vn 0.49539217 0.86123729 -0.11338786
vn 0.49537736 0.83907872 -0.22482924
vn 0.12983370 0.95775098 -0.25662470
vn 0.49540156 0.80253536 -0.33243698
vn 0.12983789 0.91606069 -0.37944022
vn 0.12983370 0.95775098 -0.25662470
vn 0.49539781 0.75229108 -0.43432617
vn 0.12986535 0.85868847 -0.49577117
vn 0.12983789 0.91606069 -0.37944022
vn 0.49537715 0.68915564 -0.52883458
vn 0.12983571 0.78663152 -0.60361707
vn 0.12986535 0.85868847 -0.49577117
vn 0.49537873 0.61424202 -0.61425292
vn 0.12984414 0.70112062 -0.70112085
vn 0.12983571 0.78663152 -0.60361707
vn 0.49537379 0.52882254 -0.68916726
vn 0.12981927 0.60361856 -0.78663313
vn 0.12984414 0.70112062 -0.70112085
vn 0.49537760 0.43432793 -0.75230330
vn 0.12985849 0.49576190 -0.85869485
vn 0.12981927 0.60361856 -0.78663313
vn 0.49539113 0.33243236 -0.80254370
vn 0.12985224 0.37944770 -0.91605556
vn 0.12985849 0.49576190 -0.85869485
vn 0.49536926 0.22481571 -0.83908713
vn 0.12981629 0.25662097 -0.95775437
vn 0.12985224 0.37944770 -0.91605556
vn 0.49536926 0.22481571 -0.83908713
vn 0.49301448 0.08582590 -0.86577743
vn 0.12948163 0.09784345 -0.98674268
vn 0.49301448 0.08582590 -0.86577743
vn 0.49748734 -0.02795880 -0.86702055
vn 0.13012676 -0.03196094 -0.99098212
vn 0.49748734 -0.02795880 -0.86702055
vn 0.49537593 -0.11340201 -0.86124486
vn 0.12985426 -0.12943605 -0.98304838
vn 0.49536926 -0.22481573 -0.83908713
vn 0.12981628 -0.25662056 -0.95775449
vn 0.12985426 -0.12943605 -0.98304838
vn 0.49536926 -0.22481573 -0.83908713
vn 0.49539113 -0.33243236 -0.80254370
vn 0.12985227 -0.37944660 -0.91605604
vn 0.49539113 -0.33243236 -0.80254370
vn 0.49537760 -0.43432799 -0.75230330
vn 0.12985851 -0.49576095 -0.85869545
vn 0.49537760 -0.43432799 -0.75230330
vn 0.49537382 -0.52882254 -0.68916726
vn 0.12981927 -0.60361844 -0.78663319
vn 0.49537382 -0.52882254 -0.68916726
vn 0.49537948 -0.61423361 -0.61426073
vn 0.12982805 -0.70111847 -0.70112586
vn 0.49539840 -0.68915176 -0.52881956
vn 0.12984186 -0.78663659 -0.60360909
vn 0.12982805 -0.70111847 -0.70112586
vn 0.49539840 -0.68915176 -0.52881956
vn 0.49539778 -0.75229108 -0.43432620
vn 0.12986533 -0.85868895 -0.49577051
vn 0.49539778 -0.75229108 -0.43432620
vn 0.49540159 -0.80253536 -0.33243695
vn 0.12983789 -0.91606057 -0.37944061
vn 0.49540159 -0.80253536 -0.33243695
vn 0.49537736 -0.83907872 -0.22482921
vn 0.12983371 -0.95775133 -0.25662336
vn 0.49334204 -0.86523092 -0.08938149
vn 0.12948579 -0.98632902 -0.10192423
vn 0.12983371 -0.95775133 -0.25662336
vn 0.49334204 -0.86523092 -0.08938149
vn 0.49718809 -0.86729848 0.02444055
vn 0.13005905 -0.99111551 0.02783207
vn 0.12983106 -0.98305267 0.12942705
vn -0.12982473 -0.98305368 0.12942550
vn -0.13005091 -0.99111658 0.02783293
vn 0.12982729 -0.95775288 0.25662097
vn -0.12981331 -0.95775396 0.25662377
vn -0.12982473 -0.98305368 0.12942550
vn 0.12982863 -0.91606176 0.37944078
vn -0.12981662 -0.91606468 0.37943795
vn -0.12981331 -0.95775396 0.25662377
vn 0.12982851 -0.85868710 0.49578312
vn -0.12982148 -0.85868824 0.49578303
vn -0.12981662 -0.91606468 0.37943795
vn 0.12985246 -0.78663445 0.60360968
vn -0.12983713 -0.78664112 0.60360426
vn -0.12982148 -0.85868824 0.49578303
vn 0.12984486 -0.70110935 0.70113194
vn -0.12984127 -0.70110023 0.70114172
vn -0.12983713 -0.78664112 0.60360426
vn 0.12977915 -0.60362852 0.78663212
vn -0.12979411 -0.60360718 0.78664595
vn -0.12984127 -0.70110023 0.70114172
vn 0.12983367 -0.49578297 0.85868651
vn -0.12982993 -0.49577740 0.85869020
vn -0.12979411 -0.60360718 0.78664595
vn 0.12986030 -0.37944746 0.91605455
vn -0.12985332 -0.37943727 0.91605973
vn -0.12982993 -0.49577740 0.85869020
vn 0.12982543 -0.25662312 0.95775259
vn -0.12981130 -0.25662705 0.95775336
vn -0.12985332 -0.37943727 0.91605973
vn 0.12944987 -0.09784225 0.98674703
vn -0.12944227 -0.09785023 0.98674721
vn -0.12981130 -0.25662705 0.95775336
vn 0.13010019 0.03194758 0.99098599
vn -0.13009387 0.03194835 0.99098688
vn -0.12944227 -0.09785023 0.98674721
vn 0.12986712 0.12942386 0.98304826
vn -0.12984629 0.12943211 0.98304999
vn -0.13009387 0.03194835 0.99098688
vn 0.12982543 0.25662276 0.95775265
vn -0.12981132 0.25662744 0.95775330
vn -0.12984629 0.12943211 0.98304999
vn 0.12986031 0.37944636 0.91605508
vn -0.12985334 0.37943846 0.91605926
vn -0.12981132 0.25662744 0.95775330
vn 0.12983367 0.49578193 0.85868704
vn -0.12982993 0.49577841 0.85868967
vn -0.12985334 0.37943846 0.91605926
vn 0.12977917 0.60363114 0.78662997
vn -0.12979411 0.60360736 0.78664589
vn -0.12982993 0.49577841 0.85868967
vn 0.12984487 0.70111102 0.70113015
vn -0.12984127 0.70109594 0.70114595
vn -0.12979411 0.60360736 0.78664589
vn 0.12985243 0.78663522 0.60360867
vn -0.12983713 0.78663874 0.60360724
vn -0.12984127 0.70109594 0.70114595
vn 0.12982850 0.85868752 0.49578243
vn -0.12982148 0.85868913 0.49578151
vn -0.12983713 0.78663874 0.60360724
vn 0.12982866 0.91606188 0.37944055
vn -0.12981659 0.91606510 0.37943682
vn -0.12982148 0.85868913 0.49578151
vn 0.12982731 0.95775300 0.25662032
vn -0.12981333 0.95775318 0.25662678
vn -0.12981659 0.91606510 0.37943682
vn 0.12949240 0.98632747 0.10193081
vn -0.12949401 0.98632675 0.10193536
vn -0.12981333 0.95775318 0.25662678
vn 0.13005617 0.99111599 -0.02783212
vn -0.13004754 0.99111700 -0.02783298
vn -0.12949401 0.98632675 0.10193536
vn 0.12982550 0.98305428 -0.12942046
vn -0.12982169 0.98305428 -0.12942421
vn -0.13004754 0.99111700 -0.02783298
vn 0.12983370 0.95775098 -0.25662470
vn -0.12982146 0.95775402 -0.25661945
vn -0.12982169 0.98305428 -0.12942421
vn 0.12983789 0.91606069 -0.37944022
vn -0.12982599 0.91606116 -0.37944329
vn -0.12982146 0.95775402 -0.25661945
vn 0.12986535 0.85868847 -0.49577117
vn -0.12984680 0.85869098 -0.49577180
vn -0.12982599 0.91606116 -0.37944329
vn 0.12983571 0.78663152 -0.60361707
vn -0.12982188 0.78663492 -0.60361558
vn -0.12984680 0.85869098 -0.49577180
vn 0.12984414 0.70112062 -0.70112085
vn -0.12983571 0.70111644 -0.70112646
vn -0.12982188 0.78663492 -0.60361558
vn 0.12981927 0.60361856 -0.78663313
vn -0.12981965 0.60360438 -0.78664386
vn -0.12983571 0.70111644 -0.70112646
vn 0.12985849 0.49576190 -0.85869485
vn -0.12983327 0.49575585 -0.85870218
vn -0.12981965 0.60360438 -0.78664386
vn 0.12985224 0.37944770 -0.91605556
vn -0.12983474 0.37943813 -0.91606212
vn -0.12983327 0.49575585 -0.85870218
vn 0.12981629 0.25662097 -0.95775437
vn -0.12980852 0.25662038 -0.95775563
vn -0.12983474 0.37943813 -0.91606212
vn 0.12948163 0.09784345 -0.98674268
vn -0.12947255 0.09784692 -0.98674351
vn -0.12980852 0.25662038 -0.95775563
vn 0.13012676 -0.03196094 -0.99098212
vn -0.13012038 -0.03196202 -0.99098289
vn -0.12947255 0.09784692 -0.98674351
vn 0.12985426 -0.12943605 -0.98304838
vn -0.12984937 -0.12943895 -0.98304868
vn -0.13012038 -0.03196202 -0.99098289
vn 0.12981628 -0.25662056 -0.95775449
vn -0.12980852 -0.25662071 -0.95775545
vn -0.12984937 -0.12943895 -0.98304868
vn 0.12985227 -0.37944660 -0.91605604
vn -0.12983473 -0.37943926 -0.91606158
vn -0.12980852 -0.25662071 -0.95775545
vn 0.12985851 -0.49576095 -0.85869545
vn -0.12983327 -0.49575683 -0.85870159
vn -0.12983473 -0.37943926 -0.91606158
vn 0.12981927 -0.60361844 -0.78663319
vn -0.12981965 -0.60360175 -0.78664595
vn -0.12983327 -0.49575683 -0.85870159
vn 0.12982805 -0.70111847 -0.70112586
vn -0.12983568 -0.70111477 -0.70112818
vn -0.12981965 -0.60360175 -0.78664595
vn 0.12984186 -0.78663659 -0.60360909
vn -0.12982188 -0.78663266 -0.60361856
vn -0.12983568 -0.70111477 -0.70112818
vn 0.12986533 -0.85868895 -0.49577051
vn -0.12984680 -0.85869181 -0.49577031
vn -0.12982188 -0.78663266 -0.60361856
vn 0.12983789 -0.91606057 -0.37944061
vn -0.12982599 -0.91606134 -0.37944290
vn -0.12984680 -0.85869181 -0.49577031
vn 0.12983371 -0.95775133 -0.25662336
vn -0.12982146 -0.95775342 -0.25662175
vn -0.12982599 -0.91606134 -0.37944290
vn 0.12948579 -0.98632902 -0.10192423
vn -0.12949160 -0.98632717 -0.10193408
vn -0.12982146 -0.95775342 -0.25662175
vn 0.13005905 -0.99111551 0.02783207
vn -0.13005091 -0.99111658 0.02783293
vn -0.12949160 -0.98632717 -0.10193408
vn -0.12982473 -0.98305368 0.12942550
vn -0.49540341 -0.86123061 0.11339003
vn -0.49719614 -0.86729383 0.02443984
vn -0.12981331 -0.95775396 0.25662377
vn -0.49537939 -0.83907938 0.22482234
vn -0.49540341 -0.86123061 0.11339003
vn -0.12981662 -0.91606468 0.37943795
vn -0.49539778 -0.80254912 0.33240935
vn -0.49537939 -0.83907938 0.22482234
vn -0.12981662 -0.91606468 0.37943795
vn -0.12982148 -0.85868824 0.49578303
vn -0.49538431 -0.75228518 0.43435174
vn -0.12982148 -0.85868824 0.49578303
vn -0.12983713 -0.78664112 0.60360426
vn -0.49540535 -0.68916589 0.52879488
vn -0.12983713 -0.78664112 0.60360426
vn -0.12984127 -0.70110023 0.70114172
vn -0.49539575 -0.61422503 0.61425620
vn -0.12979411 -0.60360718 0.78664595
vn -0.49537456 -0.52883482 0.68915737
vn -0.49539575 -0.61422503 0.61425620
vn -0.12982993 -0.49577740 0.85869020
vn -0.49539328 -0.43435454 0.75227761
vn -0.49537456 -0.52883482 0.68915737
vn -0.12982993 -0.49577740 0.85869020
vn -0.12985332 -0.37943727 0.91605973
vn -0.49540740 -0.33243430 0.80253291
vn -0.12985332 -0.37943727 0.91605973
vn -0.12981130 -0.25662705 0.95775336
vn -0.49539313 -0.22483128 0.83906889
vn -0.12981130 -0.25662705 0.95775336
vn -0.12944227 -0.09785023 0.98674721
vn -0.49299064 -0.08583938 0.86578977
vn -0.13009387 0.03194835 0.99098688
vn -0.49750698 0.02795874 0.86700922
vn -0.49299064 -0.08583938 0.86578977
vn -0.12984629 0.12943211 0.98304999
vn -0.49539441 0.11339571 0.86123508
vn -0.49750698 0.02795874 0.86700922
vn -0.12981132 0.25662744 0.95775330
vn -0.49539313 0.22483128 0.83906883
vn -0.49539441 0.11339571 0.86123508
vn -0.12985334 0.37943846 0.91605926
vn -0.49540740 0.33243430 0.80253291
vn -0.49539313 0.22483128 0.83906883
vn -0.12982993 0.49577841 0.85868967
vn -0.49539325 0.43435454 0.75227761
vn -0.49540740 0.33243430 0.80253291
vn -0.12982993 0.49577841 0.85868967
vn -0.12979411 0.60360736 0.78664589
vn -0.49537453 0.52883482 0.68915731
vn -0.12979411 0.60360736 0.78664589
vn -0.12984127 0.70109594 0.70114595
vn -0.49539569 0.61422503 0.61425620
vn -0.12983713 0.78663874 0.60360724
vn -0.49540532 0.68916589 0.52879488
vn -0.49539569 0.61422503 0.61425620
vn -0.12982148 0.85868913 0.49578151
vn -0.49538428 0.75228518 0.43435171
vn -0.49540532 0.68916589 0.52879488
vn -0.12981659 0.91606510 0.37943682
vn -0.49539778 0.80254912 0.33240932
vn -0.49538428 0.75228518 0.43435171
vn -0.12981659 0.91606510 0.37943682
vn -0.12981333 0.95775318 0.25662678
vn -0.49537933 0.83907938 0.22482233
vn -0.12981333 0.95775318 0.25662678
vn -0.12949401 0.98632675 0.10193536
vn -0.49334899 0.86522657 0.08938567
vn -0.13004754 0.99111700 -0.02783298
vn -0.49719453 0.86729479 -0.02443989
vn -0.49334899 0.86522657 0.08938567
vn -0.12982169 0.98305428 -0.12942421
vn -0.49540362 0.86123061 -0.11338906
vn -0.49719453 0.86729479 -0.02443989
vn -0.12982146 0.95775402 -0.25661945
vn -0.49539107 0.83907372 -0.22481762
vn -0.49540362 0.86123061 -0.11338906
vn -0.12982146 0.95775402 -0.25661945
vn -0.12982599 0.91606116 -0.37944329
vn -0.49539667 0.80254626 -0.33241776
vn -0.12982599 0.91606116 -0.37944329
vn -0.12984680 0.85869098 -0.49577180
vn -0.49541283 0.75227952 -0.43432900
vn -0.12984680 0.85869098 -0.49577180
vn -0.12982188 0.78663492 -0.60361558
vn -0.49537557 0.68917197 -0.52881479
vn -0.12982188 0.78663492 -0.60361558
vn -0.12983571 0.70111644 -0.70112646
vn -0.49539334 0.61423743 -0.61424583
vn -0.12983571 0.70111644 -0.70112646
vn -0.12981965 0.60360438 -0.78664386
vn -0.49538359 0.52882934 -0.68915504
vn -0.12981965 0.60360438 -0.78664386
vn -0.12983327 0.49575585 -0.85870218
vn -0.49537030 0.43434286 -0.75229955
vn -0.12983327 0.49575585 -0.85870218
vn -0.12983474 0.37943813 -0.91606212
vn -0.49539757 0.33243644 -0.80253804
vn -0.12983474 0.37943813 -0.91606212
vn -0.12980852 0.25662038 -0.95775563
vn -0.49538082 0.22484902 -0.83907139
vn -0.12947255 0.09784692 -0.98674351
vn -0.49302799 0.08583687 -0.86576861
vn -0.49538082 0.22484902 -0.83907139
vn -0.13012038 -0.03196202 -0.99098289
vn -0.49750197 -0.02796108 -0.86701214
vn -0.49302799 0.08583687 -0.86576861
vn -0.12984937 -0.12943895 -0.98304868
vn -0.49539998 -0.11339980 -0.86123133
vn -0.49750197 -0.02796108 -0.86701214
vn -0.12984937 -0.12943895 -0.98304868
vn -0.12980852 -0.25662071 -0.95775545
vn -0.49538079 -0.22484899 -0.83907139
vn -0.12983473 -0.37943926 -0.91606158
vn -0.49539751 -0.33243641 -0.80253804
vn -0.49538079 -0.22484899 -0.83907139
vn -0.12983327 -0.49575683 -0.85870159
vn -0.49537030 -0.43434283 -0.75229955
vn -0.49539751 -0.33243641 -0.80253804
vn -0.12981965 -0.60360175 -0.78664595
vn -0.49538359 -0.52882934 -0.68915504
vn -0.49537030 -0.43434283 -0.75229955
vn -0.12983568 -0.70111477 -0.70112818
vn -0.49539334 -0.61423737 -0.61424583
vn -0.49538359 -0.52882934 -0.68915504
vn -0.12982188 -0.78663266 -0.60361856
vn -0.49537551 -0.68917197 -0.52881485
vn -0.49539334 -0.61423737 -0.61424583
vn -0.12984680 -0.85869181 -0.49577031
vn -0.49541283 -0.75227952 -0.43432900
vn -0.49537551 -0.68917197 -0.52881485
vn -0.12982599 -0.91606134 -0.37944290
vn -0.49539667 -0.80254626 -0.33241779
vn -0.49541283 -0.75227952 -0.43432900
vn -0.12982146 -0.95775342 -0.25662175
vn -0.49539107 -0.83907372 -0.22481762
vn -0.49539667 -0.80254626 -0.33241779
vn -0.12982146 -0.95775342 -0.25662175
vn -0.12949160 -0.98632717 -0.10193408
vn -0.49335560 -0.86522287 -0.08938445
vn -0.13005091 -0.99111658 0.02783293
vn -0.49719614 -0.86729383 0.02443984
vn -0.49335560 -0.86522287 -0.08938445
vn -0.49540341 -0.86123061 0.11339003
vn -0.86135930 -0.50365001 0.06630825
vn -0.86328870 -0.50450367 0.01444527
vn -0.49537939 -0.83907938 0.22482234
vn -0.86136478 -0.49067774 0.13147676
vn -0.86135930 -0.50365001 0.06630825
vn -0.49539778 -0.80254912 0.33240935
vn -0.86136436 -0.46931887 0.19439963
vn -0.86136478 -0.49067774 0.13147676
vn -0.49538431 -0.75228518 0.43435174
vn -0.86135572 -0.43993804 0.25400972
vn -0.86136436 -0.46931887 0.19439963
vn -0.49540535 -0.68916589 0.52879488
vn -0.86136651 -0.40301016 0.30924195
vn -0.86135572 -0.43993804 0.25400972
vn -0.49539575 -0.61422503 0.61425620
vn -0.86136758 -0.35917902 0.35921630
vn -0.86136651 -0.40301016 0.30924195
vn -0.49537456 -0.52883482 0.68915737
vn -0.86137003 -0.30924627 0.40299922
vn -0.86136758 -0.35917902 0.35921630
vn -0.49539328 -0.43435454 0.75227761
vn -0.86134958 -0.25400198 0.43995452
vn -0.86137003 -0.30924627 0.40299922
vn -0.49540740 -0.33243430 0.80253291
vn -0.86135340 -0.19439906 0.46933925
vn -0.86134958 -0.25400198 0.43995452
vn -0.49539313 -0.22483128 0.83906889
vn -0.86136526 -0.13147198 0.49067807
vn -0.86135340 -0.19439906 0.46933925
vn -0.49299064 -0.08583938 0.86578977
vn -0.85893142 -0.05003780 0.50964004
vn -0.86136526 -0.13147198 0.49067807
vn -0.49750698 0.02795874 0.86700922
vn -0.86357152 0.01641167 0.50395918
vn -0.85893142 -0.05003780 0.50964004
vn -0.49539441 0.11339571 0.86123508
vn -0.86133975 0.06629676 0.50368488
vn -0.86357152 0.01641167 0.50395918
vn -0.49539441 0.11339571 0.86123508
vn -0.49539313 0.22483128 0.83906883
vn -0.86136532 0.13147198 0.49067807
vn -0.49539313 0.22483128 0.83906883
vn -0.49540740 0.33243430 0.80253291
vn -0.86135340 0.19439906 0.46933925
vn -0.49540740 0.33243430 0.80253291
vn -0.49539325 0.43435454 0.75227761
vn -0.86134952 0.25400198 0.43995455
vn -0.49539325 0.43435454 0.75227761
vn -0.49537453 0.52883482 0.68915731
vn -0.86137003 0.30924627 0.40299922
vn -0.49537453 0.52883482 0.68915731
vn -0.49539569 0.61422503 0.61425620
vn -0.86136752 0.35917905 0.35921627
vn -0.49539569 0.61422503 0.61425620
vn -0.49540532 0.68916589 0.52879488
vn -0.86136651 0.40301016 0.30924195
vn -0.49540532 0.68916589 0.52879488
vn -0.49538428 0.75228518 0.43435171
vn -0.86135572 0.43993804 0.25400972
vn -0.49538428 0.75228518 0.43435171
vn -0.49539778 0.80254912 0.33240932
vn -0.86136436 0.46931890 0.19439964
vn -0.49539778 0.80254912 0.33240932
vn -0.49537933 0.83907938 0.22482233
vn -0.86136478 0.49067765 0.13147676
vn -0.49537933 0.83907938 0.22482233
vn -0.49334899 0.86522657 0.08938567
vn -0.85928357 0.50883627 0.05212788
vn -0.49719453 0.86729479 -0.02443989
vn -0.86328638 0.50450760 -0.01444551
vn -0.85928357 0.50883627 0.05212788
vn -0.49540362 0.86123061 -0.11338906
vn -0.86135566 0.50365633 -0.06630751
vn -0.86328638 0.50450760 -0.01444551
vn -0.49539107 0.83907372 -0.22481762
vn -0.86136270 0.49068069 -0.13147897
vn -0.86135566 0.50365633 -0.06630751
vn -0.49539667 0.80254626 -0.33241776
vn -0.86136371 0.46932015 -0.19439955
vn -0.86136270 0.49068069 -0.13147897
vn -0.49541283 0.75227952 -0.43432900
vn -0.86135334 0.43994790 -0.25400048
vn -0.86136371 0.46932015 -0.19439955
vn -0.49541283 0.75227952 -0.43432900
vn -0.49537557 0.68917197 -0.52881479
vn -0.86135638 0.40302524 -0.30925038
vn -0.49539334 0.61423743 -0.61424583
vn -0.86136371 0.35918805 -0.35921645
vn -0.86135638 0.40302524 -0.30925038
vn -0.49538359 0.52882934 -0.68915504
vn -0.86135203 0.30928066 -0.40301123
vn -0.86136371 0.35918805 -0.35921645
vn -0.49537030 0.43434286 -0.75229955
vn -0.86134726 0.25399983 -0.43996018
vn -0.86135203 0.30928066 -0.40301123
vn -0.49539757 0.33243644 -0.80253804
vn -0.86136639 0.19439307 -0.46931788
vn -0.86134726 0.25399983 -0.43996018
vn -0.49538082 0.22484902 -0.83907139
vn -0.86135310 0.13149986 -0.49069214
vn -0.86136639 0.19439307 -0.46931788
vn -0.49302799 0.08583687 -0.86576861
vn -0.85893053 0.05003981 -0.50964147
vn -0.86135310 0.13149986 -0.49069214
vn -0.49750197 -0.02796108 -0.86701214
vn -0.86357385 -0.01639936 -0.50395560
vn -0.85893053 0.05003981 -0.50964147
vn -0.49750197 -0.02796108 -0.86701214
vn -0.49539998 -0.11339980 -0.86123133
vn -0.86134285 -0.06629080 -0.50368065
vn -0.49539998 -0.11339980 -0.86123133
vn -0.49538079 -0.22484899 -0.83907139
vn -0.86135304 -0.13149986 -0.49069214
vn -0.49538079 -0.22484899 -0.83907139
vn -0.49539751 -0.33243641 -0.80253804
vn -0.86136639 -0.19439307 -0.46931791
vn -0.49539751 -0.33243641 -0.80253804
vn -0.49537030 -0.43434283 -0.75229955
vn -0.86134726 -0.25399980 -0.43996015
vn -0.49537030 -0.43434283 -0.75229955
vn -0.49538359 -0.52882934 -0.68915504
vn -0.86135203 -0.30928066 -0.40301129
vn -0.49538359 -0.52882934 -0.68915504
vn -0.49539334 -0.61423737 -0.61424583
vn -0.86136377 -0.35918811 -0.35921648
vn -0.49539334 -0.61423737 -0.61424583
vn -0.49537551 -0.68917197 -0.52881485
vn -0.86135638 -0.40302521 -0.30925038
vn -0.49541283 -0.75227952 -0.43432900
vn -0.86135334 -0.43994793 -0.25400051
vn -0.86135638 -0.40302521 -0.30925038
vn -0.49541283 -0.75227952 -0.43432900
vn -0.49539667 -0.80254626 -0.33241779
vn -0.86136371 -0.46932021 -0.19439955
vn -0.49539667 -0.80254626 -0.33241779
vn -0.49539107 -0.83907372 -0.22481762
vn -0.86136270 -0.49068066 -0.13147897
vn -0.49539107 -0.83907372 -0.22481762
vn -0.49335560 -0.86522287 -0.08938445
vn -0.85928798 -0.50882900 -0.05212604
vn -0.49719614 -0.86729383 0.02443984
vn -0.86328870 -0.50450367 0.01444527
vn -0.85928798 -0.50882900 -0.05212604
vn -0.86135930 -0.50365001 0.06630825
vn -0.96591121 -0.25665957 0.03378479
vn -0.96588486 -0.25886083 0.00758162
vn -0.86135930 -0.50365001 0.06630825
vn -0.86136478 -0.49067774 0.13147676
vn -0.96592367 -0.25000739 0.06699069
vn -0.86136436 -0.46931887 0.19439963
vn -0.96591544 -0.23915610 0.09905434
vn -0.96592367 -0.25000739 0.06699069
vn -0.86135572 -0.43993804 0.25400972
vn -0.96591830 -0.22416696 0.12942570
vn -0.96591544 -0.23915610 0.09905434
vn -0.86135572 -0.43993804 0.25400972
vn -0.86136651 -0.40301016 0.30924195
vn -0.96591645 -0.20536579 0.15757596
vn -0.86136651 -0.40301016 0.30924195
vn -0.86136758 -0.35917902 0.35921630
vn -0.96593374 -0.18296488 0.18301882
vn -0.86137003 -0.30924627 0.40299922
vn -0.96593058 -0.15753579 0.20533027
vn -0.96593374 -0.18296488 0.18301882
vn -0.86137003 -0.30924627 0.40299922
vn -0.86134958 -0.25400198 0.43995452
vn -0.96592087 -0.12941954 0.22415935
vn -0.86134958 -0.25400198 0.43995452
vn -0.86135340 -0.19439906 0.46933925
vn -0.96592706 -0.09904248 0.23911384
vn -0.86135340 -0.19439906 0.46933925
vn -0.86136526 -0.13147198 0.49067807
vn -0.96592242 -0.06699321 0.25001165
vn -0.85893142 -0.05003780 0.50964004
vn -0.96588433 -0.02491990 0.25777203
vn -0.96592242 -0.06699321 0.25001165
vn -0.86357152 0.01641167 0.50395918
vn -0.96588445 0.00857791 0.25883132
vn -0.96588433 -0.02491990 0.25777203
vn -0.86357152 0.01641167 0.50395918
vn -0.86133975 0.06629676 0.50368488
vn -0.96591860 0.03377063 0.25663346
vn -0.86133975 0.06629676 0.50368488
vn -0.86136532 0.13147198 0.49067807
vn -0.96592247 0.06699321 0.25001162
vn -0.86135340 0.19439906 0.46933925
vn -0.96592706 0.09904248 0.23911385
vn -0.96592247 0.06699321 0.25001162
vn -0.86134952 0.25400198 0.43995455
vn -0.96592087 0.12941954 0.22415937
vn -0.96592706 0.09904248 0.23911385
vn -0.86137003 0.30924627 0.40299922
vn -0.96593058 0.15753579 0.20533027
vn -0.96592087 0.12941954 0.22415937
vn -0.86137003 0.30924627 0.40299922
vn -0.86136752 0.35917905 0.35921627
vn -0.96593374 0.18296488 0.18301883
vn -0.86136651 0.40301016 0.30924195
vn -0.96591645 0.20536581 0.15757596
vn -0.96593374 0.18296488 0.18301883
vn -0.86135572 0.43993804 0.25400972
vn -0.96591830 0.22416696 0.12942570
vn -0.96591645 0.20536581 0.15757596
vn -0.86135572 0.43993804 0.25400972
vn -0.86136436 0.46931890 0.19439964
vn -0.96591544 0.23915610 0.09905434
vn -0.86136436 0.46931890 0.19439964
vn -0.86136478 0.49067765 0.13147676
vn -0.96592367 0.25000739 0.06699069
vn -0.85928357 0.50883627 0.05212788
vn -0.96590900 0.25756913 0.02603873
vn -0.96592367 0.25000739 0.06699069
vn -0.86328638 0.50450760 -0.01444551
vn -0.96588427 0.25886306 -0.00758177
vn -0.96590900 0.25756913 0.02603873
vn -0.86135566 0.50365633 -0.06630751
vn -0.96591014 0.25666362 -0.03378453
vn -0.96588427 0.25886306 -0.00758177
vn -0.86135566 0.50365633 -0.06630751
vn -0.86136270 0.49068069 -0.13147897
vn -0.96592057 0.25001842 -0.06699460
vn -0.86136371 0.46932015 -0.19439955
vn -0.96591479 0.23915893 -0.09905458
vn -0.96592057 0.25001842 -0.06699460
vn -0.86135334 0.43994790 -0.25400048
vn -0.96590984 0.22420388 -0.12942500
vn -0.96591479 0.23915893 -0.09905458
vn -0.86135638 0.40302524 -0.30925038
vn -0.96592027 0.20534720 -0.15757734
vn -0.96590984 0.22420388 -0.12942500
vn -0.86136371 0.35918805 -0.35921645
vn -0.96592444 0.18300711 -0.18302563
vn -0.96592027 0.20534720 -0.15757734
vn -0.86135203 0.30928066 -0.40301123
vn -0.96591812 0.15758906 -0.20534813
vn -0.96592444 0.18300711 -0.18302563
vn -0.86134726 0.25399983 -0.43996018
vn -0.96592432 0.12938394 -0.22416519
vn -0.96591812 0.15758906 -0.20534813
vn -0.86134726 0.25399983 -0.43996018
vn -0.86136639 0.19439307 -0.46931788
vn -0.96591872 0.09905249 -0.23914357
vn -0.86136639 0.19439307 -0.46931788
vn -0.86135310 0.13149986 -0.49069214
vn -0.96592319 0.06699470 -0.25000823
vn -0.86135310 0.13149986 -0.49069214
vn -0.85893053 0.05003981 -0.50964147
vn -0.96588659 0.02493239 -0.25776258
vn -0.86357385 -0.01639936 -0.50395560
vn -0.96589476 -0.00856087 -0.25879329
vn -0.96588659 0.02493239 -0.25776258
vn -0.86357385 -0.01639936 -0.50395560
vn -0.86134285 -0.06629080 -0.50368065
vn -0.96592450 -0.03375829 -0.25661284
vn -0.86135304 -0.13149986 -0.49069214
vn -0.96592319 -0.06699470 -0.25000823
vn -0.96592450 -0.03375829 -0.25661284
vn -0.86136639 -0.19439307 -0.46931791
vn -0.96591872 -0.09905249 -0.23914358
vn -0.96592319 -0.06699470 -0.25000823
vn -0.86134726 -0.25399980 -0.43996015
vn -0.96592432 -0.12938394 -0.22416519
vn -0.96591872 -0.09905249 -0.23914358
vn -0.86134726 -0.25399980 -0.43996015
vn -0.86135203 -0.30928066 -0.40301129
vn -0.96591812 -0.15758905 -0.20534812
vn -0.86135203 -0.30928066 -0.40301129
vn -0.86136377 -0.35918811 -0.35921648
vn -0.96592444 -0.18300711 -0.18302563
vn -0.86136377 -0.35918811 -0.35921648
vn -0.86135638 -0.40302521 -0.30925038
vn -0.96592021 -0.20534720 -0.15757734
vn -0.86135638 -0.40302521 -0.30925038
vn -0.86135334 -0.43994793 -0.25400051
vn -0.96590984 -0.22420387 -0.12942499
vn -0.86135334 -0.43994793 -0.25400051
vn -0.86136371 -0.46932021 -0.19439955
vn -0.96591479 -0.23915893 -0.09905458
vn -0.86136371 -0.46932021 -0.19439955
vn -0.86136270 -0.49068066 -0.13147897
vn -0.96592063 -0.25001851 -0.06699461
vn -0.85928798 -0.50882900 -0.05212604
vn -0.96590972 -0.25756627 -0.02603796
vn -0.96592063 -0.25001851 -0.06699461
vn -0.86328870 -0.50450367 0.01444527
vn -0.96588486 -0.25886083 0.00758162
vn -0.96590972 -0.25756627 -0.02603796
vn 1.00000000 0.00000000 0.00000000
vn 1.00000000 0.00000000 0.00000000
vn 1.00000000 0.00000000 0.00000000
vn 1.00000000 0.00000000 0.00000000
vn 1.00000000 0.00000000 0.00000000
vn 1.00000000 0.00000000 0.00000000
vn 0.99999994 0.00000000 0.00000000
vn 0.99999994 0.00000000 0.00000000
vn 0.99999994 0.00000000 0.00000000
vn 1.00000000 0.00000000 0.00000000
vn 1.00000000 0.00000000 0.00000000
vn 1.00000000 0.00000000 0.00000000
vn 0.99999988 -0.00026302 0.00000000
vn 0.99999988 -0.00026302 0.00000000
vn 0.99999988 -0.00026302 0.00000000
vn 1.00000000 0.00004445 0.00000000
vn 1.00000000 0.00004445 0.00000000
vn 1.00000000 0.00004445 0.00000000
vn 1.00000000 -0.00004406 0.00000000
vn 1.00000000 -0.00004406 0.00000000
vn 1.00000000 -0.00004406 0.00000000
vn 0.99999994 0.00000000 0.00000000
vn 0.99999994 0.00000000 0.00000000
vn 0.99999994 0.00000000 0.00000000
vn 1.00000000 0.00000000 0.00000000
vn 1.00000000 0.00000000 0.00000000
vn 1.00000000 0.00000000 0.00000000
vn 1.00000000 0.00000000 0.00000000
vn 1.00000000 0.00000000 0.00000000
vn 1.00000000 0.00000000 0.00000000
vn 1.00000000 0.00000000 0.00000000
vn 1.00000000 0.00000000 0.00000000
vn 1.00000000 0.00000000 0.00000000
vn 1.00000000 0.00000000 0.00000000
vn 1.00000000 0.00000000 0.00000000
vn 1.00000000 0.00000000 0.00000000
vn 1.00000000 0.00000000 0.00000000
vn 1.00000000 0.00000000 0.00000000
vn 1.00000000 0.00000000 0.00000000
vn 1.00000000 0.00000000 0.00000000
vn 1.00000000 0.00000000 0.00000000
vn 1.00000000 0.00000000 0.00000000
vn 0.99999994 0.00000000 0.00000000
vn 0.99999994 0.00000000 0.00000000
vn 0.99999994 0.00000000 0.00000000
vn 1.00000000 0.00000000 0.00000000
vn 1.00000000 0.00000000 0.00000000
vn 1.00000000 0.00000000 0.00000000
vn 1.00000000 0.00000000 0.00000000
vn 1.00000000 0.00000000 0.00000000
vn 1.00000000 0.00000000 0.00000000
vn 1.00000000 0.00000000 0.00000000
vn 1.00000000 0.00000000 0.00000000
vn 1.00000000 0.00000000 0.00000000
vn 1.00000000 0.00000000 0.00000000
vn 1.00000000 0.00000000 0.00000000
vn 1.00000000 0.00000000 0.00000000
vn 1.00000000 0.00000000 0.00000000
vn 1.00000000 0.00000000 0.00000000
vn 1.00000000 0.00000000 0.00000000
vn 0.99999994 0.00035261 0.00000000
vn 0.99999994 0.00035261 0.00000000
vn 0.99999994 0.00035261 0.00000000
vn 1.00000000 0.00000000 0.00000000
vn 1.00000000 0.00000000 0.00000000
vn 1.00000000 0.00000000 0.00000000
vn 1.00000000 0.00000000 0.00000000
vn 1.00000000 0.00000000 0.00000000
vn 1.00000000 0.00000000 0.00000000
vn 1.00000000 0.00000000 0.00000000
vn 1.00000000 0.00000000 0.00000000
vn 1.00000000 0.00000000 0.00000000
vn 1.00000000 -0.00006569 0.00000000
vn 1.00000000 -0.00006569 0.00000000
vn 1.00000000 -0.00006569 0.00000000
vn 1.00000000 0.00000000 0.00000000
vn 1.00000000 0.00000000 0.00000000
vn 1.00000000 0.00000000 0.00000000
vn 1.00000000 0.00000000 0.00000000
vn 1.00000000 0.00000000 0.00000000
vn 1.00000000 0.00000000 0.00000000
vn 1.00000000 -0.00000709 0.00000000
vn 1.00000000 -0.00000709 0.00000000
vn 1.00000000 -0.00000709 0.00000000
vn 0.99999994 0.00000000 0.00000000
vn 0.99999994 0.00000000 0.00000000
vn 0.99999994 0.00000000 0.00000000
vn 1.00000000 0.00000000 0.00000000
vn 1.00000000 0.00000000 0.00000000
vn 1.00000000 0.00000000 0.00000000
vn 0.99999994 -0.00035255 0.00000000
vn 0.99999994 -0.00035255 0.00000000
vn 0.99999994 -0.00035255 0.00000000
vn 1.00000000 0.00000000 0.00000000
vn 1.00000000 0.00000000 0.00000000
vn 1.00000000 0.00000000 0.00000000
vn 1.00000000 0.00000000 0.00000000
vn 1.00000000 0.00000000 0.00000000
vn 1.00000000 0.00000000 0.00000000
vn 1.00000000 0.00000000 0.00000000
vn 1.00000000 0.00000000 0.00000000
vn 1.00000000 0.00000000 0.00000000
vn 1.00000000 0.00000000 0.00000000
vn 1.00000000 0.00000000 0.00000000
vn 1.00000000 0.00000000 0.00000000
vn 1.00000000 0.00000000 0.00000000
vn 1.00000000 0.00000000 0.00000000
vn 1.00000000 0.00000000 0.00000000
vn 1.00000000 -0.00006659 0.00000000
vn 1.00000000 -0.00006659 0.00000000
vn 1.00000000 -0.00006659 0.00000000
vn 1.00000000 0.00000000 0.00000000
vn 1.00000000 0.00000000 0.00000000
vn 1.00000000 0.00000000 0.00000000
vn 1.00000000 -0.00005912 0.00000000
vn 1.00000000 -0.00005912 0.00000000
vn 1.00000000 -0.00005912 0.00000000
vn 1.00000000 0.00013317 0.00000000
vn 1.00000000 0.00013317 0.00000000
vn 1.00000000 0.00013317 0.00000000
vn 1.00000000 0.00000000 0.00000000
vn 1.00000000 0.00000000 0.00000000
vn 1.00000000 0.00000000 0.00000000
vn 1.00000000 0.00005912 0.00000000
vn 1.00000000 0.00005912 0.00000000
vn 1.00000000 0.00005912 0.00000000
vn 1.00000000 -0.00000877 0.00000000
vn 1.00000000 -0.00000877 0.00000000
vn 1.00000000 -0.00000877 0.00000000
vn 1.00000000 0.00000000 0.00000000
vn 1.00000000 0.00000000 0.00000000
vn 1.00000000 0.00000000 0.00000000
vn 1.00000000 0.00000000 0.00000000
vn 1.00000000 0.00000000 0.00000000
vn 1.00000000 0.00000000 0.00000000
vn -1.00000000 -0.00001836 0.00000000
vn -1.00000000 -0.00001836 0.00000000
vn -1.00000000 -0.00001836 0.00000000
vn -1.00000000 -0.00008948 0.00000000
vn -1.00000000 -0.00008948 0.00000000
vn -1.00000000 -0.00008948 0.00000000
vn -0.99999982 -0.00052590 0.00000000
vn -0.99999982 -0.00052590 0.00000000
vn -0.99999982 -0.00052590 0.00000000
vn -1.00000000 0.00000000 0.00000000
vn -1.00000000 0.00000000 0.00000000
vn -1.00000000 0.00000000 0.00000000
vn -0.99999994 -0.00035261 0.00000000
vn -0.99999994 -0.00035261 0.00000000
vn -0.99999994 -0.00035261 0.00000000
vn -0.99999994 0.00000000 0.00000000
vn -0.99999994 0.00000000 0.00000000
vn -0.99999994 0.00000000 0.00000000
vn -0.99999994 0.00000000 0.00000000
vn -0.99999994 0.00000000 0.00000000
vn -0.99999994 0.00000000 0.00000000
vn -0.99999994 0.00013144 0.00000000
vn -0.99999994 0.00013144 0.00000000
vn -0.99999994 0.00013144 0.00000000
vn -0.99999994 0.00000000 0.00000000
vn -0.99999994 0.00000000 0.00000000
vn -0.99999994 0.00000000 0.00000000
vn -1.00000000 0.00008947 0.00000000
vn -1.00000000 0.00008947 0.00000000
vn -1.00000000 0.00008947 0.00000000
vn -1.00000000 0.00000709 0.00000000
vn -1.00000000 0.00000709 0.00000000
vn -1.00000000 0.00000709 0.00000000
vn -0.99999994 -0.00026288 0.00000000
vn -0.99999994 -0.00026288 0.00000000
vn -0.99999994 -0.00026288 0.00000000
vn -0.99999994 0.00000000 0.00000000
vn -0.99999994 0.00000000 0.00000000
vn -0.99999994 0.00000000 0.00000000
vn -0.99999994 0.00000000 0.00000000
vn -0.99999994 0.00000000 0.00000000
vn -0.99999994 0.00000000 0.00000000
vn -1.00000000 0.00000000 0.00000000
vn -1.00000000 0.00000000 0.00000000
vn -1.00000000 0.00000000 0.00000000
vn -1.00000000 0.00000000 0.00000000
vn -1.00000000 0.00000000 0.00000000
vn -1.00000000 0.00000000 0.00000000
vn -0.99999982 0.00052590 0.00000000
vn -0.99999982 0.00052590 0.00000000
vn -0.99999982 0.00052590 0.00000000
vn -0.99999994 -0.00001836 0.00000000
vn -0.99999994 -0.00001836 0.00000000
vn -0.99999994 -0.00001836 0.00000000
vn -1.00000000 0.00008948 0.00000000
vn -1.00000000 0.00008948 0.00000000
vn -1.00000000 0.00008948 0.00000000
vn -0.99999988 0.00052583 0.00000000
vn -0.99999988 0.00052583 0.00000000
vn -0.99999988 0.00052583 0.00000000
vn -1.00000000 0.00000000 0.00000000
vn -1.00000000 0.00000000 0.00000000
vn -1.00000000 0.00000000 0.00000000
vn -1.00000000 0.00000000 0.00000000
vn -1.00000000 0.00000000 0.00000000
vn -1.00000000 0.00000000 0.00000000
vn -1.00000000 0.00000000 0.00000000
vn -1.00000000 0.00000000 0.00000000
vn -1.00000000 0.00000000 0.00000000
vn -1.00000000 0.00000000 0.00000000
vn -1.00000000 0.00000000 0.00000000
vn -1.00000000 0.00000000 0.00000000
vn -0.99999994 -0.00013144 0.00000000
vn -0.99999994 -0.00013144 0.00000000
vn -0.99999994 -0.00013144 0.00000000
vn -1.00000000 0.00000000 0.00000000
vn -1.00000000 0.00000000 0.00000000
vn -1.00000000 0.00000000 0.00000000
vn -1.00000000 0.00000000 0.00000000
vn -1.00000000 0.00000000 0.00000000
vn -1.00000000 0.00000000 0.00000000
vn -1.00000000 0.00000709 0.00000000
vn -1.00000000 0.00000709 0.00000000
vn -1.00000000 0.00000709 0.00000000
vn -0.99999994 0.00026288 0.00000000
vn -0.99999994 0.00026288 0.00000000
vn -0.99999994 0.00026288 0.00000000
vn -1.00000000 0.00000000 0.00000000
vn -1.00000000 0.00000000 0.00000000
vn -1.00000000 0.00000000 0.00000000
vn -1.00000000 0.00000000 0.00000000
vn -1.00000000 0.00000000 0.00000000
vn -1.00000000 0.00000000 0.00000000
vn -1.00000000 0.00000000 0.00000000
vn -1.00000000 0.00000000 0.00000000
vn -1.00000000 0.00000000 0.00000000
vn -0.99999994 0.00035559 0.00000000
vn -0.99999994 0.00035559 0.00000000
vn -0.99999994 0.00035559 0.00000000
vn -1.00000000 0.00000000 0.00000000
vn -1.00000000 0.00000000 0.00000000
vn -1.00000000 0.00000000 0.00000000
vn -0.99999988 -0.00052583 0.00000000
vn -0.99999988 -0.00052583 0.00000000
vn -0.99999988 -0.00052583 0.00000000
vn -1.00000000 0.00002956 0.00000000
vn -1.00000000 0.00002956 0.00000000
vn -1.00000000 0.00002956 0.00000000
vn -1.00000000 -0.00003330 0.00000000
vn -1.00000000 -0.00003330 0.00000000
vn -1.00000000 -0.00003330 0.00000000
vn -1.00000000 -0.00005912 0.00000000
vn -1.00000000 -0.00005912 0.00000000
vn -1.00000000 -0.00005912 0.00000000
vn -1.00000000 0.00013319 0.00000000
vn -1.00000000 0.00013319 0.00000000
vn -1.00000000 0.00013319 0.00000000
vn -1.00000000 -0.00002956 0.00000000
vn -1.00000000 -0.00002956 0.00000000
vn -1.00000000 -0.00002956 0.00000000
vn -1.00000000 -0.00003330 0.00000000
vn -1.00000000 -0.00003330 0.00000000
vn -1.00000000 -0.00003330 0.00000000
vn -1.00000000 0.00005912 0.00000000
vn -1.00000000 0.00005912 0.00000000
vn -1.00000000 0.00005912 0.00000000
vn -1.00000000 0.00001753 0.00000000
vn -1.00000000 0.00001753 0.00000000
vn -1.00000000 0.00001753 0.00000000
vn -1.00000000 0.00000000 0.00000000
vn -1.00000000 0.00000000 0.00000000
vn -1.00000000 0.00000000 0.00000000
vn -1.00000000 0.00000000 0.00000000
vn -1.00000000 0.00000000 0.00000000
vn -1.00000000 0.00000000 0.00000000
f 385/2293/2293 434/2294/2294 433/2295/2295
f 387/2296/2296 434/2297/2297 386/2298/2298
f 387/2299/2299 436/2300/2300 435/2301/2301
f 388/2302/2302 437/2303/2303 436/2304/2304
f 390/2305/2305 437/2306/2306 389/2307/2307
f 391/2308/2308 438/2309/2309 390/2310/2310
f 391/2311/2311 440/2312/2312 439/2313/2313
f 393/2314/2314 440/2315/2315 392/2316/2316
f 394/2317/2317 441/2318/2318 393/2319/2319
f 395/2320/2320 442/2321/2321 394/2322/2322
f 395/2323/2323 444/2324/2324 443/2325/2325
f 396/2326/2326 445/2327/2327 444/2328/2328
f 398/2329/2329 445/2330/2330 397/2331/2331
f 399/2332/2332 446/2333/2333 398/2334/2334
f 399/2335/2335 448/2336/2336 447/2337/2337
f 400/2338/2338 449/2339/2339 448/2340/2340
f 401/2341/2341 450/2342/2342 449/2343/2343
f 403/2344/2344 450/2345/2345 402/2346/2346
f 403/2347/2347 452/2348/2348 451/2349/2349
f 404/2350/2350 453/2351/2351 452/2352/2352
f 406/2353/2353 453/2354/2354 405/2355/2355
f 407/2356/2356 454/2357/2357 406/2358/2358
f 407/2359/2359 456/2360/2360 455/2361/2361
f 408/2362/2362 457/2363/2363 456/2364/2364
f 409/2365/2365 458/2366/2366 457/2367/2367
f 411/2368/2368 458/2369/2369 410/2370/2370
f 411/2371/2371 460/2372/2372 459/2373/2373
f 412/2374/2374 461/2375/2375 460/2376/2376
f 413/2377/2377 462/2378/2378 461/2379/2379
f 414/2380/2380 463/2381/2381 462/2382/2382
f 415/2383/2383 464/2384/2384 463/2385/2385
f 416/2386/2386 465/2387/2387 464/2388/2388
f 418/2389/2389 465/2390/2390 417/2391/2391
f 419/2392/2392 466/2393/2393 418/2394/2394
f 420/2395/2395 467/2396/2396 419/2397/2397
f 420/2398/2398 469/2399/2399 468/2400/2400
f 422/2401/2401 469/2402/2402 421/2403/2403
f 422/2404/2404 471/2405/2405 470/2406/2406
f 423/2407/2407 472/2408/2408 471/2409/2409
f 424/2410/2410 473/2411/2411 472/2412/2412
f 426/2413/2413 473/2414/2414 425/2415/2415
f 427/2416/2416 474/2417/2417 426/2418/2418
f 428/2419/2419 475/2420/2420 427/2421/2421
f 429/2422/2422 476/2423/2423 428/2424/2424
f 430/2425/2425 477/2426/2426 429/2427/2427
f 431/2428/2428 478/2429/2429 430/2430/2430
f 431/2431/2431 480/2432/2432 479/2433/2433
f 432/2434/2434 433/2435/2435 480/2436/2436
f 433/2437/2437 482/2438/2438 481/2439/2439
f 434/2440/2440 483/2441/2441 482/2442/2442
f 435/2443/2443 484/2444/2444 483/2445/2445
f 436/2446/2446 485/2447/2447 484/2448/2448
f 437/2449/2449 486/2450/2450 485/2451/2451
f 438/2452/2452 487/2453/2453 486/2454/2454
f 439/2455/2455 488/2456/2456 487/2457/2457
f 440/2458/2458 489/2459/2459 488/2460/2460
f 441/2461/2461 490/2462/2462 489/2463/2463
f 442/2464/2464 491/2465/2465 490/2466/2466
f 443/2467/2467 492/2468/2468 491/2469/2469
f 444/2470/2470 493/2471/2471 492/2472/2472
f 445/2473/2473 494/2474/2474 493/2475/2475
f 447/2476/2476 494/2477/2477 446/2478/2478
f 448/2479/2479 495/2480/2480 447/2481/2481
f 449/2482/2482 496/2483/2483 448/2484/2484
f 450/2485/2485 497/2486/2486 449/2487/2487
f 451/2488/2488 498/2489/2489 450/2490/2490
f 452/2491/2491 499/2492/2492 451/2493/2493
f 453/2494/2494 500/2495/2495 452/2496/2496
f 454/2497/2497 501/2498/2498 453/2499/2499
f 455/2500/2500 502/2501/2501 454/2502/2502
f 456/2503/2503 503/2504/2504 455/2505/2505
f 456/2506/2506 505/2507/2507 504/2508/2508
f 457/2509/2509 506/2510/2510 505/2511/2511
f 458/2512/2512 507/2513/2513 506/2514/2514
f 459/2515/2515 508/2516/2516 507/2517/2517
f 460/2518/2518 509/2519/2519 508/2520/2520
f 462/2521/2521 509/2522/2522 461/2523/2523
f 462/2524/2524 511/2525/2525 510/2526/2526
f 463/2527/2527 512/2528/2528 511/2529/2529
f 464/2530/2530 513/2531/2531 512/2532/2532
f 465/2533/2533 514/2534/2534 513/2535/2535
f 466/2536/2536 515/2537/2537 514/2538/2538
f 467/2539/2539 516/2540/2540 515/2541/2541
f 468/2542/2542 517/2543/2543 516/2544/2544
f 470/2545/2545 517/2546/2546 469/2547/2547
f 471/2548/2548 518/2549/2549 470/2550/2550
f 472/2551/2551 519/2552/2552 471/2553/2553
f 473/2554/2554 520/2555/2555 472/2556/2556
f 474/2557/2557 521/2558/2558 473/2559/2559
f 475/2560/2560 522/2561/2561 474/2562/2562
f 476/2563/2563 523/2564/2564 475/2565/2565
f 476/2566/2566 525/2567/2567 524/2568/2568
f 478/2569/2569 525/2570/2570 477/2571/2571
f 479/2572/2572 526/2573/2573 478/2574/2574
f 480/2575/2575 527/2576/2576 479/2577/2577
f 480/2578/2578 481/2579/2579 528/2580/2580
f 481/2581/2581 530/2582/2582 529/2583/2583
f 482/2584/2584 531/2585/2585 530/2586/2586
f 483/2587/2587 532/2588/2588 531/2589/2589
f 485/2590/2590 532/2591/2591 484/2592/2592
f 486/2593/2593 533/2594/2594 485/2595/2595
f 487/2596/2596 534/2597/2597 486/2598/2598
f 487/2599/2599 536/2600/2600 535/2601/2601
f 488/2602/2602 537/2603/2603 536/2604/2604
f 490/2605/2605 537/2606/2606 489/2607/2607
f 491/2608/2608 538/2609/2609 490/2610/2610
f 492/2611/2611 539/2612/2612 491/2613/2613
f 492/2614/2614 541/2615/2615 540/2616/2616
f 493/2617/2617 542/2618/2618 541/2619/2619
f 494/2620/2620 543/2621/2621 542/2622/2622
f 495/2623/2623 544/2624/2624 543/2625/2625
f 496/2626/2626 545/2627/2627 544/2628/2628
f 498/2629/2629 545/2630/2630 497/2631/2631
f 499/2632/2632 546/2633/2633 498/2634/2634
f 499/2635/2635 548/2636/2636 547/2637/2637
f 500/2638/2638 549/2639/2639 548/2640/2640
f 501/2641/2641 550/2642/2642 549/2643/2643
f 503/2644/2644 550/2645/2645 502/2646/2646
f 504/2647/2647 551/2648/2648 503/2649/2649
f 504/2650/2650 553/2651/2651 552/2652/2652
f 505/2653/2653 554/2654/2654 553/2655/2655
f 506/2656/2656 555/2657/2657 554/2658/2658
f 508/2659/2659 555/2660/2660 507/2661/2661
f 509/2662/2662 556/2663/2663 508/2664/2664
f 510/2665/2665 557/2666/2666 509/2667/2667
f 511/2668/2668 558/2669/2669 510/2670/2670
f 512/2671/2671 559/2672/2672 511/2673/2673
f 513/2674/2674 560/2675/2675 512/2676/2676
f 514/2677/2677 561/2678/2678 513/2679/2679
f 515/2680/2680 562/2681/2681 514/2682/2682
f 515/2683/2683 564/2684/2684 563/2685/2685
f 516/2686/2686 565/2687/2687 564/2688/2688
f 517/2689/2689 566/2690/2690 565/2691/2691
f 519/2692/2692 566/2693/2693 518/2694/2694
f 519/2695/2695 568/2696/2696 567/2697/2697
f 520/2698/2698 569/2699/2699 568/2700/2700
f 521/2701/2701 570/2702/2702 569/2703/2703
f 522/2704/2704 571/2705/2705 570/2706/2706
f 524/2707/2707 571/2708/2708 523/2709/2709
f 524/2710/2710 573/2711/2711 572/2712/2712
f 525/2713/2713 574/2714/2714 573/2715/2715
f 526/2716/2716 575/2717/2717 574/2718/2718
f 528/2719/2719 575/2720/2720 527/2721/2721
f 528/2722/2722 529/2723/2723 576/2724/2724
f 530/2725/2725 577/2726/2726 529/2727/2727
f 531/2728/2728 578/2729/2729 530/2730/2730
f 532/2731/2731 579/2732/2732 531/2733/2733
f 533/2734/2734 580/2735/2735 532/2736/2736
f 534/2737/2737 581/2738/2738 533/2739/2739
f 535/2740/2740 582/2741/2741 534/2742/2742
f 536/2743/2743 583/2744/2744 535/2745/2745
f 537/2746/2746 584/2747/2747 536/2748/2748
f 538/2749/2749 585/2750/2750 537/2751/2751
f 539/2752/2752 586/2753/2753 538/2754/2754
f 540/2755/2755 587/2756/2756 539/2757/2757
f 541/2758/2758 588/2759/2759 540/2760/2760
f 542/2761/2761 589/2762/2762 541/2763/2763
f 543/2764/2764 590/2765/2765 542/2766/2766
f 544/2767/2767 591/2768/2768 543/2769/2769
f 545/2770/2770 592/2771/2771 544/2772/2772
f 546/2773/2773 593/2774/2774 545/2775/2775
f 547/2776/2776 594/2777/2777 546/2778/2778
f 548/2779/2779 595/2780/2780 547/2781/2781
f 549/2782/2782 596/2783/2783 548/2784/2784
f 550/2785/2785 597/2786/2786 549/2787/2787
f 551/2788/2788 598/2789/2789 550/2790/2790
f 552/2791/2791 599/2792/2792 551/2793/2793
f 553/2794/2794 600/2795/2795 552/2796/2796
f 554/2797/2797 601/2798/2798 553/2799/2799
f 555/2800/2800 602/2801/2801 554/2802/2802
f 556/2803/2803 603/2804/2804 555/2805/2805
f 557/2806/2806 604/2807/2807 556/2808/2808
f 558/2809/2809 605/2810/2810 557/2811/2811
f 559/2812/2812 606/2813/2813 558/2814/2814
f 560/2815/2815 607/2816/2816 559/2817/2817
f 561/2818/2818 608/2819/2819 560/2820/2820
f 562/2821/2821 609/2822/2822 561/2823/2823
f 563/2824/2824 610/2825/2825 562/2826/2826
f 564/2827/2827 611/2828/2828 563/2829/2829
f 565/2830/2830 612/2831/2831 564/2832/2832
f 566/2833/2833 613/2834/2834 565/2835/2835
f 567/2836/2836 614/2837/2837 566/2838/2838
f 568/2839/2839 615/2840/2840 567/2841/2841
f 569/2842/2842 616/2843/2843 568/2844/2844
f 570/2845/2845 617/2846/2846 569/2847/2847
f 571/2848/2848 618/2849/2849 570/2850/2850
f 572/2851/2851 619/2852/2852 571/2853/2853
f 573/2854/2854 620/2855/2855 572/2856/2856
f 574/2857/2857 621/2858/2858 573/2859/2859
f 575/2860/2860 622/2861/2861 574/2862/2862
f 576/2863/2863 623/2864/2864 575/2865/2865
f 529/2866/2866 624/2867/2867 576/2868/2868
f 578/2869/2869 625/2870/2870 577/2871/2871
f 579/2872/2872 626/2873/2873 578/2874/2874
f 580/2875/2875 627/2876/2876 579/2877/2877
f 580/2878/2878 629/2879/2879 628/2880/2880
f 581/2881/2881 630/2882/2882 629/2883/2883
f 582/2884/2884 631/2885/2885 630/2886/2886
f 584/2887/2887 631/2888/2888 583/2889/2889
f 585/2890/2890 632/2891/2891 584/2892/2892
f 585/2893/2893 634/2894/2894 633/2895/2895
f 586/2896/2896 635/2897/2897 634/2898/2898
f 587/2899/2899 636/2900/2900 635/2901/2901
f 589/2902/2902 636/2903/2903 588/2904/2904
f 590/2905/2905 637/2906/2906 589/2907/2907
f 591/2908/2908 638/2909/2909 590/2910/2910
f 592/2911/2911 639/2912/2912 591/2913/2913
f 593/2914/2914 640/2915/2915 592/2916/2916
f 593/2917/2917 642/2918/2918 641/2919/2919
f 594/2920/2920 643/2921/2921 642/2922/2922
f 596/2923/2923 643/2924/2924 595/2925/2925
f 597/2926/2926 644/2927/2927 596/2928/2928
f 598/2929/2929 645/2930/2930 597/2931/2931
f 598/2932/2932 647/2933/2933 646/2934/2934
f 599/2935/2935 648/2936/2936 647/2937/2937
f 601/2938/2938 648/2939/2939 600/2940/2940
f 602/2941/2941 649/2942/2942 601/2943/2943
f 603/2944/2944 650/2945/2945 602/2946/2946
f 603/2947/2947 652/2948/2948 651/2949/2949
f 604/2950/2950 653/2951/2951 652/2952/2952
f 605/2953/2953 654/2954/2954 653/2955/2955
f 606/2956/2956 655/2957/2957 654/2958/2958
f 607/2959/2959 656/2960/2960 655/2961/2961
f 608/2962/2962 657/2963/2963 656/2964/2964
f 609/2965/2965 658/2966/2966 657/2967/2967
f 610/2968/2968 659/2969/2969 658/2970/2970
f 612/2971/2971 659/2972/2972 611/2973/2973
f 613/2974/2974 660/2975/2975 612/2976/2976
f 614/2977/2977 661/2978/2978 613/2979/2979
f 614/2980/2980 663/2981/2981 662/2982/2982
f 616/2983/2983 663/2984/2984 615/2985/2985
f 617/2986/2986 664/2987/2987 616/2988/2988
f 618/2989/2989 665/2990/2990 617/2991/2991
f 619/2992/2992 666/2993/2993 618/2994/2994
f 620/2995/2995 667/2996/2996 619/2997/2997
f 621/2998/2998 668/2999/2999 620/3000/3000
f 622/3001/3001 669/3002/3002 621/3003/3003
f 623/3004/3004 670/3005/3005 622/3006/3006
f 623/3007/3007 672/3008/3008 671/3009/3009
f 577/3010/3010 672/3011/3011 624/3012/3012
f 626/3013/3013 673/3014/3014 625/3015/3015
f 627/3016/3016 674/3017/3017 626/3018/3018
f 628/3019/3019 675/3020/3020 627/3021/3021
f 629/3022/3022 676/3023/3023 628/3024/3024
f 630/3025/3025 677/3026/3026 629/3027/3027
f 631/3028/3028 678/3029/3029 630/3030/3030
f 632/3031/3031 679/3032/3032 631/3033/3033
f 633/3034/3034 680/3035/3035 632/3036/3036
f 634/3037/3037 681/3038/3038 633/3039/3039
f 635/3040/3040 682/3041/3041 634/3042/3042
f 636/3043/3043 683/3044/3044 635/3045/3045
f 637/3046/3046 684/3047/3047 636/3048/3048
f 638/3049/3049 685/3050/3050 637/3051/3051
f 638/3052/3052 687/3053/3053 686/3054/3054
f 639/3055/3055 688/3056/3056 687/3057/3057
f 640/3058/3058 689/3059/3059 688/3060/3060
f 641/3061/3061 690/3062/3062 689/3063/3063
f 642/3064/3064 691/3065/3065 690/3066/3066
f 643/3067/3067 692/3068/3068 691/3069/3069
f 644/3070/3070 693/3071/3071 692/3072/3072
f 645/3073/3073 694/3074/3074 693/3075/3075
f 646/3076/3076 695/3077/3077 694/3078/3078
f 647/3079/3079 696/3080/3080 695/3081/3081
f 649/3082/3082 696/3083/3083 648/3084/3084
f 650/3085/3085 697/3086/3086 649/3087/3087
f 651/3088/3088 698/3089/3089 650/3090/3090
f 652/3091/3091 699/3092/3092 651/3093/3093
f 653/3094/3094 700/3095/3095 652/3096/3096
f 653/3097/3097 702/3098/3098 701/3099/3099
f 655/3100/3100 702/3101/3101 654/3102/3102
f 656/3103/3103 703/3104/3104 655/3105/3105
f 657/3106/3106 704/3107/3107 656/3108/3108
f 658/3109/3109 705/3110/3110 657/3111/3111
f 659/3112/3112 706/3113/3113 658/3114/3114
f 660/3115/3115 707/3116/3116 659/3117/3117
f 661/3118/3118 708/3119/3119 660/3120/3120
f 661/3121/3121 710/3122/3122 709/3123/3123
f 662/3124/3124 711/3125/3125 710/3126/3126
f 663/3127/3127 712/3128/3128 711/3129/3129
f 664/3130/3130 713/3131/3131 712/3132/3132
f 665/3133/3133 714/3134/3134 713/3135/3135
f 666/3136/3136 715/3137/3137 714/3138/3138
f 667/3139/3139 716/3140/3140 715/3141/3141
f 669/3142/3142 716/3143/3143 668/3144/3144
f 669/3145/3145 718/3146/3146 717/3147/3147
f 670/3148/3148 719/3149/3149 718/3150/3150
f 671/3151/3151 720/3152/3152 719/3153/3153
f 625/3154/3154 720/3155/3155 672/3156/3156
f 674/3157/3157 721/3158/3158 673/3159/3159
f 674/3160/3160 723/3161/3161 722/3162/3162
f 676/3163/3163 723/3164/3164 675/3165/3165
f 677/3166/3166 724/3167/3167 676/3168/3168
f 677/3169/3169 726/3170/3170 725/3171/3171
f 678/3172/3172 727/3173/3173 726/3174/3174
f 680/3175/3175 727/3176/3176 679/3177/3177
f 680/3178/3178 729/3179/3179 728/3180/3180
f 681/3181/3181 730/3182/3182 729/3183/3183
f 682/3184/3184 731/3185/3185 730/3186/3186
f 684/3187/3187 731/3188/3188 683/3189/3189
f 685/3190/3190 732/3191/3191 684/3192/3192
f 685/3193/3193 734/3194/3194 733/3195/3195
f 686/3196/3196 735/3197/3197 734/3198/3198
f 688/3199/3199 735/3200/3200 687/3201/3201
f 689/3202/3202 736/3203/3203 688/3204/3204
f 690/3205/3205 737/3206/3206 689/3207/3207
f 690/3208/3208 739/3209/3209 738/3210/3210
f 692/3211/3211 739/3212/3212 691/3213/3213
f 693/3214/3214 740/3215/3215 692/3216/3216
f 693/3217/3217 742/3218/3218 741/3219/3219
f 694/3220/3220 743/3221/3221 742/3222/3222
f 696/3223/3223 743/3224/3224 695/3225/3225
f 697/3226/3226 744/3227/3227 696/3228/3228
f 698/3229/3229 745/3230/3230 697/3231/3231
f 698/3232/3232 747/3233/3233 746/3234/3234
f 700/3235/3235 747/3236/3236 699/3237/3237
f 701/3238/3238 748/3239/3239 700/3240/3240
f 702/3241/3241 749/3242/3242 701/3243/3243
f 703/3244/3244 750/3245/3245 702/3246/3246
f 704/3247/3247 751/3248/3248 703/3249/3249
f 705/3250/3250 752/3251/3251 704/3252/3252
f 705/3253/3253 754/3254/3254 753/3255/3255
f 706/3256/3256 755/3257/3257 754/3258/3258
f 707/3259/3259 756/3260/3260 755/3261/3261
f 709/3262/3262 756/3263/3263 708/3264/3264
f 709/3265/3265 758/3266/3266 757/3267/3267
f 711/3268/3268 758/3269/3269 710/3270/3270
f 712/3271/3271 759/3272/3272 711/3273/3273
f 713/3274/3274 760/3275/3275 712/3276/3276
f 713/3277/3277 762/3278/3278 761/3279/3279
f 714/3280/3280 763/3281/3281 762/3282/3282
f 715/3283/3283 764/3284/3284 763/3285/3285
f 716/3286/3286 765/3287/3287 764/3288/3288
f 717/3289/3289 766/3290/3290 765/3291/3291
f 718/3292/3292 767/3293/3293 766/3294/3294
f 720/3295/3295 767/3296/3296 719/3297/3297
f 673/3298/3298 768/3299/3299 720/3300/3300
f 393/3301/3301 389/3302/3302 385/3303/3303
f 760/3304/3304 764/3305/3305 768/3306/3306
f 385/3307/3307 386/3308/3308 434/3309/3309
f 387/3310/3310 435/3311/3311 434/3312/3312
f 387/3313/3313 388/3314/3314 436/3315/3315
f 388/3316/3316 389/3317/3317 437/3318/3318
f 390/3319/3319 438/3320/3320 437/3321/3321
f 391/3322/3322 439/3323/3323 438/3324/3324
f 391/3325/3325 392/3326/3326 440/3327/3327
f 393/3328/3328 441/3329/3329 440/3330/3330
f 394/3331/3331 442/3332/3332 441/3333/3333
f 395/3334/3334 443/3335/3335 442/3336/3336
f 395/3337/3337 396/3338/3338 444/3339/3339
f 396/3340/3340 397/3341/3341 445/3342/3342
f 398/3343/3343 446/3344/3344 445/3345/3345
f 399/3346/3346 447/3347/3347 446/3348/3348
f 399/3349/3349 400/3350/3350 448/3351/3351
f 400/3352/3352 401/3353/3353 449/3354/3354
f 401/3355/3355 402/3356/3356 450/3357/3357
f 403/3358/3358 451/3359/3359 450/3360/3360
f 403/3361/3361 404/3362/3362 452/3363/3363
f 404/3364/3364 405/3365/3365 453/3366/3366
f 406/3367/3367 454/3368/3368 453/3369/3369
f 407/3370/3370 455/3371/3371 454/3372/3372
f 407/3373/3373 408/3374/3374 456/3375/3375
f 408/3376/3376 409/3377/3377 457/3378/3378
f 409/3379/3379 410/3380/3380 458/3381/3381
f 411/3382/3382 459/3383/3383 458/3384/3384
f 411/3385/3385 412/3386/3386 460/3387/3387
f 412/3388/3388 413/3389/3389 461/3390/3390
f 413/3391/3391 414/3392/3392 462/3393/3393
f 414/3394/3394 415/3395/3395 463/3396/3396
f 415/3397/3397 416/3398/3398 464/3399/3399
f 416/3400/3400 417/3401/3401 465/3402/3402
f 418/3403/3403 466/3404/3404 465/3405/3405
f 419/3406/3406 467/3407/3407 466/3408/3408
f 420/3409/3409 468/3410/3410 467/3411/3411
f 420/3412/3412 421/3413/3413 469/3414/3414
f 422/3415/3415 470/3416/3416 469/3417/3417
f 422/3418/3418 423/3419/3419 471/3420/3420
f 423/3421/3421 424/3422/3422 472/3423/3423
f 424/3424/3424 425/3425/3425 473/3426/3426
f 426/3427/3427 474/3428/3428 473/3429/3429
f 427/3430/3430 475/3431/3431 474/3432/3432
f 428/3433/3433 476/3434/3434 475/3435/3435
f 429/3436/3436 477/3437/3437 476/3438/3438
f 430/3439/3439 478/3440/3440 477/3441/3441
f 431/3442/3442 479/3443/3443 478/3444/3444
f 431/3445/3445 432/3446/3446 480/3447/3447
f 432/3448/3448 385/3449/3449 433/3450/3450
f 433/3451/3451 434/3452/3452 482/3453/3453
f 434/3454/3454 435/3455/3455 483/3456/3456
f 435/3457/3457 436/3458/3458 484/3459/3459
f 436/3460/3460 437/3461/3461 485/3462/3462
f 437/3463/3463 438/3464/3464 486/3465/3465
f 438/3466/3466 439/3467/3467 487/3468/3468
f 439/3469/3469 440/3470/3470 488/3471/3471
f 440/3472/3472 441/3473/3473 489/3474/3474
f 441/3475/3475 442/3476/3476 490/3477/3477
f 442/3478/3478 443/3479/3479 491/3480/3480
f 443/3481/3481 444/3482/3482 492/3483/3483
f 444/3484/3484 445/3485/3485 493/3486/3486
f 445/3487/3487 446/3488/3488 494/3489/3489
f 447/3490/3490 495/3491/3491 494/3492/3492
f 448/3493/3493 496/3494/3494 495/3495/3495
f 449/3496/3496 497/3497/3497 496/3498/3498
f 450/3499/3499 498/3500/3500 497/3501/3501
f 451/3502/3502 499/3503/3503 498/3504/3504
f 452/3505/3505 500/3506/3506 499/3507/3507
f 453/3508/3508 501/3509/3509 500/3510/3510
f 454/3511/3511 502/3512/3512 501/3513/3513
f 455/3514/3514 503/3515/3515 502/3516/3516
f 456/3517/3517 504/3518/3518 503/3519/3519
f 456/3520/3520 457/3521/3521 505/3522/3522
f 457/3523/3523 458/3524/3524 506/3525/3525
f 458/3526/3526 459/3527/3527 507/3528/3528
f 459/3529/3529 460/3530/3530 508/3531/3531
f 460/3532/3532 461/3533/3533 509/3534/3534
f 462/3535/3535 510/3536/3536 509/3537/3537
f 462/3538/3538 463/3539/3539 511/3540/3540
f 463/3541/3541 464/3542/3542 512/3543/3543
f 464/3544/3544 465/3545/3545 513/3546/3546
f 465/3547/3547 466/3548/3548 514/3549/3549
f 466/3550/3550 467/3551/3551 515/3552/3552
f 467/3553/3553 468/3554/3554 516/3555/3555
f 468/3556/3556 469/3557/3557 517/3558/3558
f 470/3559/3559 518/3560/3560 517/3561/3561
f 471/3562/3562 519/3563/3563 518/3564/3564
f 472/3565/3565 520/3566/3566 519/3567/3567
f 473/3568/3568 521/3569/3569 520/3570/3570
f 474/3571/3571 522/3572/3572 521/3573/3573
f 475/3574/3574 523/3575/3575 522/3576/3576
f 476/3577/3577 524/3578/3578 523/3579/3579
f 476/3580/3580 477/3581/3581 525/3582/3582
f 478/3583/3583 526/3584/3584 525/3585/3585
f 479/3586/3586 527/3587/3587 526/3588/3588
f 480/3589/3589 528/3590/3590 527/3591/3591
f 480/3592/3592 433/3593/3593 481/3594/3594
f 481/3595/3595 482/3596/3596 530/3597/3597
f 482/3598/3598 483/3599/3599 531/3600/3600
f 483/3601/3601 484/3602/3602 532/3603/3603
f 485/3604/3604 533/3605/3605 532/3606/3606
f 486/3607/3607 534/3608/3608 533/3609/3609
f 487/3610/3610 535/3611/3611 534/3612/3612
f 487/3613/3613 488/3614/3614 536/3615/3615
f 488/3616/3616 489/3617/3617 537/3618/3618
f 490/3619/3619 538/3620/3620 537/3621/3621
f 491/3622/3622 539/3623/3623 538/3624/3624
f 492/3625/3625 540/3626/3626 539/3627/3627
f 492/3628/3628 493/3629/3629 541/3630/3630
f 493/3631/3631 494/3632/3632 542/3633/3633
f 494/3634/3634 495/3635/3635 543/3636/3636
f 495/3637/3637 496/3638/3638 544/3639/3639
f 496/3640/3640 497/3641/3641 545/3642/3642
f 498/3643/3643 546/3644/3644 545/3645/3645
f 499/3646/3646 547/3647/3647 546/3648/3648
f 499/3649/3649 500/3650/3650 548/3651/3651
f 500/3652/3652 501/3653/3653 549/3654/3654
f 501/3655/3655 502/3656/3656 550/3657/3657
f 503/3658/3658 551/3659/3659 550/3660/3660
f 504/3661/3661 552/3662/3662 551/3663/3663
f 504/3664/3664 505/3665/3665 553/3666/3666
f 505/3667/3667 506/3668/3668 554/3669/3669
f 506/3670/3670 507/3671/3671 555/3672/3672
f 508/3673/3673 556/3674/3674 555/3675/3675
f 509/3676/3676 557/3677/3677 556/3678/3678
f 510/3679/3679 558/3680/3680 557/3681/3681
f 511/3682/3682 559/3683/3683 558/3684/3684
f 512/3685/3685 560/3686/3686 559/3687/3687
f 513/3688/3688 561/3689/3689 560/3690/3690
f 514/3691/3691 562/3692/3692 561/3693/3693
f 515/3694/3694 563/3695/3695 562/3696/3696
f 515/3697/3697 516/3698/3698 564/3699/3699
f 516/3700/3700 517/3701/3701 565/3702/3702
f 517/3703/3703 518/3704/3704 566/3705/3705
f 519/3706/3706 567/3707/3707 566/3708/3708
f 519/3709/3709 520/3710/3710 568/3711/3711
f 520/3712/3712 521/3713/3713 569/3714/3714
f 521/3715/3715 522/3716/3716 570/3717/3717
f 522/3718/3718 523/3719/3719 571/3720/3720
f 524/3721/3721 572/3722/3722 571/3723/3723
f 524/3724/3724 525/3725/3725 573/3726/3726
f 525/3727/3727 526/3728/3728 574/3729/3729
f 526/3730/3730 527/3731/3731 575/3732/3732
f 528/3733/3733 576/3734/3734 575/3735/3735
f 528/3736/3736 481/3737/3737 529/3738/3738
f 530/3739/3739 578/3740/3740 577/3741/3741
f 531/3742/3742 579/3743/3743 578/3744/3744
f 532/3745/3745 580/3746/3746 579/3747/3747
f 533/3748/3748 581/3749/3749 580/3750/3750
f 534/3751/3751 582/3752/3752 581/3753/3753
f 535/3754/3754 583/3755/3755 582/3756/3756
f 536/3757/3757 584/3758/3758 583/3759/3759
f 537/3760/3760 585/3761/3761 584/3762/3762
f 538/3763/3763 586/3764/3764 585/3765/3765
f 539/3766/3766 587/3767/3767 586/3768/3768
f 540/3769/3769 588/3770/3770 587/3771/3771
f 541/3772/3772 589/3773/3773 588/3774/3774
f 542/3775/3775 590/3776/3776 589/3777/3777
f 543/3778/3778 591/3779/3779 590/3780/3780
f 544/3781/3781 592/3782/3782 591/3783/3783
f 545/3784/3784 593/3785/3785 592/3786/3786
f 546/3787/3787 594/3788/3788 593/3789/3789
f 547/3790/3790 595/3791/3791 594/3792/3792
f 548/3793/3793 596/3794/3794 595/3795/3795
f 549/3796/3796 597/3797/3797 596/3798/3798
f 550/3799/3799 598/3800/3800 597/3801/3801
f 551/3802/3802 599/3803/3803 598/3804/3804
f 552/3805/3805 600/3806/3806 599/3807/3807
f 553/3808/3808 601/3809/3809 600/3810/3810
f 554/3811/3811 602/3812/3812 601/3813/3813
f 555/3814/3814 603/3815/3815 602/3816/3816
f 556/3817/3817 604/3818/3818 603/3819/3819
f 557/3820/3820 605/3821/3821 604/3822/3822
f 558/3823/3823 606/3824/3824 605/3825/3825
f 559/3826/3826 607/3827/3827 606/3828/3828
f 560/3829/3829 608/3830/3830 607/3831/3831
f 561/3832/3832 609/3833/3833 608/3834/3834
f 562/3835/3835 610/3836/3836 609/3837/3837
f 563/3838/3838 611/3839/3839 610/3840/3840
f 564/3841/3841 612/3842/3842 611/3843/3843
f 565/3844/3844 613/3845/3845 612/3846/3846
f 566/3847/3847 614/3848/3848 613/3849/3849
f 567/3850/3850 615/3851/3851 614/3852/3852
f 568/3853/3853 616/3854/3854 615/3855/3855
f 569/3856/3856 617/3857/3857 616/3858/3858
f 570/3859/3859 618/3860/3860 617/3861/3861
f 571/3862/3862 619/3863/3863 618/3864/3864
f 572/3865/3865 620/3866/3866 619/3867/3867
f 573/3868/3868 621/3869/3869 620/3870/3870
f 574/3871/3871 622/3872/3872 621/3873/3873
f 575/3874/3874 623/3875/3875 622/3876/3876
f 576/3877/3877 624/3878/3878 623/3879/3879
f 529/3880/3880 577/3881/3881 624/3882/3882
f 578/3883/3883 626/3884/3884 625/3885/3885
f 579/3886/3886 627/3887/3887 626/3888/3888
f 580/3889/3889 628/3890/3890 627/3891/3891
f 580/3892/3892 581/3893/3893 629/3894/3894
f 581/3895/3895 582/3896/3896 630/3897/3897
f 582/3898/3898 583/3899/3899 631/3900/3900
f 584/3901/3901 632/3902/3902 631/3903/3903
f 585/3904/3904 633/3905/3905 632/3906/3906
f 585/3907/3907 586/3908/3908 634/3909/3909
f 586/3910/3910 587/3911/3911 635/3912/3912
f 587/3913/3913 588/3914/3914 636/3915/3915
f 589/3916/3916 637/3917/3917 636/3918/3918
f 590/3919/3919 638/3920/3920 637/3921/3921
f 591/3922/3922 639/3923/3923 638/3924/3924
f 592/3925/3925 640/3926/3926 639/3927/3927
f 593/3928/3928 641/3929/3929 640/3930/3930
f 593/3931/3931 594/3932/3932 642/3933/3933
f 594/3934/3934 595/3935/3935 643/3936/3936
f 596/3937/3937 644/3938/3938 643/3939/3939
f 597/3940/3940 645/3941/3941 644/3942/3942
f 598/3943/3943 646/3944/3944 645/3945/3945
f 598/3946/3946 599/3947/3947 647/3948/3948
f 599/3949/3949 600/3950/3950 648/3951/3951
f 601/3952/3952 649/3953/3953 648/3954/3954
f 602/3955/3955 650/3956/3956 649/3957/3957
f 603/3958/3958 651/3959/3959 650/3960/3960
f 603/3961/3961 604/3962/3962 652/3963/3963
f 604/3964/3964 605/3965/3965 653/3966/3966
f 605/3967/3967 606/3968/3968 654/3969/3969
f 606/3970/3970 607/3971/3971 655/3972/3972
f 607/3973/3973 608/3974/3974 656/3975/3975
f 608/3976/3976 609/3977/3977 657/3978/3978
f 609/3979/3979 610/3980/3980 658/3981/3981
f 610/3982/3982 611/3983/3983 659/3984/3984
f 612/3985/3985 660/3986/3986 659/3987/3987
f 613/3988/3988 661/3989/3989 660/3990/3990
f 614/3991/3991 662/3992/3992 661/3993/3993
f 614/3994/3994 615/3995/3995 663/3996/3996
f 616/3997/3997 664/3998/3998 663/3999/3999
f 617/4000/4000 665/4001/4001 664/4002/4002
f 618/4003/4003 666/4004/4004 665/4005/4005
f 619/4006/4006 667/4007/4007 666/4008/4008
f 620/4009/4009 668/4010/4010 667/4011/4011
f 621/4012/4012 669/4013/4013 668/4014/4014
f 622/4015/4015 670/4016/4016 669/4017/4017
f 623/4018/4018 671/4019/4019 670/4020/4020
f 623/4021/4021 624/4022/4022 672/4023/4023
f 577/4024/4024 625/4025/4025 672/4026/4026
f 626/4027/4027 674/4028/4028 673/4029/4029
f 627/4030/4030 675/4031/4031 674/4032/4032
f 628/4033/4033 676/4034/4034 675/4035/4035
f 629/4036/4036 677/4037/4037 676/4038/4038
f 630/4039/4039 678/4040/4040 677/4041/4041
f 631/4042/4042 679/4043/4043 678/4044/4044
f 632/4045/4045 680/4046/4046 679/4047/4047
f 633/4048/4048 681/4049/4049 680/4050/4050
f 634/4051/4051 682/4052/4052 681/4053/4053
f 635/4054/4054 683/4055/4055 682/4056/4056
f 636/4057/4057 684/4058/4058 683/4059/4059
f 637/4060/4060 685/4061/4061 684/4062/4062
f 638/4063/4063 686/4064/4064 685/4065/4065
f 638/4066/4066 639/4067/4067 687/4068/4068
f 639/4069/4069 640/4070/4070 688/4071/4071
f 640/4072/4072 641/4073/4073 689/4074/4074
f 641/4075/4075 642/4076/4076 690/4077/4077
f 642/4078/4078 643/4079/4079 691/4080/4080
f 643/4081/4081 644/4082/4082 692/4083/4083
f 644/4084/4084 645/4085/4085 693/4086/4086
f 645/4087/4087 646/4088/4088 694/4089/4089
f 646/4090/4090 647/4091/4091 695/4092/4092
f 647/4093/4093 648/4094/4094 696/4095/4095
f 649/4096/4096 697/4097/4097 696/4098/4098
f 650/4099/4099 698/4100/4100 697/4101/4101
f 651/4102/4102 699/4103/4103 698/4104/4104
f 652/4105/4105 700/4106/4106 699/4107/4107
f 653/4108/4108 701/4109/4109 700/4110/4110
f 653/4111/4111 654/4112/4112 702/4113/4113
f 655/4114/4114 703/4115/4115 702/4116/4116
f 656/4117/4117 704/4118/4118 703/4119/4119
f 657/4120/4120 705/4121/4121 704/4122/4122
f 658/4123/4123 706/4124/4124 705/4125/4125
f 659/4126/4126 707/4127/4127 706/4128/4128
f 660/4129/4129 708/4130/4130 707/4131/4131
f 661/4132/4132 709/4133/4133 708/4134/4134
f 661/4135/4135 662/4136/4136 710/4137/4137
f 662/4138/4138 663/4139/4139 711/4140/4140
f 663/4141/4141 664/4142/4142 712/4143/4143
f 664/4144/4144 665/4145/4145 713/4146/4146
f 665/4147/4147 666/4148/4148 714/4149/4149
f 666/4150/4150 667/4151/4151 715/4152/4152
f 667/4153/4153 668/4154/4154 716/4155/4155
f 669/4156/4156 717/4157/4157 716/4158/4158
f 669/4159/4159 670/4160/4160 718/4161/4161
f 670/4162/4162 671/4163/4163 719/4164/4164
f 671/4165/4165 672/4166/4166 720/4167/4167
f 625/4168/4168 673/4169/4169 720/4170/4170
f 674/4171/4171 722/4172/4172 721/4173/4173
f 674/4174/4174 675/4175/4175 723/4176/4176
f 676/4177/4177 724/4178/4178 723/4179/4179
f 677/4180/4180 725/4181/4181 724/4182/4182
f 677/4183/4183 678/4184/4184 726/4185/4185
f 678/4186/4186 679/4187/4187 727/4188/4188
f 680/4189/4189 728/4190/4190 727/4191/4191
f 680/4192/4192 681/4193/4193 729/4194/4194
f 681/4195/4195 682/4196/4196 730/4197/4197
f 682/4198/4198 683/4199/4199 731/4200/4200
f 684/4201/4201 732/4202/4202 731/4203/4203
f 685/4204/4204 733/4205/4205 732/4206/4206
f 685/4207/4207 686/4208/4208 734/4209/4209
f 686/4210/4210 687/4211/4211 735/4212/4212
f 688/4213/4213 736/4214/4214 735/4215/4215
f 689/4216/4216 737/4217/4217 736/4218/4218
f 690/4219/4219 738/4220/4220 737/4221/4221
f 690/4222/4222 691/4223/4223 739/4224/4224
f 692/4225/4225 740/4226/4226 739/4227/4227
f 693/4228/4228 741/4229/4229 740/4230/4230
f 693/4231/4231 694/4232/4232 742/4233/4233
f 694/4234/4234 695/4235/4235 743/4236/4236
f 696/4237/4237 744/4238/4238 743/4239/4239
f 697/4240/4240 745/4241/4241 744/4242/4242
f 698/4243/4243 746/4244/4244 745/4245/4245
f 698/4246/4246 699/4247/4247 747/4248/4248
f 700/4249/4249 748/4250/4250 747/4251/4251
f 701/4252/4252 749/4253/4253 748/4254/4254
f 702/4255/4255 750/4256/4256 749/4257/4257
f 703/4258/4258 751/4259/4259 750/4260/4260
f 704/4261/4261 752/4262/4262 751/4263/4263
f 705/4264/4264 753/4265/4265 752/4266/4266
f 705/4267/4267 706/4268/4268 754/4269/4269
f 706/4270/4270 707/4271/4271 755/4272/4272
f 707/4273/4273 708/4274/4274 756/4275/4275
f 709/4276/4276 757/4277/4277 756/4278/4278
f 709/4279/4279 710/4280/4280 758/4281/4281
f 711/4282/4282 759/4283/4283 758/4284/4284
f 712/4285/4285 760/4286/4286 759/4287/4287
f 713/4288/4288 761/4289/4289 760/4290/4290
f 713/4291/4291 714/4292/4292 762/4293/4293
f 714/4294/4294 715/4295/4295 763/4296/4296
f 715/4297/4297 716/4298/4298 764/4299/4299
f 716/4300/4300 717/4301/4301 765/4302/4302
f 717/4303/4303 718/4304/4304 766/4305/4305
f 718/4306/4306 719/4307/4307 767/4308/4308
f 720/4309/4309 768/4310/4310 767/4311/4311
f 673/4312/4312 721/4313/4313 768/4314/4314
f 385/4315/4315 432/4316/4316 421/4317/4317
f 432/4318/4318 431/4319/4319 421/4320/4320
f 431/4321/4321 430/4322/4322 429/4323/4323
f 429/4324/4324 428/4325/4325 427/4326/4326
f 427/4327/4327 426/4328/4328 425/4329/4329
f 425/4330/4330 424/4331/4331 421/4332/4332
f 424/4333/4333 423/4334/4334 421/4335/4335
f 423/4336/4336 422/4337/4337 421/4338/4338
f 421/4339/4339 420/4340/4340 397/4341/4341
f 420/4342/4342 419/4343/4343 409/4344/4344
f 397/4345/4345 409/4346/4346 408/4347/4347
f 419/4348/4348 418/4349/4349 417/4350/4350
f 417/4351/4351 416/4352/4352 415/4353/4353
f 415/4354/4354 414/4355/4355 413/4356/4356
f 413/4357/4357 412/4358/4358 411/4359/4359
f 411/4360/4360 410/4361/4361 413/4362/4362
f 410/4363/4363 409/4364/4364 413/4365/4365
f 408/4366/4366 407/4367/4367 397/4368/4368
f 407/4369/4369 406/4370/4370 405/4371/4371
f 405/4372/4372 404/4373/4373 403/4374/4374
f 403/4375/4375 402/4376/4376 405/4377/4377
f 402/4378/4378 401/4379/4379 405/4380/4380
f 401/4381/4381 400/4382/4382 397/4383/4383
f 400/4384/4384 399/4385/4385 397/4386/4386
f 399/4387/4387 398/4388/4388 397/4389/4389
f 397/4390/4390 396/4391/4391 421/4392/4392
f 396/4393/4393 395/4394/4394 385/4395/4395
f 421/4396/4396 396/4397/4397 385/4398/4398
f 395/4399/4399 394/4400/4400 393/4401/4401
f 393/4402/4402 392/4403/4403 389/4404/4404
f 392/4405/4405 391/4406/4406 389/4407/4407
f 391/4408/4408 390/4409/4409 389/4410/4410
f 389/4411/4411 388/4412/4412 387/4413/4413
f 387/4414/4414 386/4415/4415 389/4416/4416
f 386/4417/4417 385/4418/4418 389/4419/4419
f 431/4420/4420 429/4421/4421 421/4422/4422
f 429/4423/4423 427/4424/4424 425/4425/4425
f 409/4426/4426 397/4427/4427 420/4428/4428
f 419/4429/4429 417/4430/4430 409/4431/4431
f 417/4432/4432 415/4433/4433 413/4434/4434
f 407/4435/4435 405/4436/4436 397/4437/4437
f 395/4438/4438 393/4439/4439 385/4440/4440
f 429/4441/4441 425/4442/4442 421/4443/4443
f 417/4444/4444 413/4445/4445 409/4446/4446
f 405/4447/4447 401/4448/4448 397/4449/4449
f 768/4450/4450 721/4451/4451 757/4452/4452
f 721/4453/4453 722/4454/4454 732/4455/4455
f 722/4456/4456 723/4457/4457 724/4458/4458
f 724/4459/4459 725/4460/4460 728/4461/4461
f 725/4462/4462 726/4463/4463 728/4464/4464
f 726/4465/4465 727/4466/4466 728/4467/4467
f 728/4468/4468 729/4469/4469 730/4470/4470
f 730/4471/4471 731/4472/4472 732/4473/4473
f 732/4474/4474 733/4475/4475 757/4476/4476
f 733/4477/4477 734/4478/4478 744/4479/4479
f 756/4480/4480 733/4481/4481 745/4482/4482
f 734/4483/4483 735/4484/4484 736/4485/4485
f 736/4486/4486 737/4487/4487 738/4488/4488
f 738/4489/4489 739/4490/4490 740/4491/4491
f 740/4492/4492 741/4493/4493 744/4494/4494
f 741/4495/4495 742/4496/4496 744/4497/4497
f 742/4498/4498 743/4499/4499 744/4500/4500
f 744/4501/4501 745/4502/4502 733/4503/4503
f 745/4504/4504 746/4505/4505 756/4506/4506
f 746/4507/4507 747/4508/4508 748/4509/4509
f 748/4510/4510 749/4511/4511 752/4512/4512
f 749/4513/4513 750/4514/4514 752/4515/4515
f 750/4516/4516 751/4517/4517 752/4518/4518
f 752/4519/4519 753/4520/4520 754/4521/4521
f 754/4522/4522 755/4523/4523 756/4524/4524
f 756/4525/4525 757/4526/4526 733/4527/4527
f 757/4528/4528 758/4529/4529 768/4530/4530
f 732/4531/4531 757/4532/4532 721/4533/4533
f 758/4534/4534 759/4535/4535 760/4536/4536
f 760/4537/4537 761/4538/4538 762/4539/4539
f 762/4540/4540 763/4541/4541 760/4542/4542
f 763/4543/4543 764/4544/4544 760/4545/4545
f 764/4546/4546 765/4547/4547 768/4548/4548
f 765/4549/4549 766/4550/4550 768/4551/4551
f 766/4552/4552 767/4553/4553 768/4554/4554
f 722/4555/4555 724/4556/4556 732/4557/4557
f 728/4558/4558 730/4559/4559 732/4560/4560
f 734/4561/4561 736/4562/4562 744/4563/4563
f 736/4564/4564 738/4565/4565 740/4566/4566
f 746/4567/4567 748/4568/4568 756/4569/4569
f 752/4570/4570 754/4571/4571 756/4572/4572
f 758/4573/4573 760/4574/4574 768/4575/4575
f 724/4576/4576 728/4577/4577 732/4578/4578
f 736/4579/4579 740/4580/4580 744/4581/4581
f 748/4582/4582 752/4583/4583 756/4584/4584
